customer_id,gender,age,customer_segment
1,M,56,Premium
2,F,46,Enterprise
3,M,33,Family
4,M,57,Youth
5,M,38,Family
6,F,18,Premium
7,M,23,Premium
8,F,49,Youth
9,M,43,Family
10,F,59,Enterprise
11,M,34,Youth
12,F,30,Family
13,F,41,Enterprise
14,F,60,Enterprise
15,F,22,Family
16,M,47,Enterprise
17,M,54,Premium
18,M,64,Family
19,F,39,Youth
20,M,50,Enterprise
21,F,68,Enterprise
22,M,34,Premium
23,M,66,Family
24,M,34,Enterprise
25,F,65,Youth
26,M,41,Family
27,F,49,Premium
28,F,40,Youth
29,F,33,Youth
30,M,18,Premium
31,F,52,Enterprise
32,F,51,Family
33,F,28,Enterprise
34,M,47,Youth
35,M,47,Enterprise
36,M,53,Premium
37,F,40,Family
38,F,26,Enterprise
39,M,62,Enterprise
40,M,46,Enterprise
41,F,31,Premium
42,M,35,Enterprise
43,M,65,Youth
44,F,32,Premium
45,M,30,Youth
46,M,29,Youth
47,F,68,Youth
48,M,46,Enterprise
49,F,27,Premium
50,F,36,Premium
51,F,39,Youth
52,F,33,Youth
53,M,68,Enterprise
54,M,56,Family
55,F,37,Enterprise
56,F,25,Family
57,M,60,Youth
58,F,23,Youth
59,F,68,Youth
60,M,27,Enterprise
61,F,67,Enterprise
62,F,54,Enterprise
63,F,19,Family
64,M,54,Youth
65,M,29,Family
66,M,37,Youth
67,M,51,Youth
68,F,65,Enterprise
69,M,67,Premium
70,F,67,Premium
71,M,25,Youth
72,F,32,Family
73,M,56,Family
74,M,63,Family
75,M,66,Youth
76,M,32,Premium
77,M,49,Family
78,M,19,Enterprise
79,F,36,Youth
80,F,57,Enterprise
81,F,40,Premium
82,F,67,Family
83,M,30,Youth
84,F,69,Youth
85,M,62,Youth
86,M,54,Youth
87,F,26,Premium
88,F,39,Family
89,F,40,Premium
90,F,33,Youth
91,F,19,Enterprise
92,F,64,Family
93,M,27,Family
94,F,33,Youth
95,F,34,Family
96,F,45,Enterprise
97,M,52,Youth
98,F,40,Youth
99,F,55,Youth
100,F,44,Family
101,M,48,Enterprise
102,M,43,Premium
103,M,59,Premium
104,F,46,Premium
105,M,66,Youth
106,F,67,Family
107,F,54,Youth
108,M,60,Enterprise
109,M,57,Youth
110,F,65,Premium
111,F,70,Premium
112,M,44,Youth
113,F,45,Youth
114,M,51,Premium
115,F,30,Family
116,M,51,Youth
117,F,65,Family
118,M,60,Family
119,F,30,Premium
120,F,29,Premium
121,F,22,Youth
122,M,35,Enterprise
123,F,53,Family
124,F,70,Enterprise
125,M,46,Enterprise
126,M,43,Family
127,M,49,Enterprise
128,F,63,Premium
129,M,37,Family
130,M,29,Enterprise
131,M,55,Family
132,M,35,Enterprise
133,M,21,Enterprise
134,M,58,Youth
135,M,28,Youth
136,F,45,Enterprise
137,F,58,Youth
138,F,31,Premium
139,F,35,Family
140,M,67,Youth
141,F,66,Enterprise
142,M,23,Family
143,M,57,Youth
144,F,45,Enterprise
145,M,54,Premium
146,F,27,Enterprise
147,F,25,Enterprise
148,F,61,Family
149,M,48,Premium
150,F,61,Youth
151,F,26,Youth
152,M,70,Premium
153,F,25,Enterprise
154,F,49,Enterprise
155,M,44,Family
156,M,48,Enterprise
157,F,43,Youth
158,F,42,Premium
159,M,31,Premium
160,M,31,Enterprise
161,F,58,Enterprise
162,M,37,Premium
163,F,43,Youth
164,F,24,Family
165,M,37,Youth
166,F,32,Youth
167,M,38,Youth
168,M,28,Enterprise
169,M,43,Family
170,M,46,Youth
171,M,66,Premium
172,F,56,Family
173,F,55,Family
174,M,59,Family
175,M,21,Enterprise
176,F,25,Premium
177,F,45,Youth
178,F,28,Enterprise
179,F,66,Family
180,M,61,Youth
181,M,67,Youth
182,M,56,Premium
183,M,20,Enterprise
184,M,39,Enterprise
185,F,62,Family
186,F,45,Premium
187,M,38,Premium
188,M,18,Enterprise
189,F,18,Enterprise
190,F,36,Enterprise
191,M,35,Enterprise
192,M,67,Premium
193,F,20,Premium
194,M,33,Premium
195,F,54,Enterprise
196,M,24,Family
197,M,51,Premium
198,F,38,Family
199,F,34,Family
200,M,69,Youth
201,F,52,Youth
202,M,32,Premium
203,M,46,Enterprise
204,F,41,Premium
205,F,38,Premium
206,F,49,Premium
207,F,57,Enterprise
208,M,62,Premium
209,M,70,Enterprise
210,M,57,Enterprise
211,F,68,Enterprise
212,M,64,Enterprise
213,F,21,Premium
214,F,36,Premium
215,F,27,Youth
216,M,20,Youth
217,M,37,Enterprise
218,M,47,Enterprise
219,F,29,Premium
220,M,59,Premium
221,M,44,Enterprise
222,M,43,Youth
223,M,34,Youth
224,M,40,Enterprise
225,F,25,Premium
226,F,58,Premium
227,M,49,Enterprise
228,M,53,Premium
229,F,52,Youth
230,F,25,Youth
231,F,53,Family
232,F,54,Youth
233,M,21,Youth
234,M,32,Youth
235,M,64,Youth
236,F,18,Family
237,M,50,Family
238,M,65,Enterprise
239,M,21,Family
240,F,69,Youth
241,F,28,Youth
242,F,50,Family
243,F,61,Premium
244,M,52,Premium
245,F,49,Youth
246,F,30,Family
247,M,25,Premium
248,F,32,Family
249,M,42,Youth
250,F,27,Enterprise
251,M,37,Premium
252,F,30,Premium
253,F,36,Premium
254,F,58,Family
255,M,50,Family
256,M,39,Premium
257,F,20,Enterprise
258,F,45,Youth
259,M,44,Premium
260,F,32,Family
261,M,19,Youth
262,F,70,Enterprise
263,F,19,Family
264,F,69,Premium
265,M,35,Premium
266,M,53,Family
267,M,48,Youth
268,M,33,Youth
269,M,19,Family
270,M,34,Enterprise
271,F,27,Premium
272,M,56,Family
273,F,59,Family
274,M,40,Enterprise
275,M,25,Family
276,F,20,Premium
277,M,68,Enterprise
278,F,63,Youth
279,M,52,Premium
280,F,31,Enterprise
281,M,40,Youth
282,F,70,Youth
283,F,44,Youth
284,M,69,Enterprise
285,M,69,Premium
286,F,69,Premium
287,M,20,Family
288,M,67,Youth
289,M,31,Family
290,M,57,Premium
291,M,59,Enterprise
292,M,19,Premium
293,F,23,Youth
294,M,33,Family
295,M,39,Premium
296,M,52,Youth
297,M,20,Youth
298,F,27,Youth
299,F,31,Enterprise
300,F,18,Enterprise
301,M,65,Youth
302,F,70,Enterprise
303,F,55,Enterprise
304,M,69,Family
305,M,24,Premium
306,M,55,Premium
307,M,57,Premium
308,M,18,Family
309,F,37,Enterprise
310,F,24,Premium
311,F,38,Premium
312,M,58,Enterprise
313,F,54,Youth
314,M,23,Premium
315,M,34,Enterprise
316,F,23,Youth
317,F,62,Premium
318,F,61,Premium
319,M,60,Family
320,M,49,Family
321,F,45,Youth
322,F,49,Family
323,M,66,Family
324,M,70,Premium
325,F,33,Youth
326,M,39,Premium
327,M,60,Enterprise
328,M,66,Premium
329,M,41,Youth
330,M,46,Youth
331,F,30,Premium
332,F,48,Enterprise
333,F,56,Premium
334,M,61,Enterprise
335,F,63,Youth
336,F,43,Premium
337,M,53,Enterprise
338,F,69,Premium
339,M,28,Family
340,M,65,Premium
341,F,53,Enterprise
342,M,23,Premium
343,M,62,Premium
344,M,26,Premium
345,M,45,Family
346,M,33,Youth
347,F,38,Enterprise
348,M,41,Premium
349,F,21,Premium
350,F,63,Family
351,M,31,Family
352,F,26,Family
353,F,29,Youth
354,F,32,Family
355,F,47,Enterprise
356,M,29,Family
357,F,39,Enterprise
358,F,40,Family
359,M,25,Youth
360,M,46,Enterprise
361,F,29,Family
362,F,20,Premium
363,F,45,Enterprise
364,M,25,Youth
365,M,63,Youth
366,M,28,Premium
367,F,38,Family
368,M,38,Premium
369,F,50,Enterprise
370,M,27,Family
371,M,39,Premium
372,F,48,Premium
373,F,67,Premium
374,F,64,Enterprise
375,F,28,Enterprise
376,M,31,Premium
377,F,69,Youth
378,M,52,Youth
379,F,58,Enterprise
380,M,46,Premium
381,M,70,Youth
382,M,23,Enterprise
383,M,21,Enterprise
384,M,42,Premium
385,M,43,Youth
386,M,29,Youth
387,F,35,Family
388,M,34,Enterprise
389,F,57,Premium
390,M,59,Family
391,F,52,Premium
392,M,70,Youth
393,F,21,Premium
394,M,42,Enterprise
395,F,34,Enterprise
396,F,66,Enterprise
397,M,39,Enterprise
398,F,21,Premium
399,M,54,Family
400,F,31,Family
401,F,50,Enterprise
402,M,59,Family
403,M,37,Premium
404,F,52,Premium
405,F,70,Youth
406,M,52,Premium
407,M,60,Premium
408,M,62,Family
409,F,51,Enterprise
410,F,51,Family
411,F,33,Enterprise
412,M,22,Premium
413,F,23,Family
414,F,32,Family
415,F,47,Enterprise
416,M,48,Enterprise
417,F,60,Enterprise
418,F,63,Youth
419,M,26,Premium
420,F,42,Enterprise
421,F,63,Premium
422,F,57,Enterprise
423,M,57,Youth
424,M,43,Premium
425,F,58,Youth
426,F,39,Premium
427,F,20,Premium
428,M,33,Youth
429,F,68,Youth
430,F,25,Premium
431,M,66,Premium
432,M,46,Youth
433,F,29,Premium
434,F,24,Youth
435,M,53,Enterprise
436,F,66,Premium
437,M,60,Family
438,M,63,Youth
439,F,46,Youth
440,F,64,Enterprise
441,F,19,Enterprise
442,F,65,Premium
443,F,34,Youth
444,M,69,Premium
445,F,35,Enterprise
446,M,21,Premium
447,F,68,Enterprise
448,M,39,Premium
449,M,61,Premium
450,M,60,Family
451,M,38,Premium
452,M,45,Youth
453,M,63,Enterprise
454,F,43,Enterprise
455,F,54,Family
456,F,51,Enterprise
457,F,55,Premium
458,F,53,Family
459,M,20,Youth
460,F,30,Youth
461,F,63,Premium
462,F,18,Enterprise
463,M,61,Youth
464,F,29,Premium
465,M,34,Family
466,M,54,Youth
467,F,33,Enterprise
468,F,64,Premium
469,M,69,Family
470,M,58,Youth
471,M,47,Youth
472,F,33,Premium
473,F,55,Youth
474,F,53,Premium
475,M,40,Youth
476,M,67,Youth
477,F,27,Youth
478,M,69,Family
479,F,57,Family
480,F,54,Premium
481,M,22,Youth
482,F,59,Family
483,F,56,Enterprise
484,F,52,Family
485,F,38,Youth
486,M,69,Enterprise
487,M,54,Premium
488,M,41,Premium
489,M,19,Enterprise
490,F,29,Enterprise
491,M,36,Premium
492,F,49,Enterprise
493,F,59,Family
494,F,24,Premium
495,M,33,Youth
496,M,26,Premium
497,M,24,Enterprise
498,F,40,Family
499,M,38,Premium
500,F,32,Youth
501,M,44,Enterprise
502,M,37,Enterprise
503,M,23,Family
504,M,63,Premium
505,F,29,Family
506,M,68,Family
507,F,29,Youth
508,M,69,Premium
509,F,51,Family
510,F,20,Youth
511,M,47,Youth
512,M,68,Youth
513,M,40,Enterprise
514,F,19,Premium
515,M,49,Youth
516,F,53,Family
517,M,60,Youth
518,M,50,Youth
519,F,46,Premium
520,M,65,Youth
521,M,66,Enterprise
522,F,65,Youth
523,M,18,Youth
524,M,21,Premium
525,F,36,Enterprise
526,F,48,Enterprise
527,M,70,Premium
528,M,38,Family
529,M,63,Family
530,M,56,Enterprise
531,F,26,Family
532,F,36,Enterprise
533,M,35,Premium
534,M,21,Youth
535,M,28,Family
536,M,54,Premium
537,F,46,Enterprise
538,F,47,Family
539,F,26,Enterprise
540,F,70,Enterprise
541,M,48,Premium
542,M,65,Youth
543,M,35,Premium
544,F,18,Premium
545,M,55,Premium
546,F,56,Youth
547,M,69,Enterprise
548,F,63,Premium
549,F,49,Family
550,F,21,Family
551,F,62,Premium
552,M,46,Youth
553,F,58,Premium
554,F,26,Family
555,F,55,Family
556,F,57,Family
557,F,57,Youth
558,F,18,Premium
559,F,53,Premium
560,F,31,Youth
561,M,53,Youth
562,F,31,Premium
563,M,70,Premium
564,F,52,Youth
565,F,30,Premium
566,F,60,Enterprise
567,F,61,Youth
568,M,26,Enterprise
569,M,45,Premium
570,F,31,Family
571,M,64,Youth
572,F,27,Youth
573,F,70,Youth
574,F,33,Premium
575,F,22,Premium
576,F,64,Family
577,F,56,Family
578,M,19,Youth
579,F,56,Youth
580,M,49,Youth
581,M,37,Enterprise
582,F,43,Enterprise
583,M,29,Family
584,M,30,Premium
585,F,61,Premium
586,M,37,Youth
587,F,33,Premium
588,F,52,Premium
589,M,23,Premium
590,F,19,Premium
591,F,67,Premium
592,F,33,Premium
593,F,27,Premium
594,M,47,Premium
595,F,23,Premium
596,F,41,Enterprise
597,M,24,Family
598,F,23,Family
599,M,64,Enterprise
600,F,38,Premium
601,F,19,Enterprise
602,M,51,Youth
603,M,43,Enterprise
604,M,39,Family
605,M,37,Enterprise
606,F,64,Family
607,F,30,Family
608,M,62,Youth
609,F,53,Youth
610,F,34,Family
611,F,35,Premium
612,M,35,Youth
613,F,45,Premium
614,M,54,Enterprise
615,F,24,Enterprise
616,M,45,Premium
617,M,67,Family
618,M,47,Premium
619,F,57,Youth
620,M,59,Premium
621,F,51,Enterprise
622,F,52,Premium
623,F,57,Enterprise
624,M,25,Enterprise
625,F,53,Family
626,F,24,Premium
627,M,48,Youth
628,M,51,Enterprise
629,F,48,Youth
630,M,58,Youth
631,F,44,Youth
632,F,21,Enterprise
633,F,59,Family
634,F,67,Youth
635,F,20,Family
636,M,39,Premium
637,F,49,Family
638,M,55,Family
639,F,29,Family
640,F,69,Family
641,F,40,Youth
642,M,57,Family
643,M,45,Enterprise
644,F,20,Enterprise
645,F,43,Family
646,F,42,Enterprise
647,F,66,Premium
648,F,54,Premium
649,M,34,Youth
650,F,18,Enterprise
651,F,37,Youth
652,M,31,Enterprise
653,M,24,Youth
654,M,60,Youth
655,M,65,Youth
656,M,37,Premium
657,M,28,Enterprise
658,F,37,Youth
659,M,64,Premium
660,F,45,Youth
661,M,34,Family
662,M,61,Youth
663,F,36,Youth
664,F,37,Enterprise
665,M,69,Premium
666,M,18,Enterprise
667,F,68,Enterprise
668,F,50,Enterprise
669,M,58,Enterprise
670,F,42,Enterprise
671,M,34,Youth
672,M,42,Family
673,F,59,Premium
674,F,41,Premium
675,M,28,Family
676,F,50,Enterprise
677,M,46,Enterprise
678,M,65,Youth
679,M,48,Premium
680,M,63,Enterprise
681,F,40,Youth
682,M,26,Premium
683,F,65,Premium
684,M,37,Youth
685,M,53,Youth
686,F,31,Youth
687,M,20,Enterprise
688,M,53,Enterprise
689,M,51,Youth
690,M,29,Enterprise
691,F,57,Family
692,M,22,Premium
693,M,68,Youth
694,M,46,Enterprise
695,F,25,Youth
696,F,18,Family
697,M,40,Premium
698,M,48,Premium
699,F,21,Family
700,F,39,Family
701,F,28,Family
702,M,36,Family
703,M,18,Premium
704,F,58,Premium
705,M,64,Premium
706,M,70,Premium
707,F,55,Family
708,F,39,Family
709,M,53,Youth
710,F,24,Premium
711,M,39,Family
712,F,41,Enterprise
713,M,54,Enterprise
714,M,56,Family
715,M,34,Premium
716,M,39,Youth
717,F,57,Family
718,F,67,Enterprise
719,M,48,Youth
720,F,58,Family
721,M,49,Family
722,F,52,Premium
723,M,28,Youth
724,M,59,Enterprise
725,M,67,Premium
726,M,64,Enterprise
727,M,49,Premium
728,F,65,Enterprise
729,F,69,Family
730,F,49,Family
731,F,24,Youth
732,F,40,Youth
733,F,22,Enterprise
734,F,69,Youth
735,M,52,Family
736,M,21,Enterprise
737,M,59,Youth
738,F,27,Premium
739,M,49,Youth
740,F,53,Enterprise
741,M,30,Youth
742,F,21,Enterprise
743,F,44,Premium
744,M,67,Family
745,M,25,Youth
746,F,19,Family
747,M,18,Family
748,M,54,Youth
749,M,25,Premium
750,M,63,Premium
751,F,43,Enterprise
752,F,37,Family
753,M,24,Premium
754,F,45,Youth
755,M,52,Family
756,M,63,Youth
757,F,20,Premium
758,F,38,Premium
759,M,30,Enterprise
760,F,47,Family
761,M,63,Enterprise
762,M,46,Youth
763,F,30,Family
764,F,55,Premium
765,F,43,Family
766,M,52,Premium
767,F,59,Enterprise
768,M,42,Youth
769,M,40,Enterprise
770,F,69,Premium
771,F,44,Premium
772,M,38,Family
773,M,33,Premium
774,F,64,Enterprise
775,F,29,Premium
776,F,51,Family
777,F,47,Youth
778,M,24,Enterprise
779,M,48,Enterprise
780,F,25,Premium
781,M,30,Youth
782,F,48,Youth
783,F,62,Enterprise
784,F,37,Enterprise
785,M,30,Family
786,M,36,Youth
787,F,36,Family
788,M,68,Youth
789,M,61,Premium
790,F,27,Premium
791,F,22,Family
792,F,52,Family
793,M,38,Family
794,M,46,Family
795,M,55,Premium
796,F,33,Enterprise
797,M,38,Enterprise
798,F,29,Enterprise
799,F,29,Premium
800,M,63,Enterprise
801,M,40,Family
802,M,54,Premium
803,M,49,Premium
804,M,27,Youth
805,F,57,Enterprise
806,M,22,Enterprise
807,F,33,Enterprise
808,F,60,Family
809,F,61,Enterprise
810,M,19,Youth
811,F,59,Youth
812,F,41,Youth
813,F,38,Enterprise
814,M,61,Family
815,F,36,Premium
816,F,41,Youth
817,F,18,Enterprise
818,M,52,Premium
819,F,64,Youth
820,M,24,Premium
821,M,39,Enterprise
822,F,34,Premium
823,F,26,Youth
824,F,49,Family
825,F,65,Enterprise
826,F,37,Family
827,F,21,Family
828,M,68,Enterprise
829,F,63,Family
830,F,40,Youth
831,M,39,Youth
832,F,70,Enterprise
833,M,56,Youth
834,F,34,Youth
835,F,22,Enterprise
836,M,24,Family
837,M,69,Premium
838,F,30,Family
839,M,54,Family
840,M,69,Youth
841,F,45,Premium
842,M,57,Enterprise
843,M,64,Family
844,M,52,Youth
845,M,59,Enterprise
846,M,43,Family
847,M,47,Premium
848,M,38,Family
849,F,62,Enterprise
850,F,31,Premium
851,F,34,Enterprise
852,M,33,Family
853,F,30,Youth
854,F,23,Family
855,F,27,Premium
856,M,45,Youth
857,F,48,Family
858,F,27,Family
859,M,52,Premium
860,F,47,Family
861,F,41,Enterprise
862,F,42,Youth
863,M,55,Youth
864,M,32,Family
865,M,53,Youth
866,M,52,Youth
867,F,42,Enterprise
868,M,52,Youth
869,F,46,Youth
870,F,68,Premium
871,F,67,Premium
872,M,50,Enterprise
873,F,51,Youth
874,F,31,Family
875,M,50,Family
876,M,69,Youth
877,M,70,Enterprise
878,F,26,Family
879,F,40,Premium
880,F,49,Youth
881,F,43,Enterprise
882,F,44,Premium
883,M,60,Premium
884,M,28,Enterprise
885,M,35,Premium
886,M,31,Family
887,F,56,Family
888,F,68,Premium
889,M,47,Youth
890,F,46,Enterprise
891,M,57,Family
892,F,27,Youth
893,M,44,Family
894,F,39,Premium
895,F,18,Youth
896,M,60,Enterprise
897,F,67,Family
898,M,37,Enterprise
899,M,53,Family
900,F,25,Family
901,F,25,Enterprise
902,M,68,Enterprise
903,M,69,Enterprise
904,F,53,Family
905,F,33,Enterprise
906,F,53,Family
907,F,23,Youth
908,F,38,Youth
909,F,18,Enterprise
910,F,46,Enterprise
911,M,22,Youth
912,M,18,Enterprise
913,M,58,Family
914,F,21,Enterprise
915,F,53,Premium
916,M,31,Youth
917,F,70,Youth
918,M,45,Family
919,M,36,Youth
920,F,54,Family
921,F,35,Enterprise
922,M,42,Family
923,M,57,Youth
924,M,25,Youth
925,F,57,Youth
926,M,52,Enterprise
927,M,25,Youth
928,M,50,Youth
929,M,64,Enterprise
930,F,29,Family
931,F,56,Enterprise
932,F,53,Youth
933,F,68,Family
934,F,61,Youth
935,F,40,Family
936,M,25,Enterprise
937,M,54,Enterprise
938,F,34,Enterprise
939,F,65,Premium
940,M,23,Enterprise
941,M,50,Enterprise
942,M,70,Family
943,F,21,Enterprise
944,M,20,Family
945,F,65,Premium
946,F,40,Family
947,M,30,Family
948,M,54,Youth
949,M,22,Enterprise
950,M,61,Family
951,M,36,Youth
952,M,37,Premium
953,M,23,Premium
954,M,27,Youth
955,F,38,Family
956,F,27,Youth
957,M,29,Youth
958,M,56,Family
959,F,30,Enterprise
960,F,49,Premium
961,F,33,Enterprise
962,F,49,Enterprise
963,F,43,Premium
964,M,21,Premium
965,M,43,Family
966,F,43,Premium
967,M,19,Enterprise
968,F,49,Enterprise
969,F,41,Family
970,M,22,Family
971,F,25,Family
972,M,27,Youth
973,M,25,Enterprise
974,F,55,Premium
975,F,35,Enterprise
976,M,20,Enterprise
977,F,51,Enterprise
978,M,64,Enterprise
979,M,28,Family
980,F,23,Enterprise
981,M,69,Family
982,F,69,Youth
983,F,34,Family
984,M,33,Youth
985,M,68,Youth
986,M,54,Enterprise
987,F,34,Family
988,F,55,Youth
989,M,57,Youth
990,F,66,Enterprise
991,M,44,Family
992,M,67,Enterprise
993,M,63,Enterprise
994,M,49,Enterprise
995,F,20,Family
996,M,25,Premium
997,F,23,Family
998,M,39,Family
999,F,34,Youth
1000,M,21,Enterprise
1001,F,62,Premium
1002,M,46,Youth
1003,M,50,Enterprise
1004,F,23,Family
1005,F,52,Premium
1006,F,48,Family
1007,M,39,Family
1008,M,53,Enterprise
1009,M,44,Enterprise
1010,F,45,Enterprise
1011,M,67,Youth
1012,F,49,Enterprise
1013,M,44,Youth
1014,M,22,Premium
1015,F,31,Premium
1016,F,37,Premium
1017,F,27,Premium
1018,F,28,Enterprise
1019,M,60,Youth
1020,M,68,Enterprise
1021,M,63,Premium
1022,F,42,Youth
1023,M,70,Enterprise
1024,M,20,Premium
1025,M,32,Youth
1026,F,30,Youth
1027,M,28,Enterprise
1028,M,58,Family
1029,F,65,Family
1030,F,70,Enterprise
1031,F,30,Premium
1032,M,43,Premium
1033,F,69,Family
1034,F,49,Youth
1035,F,53,Premium
1036,M,23,Youth
1037,M,66,Enterprise
1038,F,64,Premium
1039,F,61,Premium
1040,F,20,Premium
1041,F,69,Youth
1042,M,40,Youth
1043,M,34,Premium
1044,M,70,Enterprise
1045,M,61,Family
1046,M,42,Enterprise
1047,F,26,Enterprise
1048,F,36,Family
1049,M,53,Family
1050,M,67,Family
1051,F,57,Premium
1052,M,40,Youth
1053,F,64,Youth
1054,M,29,Premium
1055,F,66,Youth
1056,M,19,Premium
1057,M,18,Youth
1058,M,40,Youth
1059,M,26,Family
1060,F,61,Enterprise
1061,M,57,Premium
1062,F,49,Premium
1063,M,28,Family
1064,M,69,Family
1065,F,40,Family
1066,F,30,Enterprise
1067,F,50,Premium
1068,F,19,Youth
1069,M,44,Youth
1070,M,62,Family
1071,M,36,Youth
1072,F,23,Premium
1073,F,55,Family
1074,F,26,Premium
1075,F,70,Premium
1076,F,30,Enterprise
1077,F,67,Premium
1078,F,46,Family
1079,F,48,Family
1080,M,25,Premium
1081,F,34,Premium
1082,M,66,Enterprise
1083,M,48,Premium
1084,M,64,Youth
1085,M,49,Premium
1086,M,43,Youth
1087,F,68,Enterprise
1088,F,57,Youth
1089,M,28,Premium
1090,M,49,Youth
1091,M,47,Family
1092,M,61,Premium
1093,M,64,Youth
1094,M,64,Youth
1095,M,28,Family
1096,M,36,Enterprise
1097,M,66,Family
1098,M,40,Premium
1099,M,21,Youth
1100,F,36,Family
1101,F,63,Youth
1102,F,66,Premium
1103,F,62,Family
1104,M,47,Premium
1105,F,27,Premium
1106,M,62,Family
1107,M,62,Family
1108,M,50,Youth
1109,M,24,Family
1110,M,52,Enterprise
1111,M,20,Family
1112,F,39,Youth
1113,M,58,Enterprise
1114,M,27,Premium
1115,F,34,Premium
1116,F,36,Youth
1117,F,43,Premium
1118,M,54,Youth
1119,F,69,Enterprise
1120,M,42,Youth
1121,M,23,Family
1122,M,55,Enterprise
1123,F,53,Premium
1124,M,20,Youth
1125,F,48,Premium
1126,F,34,Premium
1127,F,39,Family
1128,M,53,Family
1129,F,25,Family
1130,M,18,Youth
1131,F,20,Youth
1132,F,59,Premium
1133,M,49,Enterprise
1134,F,57,Premium
1135,F,69,Enterprise
1136,F,48,Youth
1137,M,47,Premium
1138,F,19,Enterprise
1139,M,29,Enterprise
1140,F,67,Premium
1141,M,25,Family
1142,M,58,Youth
1143,M,58,Youth
1144,F,43,Enterprise
1145,M,20,Premium
1146,F,57,Enterprise
1147,F,32,Youth
1148,F,22,Family
1149,M,32,Enterprise
1150,F,63,Youth
1151,F,24,Family
1152,M,49,Youth
1153,M,20,Family
1154,M,36,Family
1155,M,25,Enterprise
1156,F,20,Premium
1157,F,29,Premium
1158,F,40,Family
1159,F,47,Family
1160,F,55,Enterprise
1161,F,33,Premium
1162,M,60,Premium
1163,F,21,Youth
1164,F,27,Family
1165,M,44,Youth
1166,F,51,Premium
1167,M,34,Youth
1168,F,45,Enterprise
1169,M,58,Enterprise
1170,F,68,Enterprise
1171,M,59,Family
1172,M,37,Enterprise
1173,F,34,Youth
1174,F,58,Family
1175,F,41,Family
1176,F,38,Family
1177,M,47,Enterprise
1178,F,63,Family
1179,F,51,Enterprise
1180,F,42,Family
1181,F,40,Family
1182,F,32,Family
1183,F,42,Family
1184,F,69,Family
1185,M,20,Premium
1186,F,65,Youth
1187,F,18,Youth
1188,M,30,Enterprise
1189,M,38,Premium
1190,F,48,Family
1191,F,32,Youth
1192,F,28,Family
1193,M,59,Youth
1194,M,24,Premium
1195,M,64,Enterprise
1196,F,35,Youth
1197,M,60,Family
1198,F,51,Enterprise
1199,M,28,Family
1200,M,20,Youth
1201,M,56,Family
1202,F,58,Family
1203,M,42,Premium
1204,F,68,Youth
1205,F,37,Premium
1206,F,22,Enterprise
1207,F,27,Premium
1208,F,49,Premium
1209,M,55,Enterprise
1210,F,66,Premium
1211,M,32,Youth
1212,F,29,Family
1213,M,37,Premium
1214,F,58,Premium
1215,F,52,Enterprise
1216,F,57,Family
1217,F,30,Enterprise
1218,F,29,Family
1219,M,32,Youth
1220,M,30,Family
1221,F,58,Family
1222,M,47,Enterprise
1223,M,62,Enterprise
1224,F,53,Enterprise
1225,F,45,Enterprise
1226,M,62,Premium
1227,M,57,Enterprise
1228,M,67,Enterprise
1229,M,57,Premium
1230,F,34,Family
1231,M,31,Premium
1232,F,40,Family
1233,F,43,Youth
1234,F,58,Family
1235,M,53,Enterprise
1236,M,59,Family
1237,F,53,Youth
1238,F,24,Youth
1239,M,51,Youth
1240,F,20,Enterprise
1241,F,38,Enterprise
1242,F,32,Premium
1243,F,50,Youth
1244,M,28,Premium
1245,M,43,Premium
1246,M,19,Enterprise
1247,F,42,Enterprise
1248,M,20,Youth
1249,M,54,Family
1250,M,21,Youth
1251,M,24,Premium
1252,F,31,Youth
1253,M,54,Enterprise
1254,M,25,Youth
1255,F,57,Youth
1256,F,29,Youth
1257,M,44,Enterprise
1258,F,21,Family
1259,F,31,Premium
1260,F,65,Youth
1261,F,52,Youth
1262,F,63,Youth
1263,F,31,Youth
1264,F,45,Youth
1265,M,25,Family
1266,F,45,Family
1267,M,31,Enterprise
1268,M,21,Enterprise
1269,M,63,Family
1270,M,70,Enterprise
1271,F,66,Youth
1272,M,62,Youth
1273,M,70,Youth
1274,F,62,Premium
1275,M,38,Premium
1276,F,23,Youth
1277,M,55,Enterprise
1278,M,67,Premium
1279,F,53,Premium
1280,M,31,Enterprise
1281,F,70,Family
1282,M,68,Premium
1283,F,28,Premium
1284,F,30,Family
1285,F,37,Premium
1286,F,23,Youth
1287,M,61,Family
1288,F,66,Enterprise
1289,M,28,Premium
1290,F,48,Family
1291,F,44,Premium
1292,F,24,Premium
1293,F,68,Family
1294,F,55,Youth
1295,F,22,Youth
1296,M,23,Youth
1297,F,62,Family
1298,F,61,Youth
1299,M,37,Premium
1300,F,34,Youth
1301,F,20,Youth
1302,F,35,Youth
1303,M,27,Enterprise
1304,M,33,Youth
1305,F,42,Youth
1306,F,59,Premium
1307,M,65,Family
1308,F,46,Enterprise
1309,M,65,Enterprise
1310,M,30,Family
1311,F,66,Family
1312,M,49,Youth
1313,F,46,Enterprise
1314,M,60,Premium
1315,M,38,Premium
1316,F,55,Enterprise
1317,F,47,Youth
1318,M,64,Premium
1319,F,30,Premium
1320,F,34,Youth
1321,F,48,Enterprise
1322,M,20,Family
1323,F,57,Enterprise
1324,F,25,Family
1325,F,42,Youth
1326,M,32,Family
1327,F,50,Family
1328,F,23,Premium
1329,F,59,Youth
1330,F,25,Enterprise
1331,M,46,Family
1332,M,18,Family
1333,F,47,Enterprise
1334,F,51,Enterprise
1335,M,23,Youth
1336,M,69,Family
1337,F,31,Premium
1338,M,34,Family
1339,F,56,Enterprise
1340,F,48,Enterprise
1341,M,31,Family
1342,M,54,Enterprise
1343,M,48,Enterprise
1344,F,35,Youth
1345,M,53,Enterprise
1346,F,19,Youth
1347,F,33,Enterprise
1348,M,64,Premium
1349,M,38,Enterprise
1350,M,64,Premium
1351,M,43,Premium
1352,F,21,Enterprise
1353,M,35,Family
1354,F,21,Youth
1355,M,39,Premium
1356,F,26,Enterprise
1357,M,29,Family
1358,F,58,Youth
1359,M,18,Youth
1360,M,30,Enterprise
1361,F,34,Family
1362,F,63,Family
1363,F,32,Enterprise
1364,F,57,Enterprise
1365,F,22,Youth
1366,F,50,Enterprise
1367,M,35,Enterprise
1368,F,61,Premium
1369,F,58,Enterprise
1370,M,52,Enterprise
1371,F,50,Enterprise
1372,F,60,Youth
1373,M,38,Premium
1374,M,30,Youth
1375,M,58,Youth
1376,M,31,Premium
1377,M,66,Family
1378,M,59,Youth
1379,F,51,Premium
1380,F,20,Family
1381,F,62,Premium
1382,M,26,Family
1383,M,38,Premium
1384,M,34,Family
1385,M,61,Enterprise
1386,M,34,Premium
1387,M,29,Enterprise
1388,M,69,Youth
1389,M,47,Premium
1390,M,27,Youth
1391,M,65,Youth
1392,M,33,Enterprise
1393,M,45,Family
1394,F,44,Enterprise
1395,M,37,Enterprise
1396,F,69,Youth
1397,M,38,Youth
1398,M,54,Youth
1399,M,23,Family
1400,F,61,Youth
1401,M,65,Enterprise
1402,M,62,Premium
1403,F,44,Youth
1404,M,56,Family
1405,M,54,Premium
1406,F,26,Enterprise
1407,M,52,Youth
1408,M,19,Family
1409,F,23,Premium
1410,F,68,Premium
1411,F,46,Family
1412,M,18,Premium
1413,F,36,Enterprise
1414,F,50,Youth
1415,F,52,Enterprise
1416,M,68,Premium
1417,M,47,Enterprise
1418,M,70,Family
1419,F,55,Family
1420,F,56,Youth
1421,M,60,Enterprise
1422,F,37,Youth
1423,F,33,Family
1424,F,57,Family
1425,F,49,Premium
1426,M,24,Enterprise
1427,M,28,Youth
1428,F,69,Family
1429,M,40,Premium
1430,F,70,Premium
1431,F,56,Premium
1432,M,40,Family
1433,M,29,Premium
1434,F,28,Family
1435,F,27,Family
1436,F,62,Premium
1437,M,55,Youth
1438,F,63,Premium
1439,F,31,Youth
1440,F,63,Youth
1441,M,26,Family
1442,M,61,Premium
1443,F,59,Enterprise
1444,M,29,Premium
1445,F,28,Enterprise
1446,F,25,Enterprise
1447,M,28,Enterprise
1448,F,60,Youth
1449,F,70,Family
1450,F,65,Enterprise
1451,M,69,Enterprise
1452,F,61,Youth
1453,F,55,Enterprise
1454,M,29,Youth
1455,F,40,Enterprise
1456,M,26,Family
1457,F,33,Enterprise
1458,M,53,Youth
1459,M,26,Premium
1460,F,34,Enterprise
1461,F,55,Enterprise
1462,M,63,Youth
1463,M,43,Enterprise
1464,F,67,Premium
1465,F,64,Enterprise
1466,F,70,Family
1467,F,22,Premium
1468,M,44,Enterprise
1469,F,61,Premium
1470,F,43,Family
1471,F,45,Premium
1472,F,37,Premium
1473,F,55,Enterprise
1474,M,49,Family
1475,M,46,Enterprise
1476,M,68,Enterprise
1477,M,24,Family
1478,F,50,Premium
1479,F,69,Enterprise
1480,F,34,Enterprise
1481,F,64,Premium
1482,M,44,Family
1483,M,46,Family
1484,M,63,Youth
1485,F,52,Family
1486,F,23,Family
1487,M,64,Premium
1488,M,52,Enterprise
1489,M,27,Youth
1490,F,24,Premium
1491,F,64,Youth
1492,F,37,Enterprise
1493,M,18,Family
1494,M,70,Enterprise
1495,M,45,Youth
1496,M,46,Premium
1497,M,33,Premium
1498,F,29,Youth
1499,M,23,Family
1500,M,22,Enterprise
1501,M,31,Premium
1502,M,69,Enterprise
1503,M,30,Youth
1504,F,34,Youth
1505,M,18,Enterprise
1506,F,38,Enterprise
1507,M,45,Youth
1508,F,39,Premium
1509,M,22,Youth
1510,M,26,Family
1511,F,39,Youth
1512,M,68,Premium
1513,F,53,Family
1514,F,23,Enterprise
1515,M,45,Enterprise
1516,F,56,Premium
1517,F,61,Enterprise
1518,M,34,Family
1519,M,38,Family
1520,M,32,Youth
1521,M,36,Youth
1522,F,69,Youth
1523,M,40,Enterprise
1524,M,30,Family
1525,M,46,Family
1526,M,27,Youth
1527,M,59,Youth
1528,F,26,Youth
1529,M,64,Youth
1530,M,27,Enterprise
1531,M,35,Youth
1532,M,33,Family
1533,F,26,Family
1534,M,66,Family
1535,F,34,Premium
1536,F,39,Family
1537,F,54,Family
1538,M,49,Enterprise
1539,M,47,Premium
1540,M,21,Premium
1541,M,24,Family
1542,M,63,Premium
1543,M,35,Family
1544,M,46,Premium
1545,F,44,Premium
1546,M,60,Family
1547,F,67,Premium
1548,F,18,Youth
1549,F,70,Youth
1550,F,53,Youth
1551,M,19,Enterprise
1552,M,48,Premium
1553,F,57,Enterprise
1554,M,51,Family
1555,F,26,Enterprise
1556,M,22,Premium
1557,F,20,Family
1558,F,66,Youth
1559,F,61,Family
1560,F,31,Family
1561,M,26,Youth
1562,M,58,Enterprise
1563,F,67,Enterprise
1564,F,51,Family
1565,M,42,Enterprise
1566,F,61,Family
1567,M,26,Premium
1568,F,42,Family
1569,M,20,Premium
1570,M,42,Youth
1571,F,51,Family
1572,M,64,Enterprise
1573,F,20,Enterprise
1574,F,65,Enterprise
1575,M,26,Enterprise
1576,F,50,Premium
1577,F,22,Enterprise
1578,F,22,Youth
1579,F,58,Youth
1580,F,23,Enterprise
1581,M,52,Youth
1582,M,18,Family
1583,F,48,Premium
1584,M,18,Family
1585,F,41,Premium
1586,M,61,Family
1587,M,66,Enterprise
1588,F,67,Family
1589,F,34,Youth
1590,F,49,Premium
1591,F,34,Premium
1592,M,66,Premium
1593,M,63,Family
1594,F,30,Family
1595,M,55,Enterprise
1596,F,28,Enterprise
1597,M,44,Enterprise
1598,F,53,Youth
1599,F,47,Youth
1600,F,38,Premium
1601,M,31,Family
1602,F,48,Premium
1603,M,70,Youth
1604,M,52,Enterprise
1605,F,20,Premium
1606,M,38,Enterprise
1607,M,22,Enterprise
1608,F,48,Youth
1609,M,56,Premium
1610,F,31,Premium
1611,F,49,Premium
1612,M,49,Youth
1613,F,22,Premium
1614,F,25,Premium
1615,F,22,Family
1616,F,55,Enterprise
1617,F,37,Enterprise
1618,M,67,Enterprise
1619,M,66,Premium
1620,F,45,Enterprise
1621,M,22,Premium
1622,M,32,Youth
1623,M,59,Premium
1624,M,45,Enterprise
1625,M,21,Family
1626,F,29,Premium
1627,F,70,Family
1628,M,33,Premium
1629,M,43,Premium
1630,M,54,Family
1631,M,23,Family
1632,M,52,Enterprise
1633,F,44,Youth
1634,F,70,Youth
1635,F,47,Premium
1636,F,26,Family
1637,M,44,Premium
1638,M,61,Enterprise
1639,M,51,Premium
1640,F,29,Youth
1641,M,64,Family
1642,F,65,Family
1643,F,34,Premium
1644,F,68,Family
1645,F,32,Family
1646,F,29,Enterprise
1647,F,62,Youth
1648,F,18,Youth
1649,F,69,Youth
1650,F,34,Family
1651,M,46,Family
1652,M,23,Youth
1653,F,29,Premium
1654,M,70,Youth
1655,M,66,Family
1656,F,70,Youth
1657,F,61,Enterprise
1658,M,22,Youth
1659,F,70,Family
1660,F,26,Premium
1661,F,45,Premium
1662,M,62,Youth
1663,F,47,Premium
1664,F,53,Youth
1665,M,43,Enterprise
1666,F,29,Youth
1667,F,31,Enterprise
1668,M,36,Premium
1669,F,59,Family
1670,F,46,Premium
1671,F,26,Youth
1672,F,54,Enterprise
1673,M,69,Family
1674,F,51,Enterprise
1675,F,65,Enterprise
1676,M,33,Family
1677,M,63,Enterprise
1678,M,47,Family
1679,M,39,Premium
1680,F,43,Youth
1681,F,39,Family
1682,F,32,Enterprise
1683,M,30,Youth
1684,M,20,Enterprise
1685,M,33,Youth
1686,F,23,Premium
1687,F,30,Enterprise
1688,M,28,Enterprise
1689,M,58,Enterprise
1690,F,66,Enterprise
1691,M,56,Premium
1692,M,27,Family
1693,M,39,Enterprise
1694,M,58,Enterprise
1695,F,25,Family
1696,F,33,Family
1697,M,47,Family
1698,M,51,Premium
1699,M,27,Family
1700,M,26,Youth
1701,F,70,Premium
1702,F,20,Premium
1703,F,36,Enterprise
1704,M,42,Premium
1705,F,34,Enterprise
1706,F,19,Premium
1707,M,55,Premium
1708,M,43,Youth
1709,F,63,Family
1710,M,68,Premium
1711,F,38,Youth
1712,F,38,Family
1713,M,61,Family
1714,F,51,Premium
1715,M,55,Premium
1716,M,42,Youth
1717,M,41,Youth
1718,M,61,Enterprise
1719,F,40,Premium
1720,F,31,Enterprise
1721,M,21,Family
1722,F,24,Premium
1723,M,67,Youth
1724,F,67,Family
1725,F,37,Enterprise
1726,M,50,Premium
1727,M,52,Family
1728,F,26,Youth
1729,F,65,Premium
1730,M,58,Enterprise
1731,M,19,Enterprise
1732,F,31,Premium
1733,M,29,Enterprise
1734,F,29,Enterprise
1735,F,26,Enterprise
1736,M,30,Youth
1737,F,57,Premium
1738,M,21,Premium
1739,F,23,Premium
1740,M,27,Premium
1741,F,39,Premium
1742,M,61,Family
1743,F,27,Enterprise
1744,F,58,Premium
1745,F,26,Family
1746,M,34,Premium
1747,F,26,Enterprise
1748,F,37,Enterprise
1749,M,24,Youth
1750,M,31,Family
1751,M,39,Youth
1752,M,36,Premium
1753,M,52,Youth
1754,M,18,Premium
1755,M,43,Premium
1756,M,46,Enterprise
1757,M,68,Premium
1758,F,44,Family
1759,M,69,Enterprise
1760,M,54,Premium
1761,M,49,Youth
1762,F,19,Premium
1763,F,23,Premium
1764,M,46,Enterprise
1765,M,29,Premium
1766,F,45,Premium
1767,M,23,Premium
1768,F,59,Youth
1769,M,66,Premium
1770,M,38,Premium
1771,F,27,Family
1772,M,52,Family
1773,F,36,Family
1774,F,56,Enterprise
1775,F,61,Enterprise
1776,F,53,Youth
1777,M,24,Premium
1778,F,40,Youth
1779,M,58,Youth
1780,M,35,Enterprise
1781,M,46,Family
1782,F,25,Family
1783,M,25,Family
1784,M,41,Premium
1785,M,57,Youth
1786,M,66,Youth
1787,F,62,Premium
1788,M,48,Enterprise
1789,M,66,Family
1790,M,46,Enterprise
1791,F,41,Family
1792,F,42,Premium
1793,M,30,Enterprise
1794,M,67,Enterprise
1795,M,51,Youth
1796,M,50,Family
1797,F,36,Premium
1798,M,26,Youth
1799,F,64,Enterprise
1800,F,55,Enterprise
1801,M,61,Enterprise
1802,F,50,Youth
1803,F,46,Youth
1804,F,19,Enterprise
1805,F,56,Enterprise
1806,M,65,Premium
1807,M,68,Premium
1808,F,43,Family
1809,M,28,Enterprise
1810,F,68,Premium
1811,F,20,Family
1812,M,50,Enterprise
1813,F,62,Family
1814,F,45,Premium
1815,F,20,Family
1816,F,59,Premium
1817,M,36,Premium
1818,F,53,Premium
1819,M,38,Enterprise
1820,M,21,Family
1821,F,32,Enterprise
1822,F,39,Premium
1823,F,18,Youth
1824,M,60,Enterprise
1825,F,28,Youth
1826,M,30,Enterprise
1827,F,63,Enterprise
1828,F,70,Enterprise
1829,M,58,Youth
1830,M,23,Enterprise
1831,M,37,Premium
1832,M,21,Enterprise
1833,F,61,Youth
1834,M,55,Premium
1835,F,61,Family
1836,M,50,Premium
1837,F,65,Enterprise
1838,M,42,Premium
1839,F,37,Premium
1840,M,54,Family
1841,M,58,Family
1842,F,67,Premium
1843,M,31,Enterprise
1844,F,45,Premium
1845,M,36,Premium
1846,M,61,Premium
1847,M,31,Family
1848,F,58,Youth
1849,M,26,Enterprise
1850,F,33,Family
1851,F,38,Enterprise
1852,M,22,Premium
1853,M,40,Premium
1854,M,34,Youth
1855,M,64,Family
1856,M,64,Youth
1857,F,48,Enterprise
1858,F,62,Enterprise
1859,F,39,Family
1860,F,20,Youth
1861,F,25,Youth
1862,F,43,Youth
1863,F,70,Youth
1864,F,57,Enterprise
1865,M,57,Family
1866,F,49,Premium
1867,M,45,Enterprise
1868,F,48,Enterprise
1869,M,53,Enterprise
1870,M,46,Youth
1871,M,61,Premium
1872,M,36,Enterprise
1873,F,48,Premium
1874,M,55,Youth
1875,F,59,Enterprise
1876,F,30,Family
1877,F,58,Enterprise
1878,F,36,Family
1879,M,58,Family
1880,F,53,Family
1881,F,56,Family
1882,M,48,Premium
1883,F,19,Family
1884,M,61,Premium
1885,M,65,Youth
1886,F,49,Premium
1887,F,69,Premium
1888,M,47,Family
1889,F,67,Family
1890,M,65,Family
1891,M,39,Premium
1892,F,22,Family
1893,F,56,Premium
1894,M,52,Enterprise
1895,M,61,Family
1896,F,42,Youth
1897,M,37,Enterprise
1898,M,59,Premium
1899,M,23,Family
1900,F,59,Family
1901,M,33,Youth
1902,M,69,Youth
1903,M,67,Youth
1904,M,60,Family
1905,F,64,Family
1906,M,50,Enterprise
1907,F,37,Premium
1908,M,70,Family
1909,F,37,Family
1910,M,57,Family
1911,M,66,Youth
1912,M,34,Family
1913,M,69,Family
1914,F,51,Premium
1915,M,28,Enterprise
1916,F,24,Family
1917,M,45,Premium
1918,M,31,Family
1919,M,42,Youth
1920,M,50,Family
1921,F,22,Premium
1922,F,18,Youth
1923,M,62,Premium
1924,M,38,Youth
1925,F,33,Youth
1926,F,29,Premium
1927,M,38,Premium
1928,F,27,Youth
1929,F,38,Youth
1930,M,67,Family
1931,F,69,Premium
1932,M,53,Family
1933,F,57,Family
1934,F,46,Premium
1935,M,38,Family
1936,F,50,Enterprise
1937,M,46,Enterprise
1938,F,38,Family
1939,F,40,Youth
1940,F,33,Enterprise
1941,F,30,Family
1942,M,56,Enterprise
1943,M,36,Premium
1944,M,21,Family
1945,M,47,Premium
1946,M,52,Youth
1947,F,31,Family
1948,M,20,Enterprise
1949,F,28,Youth
1950,F,49,Youth
1951,F,61,Enterprise
1952,F,64,Premium
1953,M,25,Premium
1954,F,31,Premium
1955,F,22,Family
1956,M,48,Enterprise
1957,M,19,Enterprise
1958,M,38,Family
1959,M,18,Enterprise
1960,F,59,Premium
1961,F,65,Premium
1962,F,43,Premium
1963,M,50,Youth
1964,M,41,Enterprise
1965,F,44,Family
1966,M,19,Premium
1967,M,68,Family
1968,M,69,Family
1969,F,43,Youth
1970,M,34,Enterprise
1971,F,49,Youth
1972,F,44,Family
1973,M,62,Enterprise
1974,M,46,Family
1975,F,32,Family
1976,M,23,Youth
1977,M,28,Premium
1978,F,21,Premium
1979,M,42,Family
1980,M,45,Family
1981,M,24,Enterprise
1982,M,67,Family
1983,F,59,Enterprise
1984,M,54,Premium
1985,M,70,Enterprise
1986,M,41,Enterprise
1987,M,26,Youth
1988,F,32,Youth
1989,M,18,Youth
1990,F,26,Family
1991,M,58,Youth
1992,M,29,Family
1993,F,57,Enterprise
1994,F,66,Youth
1995,F,37,Family
1996,F,21,Family
1997,F,67,Family
1998,F,29,Family
1999,M,41,Family
2000,M,23,Enterprise
2001,F,18,Enterprise
2002,M,28,Enterprise
2003,M,63,Enterprise
2004,F,47,Youth
2005,F,30,Family
2006,F,61,Premium
2007,M,44,Premium
2008,F,68,Youth
2009,F,40,Family
2010,M,30,Premium
2011,F,41,Family
2012,F,19,Enterprise
2013,M,43,Youth
2014,F,40,Youth
2015,M,53,Family
2016,M,37,Premium
2017,M,68,Family
2018,M,20,Youth
2019,F,40,Family
2020,F,32,Youth
2021,F,22,Enterprise
2022,F,27,Family
2023,M,53,Premium
2024,F,57,Youth
2025,F,61,Premium
2026,F,68,Enterprise
2027,F,38,Premium
2028,M,65,Youth
2029,F,25,Youth
2030,F,42,Family
2031,F,27,Enterprise
2032,M,53,Family
2033,M,61,Enterprise
2034,M,50,Premium
2035,M,41,Family
2036,M,44,Family
2037,M,34,Youth
2038,M,50,Family
2039,F,27,Enterprise
2040,M,68,Family
2041,F,22,Youth
2042,F,53,Family
2043,M,38,Family
2044,F,44,Premium
2045,F,56,Family
2046,M,52,Enterprise
2047,M,26,Family
2048,F,45,Youth
2049,F,33,Enterprise
2050,F,39,Enterprise
2051,F,54,Youth
2052,M,60,Youth
2053,F,59,Family
2054,M,65,Premium
2055,M,63,Enterprise
2056,F,58,Enterprise
2057,F,25,Enterprise
2058,F,34,Family
2059,M,33,Enterprise
2060,F,55,Premium
2061,M,66,Premium
2062,M,28,Premium
2063,M,22,Youth
2064,F,48,Premium
2065,M,24,Enterprise
2066,F,42,Enterprise
2067,F,49,Enterprise
2068,M,66,Premium
2069,F,19,Family
2070,F,37,Family
2071,M,30,Youth
2072,M,22,Enterprise
2073,F,29,Family
2074,F,18,Family
2075,M,52,Youth
2076,M,26,Youth
2077,F,66,Enterprise
2078,M,46,Family
2079,F,57,Enterprise
2080,F,31,Family
2081,M,54,Youth
2082,M,44,Premium
2083,M,35,Youth
2084,M,59,Premium
2085,F,27,Enterprise
2086,M,69,Youth
2087,F,39,Premium
2088,M,56,Enterprise
2089,M,34,Premium
2090,M,62,Family
2091,F,37,Youth
2092,M,29,Premium
2093,M,59,Family
2094,M,70,Family
2095,M,25,Youth
2096,M,18,Youth
2097,M,29,Youth
2098,F,38,Family
2099,M,21,Family
2100,F,25,Premium
2101,F,51,Premium
2102,M,34,Enterprise
2103,F,32,Family
2104,M,59,Youth
2105,F,58,Youth
2106,M,20,Youth
2107,M,69,Premium
2108,M,64,Premium
2109,M,39,Family
2110,F,52,Youth
2111,M,44,Enterprise
2112,F,57,Family
2113,M,70,Youth
2114,F,41,Enterprise
2115,M,24,Enterprise
2116,F,19,Enterprise
2117,M,64,Premium
2118,M,35,Enterprise
2119,M,44,Enterprise
2120,M,43,Youth
2121,F,64,Youth
2122,F,49,Youth
2123,M,47,Family
2124,M,55,Family
2125,F,47,Youth
2126,F,27,Youth
2127,F,34,Enterprise
2128,M,29,Enterprise
2129,F,61,Premium
2130,F,58,Youth
2131,M,70,Family
2132,M,36,Premium
2133,M,54,Premium
2134,F,70,Family
2135,F,70,Enterprise
2136,M,42,Enterprise
2137,F,30,Enterprise
2138,M,69,Family
2139,F,64,Youth
2140,M,69,Youth
2141,F,30,Enterprise
2142,M,23,Family
2143,F,65,Premium
2144,M,57,Youth
2145,M,24,Family
2146,M,18,Premium
2147,F,47,Family
2148,F,43,Premium
2149,F,46,Family
2150,F,63,Premium
2151,M,52,Family
2152,F,22,Family
2153,F,19,Family
2154,M,55,Enterprise
2155,M,38,Family
2156,M,52,Youth
2157,M,57,Enterprise
2158,M,31,Youth
2159,F,35,Premium
2160,M,25,Family
2161,M,44,Premium
2162,F,67,Youth
2163,F,20,Premium
2164,M,35,Youth
2165,F,39,Enterprise
2166,F,33,Enterprise
2167,F,54,Premium
2168,M,60,Premium
2169,M,46,Enterprise
2170,F,64,Family
2171,F,68,Premium
2172,F,64,Premium
2173,F,64,Premium
2174,M,66,Youth
2175,M,44,Enterprise
2176,M,55,Premium
2177,M,53,Premium
2178,F,62,Youth
2179,F,49,Youth
2180,F,29,Premium
2181,M,63,Premium
2182,M,31,Premium
2183,F,30,Family
2184,M,65,Enterprise
2185,M,68,Youth
2186,F,35,Enterprise
2187,M,53,Family
2188,M,32,Enterprise
2189,F,42,Family
2190,F,30,Premium
2191,F,50,Youth
2192,M,58,Family
2193,F,43,Family
2194,F,29,Enterprise
2195,F,25,Family
2196,M,38,Premium
2197,M,44,Enterprise
2198,M,36,Youth
2199,F,50,Family
2200,F,34,Youth
2201,M,23,Enterprise
2202,F,41,Premium
2203,M,19,Enterprise
2204,F,49,Enterprise
2205,F,30,Family
2206,F,52,Premium
2207,F,28,Premium
2208,F,64,Enterprise
2209,M,45,Youth
2210,M,44,Premium
2211,F,18,Premium
2212,F,59,Family
2213,F,34,Family
2214,F,43,Enterprise
2215,M,38,Youth
2216,F,25,Family
2217,F,32,Family
2218,M,60,Enterprise
2219,F,68,Family
2220,M,53,Premium
2221,F,20,Enterprise
2222,M,54,Youth
2223,M,57,Premium
2224,F,35,Enterprise
2225,F,20,Premium
2226,F,59,Enterprise
2227,F,26,Premium
2228,M,58,Youth
2229,F,33,Enterprise
2230,M,30,Family
2231,M,22,Youth
2232,F,63,Enterprise
2233,F,39,Enterprise
2234,M,27,Enterprise
2235,M,69,Enterprise
2236,F,62,Enterprise
2237,M,44,Premium
2238,F,32,Enterprise
2239,F,40,Enterprise
2240,M,62,Enterprise
2241,F,61,Youth
2242,F,41,Enterprise
2243,F,21,Youth
2244,M,57,Enterprise
2245,F,48,Family
2246,M,36,Family
2247,M,22,Premium
2248,M,50,Youth
2249,F,58,Youth
2250,M,18,Youth
2251,F,70,Premium
2252,M,49,Youth
2253,F,70,Premium
2254,F,26,Premium
2255,M,51,Enterprise
2256,F,28,Premium
2257,F,58,Enterprise
2258,F,51,Family
2259,F,57,Family
2260,F,22,Family
2261,F,58,Enterprise
2262,F,55,Youth
2263,F,23,Premium
2264,F,63,Enterprise
2265,F,54,Family
2266,M,18,Enterprise
2267,M,22,Premium
2268,M,25,Youth
2269,M,35,Youth
2270,F,34,Premium
2271,M,43,Premium
2272,M,24,Enterprise
2273,M,50,Family
2274,M,51,Family
2275,M,27,Youth
2276,F,20,Youth
2277,M,65,Enterprise
2278,F,31,Premium
2279,M,48,Youth
2280,F,30,Youth
2281,F,20,Enterprise
2282,F,18,Youth
2283,F,56,Enterprise
2284,F,69,Family
2285,M,69,Premium
2286,M,29,Youth
2287,M,67,Family
2288,F,19,Youth
2289,M,36,Premium
2290,F,32,Enterprise
2291,F,53,Enterprise
2292,F,45,Youth
2293,M,34,Enterprise
2294,M,40,Family
2295,M,45,Premium
2296,F,53,Family
2297,F,62,Family
2298,F,44,Youth
2299,F,27,Family
2300,F,62,Youth
2301,M,20,Family
2302,F,19,Youth
2303,M,61,Premium
2304,F,64,Youth
2305,F,35,Premium
2306,F,21,Enterprise
2307,F,40,Enterprise
2308,M,18,Enterprise
2309,M,58,Youth
2310,M,52,Youth
2311,M,52,Youth
2312,F,49,Premium
2313,F,67,Enterprise
2314,M,25,Youth
2315,F,53,Youth
2316,M,26,Premium
2317,F,59,Youth
2318,M,32,Family
2319,F,51,Youth
2320,F,37,Family
2321,M,29,Youth
2322,M,52,Enterprise
2323,F,32,Enterprise
2324,F,58,Premium
2325,M,48,Youth
2326,M,42,Premium
2327,F,42,Family
2328,F,27,Premium
2329,M,42,Youth
2330,F,34,Youth
2331,M,36,Premium
2332,M,33,Premium
2333,F,68,Enterprise
2334,F,54,Premium
2335,M,47,Premium
2336,M,23,Family
2337,F,36,Youth
2338,F,23,Family
2339,F,53,Enterprise
2340,M,62,Enterprise
2341,M,49,Premium
2342,M,20,Family
2343,F,34,Youth
2344,M,38,Premium
2345,F,42,Family
2346,M,41,Enterprise
2347,M,48,Premium
2348,F,18,Premium
2349,M,23,Premium
2350,F,66,Premium
2351,M,67,Youth
2352,M,39,Enterprise
2353,M,42,Premium
2354,M,34,Family
2355,M,21,Family
2356,F,59,Youth
2357,F,28,Youth
2358,F,38,Family
2359,F,45,Family
2360,M,30,Premium
2361,M,24,Family
2362,F,63,Youth
2363,M,54,Premium
2364,F,18,Premium
2365,F,61,Family
2366,M,66,Premium
2367,F,65,Premium
2368,M,33,Youth
2369,M,62,Youth
2370,F,52,Premium
2371,F,35,Enterprise
2372,F,28,Enterprise
2373,F,34,Youth
2374,M,49,Youth
2375,F,33,Family
2376,M,22,Family
2377,F,45,Family
2378,M,54,Premium
2379,M,53,Family
2380,M,42,Family
2381,F,44,Premium
2382,F,22,Family
2383,M,48,Youth
2384,M,45,Enterprise
2385,M,59,Enterprise
2386,M,32,Youth
2387,M,32,Youth
2388,M,45,Family
2389,F,38,Family
2390,F,36,Enterprise
2391,F,26,Youth
2392,M,66,Premium
2393,F,65,Premium
2394,F,38,Enterprise
2395,F,61,Premium
2396,F,60,Enterprise
2397,F,50,Premium
2398,M,26,Premium
2399,M,30,Premium
2400,F,64,Premium
2401,F,43,Premium
2402,F,57,Youth
2403,M,34,Premium
2404,F,25,Family
2405,F,60,Enterprise
2406,M,64,Youth
2407,F,59,Enterprise
2408,M,27,Family
2409,M,64,Enterprise
2410,M,62,Youth
2411,M,34,Premium
2412,F,58,Youth
2413,F,68,Premium
2414,M,46,Youth
2415,M,55,Premium
2416,F,43,Enterprise
2417,F,34,Family
2418,M,20,Enterprise
2419,F,64,Youth
2420,F,21,Enterprise
2421,M,38,Premium
2422,M,36,Family
2423,M,60,Youth
2424,F,31,Youth
2425,M,30,Premium
2426,F,26,Family
2427,M,68,Family
2428,M,20,Family
2429,F,58,Youth
2430,F,39,Enterprise
2431,F,33,Family
2432,F,48,Family
2433,M,69,Family
2434,F,51,Family
2435,M,20,Family
2436,F,57,Enterprise
2437,M,70,Premium
2438,F,43,Enterprise
2439,M,44,Family
2440,M,28,Enterprise
2441,M,25,Premium
2442,M,58,Premium
2443,F,44,Family
2444,M,25,Family
2445,M,57,Youth
2446,F,27,Premium
2447,F,65,Enterprise
2448,F,34,Enterprise
2449,F,27,Enterprise
2450,F,69,Premium
2451,F,69,Family
2452,M,52,Family
2453,F,69,Youth
2454,F,18,Family
2455,F,25,Youth
2456,F,55,Premium
2457,M,38,Enterprise
2458,M,47,Enterprise
2459,F,55,Youth
2460,F,24,Family
2461,M,59,Enterprise
2462,M,45,Youth
2463,M,20,Family
2464,F,48,Family
2465,F,65,Youth
2466,M,57,Family
2467,F,68,Premium
2468,M,39,Enterprise
2469,F,20,Youth
2470,F,41,Youth
2471,M,37,Premium
2472,F,18,Youth
2473,M,36,Family
2474,F,68,Family
2475,F,39,Youth
2476,F,41,Youth
2477,M,44,Enterprise
2478,M,45,Premium
2479,F,53,Youth
2480,F,45,Youth
2481,F,18,Youth
2482,M,57,Premium
2483,M,19,Premium
2484,F,68,Enterprise
2485,M,67,Enterprise
2486,F,50,Family
2487,M,25,Family
2488,M,45,Enterprise
2489,F,49,Premium
2490,M,58,Enterprise
2491,F,70,Premium
2492,F,63,Enterprise
2493,F,21,Premium
2494,M,20,Youth
2495,F,42,Youth
2496,F,36,Family
2497,M,64,Premium
2498,M,52,Family
2499,F,34,Enterprise
2500,M,26,Premium
2501,M,22,Premium
2502,M,30,Enterprise
2503,M,57,Family
2504,M,34,Youth
2505,F,46,Enterprise
2506,M,31,Family
2507,M,41,Family
2508,F,27,Enterprise
2509,M,33,Youth
2510,F,28,Premium
2511,M,32,Family
2512,F,55,Family
2513,F,40,Youth
2514,M,29,Family
2515,M,18,Premium
2516,F,52,Family
2517,M,49,Enterprise
2518,F,27,Youth
2519,F,23,Premium
2520,F,68,Family
2521,M,54,Enterprise
2522,M,60,Enterprise
2523,M,42,Premium
2524,M,24,Premium
2525,M,69,Enterprise
2526,F,31,Enterprise
2527,F,26,Family
2528,F,54,Youth
2529,M,67,Enterprise
2530,F,27,Youth
2531,M,23,Premium
2532,M,32,Family
2533,F,22,Premium
2534,M,46,Premium
2535,F,33,Youth
2536,F,32,Premium
2537,F,44,Family
2538,M,33,Family
2539,F,39,Premium
2540,F,38,Enterprise
2541,F,52,Enterprise
2542,M,56,Enterprise
2543,M,23,Youth
2544,M,26,Premium
2545,F,69,Youth
2546,M,31,Youth
2547,M,59,Enterprise
2548,F,22,Enterprise
2549,F,52,Youth
2550,F,33,Enterprise
2551,M,31,Enterprise
2552,F,49,Youth
2553,M,36,Family
2554,M,69,Family
2555,F,24,Premium
2556,M,41,Premium
2557,M,60,Premium
2558,F,52,Youth
2559,F,48,Youth
2560,M,18,Youth
2561,F,54,Youth
2562,M,53,Enterprise
2563,M,66,Youth
2564,F,32,Enterprise
2565,M,44,Family
2566,M,52,Premium
2567,F,58,Premium
2568,F,25,Youth
2569,F,20,Premium
2570,F,69,Youth
2571,F,61,Family
2572,M,18,Premium
2573,M,70,Youth
2574,M,60,Premium
2575,M,27,Enterprise
2576,F,19,Premium
2577,F,21,Youth
2578,M,33,Enterprise
2579,F,44,Enterprise
2580,F,58,Youth
2581,M,48,Youth
2582,M,25,Family
2583,F,56,Youth
2584,M,67,Premium
2585,F,59,Family
2586,M,35,Youth
2587,F,62,Youth
2588,F,54,Family
2589,M,55,Enterprise
2590,F,63,Family
2591,M,67,Youth
2592,M,38,Family
2593,F,56,Premium
2594,M,25,Family
2595,F,65,Youth
2596,F,44,Family
2597,F,37,Enterprise
2598,F,65,Family
2599,F,69,Enterprise
2600,F,38,Family
2601,M,19,Youth
2602,M,61,Youth
2603,F,21,Youth
2604,F,57,Family
2605,F,29,Family
2606,F,61,Family
2607,M,46,Premium
2608,M,20,Family
2609,M,55,Youth
2610,F,64,Enterprise
2611,F,44,Premium
2612,M,30,Family
2613,M,48,Premium
2614,F,60,Enterprise
2615,F,21,Enterprise
2616,F,42,Enterprise
2617,F,22,Family
2618,F,42,Youth
2619,M,28,Enterprise
2620,F,33,Family
2621,M,23,Premium
2622,F,67,Family
2623,F,26,Enterprise
2624,F,67,Enterprise
2625,M,41,Family
2626,F,64,Family
2627,F,47,Youth
2628,F,18,Enterprise
2629,M,69,Premium
2630,F,64,Premium
2631,M,68,Family
2632,M,45,Youth
2633,M,48,Family
2634,F,69,Premium
2635,F,52,Youth
2636,M,36,Premium
2637,F,59,Youth
2638,M,64,Youth
2639,M,23,Youth
2640,F,19,Premium
2641,F,63,Enterprise
2642,M,64,Family
2643,M,31,Enterprise
2644,F,23,Youth
2645,M,49,Premium
2646,M,54,Premium
2647,M,37,Youth
2648,F,68,Youth
2649,F,69,Premium
2650,F,46,Enterprise
2651,F,40,Premium
2652,F,44,Enterprise
2653,M,38,Youth
2654,F,23,Enterprise
2655,F,52,Premium
2656,M,20,Family
2657,F,31,Family
2658,F,44,Youth
2659,F,53,Premium
2660,F,34,Family
2661,M,47,Youth
2662,F,23,Youth
2663,M,55,Enterprise
2664,M,55,Youth
2665,M,43,Enterprise
2666,F,38,Youth
2667,F,46,Youth
2668,F,45,Enterprise
2669,M,24,Youth
2670,F,21,Premium
2671,M,70,Youth
2672,M,58,Family
2673,M,59,Youth
2674,M,65,Family
2675,M,41,Family
2676,F,33,Enterprise
2677,M,23,Family
2678,M,41,Premium
2679,M,49,Enterprise
2680,M,49,Family
2681,M,69,Family
2682,M,49,Family
2683,M,59,Family
2684,M,26,Enterprise
2685,F,54,Premium
2686,M,66,Family
2687,F,56,Premium
2688,F,18,Premium
2689,F,24,Premium
2690,M,40,Enterprise
2691,M,25,Premium
2692,F,60,Family
2693,M,40,Family
2694,F,30,Premium
2695,M,60,Family
2696,M,29,Premium
2697,M,46,Enterprise
2698,M,21,Family
2699,F,31,Enterprise
2700,M,29,Family
2701,F,34,Youth
2702,M,63,Enterprise
2703,F,36,Youth
2704,M,65,Youth
2705,M,48,Enterprise
2706,M,64,Youth
2707,M,45,Enterprise
2708,M,38,Premium
2709,M,36,Premium
2710,F,34,Family
2711,M,64,Enterprise
2712,F,55,Enterprise
2713,M,26,Premium
2714,F,70,Family
2715,M,59,Premium
2716,F,38,Family
2717,M,58,Family
2718,M,54,Family
2719,M,53,Family
2720,F,20,Family
2721,F,21,Youth
2722,F,62,Enterprise
2723,F,35,Enterprise
2724,M,41,Family
2725,F,26,Enterprise
2726,M,28,Youth
2727,M,33,Premium
2728,M,36,Enterprise
2729,F,36,Youth
2730,F,48,Family
2731,F,64,Family
2732,M,24,Family
2733,F,46,Family
2734,M,23,Family
2735,F,40,Enterprise
2736,M,35,Family
2737,M,59,Family
2738,M,18,Enterprise
2739,F,53,Premium
2740,M,37,Premium
2741,M,20,Family
2742,M,21,Youth
2743,F,51,Youth
2744,M,66,Enterprise
2745,F,46,Youth
2746,F,26,Family
2747,F,27,Premium
2748,M,63,Enterprise
2749,M,48,Enterprise
2750,M,38,Family
2751,F,38,Enterprise
2752,M,67,Premium
2753,F,68,Youth
2754,M,59,Youth
2755,M,62,Youth
2756,M,47,Family
2757,F,70,Enterprise
2758,M,22,Premium
2759,F,70,Premium
2760,F,49,Family
2761,M,55,Family
2762,M,45,Family
2763,F,53,Youth
2764,M,70,Youth
2765,M,49,Enterprise
2766,M,33,Youth
2767,M,28,Enterprise
2768,M,29,Premium
2769,M,21,Youth
2770,F,57,Premium
2771,F,37,Family
2772,M,62,Premium
2773,M,35,Family
2774,M,69,Premium
2775,M,59,Premium
2776,M,62,Youth
2777,M,51,Family
2778,M,48,Premium
2779,F,29,Premium
2780,M,49,Premium
2781,M,59,Family
2782,F,23,Enterprise
2783,M,62,Premium
2784,F,58,Youth
2785,M,42,Enterprise
2786,F,69,Family
2787,F,42,Youth
2788,F,20,Enterprise
2789,M,69,Enterprise
2790,M,30,Family
2791,M,44,Premium
2792,F,56,Premium
2793,F,66,Premium
2794,M,51,Enterprise
2795,M,27,Family
2796,F,33,Youth
2797,F,51,Premium
2798,M,30,Premium
2799,F,47,Enterprise
2800,M,51,Youth
2801,M,38,Enterprise
2802,F,46,Family
2803,F,68,Premium
2804,F,54,Youth
2805,M,18,Premium
2806,F,28,Family
2807,F,27,Enterprise
2808,M,19,Premium
2809,M,56,Premium
2810,M,32,Family
2811,F,21,Family
2812,M,44,Premium
2813,F,50,Premium
2814,F,58,Enterprise
2815,F,21,Premium
2816,F,39,Family
2817,F,45,Family
2818,F,45,Premium
2819,M,20,Family
2820,M,69,Youth
2821,F,33,Enterprise
2822,M,24,Premium
2823,F,40,Enterprise
2824,F,51,Youth
2825,M,66,Premium
2826,M,50,Youth
2827,F,19,Youth
2828,F,25,Premium
2829,F,24,Enterprise
2830,M,18,Youth
2831,F,52,Youth
2832,F,48,Youth
2833,F,28,Family
2834,F,35,Youth
2835,M,21,Family
2836,F,34,Family
2837,M,69,Family
2838,M,34,Enterprise
2839,F,56,Family
2840,F,35,Enterprise
2841,M,38,Youth
2842,F,69,Enterprise
2843,M,30,Premium
2844,M,47,Enterprise
2845,F,50,Youth
2846,F,20,Family
2847,F,41,Youth
2848,F,57,Enterprise
2849,M,37,Enterprise
2850,M,35,Family
2851,F,43,Youth
2852,F,39,Youth
2853,M,49,Family
2854,M,36,Youth
2855,M,50,Family
2856,M,59,Premium
2857,M,23,Family
2858,M,37,Family
2859,F,52,Premium
2860,M,47,Youth
2861,F,41,Youth
2862,M,58,Family
2863,F,25,Enterprise
2864,M,33,Premium
2865,F,25,Enterprise
2866,F,57,Enterprise
2867,M,38,Enterprise
2868,F,67,Enterprise
2869,F,41,Youth
2870,M,19,Premium
2871,M,34,Enterprise
2872,F,60,Enterprise
2873,M,36,Family
2874,M,28,Youth
2875,M,49,Youth
2876,F,45,Enterprise
2877,F,52,Family
2878,M,39,Family
2879,F,33,Youth
2880,F,50,Family
2881,M,60,Premium
2882,M,68,Youth
2883,F,42,Enterprise
2884,F,20,Youth
2885,F,43,Family
2886,F,31,Premium
2887,M,47,Youth
2888,M,69,Youth
2889,F,52,Premium
2890,F,27,Premium
2891,M,19,Premium
2892,M,49,Premium
2893,M,70,Youth
2894,M,39,Enterprise
2895,F,35,Enterprise
2896,F,28,Family
2897,M,64,Premium
2898,M,23,Family
2899,M,64,Family
2900,F,46,Family
2901,M,45,Family
2902,F,38,Family
2903,M,19,Premium
2904,F,69,Enterprise
2905,F,31,Family
2906,M,69,Family
2907,M,62,Enterprise
2908,M,70,Enterprise
2909,M,53,Youth
2910,F,55,Enterprise
2911,M,37,Premium
2912,F,52,Youth
2913,F,51,Family
2914,M,64,Premium
2915,F,64,Youth
2916,F,18,Youth
2917,F,48,Premium
2918,M,25,Premium
2919,M,38,Enterprise
2920,M,57,Enterprise
2921,F,50,Premium
2922,M,46,Enterprise
2923,F,63,Enterprise
2924,F,70,Family
2925,F,43,Family
2926,F,52,Family
2927,F,41,Youth
2928,F,23,Enterprise
2929,M,54,Enterprise
2930,F,53,Enterprise
2931,M,66,Youth
2932,M,22,Family
2933,M,51,Family
2934,F,34,Premium
2935,F,51,Youth
2936,M,46,Youth
2937,M,34,Enterprise
2938,F,26,Premium
2939,F,62,Family
2940,M,21,Enterprise
2941,F,30,Enterprise
2942,F,66,Enterprise
2943,F,53,Premium
2944,F,34,Premium
2945,F,31,Premium
2946,F,32,Youth
2947,M,49,Youth
2948,F,40,Premium
2949,F,27,Youth
2950,M,30,Enterprise
2951,M,36,Premium
2952,M,60,Family
2953,F,58,Enterprise
2954,F,29,Premium
2955,F,39,Youth
2956,M,49,Premium
2957,M,44,Family
2958,M,67,Enterprise
2959,F,49,Family
2960,M,43,Premium
2961,F,35,Youth
2962,M,22,Family
2963,F,49,Family
2964,M,52,Family
2965,M,62,Enterprise
2966,M,69,Family
2967,M,45,Premium
2968,M,18,Premium
2969,M,24,Enterprise
2970,M,32,Premium
2971,M,36,Enterprise
2972,M,45,Premium
2973,M,43,Premium
2974,M,39,Premium
2975,F,18,Enterprise
2976,F,30,Enterprise
2977,F,61,Youth
2978,F,56,Youth
2979,M,25,Youth
2980,M,29,Enterprise
2981,F,31,Family
2982,F,31,Youth
2983,F,58,Youth
2984,F,45,Family
2985,F,69,Youth
2986,F,28,Enterprise
2987,F,53,Family
2988,F,18,Premium
2989,M,20,Youth
2990,F,62,Premium
2991,F,34,Premium
2992,F,59,Family
2993,M,40,Family
2994,F,51,Youth
2995,M,26,Youth
2996,F,32,Youth
2997,M,58,Family
2998,F,34,Youth
2999,F,39,Youth
3000,F,39,Youth
3001,M,29,Premium
3002,M,63,Family
3003,M,30,Premium
3004,F,51,Premium
3005,M,70,Premium
3006,M,36,Premium
3007,M,68,Family
3008,F,46,Premium
3009,F,62,Youth
3010,M,52,Premium
3011,F,42,Enterprise
3012,M,51,Youth
3013,M,22,Family
3014,M,31,Enterprise
3015,M,51,Family
3016,F,30,Enterprise
3017,F,57,Enterprise
3018,F,62,Youth
3019,F,64,Youth
3020,F,46,Enterprise
3021,F,42,Family
3022,F,18,Family
3023,F,24,Enterprise
3024,F,46,Family
3025,M,44,Premium
3026,M,29,Family
3027,F,59,Youth
3028,F,39,Youth
3029,M,24,Youth
3030,M,21,Enterprise
3031,M,69,Family
3032,M,55,Premium
3033,F,20,Enterprise
3034,F,40,Family
3035,M,36,Enterprise
3036,M,61,Youth
3037,M,26,Youth
3038,M,60,Premium
3039,M,23,Youth
3040,F,29,Enterprise
3041,F,42,Premium
3042,M,20,Youth
3043,F,53,Youth
3044,M,64,Premium
3045,F,26,Premium
3046,M,44,Family
3047,M,21,Youth
3048,F,48,Family
3049,M,55,Premium
3050,F,69,Premium
3051,F,31,Enterprise
3052,F,25,Enterprise
3053,M,66,Enterprise
3054,M,68,Premium
3055,M,66,Premium
3056,F,58,Premium
3057,F,56,Family
3058,M,39,Premium
3059,F,22,Youth
3060,F,29,Premium
3061,M,39,Youth
3062,M,56,Enterprise
3063,M,61,Enterprise
3064,M,49,Enterprise
3065,F,68,Enterprise
3066,F,36,Family
3067,M,19,Enterprise
3068,F,63,Youth
3069,F,42,Premium
3070,M,30,Family
3071,F,60,Enterprise
3072,M,30,Premium
3073,F,66,Enterprise
3074,F,67,Premium
3075,F,18,Family
3076,M,69,Premium
3077,F,61,Premium
3078,F,52,Youth
3079,F,40,Enterprise
3080,F,21,Premium
3081,M,43,Youth
3082,F,30,Enterprise
3083,F,19,Premium
3084,F,29,Enterprise
3085,M,54,Enterprise
3086,F,64,Premium
3087,M,68,Premium
3088,M,24,Premium
3089,F,32,Enterprise
3090,M,19,Premium
3091,F,35,Enterprise
3092,M,19,Premium
3093,M,30,Youth
3094,F,41,Family
3095,F,61,Premium
3096,F,36,Family
3097,F,67,Youth
3098,M,38,Premium
3099,M,25,Premium
3100,F,58,Premium
3101,M,27,Family
3102,M,56,Youth
3103,F,29,Youth
3104,F,52,Family
3105,M,64,Premium
3106,F,39,Premium
3107,M,41,Enterprise
3108,M,29,Enterprise
3109,F,44,Premium
3110,M,65,Premium
3111,M,30,Family
3112,F,48,Youth
3113,F,39,Youth
3114,M,36,Youth
3115,M,70,Premium
3116,M,69,Family
3117,F,43,Family
3118,M,35,Enterprise
3119,M,67,Youth
3120,M,70,Family
3121,M,69,Enterprise
3122,M,48,Family
3123,F,46,Premium
3124,M,69,Enterprise
3125,F,23,Youth
3126,F,41,Enterprise
3127,F,68,Premium
3128,F,68,Youth
3129,M,27,Premium
3130,M,56,Youth
3131,F,42,Enterprise
3132,F,56,Family
3133,M,34,Youth
3134,F,36,Youth
3135,F,53,Youth
3136,F,18,Premium
3137,F,32,Enterprise
3138,F,58,Youth
3139,M,61,Enterprise
3140,M,51,Family
3141,M,46,Enterprise
3142,F,33,Family
3143,F,28,Family
3144,F,24,Youth
3145,M,29,Family
3146,M,45,Youth
3147,M,59,Premium
3148,M,38,Youth
3149,M,65,Youth
3150,M,39,Enterprise
3151,F,33,Premium
3152,F,60,Family
3153,M,68,Premium
3154,F,68,Youth
3155,F,39,Youth
3156,M,46,Premium
3157,M,46,Family
3158,M,23,Youth
3159,F,19,Enterprise
3160,M,64,Family
3161,M,69,Enterprise
3162,F,43,Youth
3163,M,22,Enterprise
3164,F,53,Youth
3165,F,19,Family
3166,F,48,Family
3167,F,34,Family
3168,M,41,Family
3169,F,65,Premium
3170,F,45,Youth
3171,M,50,Youth
3172,M,69,Enterprise
3173,M,38,Family
3174,F,29,Youth
3175,M,48,Youth
3176,M,66,Enterprise
3177,M,44,Family
3178,F,31,Youth
3179,M,18,Youth
3180,F,24,Family
3181,M,46,Family
3182,M,38,Family
3183,M,48,Premium
3184,M,22,Enterprise
3185,F,55,Enterprise
3186,F,18,Enterprise
3187,M,21,Youth
3188,M,51,Premium
3189,M,33,Youth
3190,F,31,Premium
3191,F,54,Youth
3192,F,50,Enterprise
3193,F,68,Premium
3194,M,29,Premium
3195,M,22,Youth
3196,M,53,Youth
3197,F,23,Youth
3198,M,56,Family
3199,M,61,Enterprise
3200,M,27,Premium
3201,M,56,Enterprise
3202,M,21,Premium
3203,F,59,Youth
3204,F,59,Youth
3205,F,66,Enterprise
3206,M,26,Family
3207,F,39,Youth
3208,M,27,Family
3209,F,23,Family
3210,M,55,Family
3211,M,58,Enterprise
3212,M,53,Enterprise
3213,M,41,Youth
3214,F,34,Youth
3215,M,49,Family
3216,F,67,Premium
3217,F,39,Enterprise
3218,M,66,Premium
3219,M,32,Enterprise
3220,M,42,Premium
3221,M,35,Family
3222,M,62,Youth
3223,F,25,Family
3224,M,36,Premium
3225,F,32,Enterprise
3226,F,68,Family
3227,F,35,Youth
3228,M,64,Family
3229,M,46,Youth
3230,F,43,Premium
3231,F,19,Youth
3232,F,54,Youth
3233,M,56,Premium
3234,M,66,Premium
3235,F,52,Premium
3236,F,59,Premium
3237,F,46,Family
3238,M,26,Enterprise
3239,F,21,Youth
3240,M,66,Premium
3241,M,69,Premium
3242,M,19,Family
3243,F,36,Youth
3244,F,56,Premium
3245,F,60,Family
3246,F,65,Family
3247,M,55,Enterprise
3248,F,29,Family
3249,M,49,Family
3250,F,21,Youth
3251,F,44,Enterprise
3252,M,30,Family
3253,F,54,Youth
3254,F,58,Youth
3255,F,63,Enterprise
3256,M,51,Youth
3257,M,29,Youth
3258,F,70,Youth
3259,M,58,Enterprise
3260,F,52,Premium
3261,F,67,Premium
3262,M,60,Enterprise
3263,F,67,Enterprise
3264,M,63,Family
3265,F,45,Enterprise
3266,F,66,Family
3267,F,20,Enterprise
3268,F,54,Family
3269,F,45,Enterprise
3270,F,50,Premium
3271,M,50,Premium
3272,F,20,Family
3273,F,36,Enterprise
3274,M,46,Family
3275,M,34,Youth
3276,M,32,Premium
3277,M,33,Premium
3278,F,66,Premium
3279,M,40,Youth
3280,F,58,Youth
3281,M,61,Premium
3282,F,49,Enterprise
3283,M,18,Enterprise
3284,M,70,Family
3285,F,57,Family
3286,M,29,Youth
3287,F,34,Enterprise
3288,F,33,Premium
3289,F,23,Family
3290,F,24,Family
3291,M,28,Family
3292,F,30,Youth
3293,M,29,Family
3294,F,29,Premium
3295,F,28,Premium
3296,F,61,Family
3297,M,52,Family
3298,M,42,Premium
3299,M,35,Youth
3300,M,68,Premium
3301,M,57,Premium
3302,M,62,Family
3303,M,24,Family
3304,F,65,Premium
3305,F,22,Family
3306,M,52,Enterprise
3307,F,21,Youth
3308,M,68,Premium
3309,M,29,Youth
3310,M,18,Family
3311,F,64,Premium
3312,M,33,Family
3313,F,68,Premium
3314,M,40,Youth
3315,M,24,Enterprise
3316,F,45,Premium
3317,M,24,Premium
3318,M,27,Enterprise
3319,M,36,Youth
3320,M,60,Youth
3321,M,38,Premium
3322,M,33,Youth
3323,F,69,Premium
3324,F,48,Youth
3325,F,54,Enterprise
3326,M,36,Enterprise
3327,M,37,Enterprise
3328,M,23,Premium
3329,M,43,Family
3330,M,18,Family
3331,M,49,Premium
3332,F,55,Enterprise
3333,F,29,Enterprise
3334,F,47,Enterprise
3335,F,58,Youth
3336,F,53,Family
3337,M,24,Premium
3338,F,47,Premium
3339,M,31,Enterprise
3340,F,54,Premium
3341,F,47,Enterprise
3342,F,24,Youth
3343,M,36,Family
3344,M,21,Youth
3345,M,22,Premium
3346,F,59,Premium
3347,F,59,Premium
3348,F,50,Family
3349,F,23,Enterprise
3350,M,51,Family
3351,M,53,Enterprise
3352,M,62,Youth
3353,M,47,Enterprise
3354,F,67,Youth
3355,M,30,Family
3356,F,37,Premium
3357,F,53,Enterprise
3358,M,19,Premium
3359,F,42,Family
3360,M,45,Enterprise
3361,M,39,Enterprise
3362,F,51,Enterprise
3363,M,27,Youth
3364,M,52,Family
3365,M,43,Family
3366,M,53,Youth
3367,M,32,Youth
3368,F,63,Family
3369,M,46,Premium
3370,M,36,Enterprise
3371,F,52,Youth
3372,F,70,Youth
3373,M,27,Premium
3374,M,23,Youth
3375,F,30,Family
3376,M,45,Premium
3377,M,23,Youth
3378,F,55,Youth
3379,M,70,Enterprise
3380,M,65,Family
3381,F,33,Family
3382,F,49,Enterprise
3383,F,22,Enterprise
3384,M,42,Premium
3385,M,45,Enterprise
3386,M,26,Premium
3387,F,18,Premium
3388,M,47,Family
3389,F,42,Premium
3390,M,52,Enterprise
3391,M,27,Enterprise
3392,M,26,Family
3393,M,21,Youth
3394,F,61,Premium
3395,M,23,Enterprise
3396,M,35,Enterprise
3397,F,58,Premium
3398,F,39,Premium
3399,M,19,Premium
3400,M,64,Premium
3401,M,34,Enterprise
3402,M,49,Premium
3403,F,47,Enterprise
3404,F,41,Enterprise
3405,M,22,Enterprise
3406,F,38,Premium
3407,M,18,Premium
3408,F,23,Enterprise
3409,M,31,Enterprise
3410,M,46,Premium
3411,M,60,Youth
3412,F,58,Enterprise
3413,M,23,Premium
3414,M,45,Enterprise
3415,M,34,Premium
3416,M,50,Enterprise
3417,F,60,Youth
3418,F,64,Family
3419,M,45,Premium
3420,M,19,Premium
3421,F,23,Family
3422,M,43,Enterprise
3423,F,27,Family
3424,M,59,Premium
3425,M,50,Family
3426,F,39,Premium
3427,M,49,Enterprise
3428,F,47,Premium
3429,F,41,Enterprise
3430,M,54,Premium
3431,F,55,Family
3432,M,29,Premium
3433,M,35,Enterprise
3434,M,40,Family
3435,F,54,Premium
3436,F,19,Family
3437,F,47,Youth
3438,F,50,Youth
3439,F,66,Youth
3440,M,56,Premium
3441,M,31,Youth
3442,F,52,Premium
3443,F,27,Family
3444,M,58,Enterprise
3445,M,21,Premium
3446,F,23,Enterprise
3447,M,28,Premium
3448,F,32,Enterprise
3449,F,68,Enterprise
3450,M,70,Youth
3451,F,34,Youth
3452,M,59,Enterprise
3453,M,20,Family
3454,F,59,Enterprise
3455,F,68,Enterprise
3456,F,18,Enterprise
3457,F,37,Family
3458,M,64,Family
3459,F,42,Family
3460,M,68,Enterprise
3461,F,24,Family
3462,F,38,Family
3463,M,65,Enterprise
3464,M,23,Youth
3465,F,41,Enterprise
3466,F,29,Family
3467,F,35,Enterprise
3468,M,68,Enterprise
3469,M,36,Enterprise
3470,M,57,Youth
3471,F,44,Enterprise
3472,M,65,Enterprise
3473,M,24,Enterprise
3474,F,38,Family
3475,M,42,Enterprise
3476,M,56,Enterprise
3477,M,55,Premium
3478,M,32,Family
3479,M,64,Youth
3480,M,27,Youth
3481,F,64,Family
3482,M,35,Family
3483,F,63,Family
3484,M,56,Premium
3485,M,26,Youth
3486,M,32,Enterprise
3487,M,53,Enterprise
3488,M,58,Youth
3489,M,30,Family
3490,M,30,Premium
3491,M,52,Family
3492,M,49,Family
3493,M,31,Youth
3494,F,55,Premium
3495,M,70,Premium
3496,F,29,Enterprise
3497,M,48,Enterprise
3498,F,38,Family
3499,M,69,Family
3500,M,23,Enterprise
3501,F,33,Youth
3502,F,46,Youth
3503,M,53,Family
3504,M,69,Premium
3505,F,41,Youth
3506,M,70,Enterprise
3507,F,67,Youth
3508,F,20,Family
3509,M,45,Premium
3510,F,29,Enterprise
3511,F,49,Premium
3512,M,63,Enterprise
3513,M,33,Premium
3514,F,47,Enterprise
3515,M,32,Family
3516,M,41,Premium
3517,F,50,Enterprise
3518,M,40,Premium
3519,F,19,Enterprise
3520,F,60,Family
3521,F,25,Youth
3522,F,38,Family
3523,M,28,Family
3524,M,61,Enterprise
3525,M,53,Family
3526,F,39,Youth
3527,M,42,Family
3528,F,32,Family
3529,F,35,Enterprise
3530,F,46,Youth
3531,F,67,Family
3532,F,69,Youth
3533,F,50,Youth
3534,M,49,Youth
3535,M,40,Family
3536,M,36,Enterprise
3537,M,48,Premium
3538,F,63,Youth
3539,F,57,Family
3540,F,46,Family
3541,M,18,Enterprise
3542,F,32,Enterprise
3543,M,51,Premium
3544,M,64,Enterprise
3545,F,28,Youth
3546,F,44,Youth
3547,M,50,Enterprise
3548,M,36,Family
3549,F,64,Premium
3550,M,37,Youth
3551,M,60,Enterprise
3552,F,41,Enterprise
3553,M,54,Premium
3554,M,23,Enterprise
3555,M,55,Youth
3556,M,67,Family
3557,M,38,Premium
3558,F,27,Enterprise
3559,M,24,Premium
3560,F,35,Family
3561,M,32,Premium
3562,M,37,Youth
3563,F,28,Family
3564,M,52,Premium
3565,M,19,Premium
3566,M,64,Family
3567,M,26,Premium
3568,M,34,Family
3569,F,31,Enterprise
3570,F,62,Youth
3571,F,52,Family
3572,M,43,Family
3573,M,52,Enterprise
3574,M,56,Family
3575,F,62,Family
3576,F,65,Family
3577,M,59,Youth
3578,F,59,Family
3579,F,61,Premium
3580,M,35,Premium
3581,M,36,Enterprise
3582,F,60,Youth
3583,F,25,Youth
3584,M,20,Youth
3585,M,36,Premium
3586,M,53,Youth
3587,F,41,Premium
3588,F,37,Premium
3589,M,28,Enterprise
3590,F,39,Premium
3591,M,65,Youth
3592,M,67,Youth
3593,M,43,Enterprise
3594,F,68,Enterprise
3595,F,55,Youth
3596,M,49,Family
3597,M,54,Premium
3598,M,32,Family
3599,F,45,Family
3600,M,22,Family
3601,M,48,Enterprise
3602,F,60,Youth
3603,M,20,Premium
3604,M,32,Youth
3605,M,19,Youth
3606,M,49,Family
3607,M,46,Youth
3608,M,37,Enterprise
3609,F,41,Enterprise
3610,F,57,Youth
3611,F,70,Premium
3612,M,66,Enterprise
3613,M,66,Family
3614,M,50,Enterprise
3615,F,21,Family
3616,M,61,Youth
3617,M,37,Premium
3618,F,32,Family
3619,M,48,Youth
3620,M,24,Youth
3621,M,32,Enterprise
3622,M,44,Youth
3623,F,34,Premium
3624,F,56,Enterprise
3625,M,25,Premium
3626,F,41,Family
3627,M,35,Premium
3628,M,54,Youth
3629,F,39,Enterprise
3630,F,39,Family
3631,M,48,Enterprise
3632,F,32,Youth
3633,M,69,Youth
3634,M,47,Enterprise
3635,M,24,Premium
3636,F,69,Family
3637,F,19,Family
3638,F,20,Family
3639,F,48,Enterprise
3640,M,46,Family
3641,F,57,Youth
3642,M,37,Enterprise
3643,M,30,Premium
3644,F,50,Family
3645,F,60,Premium
3646,M,49,Youth
3647,F,51,Enterprise
3648,F,18,Premium
3649,M,44,Premium
3650,M,30,Premium
3651,M,33,Enterprise
3652,F,57,Premium
3653,M,67,Youth
3654,M,54,Youth
3655,M,41,Youth
3656,M,64,Enterprise
3657,F,24,Premium
3658,M,54,Enterprise
3659,M,20,Youth
3660,M,59,Family
3661,M,24,Family
3662,M,55,Premium
3663,M,33,Youth
3664,M,34,Enterprise
3665,M,53,Enterprise
3666,M,57,Premium
3667,F,64,Youth
3668,M,62,Enterprise
3669,F,65,Family
3670,M,60,Enterprise
3671,M,40,Premium
3672,F,55,Premium
3673,M,52,Youth
3674,F,39,Enterprise
3675,F,26,Family
3676,M,27,Youth
3677,F,66,Youth
3678,M,54,Enterprise
3679,F,62,Premium
3680,M,70,Family
3681,F,63,Premium
3682,F,33,Enterprise
3683,F,40,Family
3684,F,23,Family
3685,F,61,Family
3686,F,19,Enterprise
3687,M,65,Youth
3688,M,29,Youth
3689,F,36,Family
3690,F,61,Premium
3691,M,57,Enterprise
3692,M,28,Enterprise
3693,F,61,Enterprise
3694,M,44,Youth
3695,F,18,Enterprise
3696,M,50,Enterprise
3697,M,31,Premium
3698,F,60,Family
3699,M,69,Youth
3700,M,34,Youth
3701,F,48,Family
3702,F,56,Family
3703,F,35,Premium
3704,F,40,Enterprise
3705,M,39,Family
3706,F,28,Family
3707,M,21,Premium
3708,F,43,Family
3709,F,45,Enterprise
3710,M,42,Enterprise
3711,F,51,Family
3712,F,44,Family
3713,F,65,Enterprise
3714,M,41,Family
3715,F,61,Enterprise
3716,M,53,Enterprise
3717,F,23,Premium
3718,F,24,Youth
3719,M,51,Youth
3720,M,52,Family
3721,M,64,Family
3722,F,62,Youth
3723,M,53,Family
3724,F,39,Family
3725,F,44,Family
3726,M,36,Enterprise
3727,F,62,Youth
3728,F,64,Premium
3729,F,62,Premium
3730,M,30,Family
3731,F,34,Premium
3732,M,70,Youth
3733,M,20,Premium
3734,M,45,Family
3735,M,60,Enterprise
3736,M,58,Family
3737,F,62,Enterprise
3738,F,68,Youth
3739,M,59,Premium
3740,M,52,Premium
3741,M,68,Enterprise
3742,F,21,Premium
3743,M,60,Premium
3744,F,46,Youth
3745,M,38,Premium
3746,F,60,Premium
3747,F,48,Premium
3748,F,27,Youth
3749,M,38,Youth
3750,F,41,Family
3751,F,43,Youth
3752,F,63,Family
3753,M,67,Premium
3754,M,67,Family
3755,F,56,Youth
3756,F,45,Youth
3757,F,58,Family
3758,F,38,Enterprise
3759,M,35,Youth
3760,F,31,Family
3761,M,58,Family
3762,M,19,Youth
3763,F,42,Enterprise
3764,F,67,Youth
3765,F,32,Family
3766,F,30,Family
3767,M,50,Youth
3768,M,21,Premium
3769,F,32,Family
3770,M,67,Premium
3771,M,40,Enterprise
3772,M,37,Youth
3773,F,37,Family
3774,M,25,Youth
3775,M,33,Enterprise
3776,M,39,Enterprise
3777,M,41,Enterprise
3778,F,68,Youth
3779,F,44,Family
3780,M,29,Premium
3781,M,23,Enterprise
3782,M,42,Premium
3783,F,65,Youth
3784,F,45,Enterprise
3785,M,58,Enterprise
3786,F,60,Family
3787,F,64,Youth
3788,F,69,Family
3789,M,28,Family
3790,F,70,Enterprise
3791,F,64,Enterprise
3792,F,27,Premium
3793,M,37,Enterprise
3794,M,56,Family
3795,F,66,Youth
3796,M,54,Family
3797,M,40,Enterprise
3798,M,54,Premium
3799,M,65,Youth
3800,M,25,Premium
3801,F,44,Family
3802,F,57,Premium
3803,M,36,Enterprise
3804,F,66,Enterprise
3805,M,20,Family
3806,F,43,Family
3807,F,37,Premium
3808,M,24,Premium
3809,M,51,Premium
3810,F,21,Premium
3811,F,38,Youth
3812,M,64,Youth
3813,M,35,Family
3814,F,60,Premium
3815,M,37,Enterprise
3816,F,55,Youth
3817,F,68,Youth
3818,M,57,Family
3819,M,46,Premium
3820,M,38,Youth
3821,M,19,Premium
3822,F,45,Family
3823,M,45,Enterprise
3824,M,67,Premium
3825,M,46,Enterprise
3826,M,44,Premium
3827,M,68,Premium
3828,M,29,Family
3829,M,47,Youth
3830,M,64,Family
3831,F,21,Premium
3832,M,60,Enterprise
3833,M,34,Family
3834,F,33,Premium
3835,M,58,Premium
3836,F,60,Premium
3837,M,55,Youth
3838,F,55,Family
3839,F,52,Youth
3840,M,59,Youth
3841,F,46,Premium
3842,F,19,Premium
3843,M,53,Youth
3844,M,45,Premium
3845,F,68,Enterprise
3846,F,54,Youth
3847,M,63,Premium
3848,M,32,Family
3849,M,44,Youth
3850,M,37,Youth
3851,F,56,Enterprise
3852,M,24,Family
3853,M,32,Enterprise
3854,F,26,Enterprise
3855,F,60,Family
3856,M,35,Enterprise
3857,M,70,Premium
3858,M,22,Premium
3859,M,35,Youth
3860,M,45,Enterprise
3861,M,53,Premium
3862,F,56,Enterprise
3863,M,32,Family
3864,F,25,Family
3865,F,26,Family
3866,F,32,Family
3867,F,42,Youth
3868,F,32,Family
3869,F,56,Enterprise
3870,F,43,Youth
3871,F,30,Youth
3872,M,69,Enterprise
3873,M,27,Youth
3874,F,27,Youth
3875,M,23,Family
3876,M,36,Family
3877,M,33,Family
3878,M,39,Enterprise
3879,F,43,Youth
3880,F,36,Premium
3881,M,68,Family
3882,M,53,Premium
3883,M,62,Family
3884,M,65,Family
3885,M,69,Enterprise
3886,F,58,Premium
3887,M,33,Youth
3888,M,31,Enterprise
3889,M,46,Premium
3890,F,33,Family
3891,F,32,Family
3892,M,51,Premium
3893,M,35,Family
3894,M,35,Family
3895,M,51,Family
3896,F,64,Premium
3897,F,54,Enterprise
3898,F,38,Family
3899,M,57,Family
3900,M,42,Premium
3901,M,65,Family
3902,F,44,Youth
3903,F,32,Enterprise
3904,F,53,Youth
3905,M,57,Enterprise
3906,M,21,Premium
3907,F,56,Youth
3908,M,70,Family
3909,M,58,Premium
3910,F,57,Premium
3911,F,38,Premium
3912,F,47,Premium
3913,F,20,Family
3914,F,34,Enterprise
3915,M,52,Premium
3916,F,70,Premium
3917,M,60,Family
3918,F,66,Premium
3919,F,19,Enterprise
3920,F,44,Youth
3921,M,27,Family
3922,F,29,Enterprise
3923,M,50,Enterprise
3924,F,47,Youth
3925,M,31,Family
3926,F,60,Youth
3927,F,18,Youth
3928,F,64,Youth
3929,M,54,Youth
3930,M,51,Family
3931,M,54,Enterprise
3932,M,31,Family
3933,F,26,Family
3934,M,52,Premium
3935,F,27,Enterprise
3936,M,36,Youth
3937,M,42,Premium
3938,F,60,Youth
3939,M,21,Enterprise
3940,F,22,Family
3941,F,25,Enterprise
3942,F,33,Enterprise
3943,F,51,Premium
3944,M,41,Family
3945,F,37,Youth
3946,M,67,Youth
3947,M,32,Premium
3948,M,28,Family
3949,F,50,Family
3950,F,64,Family
3951,F,26,Family
3952,M,22,Family
3953,M,55,Enterprise
3954,M,60,Premium
3955,F,58,Premium
3956,M,21,Family
3957,F,37,Premium
3958,M,64,Family
3959,M,53,Family
3960,M,41,Family
3961,F,20,Family
3962,F,26,Family
3963,M,49,Premium
3964,M,42,Premium
3965,M,51,Youth
3966,F,36,Family
3967,M,58,Family
3968,F,38,Premium
3969,F,28,Youth
3970,M,45,Family
3971,M,35,Enterprise
3972,M,30,Enterprise
3973,M,38,Family
3974,M,56,Enterprise
3975,F,67,Youth
3976,M,24,Premium
3977,F,55,Family
3978,M,66,Youth
3979,F,25,Enterprise
3980,M,44,Family
3981,M,27,Youth
3982,M,43,Enterprise
3983,M,69,Youth
3984,M,50,Youth
3985,M,26,Family
3986,M,30,Premium
3987,M,66,Enterprise
3988,F,55,Family
3989,F,44,Family
3990,M,64,Enterprise
3991,F,56,Youth
3992,F,40,Family
3993,F,55,Enterprise
3994,F,34,Enterprise
3995,M,41,Youth
3996,M,20,Enterprise
3997,F,43,Family
3998,M,42,Enterprise
3999,M,20,Youth
4000,M,69,Premium
4001,F,38,Enterprise
4002,F,65,Family
4003,F,33,Premium
4004,M,24,Enterprise
4005,F,53,Family
4006,M,36,Youth
4007,M,46,Enterprise
4008,F,44,Family
4009,M,49,Youth
4010,F,46,Family
4011,F,57,Premium
4012,F,43,Youth
4013,M,59,Enterprise
4014,F,43,Family
4015,F,59,Family
4016,M,53,Premium
4017,F,61,Family
4018,F,48,Youth
4019,F,40,Family
4020,M,38,Premium
4021,F,24,Youth
4022,M,65,Enterprise
4023,F,57,Enterprise
4024,M,34,Enterprise
4025,F,54,Youth
4026,F,66,Enterprise
4027,F,18,Family
4028,M,65,Youth
4029,M,48,Family
4030,M,27,Family
4031,F,64,Enterprise
4032,M,40,Family
4033,F,36,Enterprise
4034,M,33,Premium
4035,F,20,Youth
4036,M,47,Premium
4037,F,39,Family
4038,M,45,Premium
4039,F,66,Enterprise
4040,F,40,Enterprise
4041,M,21,Enterprise
4042,M,69,Family
4043,F,33,Premium
4044,M,49,Premium
4045,M,23,Premium
4046,F,59,Enterprise
4047,M,36,Family
4048,F,50,Premium
4049,M,26,Youth
4050,M,37,Family
4051,F,43,Youth
4052,M,54,Premium
4053,M,55,Premium
4054,M,38,Enterprise
4055,M,43,Premium
4056,M,39,Family
4057,M,36,Premium
4058,M,43,Youth
4059,F,56,Enterprise
4060,M,44,Family
4061,M,64,Enterprise
4062,M,63,Family
4063,M,55,Youth
4064,M,68,Family
4065,M,66,Youth
4066,M,57,Premium
4067,F,56,Youth
4068,M,35,Youth
4069,F,52,Youth
4070,F,58,Family
4071,M,28,Premium
4072,F,67,Family
4073,M,33,Enterprise
4074,F,28,Youth
4075,F,61,Youth
4076,F,19,Youth
4077,M,61,Premium
4078,F,49,Premium
4079,F,37,Youth
4080,F,39,Premium
4081,M,40,Premium
4082,M,20,Family
4083,F,40,Premium
4084,F,60,Enterprise
4085,F,38,Premium
4086,F,65,Family
4087,F,69,Premium
4088,F,25,Youth
4089,F,57,Youth
4090,M,42,Youth
4091,F,51,Family
4092,M,57,Youth
4093,F,62,Enterprise
4094,F,48,Family
4095,F,20,Premium
4096,F,44,Youth
4097,M,39,Youth
4098,F,24,Enterprise
4099,F,46,Enterprise
4100,F,34,Family
4101,M,28,Family
4102,F,57,Enterprise
4103,F,39,Family
4104,F,42,Youth
4105,F,37,Premium
4106,F,30,Enterprise
4107,M,40,Premium
4108,F,22,Youth
4109,M,29,Premium
4110,F,31,Premium
4111,F,44,Family
4112,M,50,Youth
4113,M,48,Family
4114,M,33,Premium
4115,F,31,Premium
4116,F,33,Premium
4117,M,55,Enterprise
4118,F,41,Premium
4119,F,35,Enterprise
4120,M,52,Family
4121,F,46,Family
4122,F,68,Premium
4123,M,21,Premium
4124,F,58,Family
4125,F,56,Youth
4126,M,69,Enterprise
4127,M,46,Youth
4128,F,55,Enterprise
4129,F,30,Youth
4130,M,49,Premium
4131,F,32,Premium
4132,F,47,Youth
4133,M,42,Premium
4134,F,68,Youth
4135,M,34,Enterprise
4136,F,18,Premium
4137,F,30,Family
4138,M,52,Premium
4139,F,46,Family
4140,M,39,Enterprise
4141,M,63,Youth
4142,F,40,Youth
4143,F,21,Youth
4144,M,44,Family
4145,M,42,Enterprise
4146,F,26,Enterprise
4147,M,20,Family
4148,M,69,Premium
4149,M,19,Premium
4150,F,28,Youth
4151,M,30,Enterprise
4152,M,67,Family
4153,F,36,Family
4154,F,44,Enterprise
4155,F,21,Family
4156,M,34,Family
4157,F,35,Enterprise
4158,F,68,Premium
4159,F,57,Family
4160,F,28,Youth
4161,F,66,Premium
4162,M,24,Premium
4163,M,62,Enterprise
4164,F,59,Premium
4165,F,37,Premium
4166,M,20,Enterprise
4167,M,18,Enterprise
4168,M,32,Premium
4169,F,41,Family
4170,F,52,Youth
4171,F,44,Premium
4172,F,22,Youth
4173,M,34,Youth
4174,M,42,Family
4175,M,70,Family
4176,M,63,Premium
4177,F,38,Enterprise
4178,F,70,Enterprise
4179,F,70,Youth
4180,M,57,Youth
4181,M,48,Family
4182,M,21,Family
4183,F,64,Premium
4184,F,48,Enterprise
4185,F,43,Youth
4186,F,57,Enterprise
4187,F,18,Family
4188,M,46,Enterprise
4189,M,24,Premium
4190,F,18,Enterprise
4191,M,49,Enterprise
4192,F,22,Premium
4193,F,35,Enterprise
4194,F,44,Premium
4195,M,51,Premium
4196,M,56,Enterprise
4197,M,40,Youth
4198,F,44,Enterprise
4199,F,19,Enterprise
4200,F,22,Enterprise
4201,M,42,Youth
4202,F,37,Youth
4203,F,66,Youth
4204,M,57,Youth
4205,M,42,Premium
4206,F,18,Enterprise
4207,F,50,Family
4208,F,20,Enterprise
4209,F,55,Youth
4210,M,37,Premium
4211,F,56,Family
4212,M,60,Premium
4213,M,26,Premium
4214,F,20,Youth
4215,M,51,Youth
4216,F,19,Youth
4217,M,64,Enterprise
4218,F,47,Family
4219,M,67,Premium
4220,M,22,Family
4221,M,43,Youth
4222,F,63,Premium
4223,M,50,Premium
4224,F,34,Family
4225,M,52,Premium
4226,F,61,Enterprise
4227,F,24,Premium
4228,F,67,Youth
4229,F,35,Family
4230,F,38,Enterprise
4231,F,23,Youth
4232,M,19,Enterprise
4233,M,70,Youth
4234,F,28,Youth
4235,M,18,Enterprise
4236,F,35,Premium
4237,F,36,Enterprise
4238,F,59,Family
4239,F,29,Premium
4240,M,68,Family
4241,F,65,Youth
4242,M,52,Premium
4243,F,58,Enterprise
4244,M,54,Enterprise
4245,M,45,Premium
4246,M,65,Enterprise
4247,M,48,Youth
4248,M,48,Youth
4249,M,28,Youth
4250,M,70,Premium
4251,M,33,Family
4252,M,19,Premium
4253,F,63,Family
4254,M,53,Enterprise
4255,F,22,Enterprise
4256,F,50,Youth
4257,F,35,Enterprise
4258,M,45,Family
4259,F,47,Youth
4260,F,54,Family
4261,F,29,Enterprise
4262,F,42,Premium
4263,M,40,Premium
4264,F,43,Youth
4265,M,46,Youth
4266,F,70,Premium
4267,F,23,Family
4268,F,41,Premium
4269,M,47,Youth
4270,F,66,Family
4271,M,21,Youth
4272,M,70,Premium
4273,M,49,Enterprise
4274,M,69,Enterprise
4275,M,61,Enterprise
4276,F,33,Enterprise
4277,F,32,Family
4278,F,27,Enterprise
4279,F,18,Youth
4280,F,41,Premium
4281,M,69,Youth
4282,F,23,Youth
4283,F,48,Family
4284,F,63,Family
4285,F,49,Premium
4286,M,21,Enterprise
4287,M,18,Enterprise
4288,M,66,Youth
4289,M,65,Youth
4290,F,18,Family
4291,F,39,Enterprise
4292,M,25,Enterprise
4293,M,41,Enterprise
4294,M,24,Youth
4295,F,60,Youth
4296,F,56,Enterprise
4297,M,30,Family
4298,F,56,Family
4299,M,49,Enterprise
4300,M,44,Youth
4301,M,69,Family
4302,M,30,Youth
4303,F,56,Premium
4304,F,61,Family
4305,F,35,Enterprise
4306,M,51,Youth
4307,F,48,Family
4308,F,21,Family
4309,F,51,Youth
4310,F,55,Family
4311,F,38,Enterprise
4312,F,54,Enterprise
4313,F,50,Youth
4314,F,30,Family
4315,M,51,Family
4316,F,58,Premium
4317,M,29,Youth
4318,F,43,Youth
4319,M,32,Youth
4320,M,51,Family
4321,F,49,Premium
4322,M,18,Enterprise
4323,F,44,Youth
4324,F,27,Family
4325,M,35,Family
4326,M,50,Premium
4327,M,61,Enterprise
4328,F,42,Family
4329,M,66,Enterprise
4330,M,27,Youth
4331,M,53,Enterprise
4332,F,63,Family
4333,F,31,Premium
4334,M,46,Family
4335,M,29,Youth
4336,F,44,Family
4337,M,67,Family
4338,M,24,Youth
4339,M,25,Family
4340,F,39,Family
4341,F,42,Enterprise
4342,M,40,Family
4343,F,19,Youth
4344,F,67,Premium
4345,F,30,Enterprise
4346,F,33,Premium
4347,F,26,Family
4348,F,45,Enterprise
4349,M,20,Enterprise
4350,M,66,Family
4351,M,61,Premium
4352,F,60,Premium
4353,F,28,Youth
4354,M,46,Family
4355,M,54,Family
4356,M,32,Enterprise
4357,M,32,Enterprise
4358,M,55,Enterprise
4359,M,26,Youth
4360,F,70,Family
4361,F,35,Youth
4362,F,23,Youth
4363,M,46,Premium
4364,M,32,Premium
4365,F,44,Premium
4366,M,34,Family
4367,M,53,Youth
4368,M,70,Youth
4369,F,66,Premium
4370,F,62,Family
4371,M,38,Premium
4372,F,64,Youth
4373,F,40,Premium
4374,F,65,Premium
4375,F,53,Family
4376,M,38,Enterprise
4377,M,59,Family
4378,F,57,Youth
4379,M,54,Enterprise
4380,M,24,Youth
4381,F,56,Family
4382,F,37,Premium
4383,F,48,Premium
4384,F,45,Family
4385,M,49,Premium
4386,M,22,Family
4387,M,40,Family
4388,M,35,Youth
4389,F,62,Premium
4390,F,49,Family
4391,M,69,Enterprise
4392,M,27,Premium
4393,M,54,Youth
4394,M,19,Enterprise
4395,F,33,Youth
4396,M,31,Youth
4397,F,42,Premium
4398,M,58,Premium
4399,F,47,Family
4400,M,21,Premium
4401,M,25,Premium
4402,M,41,Enterprise
4403,F,53,Youth
4404,M,66,Premium
4405,F,59,Enterprise
4406,F,26,Premium
4407,F,68,Family
4408,M,53,Enterprise
4409,F,26,Youth
4410,M,41,Enterprise
4411,F,68,Enterprise
4412,F,55,Premium
4413,M,18,Enterprise
4414,F,35,Enterprise
4415,F,35,Youth
4416,M,35,Premium
4417,F,28,Premium
4418,F,57,Family
4419,M,39,Enterprise
4420,M,57,Youth
4421,F,68,Premium
4422,F,57,Enterprise
4423,F,25,Youth
4424,F,36,Enterprise
4425,M,44,Enterprise
4426,M,19,Premium
4427,M,60,Premium
4428,M,40,Premium
4429,M,65,Enterprise
4430,F,43,Premium
4431,M,30,Premium
4432,M,56,Premium
4433,F,19,Enterprise
4434,M,50,Family
4435,M,24,Youth
4436,M,43,Premium
4437,F,23,Premium
4438,F,30,Enterprise
4439,M,36,Enterprise
4440,M,44,Premium
4441,M,51,Enterprise
4442,F,64,Youth
4443,F,69,Family
4444,F,65,Family
4445,M,38,Premium
4446,F,63,Family
4447,M,20,Premium
4448,M,23,Youth
4449,F,18,Enterprise
4450,M,60,Premium
4451,M,59,Family
4452,M,26,Premium
4453,F,46,Premium
4454,M,46,Youth
4455,M,36,Enterprise
4456,F,18,Enterprise
4457,F,53,Enterprise
4458,M,46,Premium
4459,M,45,Premium
4460,M,49,Youth
4461,F,47,Family
4462,F,22,Premium
4463,M,26,Enterprise
4464,F,32,Youth
4465,M,46,Premium
4466,M,26,Family
4467,F,42,Enterprise
4468,F,31,Youth
4469,F,66,Family
4470,M,26,Enterprise
4471,M,39,Premium
4472,M,61,Enterprise
4473,F,40,Youth
4474,F,48,Enterprise
4475,F,50,Enterprise
4476,M,19,Enterprise
4477,M,49,Premium
4478,M,42,Family
4479,M,68,Youth
4480,M,35,Enterprise
4481,M,56,Premium
4482,M,68,Enterprise
4483,M,53,Youth
4484,F,39,Premium
4485,F,65,Youth
4486,M,49,Youth
4487,M,20,Youth
4488,F,69,Enterprise
4489,F,38,Premium
4490,F,70,Enterprise
4491,M,48,Family
4492,M,41,Youth
4493,F,27,Youth
4494,F,23,Family
4495,M,44,Premium
4496,F,53,Premium
4497,F,49,Youth
4498,F,23,Family
4499,M,22,Enterprise
4500,F,49,Premium
4501,F,37,Enterprise
4502,M,69,Enterprise
4503,F,33,Family
4504,F,65,Youth
4505,M,53,Family
4506,F,44,Enterprise
4507,M,65,Family
4508,M,64,Enterprise
4509,F,65,Youth
4510,F,66,Premium
4511,M,28,Family
4512,M,31,Youth
4513,F,66,Enterprise
4514,M,67,Enterprise
4515,F,59,Enterprise
4516,M,69,Youth
4517,F,66,Family
4518,F,55,Enterprise
4519,F,30,Premium
4520,F,19,Enterprise
4521,F,34,Family
4522,F,60,Family
4523,M,65,Enterprise
4524,F,58,Youth
4525,F,60,Youth
4526,M,53,Family
4527,M,55,Family
4528,M,62,Premium
4529,M,62,Family
4530,F,22,Premium
4531,F,46,Youth
4532,F,20,Youth
4533,M,25,Enterprise
4534,M,36,Youth
4535,M,45,Enterprise
4536,F,67,Youth
4537,M,20,Premium
4538,M,46,Family
4539,F,58,Premium
4540,M,67,Family
4541,F,35,Youth
4542,F,18,Family
4543,M,38,Enterprise
4544,F,50,Family
4545,M,49,Family
4546,F,54,Premium
4547,F,41,Family
4548,F,68,Youth
4549,F,23,Youth
4550,F,27,Youth
4551,F,52,Youth
4552,F,56,Enterprise
4553,F,46,Premium
4554,M,52,Family
4555,M,20,Enterprise
4556,M,54,Enterprise
4557,F,56,Family
4558,F,61,Enterprise
4559,M,44,Youth
4560,F,26,Premium
4561,M,59,Enterprise
4562,M,25,Family
4563,F,56,Family
4564,F,45,Premium
4565,F,41,Youth
4566,M,23,Premium
4567,F,66,Premium
4568,F,55,Enterprise
4569,F,20,Premium
4570,F,23,Premium
4571,M,47,Youth
4572,M,20,Premium
4573,F,52,Enterprise
4574,F,41,Family
4575,M,40,Youth
4576,M,42,Youth
4577,F,22,Enterprise
4578,M,28,Youth
4579,F,60,Enterprise
4580,M,26,Premium
4581,F,60,Premium
4582,M,64,Premium
4583,M,54,Family
4584,F,19,Premium
4585,M,60,Premium
4586,F,58,Premium
4587,F,49,Premium
4588,F,33,Premium
4589,M,49,Youth
4590,F,48,Youth
4591,F,33,Youth
4592,M,69,Enterprise
4593,F,27,Enterprise
4594,M,52,Premium
4595,F,58,Enterprise
4596,F,64,Youth
4597,M,27,Youth
4598,M,39,Enterprise
4599,M,25,Family
4600,F,19,Family
4601,M,69,Premium
4602,F,48,Enterprise
4603,M,20,Youth
4604,F,20,Premium
4605,F,51,Youth
4606,F,23,Premium
4607,M,59,Enterprise
4608,F,21,Premium
4609,M,33,Youth
4610,F,63,Youth
4611,F,56,Youth
4612,F,25,Premium
4613,F,41,Premium
4614,F,41,Family
4615,F,52,Youth
4616,F,53,Enterprise
4617,F,29,Premium
4618,M,51,Premium
4619,F,48,Premium
4620,M,69,Enterprise
4621,M,44,Family
4622,F,35,Premium
4623,F,59,Premium
4624,F,33,Premium
4625,F,40,Premium
4626,F,54,Family
4627,M,45,Enterprise
4628,M,38,Enterprise
4629,F,42,Youth
4630,F,63,Youth
4631,F,68,Enterprise
4632,F,59,Youth
4633,F,27,Enterprise
4634,F,50,Family
4635,F,64,Youth
4636,F,59,Enterprise
4637,F,60,Youth
4638,M,24,Youth
4639,F,51,Youth
4640,M,56,Enterprise
4641,M,59,Enterprise
4642,F,55,Premium
4643,F,65,Premium
4644,F,49,Enterprise
4645,F,28,Premium
4646,F,54,Premium
4647,F,43,Youth
4648,M,49,Youth
4649,M,31,Premium
4650,F,53,Family
4651,M,60,Premium
4652,F,39,Family
4653,F,69,Youth
4654,M,61,Enterprise
4655,M,22,Enterprise
4656,F,50,Enterprise
4657,F,53,Family
4658,F,70,Youth
4659,F,50,Youth
4660,F,31,Enterprise
4661,M,24,Family
4662,M,23,Enterprise
4663,M,40,Premium
4664,F,34,Enterprise
4665,M,66,Enterprise
4666,F,58,Family
4667,M,43,Enterprise
4668,M,22,Family
4669,F,53,Youth
4670,M,19,Youth
4671,F,19,Family
4672,F,51,Premium
4673,F,32,Enterprise
4674,F,53,Youth
4675,M,31,Family
4676,F,70,Youth
4677,F,38,Enterprise
4678,F,56,Youth
4679,F,54,Enterprise
4680,M,41,Youth
4681,M,49,Youth
4682,M,45,Premium
4683,M,57,Premium
4684,F,25,Family
4685,M,37,Enterprise
4686,F,62,Enterprise
4687,F,67,Premium
4688,M,50,Premium
4689,M,31,Premium
4690,F,59,Enterprise
4691,F,59,Premium
4692,F,29,Family
4693,F,50,Enterprise
4694,M,45,Youth
4695,F,55,Youth
4696,M,34,Family
4697,M,43,Family
4698,M,45,Enterprise
4699,F,44,Enterprise
4700,M,59,Premium
4701,M,60,Premium
4702,M,62,Enterprise
4703,M,67,Family
4704,F,42,Enterprise
4705,M,54,Youth
4706,M,21,Premium
4707,F,56,Family
4708,F,41,Premium
4709,F,42,Premium
4710,M,28,Enterprise
4711,M,32,Enterprise
4712,M,66,Family
4713,M,45,Enterprise
4714,F,27,Enterprise
4715,M,30,Family
4716,M,60,Enterprise
4717,M,51,Enterprise
4718,M,34,Family
4719,F,28,Family
4720,M,55,Enterprise
4721,F,70,Family
4722,F,57,Premium
4723,M,45,Premium
4724,F,45,Enterprise
4725,F,56,Enterprise
4726,F,56,Youth
4727,M,40,Enterprise
4728,M,54,Premium
4729,F,29,Enterprise
4730,M,35,Enterprise
4731,F,69,Premium
4732,M,51,Enterprise
4733,F,28,Enterprise
4734,F,67,Premium
4735,F,26,Family
4736,M,49,Enterprise
4737,F,18,Youth
4738,M,60,Family
4739,F,34,Premium
4740,F,44,Family
4741,M,43,Premium
4742,F,50,Family
4743,M,56,Enterprise
4744,F,40,Premium
4745,M,24,Family
4746,M,32,Premium
4747,F,40,Premium
4748,M,56,Enterprise
4749,F,31,Youth
4750,F,55,Premium
4751,M,52,Premium
4752,F,65,Youth
4753,F,22,Enterprise
4754,F,37,Family
4755,M,35,Youth
4756,F,20,Family
4757,M,42,Family
4758,F,22,Premium
4759,F,21,Family
4760,F,42,Family
4761,M,53,Youth
4762,F,69,Family
4763,F,39,Youth
4764,F,21,Premium
4765,F,57,Youth
4766,F,52,Family
4767,M,56,Enterprise
4768,F,27,Premium
4769,M,31,Youth
4770,M,70,Enterprise
4771,M,61,Youth
4772,M,46,Family
4773,F,41,Youth
4774,M,52,Enterprise
4775,M,56,Premium
4776,M,62,Youth
4777,M,47,Youth
4778,F,69,Enterprise
4779,M,32,Family
4780,M,52,Premium
4781,F,53,Enterprise
4782,F,40,Youth
4783,F,64,Premium
4784,F,59,Premium
4785,F,19,Family
4786,F,49,Premium
4787,M,67,Family
4788,F,31,Family
4789,M,52,Youth
4790,M,49,Youth
4791,M,50,Premium
4792,F,39,Youth
4793,M,47,Enterprise
4794,F,61,Youth
4795,M,56,Enterprise
4796,F,56,Premium
4797,M,51,Family
4798,F,37,Premium
4799,F,68,Enterprise
4800,M,18,Youth
4801,F,23,Youth
4802,F,39,Premium
4803,M,64,Enterprise
4804,F,24,Enterprise
4805,M,21,Enterprise
4806,F,67,Enterprise
4807,M,45,Youth
4808,F,24,Family
4809,M,36,Premium
4810,F,38,Enterprise
4811,F,65,Premium
4812,F,67,Enterprise
4813,M,68,Premium
4814,M,68,Youth
4815,F,44,Family
4816,M,61,Youth
4817,F,62,Enterprise
4818,F,34,Family
4819,F,33,Premium
4820,F,62,Family
4821,F,48,Enterprise
4822,F,53,Premium
4823,F,64,Family
4824,M,57,Youth
4825,F,29,Family
4826,M,43,Youth
4827,M,39,Family
4828,M,68,Premium
4829,M,66,Premium
4830,M,41,Family
4831,F,41,Youth
4832,M,27,Premium
4833,M,27,Premium
4834,F,33,Family
4835,M,28,Premium
4836,F,65,Youth
4837,M,37,Enterprise
4838,F,18,Enterprise
4839,F,54,Enterprise
4840,F,70,Youth
4841,F,41,Family
4842,F,55,Youth
4843,M,62,Premium
4844,F,51,Enterprise
4845,F,56,Youth
4846,F,41,Enterprise
4847,M,40,Premium
4848,M,53,Premium
4849,M,63,Enterprise
4850,M,39,Family
4851,M,49,Premium
4852,M,18,Family
4853,M,70,Enterprise
4854,M,31,Family
4855,F,22,Family
4856,F,27,Premium
4857,F,26,Enterprise
4858,F,38,Family
4859,F,41,Premium
4860,F,23,Family
4861,M,20,Family
4862,M,46,Family
4863,F,38,Premium
4864,F,44,Youth
4865,F,41,Youth
4866,F,62,Family
4867,M,61,Family
4868,F,19,Family
4869,F,48,Family
4870,F,44,Enterprise
4871,M,20,Enterprise
4872,M,36,Family
4873,F,24,Premium
4874,M,49,Youth
4875,M,61,Enterprise
4876,M,46,Enterprise
4877,F,57,Youth
4878,F,26,Youth
4879,M,50,Premium
4880,F,69,Enterprise
4881,F,66,Premium
4882,F,35,Family
4883,F,45,Premium
4884,M,66,Youth
4885,M,60,Youth
4886,F,49,Premium
4887,M,62,Youth
4888,M,69,Premium
4889,F,30,Family
4890,M,26,Youth
4891,F,42,Family
4892,F,42,Enterprise
4893,M,24,Family
4894,F,51,Youth
4895,M,50,Family
4896,M,61,Enterprise
4897,M,18,Family
4898,F,28,Enterprise
4899,M,44,Premium
4900,F,62,Family
4901,M,22,Premium
4902,M,70,Youth
4903,M,43,Youth
4904,M,55,Youth
4905,M,50,Family
4906,F,59,Youth
4907,F,68,Youth
4908,M,62,Enterprise
4909,M,21,Enterprise
4910,M,59,Youth
4911,F,33,Family
4912,F,61,Family
4913,F,70,Premium
4914,M,56,Enterprise
4915,F,48,Enterprise
4916,F,20,Enterprise
4917,M,48,Youth
4918,F,39,Youth
4919,M,39,Premium
4920,M,45,Premium
4921,M,47,Family
4922,F,59,Premium
4923,M,54,Premium
4924,M,27,Enterprise
4925,M,58,Family
4926,F,25,Premium
4927,M,40,Premium
4928,M,29,Premium
4929,M,20,Family
4930,M,54,Premium
4931,M,65,Premium
4932,M,37,Enterprise
4933,M,34,Premium
4934,M,45,Enterprise
4935,M,37,Enterprise
4936,M,64,Enterprise
4937,M,59,Premium
4938,F,50,Premium
4939,M,42,Premium
4940,M,20,Enterprise
4941,M,62,Family
4942,M,48,Family
4943,M,21,Family
4944,F,20,Youth
4945,M,25,Enterprise
4946,M,37,Family
4947,F,53,Family
4948,M,29,Enterprise
4949,M,26,Youth
4950,F,18,Family
4951,M,50,Family
4952,F,65,Family
4953,M,57,Family
4954,F,46,Enterprise
4955,M,33,Family
4956,F,59,Enterprise
4957,M,45,Youth
4958,M,69,Youth
4959,F,34,Youth
4960,M,29,Youth
4961,F,42,Premium
4962,M,51,Premium
4963,M,56,Youth
4964,M,66,Family
4965,M,20,Family
4966,M,56,Enterprise
4967,F,70,Family
4968,M,47,Enterprise
4969,M,38,Youth
4970,F,67,Enterprise
4971,M,35,Premium
4972,F,20,Family
4973,F,56,Enterprise
4974,F,33,Family
4975,F,65,Family
4976,M,18,Youth
4977,F,57,Premium
4978,F,43,Youth
4979,M,60,Enterprise
4980,F,52,Family
4981,M,65,Enterprise
4982,M,33,Enterprise
4983,M,22,Youth
4984,F,66,Family
4985,M,57,Family
4986,M,55,Premium
4987,F,57,Family
4988,F,70,Youth
4989,M,50,Youth
4990,F,46,Youth
4991,F,25,Family
4992,M,35,Enterprise
4993,M,29,Family
4994,M,46,Youth
4995,F,29,Premium
4996,M,41,Enterprise
4997,M,40,Family
4998,F,65,Premium
4999,M,42,Premium
5000,F,41,Family
5001,M,58,Enterprise
5002,M,30,Enterprise
5003,M,41,Family
5004,M,19,Enterprise
5005,F,69,Enterprise
5006,F,43,Enterprise
5007,M,59,Enterprise
5008,M,36,Youth
5009,M,53,Enterprise
5010,M,51,Premium
5011,F,61,Enterprise
5012,M,18,Enterprise
5013,F,45,Enterprise
5014,M,61,Enterprise
5015,F,32,Family
5016,M,37,Premium
5017,F,47,Family
5018,F,55,Youth
5019,F,66,Youth
5020,M,21,Enterprise
5021,M,25,Enterprise
5022,M,57,Enterprise
5023,M,48,Youth
5024,F,35,Youth
5025,M,42,Enterprise
5026,M,35,Premium
5027,F,25,Family
5028,F,47,Premium
5029,F,48,Premium
5030,F,19,Premium
5031,M,26,Family
5032,M,35,Family
5033,F,59,Youth
5034,F,41,Youth
5035,F,66,Family
5036,F,42,Premium
5037,F,27,Enterprise
5038,F,49,Enterprise
5039,M,69,Family
5040,M,28,Premium
5041,M,54,Premium
5042,F,56,Youth
5043,M,62,Premium
5044,M,36,Enterprise
5045,F,48,Youth
5046,F,39,Family
5047,M,27,Premium
5048,F,47,Enterprise
5049,F,21,Premium
5050,M,38,Youth
5051,M,49,Premium
5052,M,68,Youth
5053,F,24,Enterprise
5054,F,36,Enterprise
5055,M,32,Youth
5056,F,60,Youth
5057,M,19,Youth
5058,M,42,Family
5059,F,34,Premium
5060,M,70,Enterprise
5061,M,65,Family
5062,M,55,Youth
5063,F,25,Youth
5064,F,24,Youth
5065,M,58,Premium
5066,M,67,Youth
5067,M,40,Family
5068,M,69,Enterprise
5069,F,54,Premium
5070,M,64,Family
5071,M,25,Enterprise
5072,F,31,Enterprise
5073,M,68,Family
5074,M,61,Premium
5075,F,56,Enterprise
5076,F,47,Youth
5077,F,64,Premium
5078,F,24,Youth
5079,M,47,Family
5080,M,54,Premium
5081,F,58,Premium
5082,F,36,Family
5083,F,67,Youth
5084,M,46,Enterprise
5085,F,34,Youth
5086,M,36,Family
5087,M,39,Premium
5088,M,43,Youth
5089,M,18,Enterprise
5090,F,31,Premium
5091,F,48,Youth
5092,M,66,Enterprise
5093,F,33,Family
5094,M,25,Family
5095,M,28,Premium
5096,F,57,Enterprise
5097,M,64,Premium
5098,F,55,Premium
5099,M,53,Premium
5100,M,39,Youth
5101,F,26,Family
5102,M,20,Family
5103,F,66,Premium
5104,F,40,Premium
5105,F,46,Family
5106,F,46,Youth
5107,F,52,Youth
5108,F,56,Family
5109,M,49,Premium
5110,M,27,Enterprise
5111,F,23,Family
5112,M,29,Youth
5113,F,32,Youth
5114,M,42,Premium
5115,M,68,Premium
5116,F,56,Family
5117,F,52,Premium
5118,F,20,Youth
5119,F,28,Youth
5120,F,38,Premium
5121,F,36,Family
5122,M,28,Youth
5123,M,20,Youth
5124,F,55,Premium
5125,M,25,Premium
5126,M,26,Premium
5127,F,54,Premium
5128,M,32,Enterprise
5129,F,32,Family
5130,F,48,Enterprise
5131,M,59,Enterprise
5132,F,31,Enterprise
5133,M,39,Enterprise
5134,M,22,Enterprise
5135,M,48,Family
5136,F,29,Youth
5137,M,20,Premium
5138,M,48,Family
5139,F,38,Enterprise
5140,F,65,Premium
5141,F,27,Enterprise
5142,M,52,Enterprise
5143,F,30,Premium
5144,F,60,Enterprise
5145,M,62,Premium
5146,F,37,Premium
5147,F,41,Enterprise
5148,F,27,Enterprise
5149,F,50,Youth
5150,F,65,Premium
5151,M,33,Premium
5152,F,39,Youth
5153,F,62,Youth
5154,M,42,Enterprise
5155,M,26,Enterprise
5156,F,33,Premium
5157,M,20,Premium
5158,M,45,Family
5159,M,69,Premium
5160,F,43,Youth
5161,F,67,Premium
5162,F,49,Enterprise
5163,F,54,Youth
5164,M,47,Youth
5165,M,24,Family
5166,M,54,Premium
5167,M,26,Family
5168,M,49,Youth
5169,F,51,Premium
5170,M,41,Enterprise
5171,M,67,Youth
5172,M,46,Family
5173,F,50,Family
5174,M,69,Enterprise
5175,M,43,Premium
5176,M,66,Enterprise
5177,F,69,Youth
5178,F,62,Enterprise
5179,M,46,Premium
5180,M,26,Enterprise
5181,M,47,Youth
5182,M,49,Family
5183,M,31,Family
5184,F,27,Enterprise
5185,F,70,Enterprise
5186,F,46,Family
5187,F,53,Family
5188,M,21,Family
5189,M,46,Enterprise
5190,F,24,Premium
5191,M,29,Enterprise
5192,F,61,Enterprise
5193,M,49,Youth
5194,F,18,Enterprise
5195,M,55,Youth
5196,M,62,Family
5197,M,42,Youth
5198,F,63,Family
5199,F,65,Youth
5200,F,53,Youth
5201,F,28,Family
5202,F,68,Family
5203,F,61,Premium
5204,F,32,Youth
5205,M,53,Enterprise
5206,M,62,Enterprise
5207,M,38,Family
5208,F,29,Youth
5209,F,21,Enterprise
5210,F,63,Youth
5211,F,70,Youth
5212,M,52,Premium
5213,F,50,Enterprise
5214,F,70,Enterprise
5215,M,28,Family
5216,M,58,Enterprise
5217,M,66,Family
5218,F,49,Youth
5219,M,47,Premium
5220,F,26,Enterprise
5221,F,36,Premium
5222,F,28,Youth
5223,F,52,Enterprise
5224,M,48,Enterprise
5225,M,41,Youth
5226,F,41,Premium
5227,F,24,Youth
5228,M,32,Premium
5229,M,66,Enterprise
5230,M,47,Premium
5231,M,32,Family
5232,F,59,Youth
5233,F,31,Enterprise
5234,F,25,Premium
5235,M,45,Premium
5236,M,61,Family
5237,F,22,Premium
5238,F,27,Premium
5239,F,24,Youth
5240,M,19,Youth
5241,M,58,Premium
5242,M,70,Family
5243,M,63,Premium
5244,M,64,Family
5245,M,28,Premium
5246,F,29,Enterprise
5247,F,18,Family
5248,M,32,Premium
5249,F,33,Youth
5250,F,24,Youth
5251,M,61,Enterprise
5252,M,41,Youth
5253,M,59,Family
5254,F,60,Family
5255,M,36,Enterprise
5256,M,37,Family
5257,F,65,Enterprise
5258,M,50,Enterprise
5259,M,30,Youth
5260,M,65,Youth
5261,M,38,Premium
5262,M,57,Youth
5263,M,34,Premium
5264,F,42,Family
5265,F,37,Youth
5266,F,36,Youth
5267,F,53,Enterprise
5268,F,50,Youth
5269,M,53,Youth
5270,M,48,Enterprise
5271,M,53,Youth
5272,M,26,Family
5273,M,53,Family
5274,F,43,Enterprise
5275,F,23,Enterprise
5276,F,48,Enterprise
5277,F,51,Enterprise
5278,M,41,Family
5279,F,48,Youth
5280,F,29,Enterprise
5281,M,57,Enterprise
5282,F,37,Premium
5283,M,55,Premium
5284,M,64,Youth
5285,M,55,Family
5286,M,56,Family
5287,M,48,Premium
5288,M,67,Premium
5289,F,29,Youth
5290,F,50,Premium
5291,M,31,Family
5292,F,33,Family
5293,M,51,Family
5294,M,64,Enterprise
5295,F,40,Premium
5296,M,34,Premium
5297,M,68,Family
5298,M,26,Youth
5299,M,61,Enterprise
5300,M,39,Premium
5301,F,59,Enterprise
5302,M,44,Enterprise
5303,M,39,Premium
5304,F,45,Family
5305,M,50,Youth
5306,F,69,Family
5307,F,61,Enterprise
5308,M,42,Family
5309,F,47,Premium
5310,F,58,Premium
5311,M,52,Youth
5312,F,67,Premium
5313,M,51,Enterprise
5314,F,20,Family
5315,M,34,Family
5316,F,70,Enterprise
5317,F,63,Family
5318,M,19,Youth
5319,F,32,Youth
5320,M,30,Family
5321,F,40,Family
5322,M,19,Premium
5323,F,35,Youth
5324,M,53,Family
5325,M,45,Enterprise
5326,M,59,Family
5327,F,40,Enterprise
5328,M,35,Family
5329,F,51,Youth
5330,M,65,Family
5331,M,47,Youth
5332,M,49,Enterprise
5333,F,43,Youth
5334,F,29,Enterprise
5335,M,46,Enterprise
5336,F,25,Enterprise
5337,M,58,Premium
5338,F,21,Enterprise
5339,M,20,Youth
5340,M,53,Youth
5341,F,62,Family
5342,F,68,Family
5343,M,21,Family
5344,F,20,Youth
5345,F,59,Youth
5346,F,66,Premium
5347,F,30,Premium
5348,F,45,Youth
5349,M,70,Enterprise
5350,M,44,Youth
5351,M,30,Enterprise
5352,F,27,Family
5353,F,45,Enterprise
5354,F,25,Enterprise
5355,F,68,Enterprise
5356,M,65,Enterprise
5357,F,46,Enterprise
5358,M,18,Family
5359,M,22,Family
5360,M,21,Family
5361,F,47,Enterprise
5362,M,45,Premium
5363,M,46,Premium
5364,M,63,Premium
5365,M,24,Family
5366,M,27,Youth
5367,F,53,Enterprise
5368,F,55,Premium
5369,F,66,Youth
5370,M,53,Premium
5371,F,27,Youth
5372,M,49,Enterprise
5373,F,69,Enterprise
5374,M,54,Youth
5375,M,33,Premium
5376,F,30,Family
5377,F,48,Youth
5378,M,51,Family
5379,M,55,Youth
5380,M,31,Family
5381,M,44,Premium
5382,M,50,Youth
5383,M,54,Family
5384,M,41,Enterprise
5385,M,48,Family
5386,M,68,Youth
5387,F,70,Family
5388,F,58,Premium
5389,M,40,Youth
5390,F,36,Premium
5391,M,24,Premium
5392,M,51,Enterprise
5393,M,26,Enterprise
5394,F,60,Enterprise
5395,M,28,Premium
5396,M,46,Youth
5397,M,65,Youth
5398,F,47,Enterprise
5399,M,26,Youth
5400,F,65,Premium
5401,F,65,Enterprise
5402,F,55,Family
5403,M,24,Premium
5404,M,28,Youth
5405,F,59,Premium
5406,F,34,Enterprise
5407,M,30,Enterprise
5408,M,68,Enterprise
5409,M,22,Enterprise
5410,F,60,Premium
5411,F,21,Enterprise
5412,M,28,Premium
5413,M,56,Family
5414,F,28,Enterprise
5415,F,54,Enterprise
5416,F,18,Family
5417,F,67,Premium
5418,F,28,Premium
5419,F,69,Enterprise
5420,M,61,Premium
5421,F,21,Family
5422,M,62,Youth
5423,M,18,Premium
5424,F,70,Youth
5425,F,19,Enterprise
5426,M,21,Family
5427,M,20,Premium
5428,M,35,Youth
5429,F,50,Family
5430,M,27,Youth
5431,F,40,Youth
5432,M,63,Enterprise
5433,F,36,Family
5434,F,60,Enterprise
5435,F,45,Family
5436,F,24,Premium
5437,M,70,Premium
5438,M,39,Enterprise
5439,F,38,Enterprise
5440,F,25,Family
5441,F,69,Youth
5442,M,52,Family
5443,M,35,Enterprise
5444,F,68,Premium
5445,F,56,Enterprise
5446,M,59,Family
5447,F,24,Enterprise
5448,M,48,Youth
5449,F,26,Enterprise
5450,M,28,Enterprise
5451,F,42,Enterprise
5452,F,46,Enterprise
5453,F,29,Youth
5454,F,28,Enterprise
5455,M,70,Family
5456,F,55,Enterprise
5457,F,64,Youth
5458,F,53,Enterprise
5459,M,25,Family
5460,F,48,Family
5461,F,37,Enterprise
5462,F,21,Premium
5463,M,53,Premium
5464,F,35,Premium
5465,F,30,Premium
5466,M,52,Youth
5467,F,65,Youth
5468,F,35,Family
5469,F,34,Enterprise
5470,F,70,Family
5471,F,57,Family
5472,M,40,Premium
5473,M,61,Family
5474,M,67,Youth
5475,M,51,Youth
5476,M,67,Premium
5477,M,23,Enterprise
5478,M,60,Family
5479,F,32,Youth
5480,M,48,Family
5481,M,65,Family
5482,F,52,Family
5483,M,19,Family
5484,F,63,Enterprise
5485,M,36,Enterprise
5486,F,62,Family
5487,F,26,Enterprise
5488,F,32,Premium
5489,F,25,Premium
5490,F,64,Youth
5491,F,39,Family
5492,F,31,Premium
5493,F,20,Premium
5494,F,39,Enterprise
5495,M,63,Family
5496,M,53,Youth
5497,M,64,Youth
5498,M,44,Family
5499,M,26,Family
5500,M,68,Youth
5501,M,67,Family
5502,M,22,Youth
5503,M,23,Enterprise
5504,F,55,Enterprise
5505,M,46,Premium
5506,F,45,Premium
5507,M,43,Youth
5508,F,26,Enterprise
5509,F,43,Premium
5510,F,54,Youth
5511,F,44,Youth
5512,M,59,Premium
5513,F,29,Enterprise
5514,F,38,Premium
5515,M,53,Enterprise
5516,M,44,Premium
5517,F,41,Premium
5518,M,21,Youth
5519,M,24,Premium
5520,M,19,Enterprise
5521,M,57,Enterprise
5522,F,40,Enterprise
5523,M,36,Youth
5524,F,47,Family
5525,M,50,Enterprise
5526,F,64,Enterprise
5527,F,69,Enterprise
5528,F,42,Premium
5529,M,60,Premium
5530,F,46,Premium
5531,M,35,Enterprise
5532,M,64,Enterprise
5533,F,19,Youth
5534,M,65,Family
5535,F,38,Youth
5536,M,68,Youth
5537,M,27,Youth
5538,F,68,Youth
5539,F,37,Youth
5540,M,23,Enterprise
5541,F,25,Youth
5542,M,24,Enterprise
5543,F,29,Premium
5544,F,51,Premium
5545,M,63,Youth
5546,F,60,Youth
5547,F,52,Family
5548,F,38,Premium
5549,M,19,Premium
5550,M,57,Premium
5551,F,52,Family
5552,M,41,Family
5553,M,59,Enterprise
5554,M,22,Family
5555,M,18,Premium
5556,M,66,Premium
5557,F,66,Enterprise
5558,F,44,Youth
5559,M,28,Youth
5560,F,57,Youth
5561,M,39,Family
5562,F,57,Family
5563,F,35,Enterprise
5564,M,27,Enterprise
5565,M,24,Enterprise
5566,M,22,Youth
5567,F,68,Family
5568,F,63,Family
5569,M,67,Premium
5570,F,50,Enterprise
5571,M,66,Youth
5572,M,56,Premium
5573,F,64,Enterprise
5574,M,41,Premium
5575,F,57,Family
5576,M,55,Premium
5577,M,36,Enterprise
5578,M,59,Enterprise
5579,M,45,Youth
5580,F,54,Youth
5581,M,46,Family
5582,M,52,Enterprise
5583,F,55,Enterprise
5584,M,55,Family
5585,F,37,Premium
5586,F,53,Family
5587,M,34,Family
5588,M,27,Youth
5589,F,47,Youth
5590,M,39,Enterprise
5591,M,54,Youth
5592,M,66,Enterprise
5593,F,56,Enterprise
5594,M,45,Family
5595,M,58,Family
5596,M,25,Family
5597,M,63,Youth
5598,F,48,Youth
5599,F,21,Family
5600,M,40,Family
5601,F,19,Family
5602,F,48,Youth
5603,F,37,Enterprise
5604,M,30,Premium
5605,M,49,Youth
5606,F,26,Enterprise
5607,M,59,Youth
5608,M,39,Youth
5609,F,43,Enterprise
5610,M,54,Enterprise
5611,F,36,Enterprise
5612,M,32,Youth
5613,F,61,Premium
5614,M,33,Family
5615,M,18,Premium
5616,F,43,Youth
5617,F,50,Youth
5618,F,41,Premium
5619,F,37,Family
5620,F,28,Youth
5621,M,64,Youth
5622,F,62,Enterprise
5623,M,50,Enterprise
5624,M,60,Family
5625,F,27,Enterprise
5626,M,59,Enterprise
5627,F,43,Youth
5628,F,30,Family
5629,M,23,Youth
5630,F,70,Youth
5631,M,48,Youth
5632,M,29,Enterprise
5633,F,58,Youth
5634,F,66,Enterprise
5635,F,37,Youth
5636,M,37,Premium
5637,F,64,Enterprise
5638,M,59,Enterprise
5639,F,66,Enterprise
5640,F,43,Premium
5641,M,53,Premium
5642,M,57,Enterprise
5643,F,23,Youth
5644,F,18,Enterprise
5645,M,44,Family
5646,F,50,Youth
5647,F,22,Youth
5648,F,51,Family
5649,F,39,Enterprise
5650,M,61,Premium
5651,M,27,Youth
5652,M,40,Family
5653,F,52,Youth
5654,M,38,Premium
5655,F,33,Youth
5656,M,30,Youth
5657,F,58,Enterprise
5658,M,24,Family
5659,M,44,Family
5660,M,62,Youth
5661,M,70,Premium
5662,F,45,Enterprise
5663,M,43,Youth
5664,F,44,Enterprise
5665,F,66,Youth
5666,M,60,Family
5667,M,53,Premium
5668,M,67,Premium
5669,F,49,Premium
5670,M,20,Premium
5671,M,35,Youth
5672,M,58,Family
5673,F,37,Youth
5674,F,35,Youth
5675,M,42,Youth
5676,F,48,Premium
5677,F,52,Premium
5678,M,19,Enterprise
5679,M,27,Family
5680,M,20,Family
5681,M,50,Youth
5682,M,54,Premium
5683,F,48,Family
5684,F,39,Premium
5685,M,30,Youth
5686,M,33,Youth
5687,M,38,Youth
5688,F,34,Family
5689,F,70,Family
5690,M,64,Family
5691,M,30,Enterprise
5692,F,19,Premium
5693,M,21,Premium
5694,F,57,Family
5695,M,25,Youth
5696,F,70,Premium
5697,F,32,Youth
5698,M,63,Family
5699,M,44,Youth
5700,M,33,Enterprise
5701,M,19,Family
5702,F,67,Youth
5703,M,50,Family
5704,M,41,Family
5705,M,53,Premium
5706,F,55,Premium
5707,F,61,Enterprise
5708,F,35,Enterprise
5709,F,48,Premium
5710,F,59,Youth
5711,F,27,Enterprise
5712,F,51,Enterprise
5713,F,45,Youth
5714,M,22,Premium
5715,F,27,Family
5716,F,28,Enterprise
5717,M,44,Youth
5718,M,53,Enterprise
5719,F,65,Family
5720,F,39,Youth
5721,M,44,Youth
5722,F,62,Premium
5723,M,27,Premium
5724,F,36,Enterprise
5725,F,49,Family
5726,F,62,Enterprise
5727,M,21,Family
5728,M,57,Premium
5729,M,52,Premium
5730,M,28,Premium
5731,F,38,Family
5732,M,59,Family
5733,F,58,Premium
5734,F,57,Youth
5735,F,25,Enterprise
5736,M,20,Family
5737,M,62,Youth
5738,F,28,Youth
5739,F,34,Youth
5740,M,27,Premium
5741,M,29,Youth
5742,F,65,Youth
5743,M,36,Enterprise
5744,M,45,Family
5745,M,35,Family
5746,F,37,Premium
5747,F,48,Premium
5748,F,59,Premium
5749,M,44,Enterprise
5750,M,19,Family
5751,F,60,Family
5752,M,32,Family
5753,F,54,Youth
5754,F,35,Youth
5755,F,45,Family
5756,F,66,Youth
5757,F,57,Premium
5758,F,21,Family
5759,F,25,Family
5760,M,23,Enterprise
5761,F,48,Premium
5762,F,35,Youth
5763,F,21,Family
5764,M,37,Premium
5765,M,49,Enterprise
5766,M,32,Premium
5767,M,44,Enterprise
5768,F,62,Premium
5769,F,61,Enterprise
5770,F,23,Youth
5771,F,34,Family
5772,F,53,Family
5773,M,30,Family
5774,M,22,Premium
5775,M,46,Youth
5776,M,64,Family
5777,F,23,Enterprise
5778,M,49,Premium
5779,F,24,Premium
5780,M,36,Enterprise
5781,M,45,Enterprise
5782,M,66,Youth
5783,M,57,Youth
5784,M,28,Family
5785,M,56,Youth
5786,F,50,Family
5787,F,41,Premium
5788,F,67,Enterprise
5789,F,45,Family
5790,M,32,Enterprise
5791,M,60,Enterprise
5792,F,18,Enterprise
5793,M,30,Enterprise
5794,M,32,Premium
5795,F,52,Youth
5796,M,49,Enterprise
5797,F,29,Family
5798,M,38,Youth
5799,M,28,Family
5800,F,50,Premium
5801,M,24,Enterprise
5802,M,59,Family
5803,M,66,Enterprise
5804,M,33,Enterprise
5805,F,43,Youth
5806,M,67,Premium
5807,F,20,Premium
5808,M,64,Family
5809,M,56,Family
5810,M,25,Enterprise
5811,M,67,Premium
5812,F,20,Premium
5813,F,32,Youth
5814,M,61,Enterprise
5815,M,57,Premium
5816,M,31,Premium
5817,M,66,Enterprise
5818,F,48,Family
5819,M,43,Family
5820,F,54,Youth
5821,F,32,Youth
5822,F,32,Enterprise
5823,M,43,Enterprise
5824,M,23,Family
5825,F,62,Family
5826,F,38,Family
5827,F,25,Enterprise
5828,M,58,Premium
5829,M,42,Youth
5830,F,66,Enterprise
5831,M,37,Enterprise
5832,F,25,Family
5833,M,35,Family
5834,F,26,Enterprise
5835,F,38,Premium
5836,M,35,Premium
5837,M,37,Youth
5838,F,38,Enterprise
5839,M,20,Family
5840,M,21,Enterprise
5841,F,62,Family
5842,F,67,Enterprise
5843,M,46,Youth
5844,M,41,Family
5845,M,20,Youth
5846,F,40,Enterprise
5847,F,19,Youth
5848,M,32,Youth
5849,F,69,Family
5850,F,61,Enterprise
5851,M,45,Enterprise
5852,M,38,Youth
5853,F,23,Youth
5854,M,48,Youth
5855,M,65,Premium
5856,M,30,Enterprise
5857,F,50,Premium
5858,M,33,Premium
5859,M,39,Youth
5860,M,34,Enterprise
5861,M,24,Youth
5862,M,34,Family
5863,M,42,Youth
5864,M,55,Premium
5865,F,42,Youth
5866,F,38,Premium
5867,M,49,Enterprise
5868,M,59,Youth
5869,M,55,Premium
5870,F,59,Family
5871,F,28,Enterprise
5872,M,64,Enterprise
5873,M,18,Premium
5874,M,39,Premium
5875,F,28,Family
5876,F,35,Family
5877,F,43,Enterprise
5878,M,55,Family
5879,F,36,Enterprise
5880,M,39,Premium
5881,F,22,Enterprise
5882,M,69,Premium
5883,F,25,Enterprise
5884,M,66,Youth
5885,F,27,Enterprise
5886,M,27,Family
5887,F,57,Premium
5888,M,59,Youth
5889,F,62,Family
5890,F,37,Youth
5891,F,67,Family
5892,M,23,Youth
5893,F,68,Family
5894,F,18,Family
5895,F,43,Family
5896,M,37,Premium
5897,F,57,Premium
5898,M,19,Enterprise
5899,M,18,Enterprise
5900,F,39,Family
5901,M,39,Enterprise
5902,M,66,Premium
5903,M,59,Youth
5904,F,26,Family
5905,F,25,Youth
5906,M,32,Enterprise
5907,F,34,Family
5908,M,36,Family
5909,F,32,Youth
5910,M,34,Family
5911,F,61,Family
5912,M,56,Youth
5913,M,64,Enterprise
5914,F,18,Youth
5915,M,54,Youth
5916,M,20,Enterprise
5917,M,53,Family
5918,M,42,Premium
5919,F,34,Youth
5920,F,44,Youth
5921,F,63,Youth
5922,M,68,Youth
5923,M,44,Family
5924,M,67,Premium
5925,F,26,Youth
5926,M,56,Premium
5927,M,33,Family
5928,F,69,Premium
5929,F,39,Youth
5930,F,57,Youth
5931,F,47,Enterprise
5932,M,40,Youth
5933,F,28,Family
5934,F,39,Family
5935,F,40,Youth
5936,F,69,Family
5937,M,30,Premium
5938,F,36,Youth
5939,M,25,Enterprise
5940,M,19,Enterprise
5941,M,42,Enterprise
5942,M,23,Enterprise
5943,F,62,Premium
5944,F,60,Family
5945,M,56,Family
5946,M,66,Enterprise
5947,M,33,Premium
5948,F,63,Youth
5949,F,52,Premium
5950,M,65,Enterprise
5951,M,19,Enterprise
5952,F,48,Family
5953,M,59,Premium
5954,F,65,Enterprise
5955,M,55,Enterprise
5956,M,41,Enterprise
5957,M,47,Enterprise
5958,F,42,Enterprise
5959,M,68,Enterprise
5960,M,63,Youth
5961,M,63,Youth
5962,F,18,Premium
5963,M,40,Premium
5964,F,29,Premium
5965,F,40,Enterprise
5966,M,50,Premium
5967,M,31,Youth
5968,F,68,Premium
5969,F,60,Family
5970,M,60,Family
5971,M,41,Family
5972,F,27,Enterprise
5973,M,32,Family
5974,M,18,Family
5975,F,24,Enterprise
5976,F,29,Premium
5977,M,31,Family
5978,M,50,Youth
5979,M,20,Youth
5980,M,54,Family
5981,M,57,Family
5982,M,48,Youth
5983,M,25,Youth
5984,F,70,Premium
5985,M,28,Enterprise
5986,F,29,Youth
5987,F,39,Premium
5988,F,28,Youth
5989,M,53,Youth
5990,M,20,Youth
5991,M,26,Premium
5992,M,27,Enterprise
5993,F,20,Enterprise
5994,F,21,Enterprise
5995,M,26,Youth
5996,M,45,Premium
5997,M,40,Premium
5998,M,60,Premium
5999,F,19,Family
6000,F,43,Enterprise
6001,M,60,Family
6002,F,45,Enterprise
6003,F,34,Family
6004,M,38,Family
6005,F,33,Enterprise
6006,M,43,Premium
6007,F,68,Youth
6008,M,70,Premium
6009,F,45,Premium
6010,M,64,Family
6011,M,20,Premium
6012,M,58,Family
6013,M,36,Premium
6014,M,24,Youth
6015,F,61,Youth
6016,M,62,Enterprise
6017,F,41,Enterprise
6018,F,28,Premium
6019,M,19,Youth
6020,M,65,Premium
6021,F,28,Enterprise
6022,F,53,Enterprise
6023,F,18,Youth
6024,F,65,Family
6025,F,20,Youth
6026,F,59,Family
6027,F,70,Family
6028,F,37,Youth
6029,M,45,Family
6030,F,37,Youth
6031,F,56,Premium
6032,F,26,Premium
6033,M,51,Youth
6034,F,28,Family
6035,M,53,Premium
6036,M,65,Premium
6037,M,42,Premium
6038,F,45,Family
6039,F,57,Family
6040,M,70,Premium
6041,F,40,Family
6042,F,70,Youth
6043,M,36,Premium
6044,M,31,Enterprise
6045,F,34,Youth
6046,M,49,Premium
6047,F,46,Youth
6048,F,18,Enterprise
6049,M,57,Family
6050,F,48,Enterprise
6051,F,45,Enterprise
6052,F,48,Enterprise
6053,F,24,Enterprise
6054,M,51,Premium
6055,F,47,Family
6056,F,39,Enterprise
6057,F,22,Youth
6058,M,63,Enterprise
6059,F,37,Family
6060,F,21,Youth
6061,M,18,Premium
6062,F,70,Family
6063,F,24,Youth
6064,F,35,Premium
6065,M,66,Premium
6066,M,35,Youth
6067,F,25,Premium
6068,F,18,Enterprise
6069,M,23,Youth
6070,F,52,Family
6071,M,35,Premium
6072,M,43,Family
6073,M,50,Family
6074,F,69,Youth
6075,M,38,Youth
6076,F,49,Premium
6077,M,18,Enterprise
6078,F,25,Enterprise
6079,F,63,Youth
6080,M,66,Enterprise
6081,F,34,Youth
6082,M,67,Youth
6083,M,46,Youth
6084,F,28,Enterprise
6085,M,21,Enterprise
6086,F,66,Youth
6087,M,49,Premium
6088,F,69,Enterprise
6089,M,57,Premium
6090,F,30,Youth
6091,F,32,Family
6092,M,51,Enterprise
6093,F,31,Youth
6094,M,65,Premium
6095,F,57,Premium
6096,M,20,Premium
6097,M,64,Premium
6098,M,27,Premium
6099,F,41,Youth
6100,F,35,Youth
6101,F,32,Premium
6102,M,28,Enterprise
6103,F,30,Premium
6104,M,28,Premium
6105,M,64,Family
6106,F,35,Enterprise
6107,F,31,Enterprise
6108,F,38,Family
6109,M,53,Family
6110,M,24,Enterprise
6111,F,34,Enterprise
6112,F,69,Family
6113,M,36,Family
6114,M,49,Premium
6115,F,55,Enterprise
6116,F,42,Premium
6117,M,26,Enterprise
6118,F,30,Premium
6119,F,40,Premium
6120,F,25,Youth
6121,M,67,Youth
6122,F,18,Premium
6123,F,35,Youth
6124,F,43,Family
6125,M,28,Family
6126,F,18,Enterprise
6127,F,59,Youth
6128,F,33,Premium
6129,F,60,Youth
6130,F,25,Family
6131,F,28,Family
6132,M,41,Enterprise
6133,M,50,Youth
6134,M,26,Family
6135,M,31,Family
6136,M,60,Enterprise
6137,M,45,Family
6138,M,29,Family
6139,M,25,Family
6140,M,32,Premium
6141,F,26,Family
6142,M,43,Enterprise
6143,F,21,Family
6144,F,26,Enterprise
6145,M,32,Premium
6146,F,32,Premium
6147,F,54,Youth
6148,F,24,Youth
6149,F,36,Enterprise
6150,F,58,Youth
6151,M,43,Youth
6152,M,23,Family
6153,F,33,Premium
6154,M,49,Family
6155,M,65,Family
6156,F,46,Enterprise
6157,M,63,Family
6158,F,36,Enterprise
6159,M,24,Family
6160,F,43,Enterprise
6161,M,42,Youth
6162,F,27,Youth
6163,F,21,Enterprise
6164,F,42,Enterprise
6165,M,39,Enterprise
6166,F,62,Family
6167,F,63,Enterprise
6168,M,47,Premium
6169,M,41,Youth
6170,M,19,Family
6171,F,25,Family
6172,M,49,Premium
6173,F,38,Premium
6174,M,30,Family
6175,F,56,Enterprise
6176,F,50,Family
6177,F,43,Premium
6178,M,37,Youth
6179,M,69,Enterprise
6180,F,61,Enterprise
6181,M,59,Premium
6182,F,49,Youth
6183,M,21,Youth
6184,M,68,Family
6185,M,47,Enterprise
6186,M,37,Family
6187,F,66,Premium
6188,M,31,Premium
6189,M,39,Family
6190,M,32,Family
6191,F,37,Premium
6192,M,53,Family
6193,F,48,Premium
6194,F,51,Premium
6195,M,50,Enterprise
6196,F,70,Enterprise
6197,M,22,Enterprise
6198,M,31,Premium
6199,F,60,Premium
6200,M,31,Family
6201,M,24,Premium
6202,M,64,Youth
6203,M,22,Youth
6204,M,49,Premium
6205,M,57,Family
6206,M,62,Premium
6207,M,49,Premium
6208,F,69,Enterprise
6209,F,31,Premium
6210,M,60,Youth
6211,M,18,Enterprise
6212,F,29,Youth
6213,F,30,Youth
6214,F,63,Premium
6215,F,33,Family
6216,F,53,Premium
6217,F,67,Premium
6218,M,35,Family
6219,M,54,Youth
6220,F,62,Family
6221,M,63,Youth
6222,F,45,Enterprise
6223,F,30,Family
6224,F,64,Premium
6225,F,51,Enterprise
6226,M,26,Family
6227,F,43,Enterprise
6228,M,58,Youth
6229,F,58,Youth
6230,M,61,Youth
6231,F,20,Family
6232,F,44,Premium
6233,F,18,Premium
6234,M,42,Premium
6235,F,49,Family
6236,F,20,Youth
6237,F,61,Enterprise
6238,F,23,Youth
6239,F,38,Enterprise
6240,F,65,Premium
6241,F,45,Family
6242,F,51,Family
6243,F,61,Premium
6244,M,36,Youth
6245,F,52,Premium
6246,M,50,Family
6247,M,24,Family
6248,M,34,Enterprise
6249,F,57,Premium
6250,F,46,Family
6251,F,39,Youth
6252,M,55,Premium
6253,F,47,Enterprise
6254,F,43,Enterprise
6255,F,55,Youth
6256,M,59,Youth
6257,M,52,Youth
6258,F,18,Enterprise
6259,F,55,Family
6260,F,19,Enterprise
6261,M,19,Family
6262,M,46,Family
6263,F,64,Youth
6264,M,52,Family
6265,M,62,Family
6266,M,66,Premium
6267,F,52,Premium
6268,M,29,Youth
6269,F,51,Enterprise
6270,F,37,Enterprise
6271,M,52,Family
6272,F,28,Premium
6273,F,21,Premium
6274,M,58,Youth
6275,F,67,Enterprise
6276,M,20,Enterprise
6277,F,20,Family
6278,F,61,Family
6279,M,27,Enterprise
6280,F,18,Premium
6281,M,61,Premium
6282,M,53,Youth
6283,M,29,Enterprise
6284,M,70,Enterprise
6285,F,18,Youth
6286,M,41,Enterprise
6287,M,39,Family
6288,F,64,Youth
6289,M,43,Youth
6290,M,51,Youth
6291,F,32,Enterprise
6292,M,32,Youth
6293,M,67,Premium
6294,F,39,Premium
6295,F,52,Family
6296,M,45,Youth
6297,M,69,Premium
6298,F,45,Premium
6299,F,43,Enterprise
6300,M,41,Youth
6301,M,32,Premium
6302,M,54,Enterprise
6303,F,54,Family
6304,M,55,Family
6305,F,25,Youth
6306,M,31,Youth
6307,M,22,Family
6308,M,45,Enterprise
6309,F,55,Enterprise
6310,F,18,Family
6311,M,61,Enterprise
6312,M,57,Family
6313,M,38,Youth
6314,F,52,Youth
6315,M,46,Youth
6316,M,51,Enterprise
6317,F,34,Family
6318,F,20,Family
6319,M,66,Enterprise
6320,M,43,Enterprise
6321,F,58,Enterprise
6322,F,28,Youth
6323,F,49,Premium
6324,M,65,Enterprise
6325,F,20,Youth
6326,F,47,Enterprise
6327,F,52,Enterprise
6328,M,51,Premium
6329,M,35,Enterprise
6330,M,63,Family
6331,F,41,Premium
6332,M,37,Premium
6333,M,23,Enterprise
6334,M,43,Enterprise
6335,F,54,Premium
6336,F,24,Premium
6337,M,58,Youth
6338,M,63,Family
6339,F,35,Family
6340,M,43,Youth
6341,F,26,Family
6342,F,43,Youth
6343,M,32,Family
6344,F,58,Enterprise
6345,F,61,Premium
6346,M,41,Youth
6347,F,26,Enterprise
6348,F,41,Youth
6349,M,69,Family
6350,M,25,Youth
6351,M,33,Premium
6352,M,67,Enterprise
6353,F,41,Enterprise
6354,M,51,Youth
6355,F,29,Enterprise
6356,M,21,Enterprise
6357,M,49,Youth
6358,M,39,Family
6359,M,45,Family
6360,F,28,Enterprise
6361,M,49,Premium
6362,M,67,Youth
6363,F,32,Premium
6364,F,60,Family
6365,F,37,Family
6366,M,28,Enterprise
6367,M,65,Enterprise
6368,F,37,Enterprise
6369,M,31,Family
6370,F,18,Youth
6371,F,64,Family
6372,F,70,Premium
6373,F,25,Family
6374,M,66,Youth
6375,M,45,Enterprise
6376,F,32,Premium
6377,F,50,Youth
6378,M,38,Youth
6379,M,54,Premium
6380,M,37,Youth
6381,F,34,Family
6382,F,31,Enterprise
6383,F,19,Family
6384,F,46,Family
6385,F,21,Enterprise
6386,M,54,Enterprise
6387,F,20,Youth
6388,F,21,Youth
6389,F,39,Youth
6390,F,59,Enterprise
6391,M,50,Youth
6392,F,37,Premium
6393,M,66,Enterprise
6394,F,40,Youth
6395,F,23,Premium
6396,M,20,Premium
6397,M,22,Premium
6398,F,37,Enterprise
6399,M,42,Family
6400,F,23,Premium
6401,F,19,Family
6402,F,19,Enterprise
6403,F,51,Family
6404,F,23,Youth
6405,F,25,Enterprise
6406,F,63,Enterprise
6407,F,21,Enterprise
6408,M,53,Family
6409,M,55,Premium
6410,F,28,Enterprise
6411,F,62,Enterprise
6412,M,52,Enterprise
6413,M,25,Family
6414,F,70,Family
6415,F,40,Premium
6416,M,35,Youth
6417,M,23,Youth
6418,F,40,Premium
6419,M,69,Family
6420,M,36,Youth
6421,F,44,Youth
6422,M,50,Youth
6423,F,53,Youth
6424,F,46,Youth
6425,F,39,Family
6426,F,24,Youth
6427,M,67,Youth
6428,F,66,Premium
6429,F,26,Enterprise
6430,M,52,Premium
6431,F,43,Enterprise
6432,M,25,Family
6433,M,20,Enterprise
6434,F,23,Family
6435,F,62,Premium
6436,M,34,Youth
6437,M,29,Premium
6438,F,42,Premium
6439,M,68,Youth
6440,M,53,Premium
6441,F,36,Youth
6442,M,41,Youth
6443,M,67,Premium
6444,F,49,Premium
6445,F,21,Premium
6446,M,51,Family
6447,M,21,Family
6448,M,70,Premium
6449,F,38,Family
6450,F,56,Youth
6451,M,33,Family
6452,M,65,Family
6453,F,31,Premium
6454,F,46,Youth
6455,F,55,Family
6456,F,18,Youth
6457,F,70,Premium
6458,M,33,Youth
6459,F,36,Youth
6460,M,66,Youth
6461,F,45,Youth
6462,F,34,Family
6463,M,51,Enterprise
6464,F,23,Enterprise
6465,F,62,Premium
6466,M,40,Enterprise
6467,M,68,Youth
6468,F,21,Premium
6469,F,54,Youth
6470,F,67,Enterprise
6471,M,34,Youth
6472,M,23,Enterprise
6473,M,21,Youth
6474,F,58,Premium
6475,M,33,Enterprise
6476,M,44,Youth
6477,M,48,Family
6478,F,50,Premium
6479,F,65,Family
6480,F,36,Premium
6481,F,19,Family
6482,M,18,Enterprise
6483,M,38,Youth
6484,F,64,Enterprise
6485,M,66,Enterprise
6486,F,36,Family
6487,M,56,Family
6488,F,21,Enterprise
6489,M,36,Premium
6490,F,40,Family
6491,M,62,Family
6492,F,22,Youth
6493,M,18,Enterprise
6494,M,62,Family
6495,F,45,Enterprise
6496,F,60,Youth
6497,F,35,Youth
6498,F,64,Youth
6499,F,54,Premium
6500,F,35,Premium
6501,M,50,Youth
6502,F,62,Youth
6503,F,21,Family
6504,F,45,Youth
6505,F,18,Family
6506,M,41,Family
6507,F,63,Family
6508,F,25,Family
6509,F,22,Family
6510,F,41,Family
6511,M,38,Enterprise
6512,F,63,Premium
6513,F,41,Premium
6514,M,53,Family
6515,F,53,Premium
6516,M,46,Enterprise
6517,F,51,Premium
6518,M,45,Enterprise
6519,F,55,Enterprise
6520,F,49,Premium
6521,M,70,Enterprise
6522,F,34,Premium
6523,M,55,Enterprise
6524,M,50,Youth
6525,F,29,Enterprise
6526,F,70,Enterprise
6527,M,34,Family
6528,M,55,Premium
6529,F,46,Family
6530,M,56,Family
6531,M,55,Enterprise
6532,F,67,Family
6533,F,70,Family
6534,M,28,Premium
6535,F,39,Youth
6536,M,26,Premium
6537,F,52,Enterprise
6538,F,24,Family
6539,M,53,Premium
6540,F,21,Youth
6541,M,21,Family
6542,M,38,Premium
6543,M,69,Family
6544,F,49,Youth
6545,F,37,Enterprise
6546,M,27,Youth
6547,M,31,Premium
6548,F,65,Youth
6549,F,26,Enterprise
6550,M,45,Enterprise
6551,F,22,Youth
6552,F,31,Premium
6553,F,24,Youth
6554,F,32,Youth
6555,F,60,Youth
6556,M,66,Enterprise
6557,M,26,Premium
6558,F,40,Family
6559,M,36,Premium
6560,M,44,Family
6561,M,28,Premium
6562,M,34,Enterprise
6563,F,24,Youth
6564,M,53,Family
6565,F,23,Youth
6566,F,56,Family
6567,M,30,Youth
6568,M,24,Premium
6569,F,54,Enterprise
6570,F,58,Youth
6571,F,44,Premium
6572,M,64,Premium
6573,M,69,Youth
6574,F,28,Family
6575,M,41,Premium
6576,M,21,Enterprise
6577,M,33,Enterprise
6578,F,28,Enterprise
6579,F,37,Family
6580,F,52,Youth
6581,F,64,Premium
6582,M,54,Youth
6583,F,65,Enterprise
6584,F,21,Family
6585,M,58,Youth
6586,M,27,Premium
6587,F,63,Youth
6588,M,20,Enterprise
6589,F,54,Youth
6590,M,18,Premium
6591,F,68,Family
6592,F,47,Premium
6593,F,33,Premium
6594,M,21,Youth
6595,F,50,Enterprise
6596,F,27,Enterprise
6597,M,34,Premium
6598,M,31,Enterprise
6599,F,58,Family
6600,F,48,Enterprise
6601,F,51,Enterprise
6602,M,67,Enterprise
6603,F,38,Family
6604,M,41,Youth
6605,F,21,Enterprise
6606,F,47,Premium
6607,M,59,Youth
6608,M,21,Enterprise
6609,M,25,Premium
6610,F,32,Family
6611,M,59,Premium
6612,F,32,Family
6613,F,59,Youth
6614,F,41,Premium
6615,M,69,Enterprise
6616,F,19,Youth
6617,F,66,Premium
6618,M,25,Youth
6619,M,18,Youth
6620,M,70,Enterprise
6621,M,55,Family
6622,M,43,Family
6623,M,54,Premium
6624,F,63,Family
6625,F,18,Family
6626,M,27,Youth
6627,F,60,Premium
6628,F,47,Family
6629,F,64,Youth
6630,M,37,Youth
6631,M,49,Family
6632,F,28,Premium
6633,M,24,Enterprise
6634,M,47,Family
6635,F,43,Premium
6636,F,52,Family
6637,M,25,Youth
6638,F,39,Family
6639,F,44,Family
6640,M,22,Enterprise
6641,F,24,Youth
6642,F,44,Premium
6643,F,50,Family
6644,F,38,Family
6645,M,66,Premium
6646,F,64,Enterprise
6647,M,53,Youth
6648,M,60,Youth
6649,F,30,Youth
6650,F,33,Youth
6651,M,32,Enterprise
6652,M,19,Premium
6653,F,28,Family
6654,F,50,Family
6655,M,44,Youth
6656,F,22,Youth
6657,M,55,Premium
6658,F,43,Premium
6659,M,59,Family
6660,M,45,Family
6661,F,27,Youth
6662,F,56,Family
6663,M,38,Enterprise
6664,F,38,Family
6665,M,42,Enterprise
6666,F,59,Premium
6667,M,32,Enterprise
6668,M,65,Premium
6669,M,27,Premium
6670,F,35,Family
6671,M,21,Enterprise
6672,M,51,Premium
6673,F,40,Enterprise
6674,M,69,Enterprise
6675,M,29,Enterprise
6676,F,42,Premium
6677,M,57,Premium
6678,M,49,Premium
6679,F,25,Family
6680,F,36,Youth
6681,M,38,Family
6682,F,55,Premium
6683,F,23,Premium
6684,M,47,Family
6685,M,50,Premium
6686,M,38,Enterprise
6687,F,43,Enterprise
6688,F,20,Enterprise
6689,F,44,Youth
6690,F,63,Premium
6691,F,60,Family
6692,F,54,Youth
6693,M,66,Family
6694,F,34,Premium
6695,M,60,Enterprise
6696,M,40,Youth
6697,M,64,Youth
6698,F,31,Enterprise
6699,F,48,Premium
6700,M,25,Premium
6701,F,44,Youth
6702,F,24,Family
6703,M,63,Premium
6704,M,36,Enterprise
6705,M,47,Premium
6706,F,61,Youth
6707,M,60,Enterprise
6708,F,48,Family
6709,F,27,Family
6710,F,33,Premium
6711,M,46,Family
6712,M,64,Enterprise
6713,M,21,Family
6714,M,61,Youth
6715,M,63,Youth
6716,F,34,Enterprise
6717,F,20,Enterprise
6718,M,22,Family
6719,F,29,Enterprise
6720,M,26,Enterprise
6721,F,53,Premium
6722,M,61,Family
6723,M,51,Youth
6724,F,60,Youth
6725,F,59,Family
6726,M,67,Enterprise
6727,F,54,Enterprise
6728,M,36,Youth
6729,M,41,Enterprise
6730,F,19,Premium
6731,F,48,Family
6732,F,44,Youth
6733,M,47,Family
6734,F,24,Youth
6735,M,58,Enterprise
6736,M,46,Youth
6737,M,52,Enterprise
6738,M,19,Family
6739,F,60,Youth
6740,F,44,Enterprise
6741,F,39,Youth
6742,M,56,Youth
6743,F,64,Premium
6744,F,26,Enterprise
6745,M,63,Enterprise
6746,M,42,Youth
6747,F,53,Family
6748,M,64,Youth
6749,F,47,Premium
6750,M,19,Youth
6751,M,20,Premium
6752,M,54,Enterprise
6753,F,29,Family
6754,M,29,Family
6755,F,63,Premium
6756,F,69,Enterprise
6757,F,36,Enterprise
6758,F,70,Enterprise
6759,M,70,Family
6760,F,29,Premium
6761,M,33,Youth
6762,F,65,Premium
6763,M,69,Youth
6764,F,19,Youth
6765,F,41,Premium
6766,F,40,Enterprise
6767,M,64,Premium
6768,M,31,Enterprise
6769,F,56,Family
6770,M,69,Enterprise
6771,M,58,Family
6772,F,40,Premium
6773,F,69,Enterprise
6774,M,44,Premium
6775,F,32,Premium
6776,M,67,Enterprise
6777,M,63,Enterprise
6778,M,41,Premium
6779,F,30,Enterprise
6780,F,53,Youth
6781,F,39,Premium
6782,F,31,Premium
6783,F,27,Youth
6784,F,23,Premium
6785,F,52,Family
6786,F,33,Enterprise
6787,M,57,Premium
6788,F,44,Family
6789,M,36,Youth
6790,F,43,Premium
6791,F,61,Youth
6792,F,66,Family
6793,M,66,Youth
6794,F,27,Enterprise
6795,F,18,Enterprise
6796,M,67,Family
6797,M,33,Enterprise
6798,F,25,Youth
6799,F,20,Enterprise
6800,M,43,Youth
6801,M,46,Enterprise
6802,M,48,Family
6803,M,61,Premium
6804,F,69,Premium
6805,F,56,Youth
6806,F,67,Family
6807,M,67,Youth
6808,M,46,Youth
6809,F,31,Family
6810,F,24,Enterprise
6811,M,30,Family
6812,F,23,Youth
6813,F,23,Enterprise
6814,F,50,Family
6815,F,24,Premium
6816,M,54,Youth
6817,F,52,Youth
6818,M,22,Youth
6819,F,41,Enterprise
6820,M,51,Youth
6821,M,26,Family
6822,M,51,Premium
6823,F,35,Youth
6824,F,60,Enterprise
6825,M,48,Youth
6826,F,23,Premium
6827,F,69,Enterprise
6828,M,52,Family
6829,F,40,Enterprise
6830,F,70,Family
6831,M,55,Premium
6832,F,21,Youth
6833,F,64,Premium
6834,F,22,Enterprise
6835,M,70,Enterprise
6836,M,25,Family
6837,F,44,Youth
6838,M,62,Premium
6839,M,33,Family
6840,F,65,Family
6841,M,56,Youth
6842,M,29,Premium
6843,M,58,Premium
6844,F,65,Enterprise
6845,M,68,Enterprise
6846,M,38,Youth
6847,F,33,Family
6848,F,30,Youth
6849,M,57,Enterprise
6850,F,61,Enterprise
6851,M,19,Premium
6852,F,46,Youth
6853,F,45,Youth
6854,F,30,Premium
6855,M,37,Family
6856,F,43,Enterprise
6857,M,44,Family
6858,M,41,Premium
6859,M,23,Family
6860,M,61,Premium
6861,F,27,Premium
6862,F,30,Youth
6863,F,51,Family
6864,F,40,Youth
6865,M,26,Premium
6866,F,42,Youth
6867,M,39,Youth
6868,F,47,Family
6869,F,39,Premium
6870,F,68,Family
6871,M,25,Youth
6872,M,62,Enterprise
6873,F,40,Enterprise
6874,M,45,Youth
6875,F,65,Enterprise
6876,F,70,Youth
6877,M,44,Youth
6878,F,30,Premium
6879,M,60,Premium
6880,F,68,Enterprise
6881,M,67,Enterprise
6882,M,36,Youth
6883,M,33,Family
6884,M,36,Youth
6885,F,63,Enterprise
6886,F,29,Premium
6887,F,46,Youth
6888,F,70,Family
6889,M,20,Youth
6890,M,63,Enterprise
6891,F,60,Youth
6892,M,66,Premium
6893,M,46,Youth
6894,M,61,Youth
6895,F,50,Family
6896,F,52,Premium
6897,M,39,Family
6898,M,22,Enterprise
6899,M,64,Family
6900,F,37,Youth
6901,M,24,Enterprise
6902,M,52,Family
6903,M,50,Youth
6904,M,49,Family
6905,M,20,Enterprise
6906,F,35,Enterprise
6907,F,62,Family
6908,M,51,Youth
6909,F,49,Youth
6910,F,36,Youth
6911,F,36,Premium
6912,F,34,Family
6913,M,24,Enterprise
6914,M,67,Family
6915,M,34,Premium
6916,M,37,Youth
6917,M,23,Youth
6918,M,52,Family
6919,F,50,Enterprise
6920,M,45,Premium
6921,M,70,Enterprise
6922,M,43,Enterprise
6923,M,33,Youth
6924,F,59,Youth
6925,F,45,Enterprise
6926,M,58,Enterprise
6927,F,63,Family
6928,F,52,Family
6929,M,70,Youth
6930,M,27,Family
6931,M,44,Family
6932,M,28,Enterprise
6933,M,66,Family
6934,F,40,Premium
6935,M,37,Family
6936,F,24,Premium
6937,M,54,Family
6938,M,31,Youth
6939,M,42,Premium
6940,F,56,Family
6941,F,67,Enterprise
6942,M,65,Family
6943,F,58,Family
6944,M,38,Family
6945,F,29,Youth
6946,F,33,Premium
6947,M,40,Enterprise
6948,M,69,Enterprise
6949,F,53,Premium
6950,F,36,Premium
6951,F,34,Enterprise
6952,F,29,Youth
6953,M,42,Premium
6954,M,37,Premium
6955,F,67,Family
6956,F,52,Premium
6957,F,61,Youth
6958,F,62,Youth
6959,F,25,Family
6960,F,37,Family
6961,F,30,Youth
6962,F,49,Family
6963,F,70,Enterprise
6964,M,62,Enterprise
6965,F,22,Premium
6966,M,24,Premium
6967,F,43,Family
6968,F,63,Family
6969,F,56,Family
6970,M,53,Youth
6971,F,67,Family
6972,M,65,Youth
6973,M,37,Enterprise
6974,M,65,Enterprise
6975,F,59,Youth
6976,F,35,Enterprise
6977,M,34,Enterprise
6978,F,29,Premium
6979,M,48,Youth
6980,F,43,Family
6981,M,23,Youth
6982,F,66,Youth
6983,F,43,Enterprise
6984,M,31,Youth
6985,F,39,Premium
6986,F,51,Family
6987,M,36,Family
6988,M,49,Enterprise
6989,F,25,Youth
6990,F,58,Youth
6991,F,41,Family
6992,F,29,Family
6993,M,54,Premium
6994,F,43,Enterprise
6995,F,23,Youth
6996,F,35,Youth
6997,M,34,Enterprise
6998,F,56,Premium
6999,F,34,Family
7000,F,52,Family
7001,M,44,Enterprise
7002,M,24,Family
7003,F,34,Youth
7004,F,28,Youth
7005,F,26,Premium
7006,F,50,Family
7007,M,27,Enterprise
7008,F,21,Premium
7009,M,25,Premium
7010,M,58,Youth
7011,F,23,Youth
7012,M,63,Family
7013,F,40,Premium
7014,M,56,Youth
7015,M,46,Enterprise
7016,F,59,Premium
7017,F,21,Family
7018,F,67,Enterprise
7019,M,69,Youth
7020,F,29,Enterprise
7021,F,50,Youth
7022,M,37,Family
7023,F,66,Youth
7024,M,37,Family
7025,F,60,Enterprise
7026,F,59,Family
7027,M,27,Youth
7028,F,33,Family
7029,F,63,Youth
7030,M,43,Premium
7031,M,34,Family
7032,F,20,Youth
7033,F,47,Family
7034,F,36,Youth
7035,F,55,Youth
7036,F,42,Youth
7037,M,50,Youth
7038,F,36,Youth
7039,M,60,Enterprise
7040,M,32,Enterprise
7041,M,43,Premium
7042,F,39,Enterprise
7043,F,25,Youth
7044,M,47,Youth
7045,F,51,Youth
7046,M,52,Youth
7047,F,43,Family
7048,F,53,Family
7049,F,27,Enterprise
7050,F,50,Premium
7051,F,51,Youth
7052,M,24,Youth
7053,F,62,Youth
7054,F,29,Enterprise
7055,F,65,Premium
7056,M,68,Youth
7057,M,68,Premium
7058,F,63,Family
7059,M,68,Enterprise
7060,F,41,Family
7061,F,33,Enterprise
7062,F,67,Premium
7063,M,31,Family
7064,M,60,Premium
7065,F,64,Enterprise
7066,M,50,Premium
7067,M,47,Youth
7068,F,57,Family
7069,M,53,Enterprise
7070,M,59,Premium
7071,M,44,Youth
7072,M,51,Youth
7073,F,28,Youth
7074,F,28,Youth
7075,F,42,Enterprise
7076,F,37,Premium
7077,M,62,Premium
7078,F,52,Family
7079,M,35,Family
7080,F,41,Premium
7081,F,21,Youth
7082,M,35,Enterprise
7083,F,42,Family
7084,M,18,Family
7085,F,62,Premium
7086,F,36,Youth
7087,M,33,Family
7088,M,39,Enterprise
7089,F,63,Premium
7090,M,26,Youth
7091,M,61,Enterprise
7092,F,61,Enterprise
7093,F,37,Family
7094,F,27,Youth
7095,M,34,Youth
7096,F,68,Premium
7097,F,60,Youth
7098,M,36,Premium
7099,M,32,Family
7100,M,21,Youth
7101,M,57,Enterprise
7102,F,66,Family
7103,F,33,Premium
7104,F,61,Enterprise
7105,F,65,Family
7106,F,30,Premium
7107,M,70,Youth
7108,F,26,Family
7109,M,62,Premium
7110,F,65,Family
7111,M,55,Family
7112,M,38,Premium
7113,M,64,Youth
7114,M,24,Enterprise
7115,M,47,Family
7116,F,33,Family
7117,F,21,Youth
7118,F,57,Youth
7119,F,46,Premium
7120,F,30,Premium
7121,M,37,Enterprise
7122,M,69,Enterprise
7123,F,61,Family
7124,M,44,Enterprise
7125,M,67,Youth
7126,F,34,Youth
7127,M,29,Youth
7128,F,62,Premium
7129,M,37,Youth
7130,M,67,Family
7131,M,49,Premium
7132,F,44,Premium
7133,M,54,Family
7134,M,51,Family
7135,F,29,Premium
7136,M,18,Enterprise
7137,M,43,Family
7138,M,44,Premium
7139,M,70,Family
7140,M,61,Youth
7141,M,62,Family
7142,F,38,Premium
7143,M,69,Enterprise
7144,M,21,Youth
7145,M,51,Enterprise
7146,M,51,Youth
7147,F,38,Youth
7148,M,33,Enterprise
7149,F,43,Enterprise
7150,M,51,Enterprise
7151,M,22,Premium
7152,M,48,Premium
7153,F,52,Family
7154,F,45,Youth
7155,M,29,Youth
7156,F,36,Family
7157,M,43,Youth
7158,F,31,Enterprise
7159,F,53,Youth
7160,F,51,Enterprise
7161,M,60,Enterprise
7162,F,52,Youth
7163,F,35,Enterprise
7164,M,42,Family
7165,M,36,Youth
7166,M,52,Enterprise
7167,M,66,Family
7168,F,29,Premium
7169,F,45,Enterprise
7170,M,33,Enterprise
7171,M,54,Enterprise
7172,M,19,Family
7173,M,55,Youth
7174,F,25,Family
7175,M,33,Youth
7176,F,54,Family
7177,M,18,Youth
7178,M,61,Youth
7179,F,54,Family
7180,M,33,Premium
7181,M,21,Premium
7182,F,22,Premium
7183,M,25,Enterprise
7184,M,27,Premium
7185,M,33,Enterprise
7186,F,24,Family
7187,M,26,Enterprise
7188,F,41,Youth
7189,F,48,Family
7190,F,47,Youth
7191,F,51,Enterprise
7192,F,40,Premium
7193,F,49,Family
7194,M,54,Youth
7195,F,25,Family
7196,F,51,Enterprise
7197,F,60,Premium
7198,F,67,Family
7199,M,51,Premium
7200,F,31,Family
7201,F,19,Premium
7202,M,31,Family
7203,F,41,Youth
7204,F,36,Youth
7205,M,62,Premium
7206,M,64,Premium
7207,F,45,Youth
7208,M,56,Youth
7209,M,52,Enterprise
7210,F,20,Enterprise
7211,F,45,Enterprise
7212,F,50,Enterprise
7213,M,20,Enterprise
7214,M,57,Youth
7215,F,31,Enterprise
7216,M,68,Enterprise
7217,F,22,Youth
7218,F,35,Premium
7219,M,56,Premium
7220,F,52,Youth
7221,M,56,Family
7222,F,58,Premium
7223,M,58,Family
7224,F,41,Family
7225,M,25,Enterprise
7226,M,28,Enterprise
7227,M,64,Youth
7228,F,59,Youth
7229,F,50,Enterprise
7230,F,56,Youth
7231,M,19,Family
7232,F,27,Enterprise
7233,F,48,Youth
7234,F,49,Premium
7235,F,20,Youth
7236,F,21,Family
7237,M,37,Family
7238,F,56,Youth
7239,M,47,Enterprise
7240,F,40,Family
7241,F,32,Premium
7242,M,23,Family
7243,F,41,Family
7244,M,55,Youth
7245,F,56,Enterprise
7246,F,29,Premium
7247,M,56,Premium
7248,F,33,Premium
7249,F,65,Family
7250,M,44,Enterprise
7251,F,30,Youth
7252,F,32,Youth
7253,M,25,Enterprise
7254,F,20,Enterprise
7255,M,61,Premium
7256,F,38,Family
7257,F,54,Premium
7258,F,26,Family
7259,M,22,Premium
7260,M,43,Youth
7261,F,64,Youth
7262,M,56,Family
7263,F,29,Premium
7264,M,19,Enterprise
7265,F,31,Enterprise
7266,M,25,Family
7267,M,53,Youth
7268,M,64,Youth
7269,M,24,Family
7270,M,68,Premium
7271,F,53,Youth
7272,M,19,Family
7273,M,28,Enterprise
7274,M,27,Enterprise
7275,F,45,Premium
7276,M,60,Family
7277,F,57,Youth
7278,M,57,Enterprise
7279,M,24,Family
7280,F,19,Enterprise
7281,M,60,Enterprise
7282,M,36,Family
7283,M,69,Family
7284,F,61,Enterprise
7285,M,45,Enterprise
7286,F,60,Enterprise
7287,M,46,Enterprise
7288,M,34,Family
7289,F,54,Enterprise
7290,M,66,Enterprise
7291,M,63,Youth
7292,F,29,Enterprise
7293,M,20,Family
7294,F,22,Enterprise
7295,M,37,Premium
7296,F,53,Family
7297,F,43,Family
7298,F,62,Family
7299,M,62,Family
7300,F,55,Youth
7301,F,54,Family
7302,F,24,Family
7303,F,58,Premium
7304,M,68,Premium
7305,M,34,Enterprise
7306,M,47,Enterprise
7307,M,20,Premium
7308,F,68,Youth
7309,F,33,Youth
7310,M,58,Family
7311,M,60,Enterprise
7312,F,64,Enterprise
7313,M,22,Enterprise
7314,F,24,Enterprise
7315,M,18,Enterprise
7316,F,61,Family
7317,F,52,Family
7318,M,34,Family
7319,M,52,Youth
7320,F,32,Enterprise
7321,F,56,Family
7322,F,34,Enterprise
7323,M,28,Enterprise
7324,F,27,Premium
7325,F,46,Youth
7326,F,46,Youth
7327,F,64,Family
7328,F,28,Youth
7329,M,54,Premium
7330,F,53,Enterprise
7331,F,42,Enterprise
7332,F,18,Family
7333,M,59,Family
7334,F,34,Enterprise
7335,F,35,Enterprise
7336,F,51,Family
7337,M,19,Youth
7338,M,49,Enterprise
7339,F,62,Youth
7340,M,57,Premium
7341,M,56,Premium
7342,M,25,Youth
7343,M,47,Family
7344,M,55,Enterprise
7345,F,24,Youth
7346,F,64,Youth
7347,F,39,Enterprise
7348,F,51,Premium
7349,M,42,Enterprise
7350,F,47,Youth
7351,M,44,Premium
7352,M,44,Youth
7353,F,67,Premium
7354,M,68,Enterprise
7355,F,19,Premium
7356,M,57,Enterprise
7357,F,56,Family
7358,M,19,Enterprise
7359,M,38,Enterprise
7360,M,63,Family
7361,M,39,Enterprise
7362,M,57,Family
7363,M,27,Family
7364,M,18,Youth
7365,F,32,Youth
7366,F,70,Enterprise
7367,F,35,Enterprise
7368,M,19,Premium
7369,M,32,Enterprise
7370,M,25,Premium
7371,F,46,Premium
7372,M,44,Enterprise
7373,F,19,Enterprise
7374,F,60,Enterprise
7375,F,35,Youth
7376,F,31,Enterprise
7377,M,20,Family
7378,F,69,Enterprise
7379,F,20,Enterprise
7380,F,61,Premium
7381,M,57,Family
7382,M,59,Family
7383,M,67,Premium
7384,F,32,Enterprise
7385,M,68,Youth
7386,M,26,Enterprise
7387,F,43,Family
7388,M,32,Enterprise
7389,F,33,Premium
7390,F,21,Family
7391,M,33,Youth
7392,F,47,Youth
7393,M,55,Family
7394,F,57,Enterprise
7395,M,68,Youth
7396,F,34,Family
7397,M,41,Premium
7398,M,41,Enterprise
7399,M,45,Family
7400,F,20,Enterprise
7401,M,32,Youth
7402,F,68,Premium
7403,M,32,Youth
7404,M,34,Youth
7405,F,39,Premium
7406,F,46,Enterprise
7407,M,38,Family
7408,F,39,Enterprise
7409,M,50,Enterprise
7410,M,61,Enterprise
7411,F,30,Premium
7412,M,22,Family
7413,M,59,Youth
7414,F,53,Youth
7415,F,67,Premium
7416,M,23,Enterprise
7417,M,38,Premium
7418,M,43,Enterprise
7419,M,19,Family
7420,M,35,Youth
7421,M,48,Youth
7422,F,29,Youth
7423,M,36,Youth
7424,M,26,Enterprise
7425,F,36,Enterprise
7426,F,62,Premium
7427,M,32,Premium
7428,M,37,Family
7429,M,60,Youth
7430,F,54,Premium
7431,F,62,Enterprise
7432,M,70,Premium
7433,M,41,Youth
7434,M,28,Family
7435,M,45,Premium
7436,M,26,Youth
7437,F,41,Enterprise
7438,F,50,Youth
7439,F,63,Premium
7440,M,19,Enterprise
7441,F,46,Enterprise
7442,F,62,Premium
7443,F,63,Family
7444,F,61,Enterprise
7445,F,51,Premium
7446,M,56,Youth
7447,F,21,Family
7448,F,23,Family
7449,M,22,Premium
7450,M,45,Enterprise
7451,F,59,Enterprise
7452,M,29,Youth
7453,F,63,Premium
7454,F,65,Family
7455,F,60,Enterprise
7456,F,55,Premium
7457,M,50,Family
7458,F,59,Enterprise
7459,M,54,Premium
7460,F,42,Premium
7461,F,30,Youth
7462,F,36,Premium
7463,F,32,Youth
7464,M,47,Enterprise
7465,F,46,Enterprise
7466,M,24,Family
7467,M,59,Enterprise
7468,M,40,Premium
7469,M,31,Enterprise
7470,M,18,Youth
7471,M,67,Enterprise
7472,F,21,Family
7473,F,18,Premium
7474,F,51,Youth
7475,M,46,Family
7476,F,32,Family
7477,F,31,Family
7478,M,24,Family
7479,F,29,Family
7480,F,36,Enterprise
7481,F,69,Youth
7482,F,53,Youth
7483,F,28,Youth
7484,F,24,Premium
7485,F,37,Family
7486,M,60,Enterprise
7487,M,18,Enterprise
7488,F,46,Premium
7489,F,43,Enterprise
7490,F,34,Premium
7491,F,34,Premium
7492,F,38,Youth
7493,F,60,Enterprise
7494,M,36,Family
7495,F,34,Enterprise
7496,M,23,Enterprise
7497,M,18,Youth
7498,F,66,Enterprise
7499,M,48,Family
7500,F,61,Premium
7501,F,55,Enterprise
7502,F,63,Enterprise
7503,F,55,Youth
7504,F,44,Family
7505,M,55,Youth
7506,M,63,Premium
7507,M,19,Family
7508,F,38,Enterprise
7509,F,61,Youth
7510,F,62,Enterprise
7511,F,33,Enterprise
7512,M,25,Enterprise
7513,F,31,Youth
7514,M,28,Family
7515,F,51,Family
7516,F,57,Premium
7517,M,61,Family
7518,F,58,Enterprise
7519,F,24,Premium
7520,F,26,Youth
7521,F,67,Youth
7522,M,26,Youth
7523,M,49,Family
7524,F,50,Enterprise
7525,F,31,Enterprise
7526,M,69,Youth
7527,F,58,Enterprise
7528,F,62,Premium
7529,F,66,Premium
7530,M,54,Enterprise
7531,M,69,Premium
7532,M,65,Enterprise
7533,F,18,Youth
7534,M,49,Family
7535,M,59,Family
7536,M,36,Enterprise
7537,F,51,Premium
7538,F,54,Premium
7539,F,36,Premium
7540,F,44,Enterprise
7541,F,66,Premium
7542,M,36,Premium
7543,M,52,Youth
7544,M,70,Enterprise
7545,M,62,Youth
7546,F,61,Family
7547,M,30,Family
7548,M,27,Family
7549,F,51,Enterprise
7550,F,21,Youth
7551,F,49,Family
7552,M,57,Family
7553,M,19,Youth
7554,M,68,Youth
7555,F,68,Family
7556,M,53,Premium
7557,M,58,Family
7558,M,48,Family
7559,M,59,Family
7560,F,62,Youth
7561,M,68,Premium
7562,F,31,Youth
7563,F,34,Premium
7564,F,33,Youth
7565,M,57,Premium
7566,M,59,Enterprise
7567,F,18,Enterprise
7568,M,70,Enterprise
7569,F,27,Enterprise
7570,F,55,Youth
7571,M,49,Premium
7572,F,23,Family
7573,M,53,Family
7574,M,25,Enterprise
7575,F,20,Youth
7576,M,63,Youth
7577,F,34,Family
7578,F,65,Youth
7579,F,47,Enterprise
7580,F,27,Enterprise
7581,F,34,Youth
7582,M,37,Premium
7583,F,65,Family
7584,F,21,Premium
7585,F,38,Family
7586,M,39,Enterprise
7587,M,61,Family
7588,F,64,Premium
7589,M,52,Youth
7590,M,29,Premium
7591,M,48,Family
7592,F,39,Youth
7593,M,55,Youth
7594,M,45,Youth
7595,M,48,Premium
7596,M,19,Family
7597,M,63,Youth
7598,M,55,Youth
7599,F,20,Youth
7600,F,49,Family
7601,F,62,Enterprise
7602,F,69,Family
7603,F,55,Youth
7604,F,29,Premium
7605,F,46,Youth
7606,F,66,Premium
7607,M,48,Family
7608,F,30,Enterprise
7609,F,32,Family
7610,M,41,Family
7611,M,59,Family
7612,M,32,Premium
7613,M,38,Premium
7614,F,49,Youth
7615,F,44,Family
7616,M,27,Youth
7617,M,24,Enterprise
7618,M,62,Premium
7619,M,37,Family
7620,F,38,Youth
7621,M,20,Premium
7622,M,41,Premium
7623,M,27,Family
7624,F,30,Family
7625,M,50,Enterprise
7626,F,35,Youth
7627,F,58,Premium
7628,M,64,Family
7629,F,52,Youth
7630,F,33,Youth
7631,F,25,Youth
7632,F,50,Premium
7633,F,36,Premium
7634,M,44,Youth
7635,M,66,Youth
7636,F,41,Family
7637,F,35,Family
7638,F,63,Premium
7639,F,40,Enterprise
7640,F,46,Family
7641,F,44,Family
7642,M,55,Enterprise
7643,F,29,Premium
7644,F,54,Enterprise
7645,F,18,Family
7646,F,27,Youth
7647,M,22,Premium
7648,M,45,Family
7649,M,60,Family
7650,M,33,Family
7651,F,32,Family
7652,F,51,Premium
7653,F,51,Family
7654,F,33,Family
7655,F,65,Premium
7656,M,53,Premium
7657,F,34,Premium
7658,F,53,Enterprise
7659,M,37,Premium
7660,F,55,Premium
7661,M,65,Family
7662,M,28,Youth
7663,F,51,Youth
7664,F,49,Family
7665,F,51,Family
7666,F,52,Enterprise
7667,M,29,Family
7668,F,27,Youth
7669,F,55,Youth
7670,M,31,Enterprise
7671,F,58,Enterprise
7672,F,52,Enterprise
7673,M,66,Enterprise
7674,M,26,Premium
7675,F,54,Youth
7676,M,39,Youth
7677,F,19,Enterprise
7678,F,22,Premium
7679,M,34,Enterprise
7680,F,26,Family
7681,M,22,Enterprise
7682,F,55,Enterprise
7683,M,45,Family
7684,F,55,Premium
7685,M,29,Enterprise
7686,F,61,Family
7687,M,65,Family
7688,M,52,Youth
7689,F,24,Family
7690,F,58,Premium
7691,M,25,Premium
7692,F,70,Enterprise
7693,F,39,Enterprise
7694,M,22,Youth
7695,F,67,Premium
7696,F,32,Family
7697,F,70,Family
7698,F,57,Premium
7699,F,19,Youth
7700,F,30,Enterprise
7701,M,37,Enterprise
7702,M,32,Youth
7703,F,47,Premium
7704,F,40,Family
7705,M,70,Premium
7706,M,18,Premium
7707,M,25,Premium
7708,F,32,Premium
7709,M,61,Youth
7710,F,50,Family
7711,M,56,Enterprise
7712,F,68,Youth
7713,M,66,Premium
7714,F,32,Family
7715,M,55,Enterprise
7716,M,37,Enterprise
7717,F,28,Family
7718,F,68,Family
7719,M,48,Enterprise
7720,M,32,Youth
7721,M,53,Premium
7722,F,62,Premium
7723,M,61,Enterprise
7724,M,26,Youth
7725,M,69,Youth
7726,F,46,Youth
7727,M,63,Premium
7728,F,51,Family
7729,F,34,Family
7730,F,26,Family
7731,M,22,Enterprise
7732,M,34,Family
7733,M,32,Youth
7734,F,29,Premium
7735,M,53,Enterprise
7736,M,57,Youth
7737,M,46,Youth
7738,M,34,Family
7739,M,36,Premium
7740,F,29,Premium
7741,F,25,Family
7742,F,36,Family
7743,F,43,Youth
7744,F,56,Enterprise
7745,F,47,Family
7746,F,67,Youth
7747,F,34,Family
7748,M,37,Enterprise
7749,F,21,Family
7750,F,62,Premium
7751,M,25,Enterprise
7752,M,37,Youth
7753,F,42,Premium
7754,F,70,Premium
7755,F,52,Family
7756,M,48,Family
7757,M,69,Premium
7758,F,30,Youth
7759,F,22,Enterprise
7760,F,35,Premium
7761,F,18,Youth
7762,M,21,Family
7763,F,31,Enterprise
7764,M,52,Premium
7765,M,59,Youth
7766,F,69,Family
7767,M,65,Enterprise
7768,M,63,Family
7769,F,60,Premium
7770,F,41,Family
7771,M,33,Youth
7772,F,61,Youth
7773,M,58,Youth
7774,M,25,Premium
7775,M,35,Enterprise
7776,F,42,Premium
7777,M,27,Family
7778,M,29,Enterprise
7779,M,30,Premium
7780,M,70,Family
7781,M,33,Premium
7782,F,64,Family
7783,M,56,Family
7784,M,40,Enterprise
7785,M,25,Premium
7786,M,54,Premium
7787,M,55,Family
7788,F,55,Premium
7789,F,53,Family
7790,M,32,Family
7791,F,35,Premium
7792,F,55,Enterprise
7793,F,60,Enterprise
7794,M,46,Youth
7795,F,57,Youth
7796,F,47,Enterprise
7797,M,58,Enterprise
7798,F,35,Enterprise
7799,F,42,Youth
7800,F,64,Youth
7801,F,42,Premium
7802,F,47,Family
7803,M,48,Enterprise
7804,M,67,Enterprise
7805,F,55,Youth
7806,M,52,Premium
7807,F,31,Youth
7808,F,70,Premium
7809,M,18,Enterprise
7810,F,33,Youth
7811,M,28,Family
7812,F,26,Youth
7813,F,29,Youth
7814,M,69,Premium
7815,M,19,Youth
7816,M,65,Youth
7817,F,53,Enterprise
7818,M,38,Enterprise
7819,M,60,Premium
7820,F,42,Premium
7821,F,65,Premium
7822,M,25,Premium
7823,F,50,Enterprise
7824,M,64,Enterprise
7825,F,50,Enterprise
7826,M,29,Premium
7827,M,35,Youth
7828,F,43,Youth
7829,M,66,Family
7830,M,27,Enterprise
7831,M,57,Enterprise
7832,M,48,Family
7833,F,18,Premium
7834,M,30,Premium
7835,M,42,Enterprise
7836,F,60,Enterprise
7837,F,22,Youth
7838,F,24,Youth
7839,F,55,Enterprise
7840,F,39,Youth
7841,F,45,Youth
7842,F,47,Family
7843,M,48,Youth
7844,M,21,Family
7845,F,46,Premium
7846,F,37,Enterprise
7847,M,63,Youth
7848,M,31,Premium
7849,F,37,Enterprise
7850,F,63,Premium
7851,M,43,Enterprise
7852,M,18,Youth
7853,M,50,Youth
7854,M,44,Family
7855,F,62,Enterprise
7856,F,46,Youth
7857,F,51,Youth
7858,F,69,Premium
7859,F,67,Youth
7860,M,42,Premium
7861,M,46,Youth
7862,M,44,Enterprise
7863,M,20,Family
7864,F,49,Premium
7865,M,69,Premium
7866,F,62,Premium
7867,M,18,Youth
7868,F,46,Enterprise
7869,F,48,Youth
7870,F,59,Youth
7871,F,62,Family
7872,F,20,Enterprise
7873,F,28,Youth
7874,F,31,Youth
7875,F,30,Family
7876,F,47,Family
7877,F,38,Enterprise
7878,F,50,Youth
7879,M,57,Enterprise
7880,M,66,Family
7881,M,30,Enterprise
7882,F,54,Enterprise
7883,F,69,Youth
7884,M,42,Family
7885,M,66,Youth
7886,F,38,Enterprise
7887,M,58,Youth
7888,F,67,Family
7889,M,65,Enterprise
7890,F,67,Premium
7891,F,69,Enterprise
7892,M,58,Family
7893,F,19,Youth
7894,F,48,Premium
7895,F,68,Premium
7896,F,56,Premium
7897,F,29,Enterprise
7898,M,63,Youth
7899,M,48,Family
7900,F,58,Enterprise
7901,F,68,Enterprise
7902,F,42,Youth
7903,M,67,Youth
7904,M,62,Premium
7905,M,54,Youth
7906,M,45,Youth
7907,M,67,Youth
7908,F,45,Premium
7909,F,21,Family
7910,M,39,Enterprise
7911,F,38,Family
7912,M,22,Premium
7913,M,30,Enterprise
7914,M,26,Youth
7915,F,47,Premium
7916,F,52,Premium
7917,M,39,Enterprise
7918,F,47,Youth
7919,F,34,Premium
7920,M,37,Enterprise
7921,M,68,Youth
7922,M,24,Premium
7923,F,56,Youth
7924,F,60,Youth
7925,F,62,Youth
7926,F,60,Enterprise
7927,F,27,Family
7928,F,27,Premium
7929,M,27,Premium
7930,F,43,Youth
7931,M,20,Family
7932,F,34,Family
7933,M,23,Youth
7934,F,41,Family
7935,F,64,Family
7936,F,19,Premium
7937,M,42,Premium
7938,F,52,Enterprise
7939,F,24,Premium
7940,F,49,Youth
7941,M,59,Enterprise
7942,M,43,Enterprise
7943,M,32,Family
7944,F,50,Family
7945,M,28,Family
7946,M,41,Enterprise
7947,M,41,Family
7948,F,59,Family
7949,M,38,Family
7950,M,60,Enterprise
7951,F,26,Premium
7952,F,61,Family
7953,F,38,Enterprise
7954,M,28,Premium
7955,F,35,Premium
7956,M,58,Premium
7957,F,64,Youth
7958,F,67,Enterprise
7959,F,57,Enterprise
7960,M,48,Premium
7961,F,33,Youth
7962,M,31,Family
7963,F,19,Enterprise
7964,M,60,Premium
7965,M,36,Youth
7966,M,32,Youth
7967,F,38,Youth
7968,M,42,Enterprise
7969,M,40,Family
7970,F,35,Premium
7971,M,21,Youth
7972,F,54,Premium
7973,M,28,Premium
7974,M,31,Enterprise
7975,M,19,Family
7976,M,20,Youth
7977,F,21,Family
7978,F,48,Youth
7979,F,20,Family
7980,F,21,Youth
7981,F,44,Premium
7982,M,27,Premium
7983,F,67,Enterprise
7984,F,49,Premium
7985,F,29,Youth
7986,M,30,Enterprise
7987,M,68,Youth
7988,F,26,Premium
7989,F,65,Premium
7990,F,27,Premium
7991,F,45,Youth
7992,F,38,Family
7993,M,35,Family
7994,F,29,Enterprise
7995,M,18,Premium
7996,M,48,Enterprise
7997,F,40,Youth
7998,M,57,Youth
7999,F,50,Family
8000,F,59,Youth
8001,M,70,Premium
8002,M,24,Enterprise
8003,M,19,Enterprise
8004,F,42,Enterprise
8005,M,19,Youth
8006,M,40,Family
8007,M,24,Youth
8008,M,31,Family
8009,F,52,Premium
8010,F,39,Youth
8011,M,64,Enterprise
8012,M,69,Youth
8013,M,56,Premium
8014,F,60,Premium
8015,F,44,Premium
8016,F,24,Premium
8017,F,28,Family
8018,F,54,Youth
8019,M,54,Enterprise
8020,F,47,Premium
8021,M,51,Family
8022,M,46,Youth
8023,M,31,Enterprise
8024,F,41,Enterprise
8025,F,32,Premium
8026,F,23,Enterprise
8027,M,49,Premium
8028,M,36,Premium
8029,F,61,Premium
8030,F,68,Premium
8031,F,58,Enterprise
8032,M,60,Premium
8033,M,46,Enterprise
8034,M,47,Family
8035,M,56,Premium
8036,M,56,Youth
8037,M,61,Enterprise
8038,M,41,Enterprise
8039,M,66,Premium
8040,M,45,Premium
8041,F,47,Youth
8042,M,26,Family
8043,M,48,Family
8044,M,57,Premium
8045,F,35,Enterprise
8046,M,53,Premium
8047,F,23,Family
8048,F,47,Enterprise
8049,F,37,Premium
8050,M,40,Premium
8051,F,66,Youth
8052,M,64,Family
8053,M,38,Youth
8054,M,53,Youth
8055,M,33,Youth
8056,M,53,Family
8057,F,31,Family
8058,F,24,Family
8059,M,54,Premium
8060,F,29,Enterprise
8061,F,31,Family
8062,F,59,Premium
8063,M,54,Youth
8064,M,58,Youth
8065,F,68,Premium
8066,F,32,Family
8067,F,34,Family
8068,F,52,Enterprise
8069,M,69,Family
8070,M,48,Premium
8071,M,60,Premium
8072,F,41,Enterprise
8073,F,66,Enterprise
8074,M,47,Family
8075,M,28,Enterprise
8076,F,24,Enterprise
8077,M,58,Family
8078,F,20,Enterprise
8079,F,58,Premium
8080,M,39,Premium
8081,F,23,Enterprise
8082,F,29,Family
8083,F,66,Premium
8084,M,66,Premium
8085,F,64,Youth
8086,M,43,Family
8087,M,64,Family
8088,F,63,Youth
8089,F,48,Youth
8090,F,51,Enterprise
8091,M,63,Youth
8092,M,54,Family
8093,M,53,Family
8094,M,20,Youth
8095,M,49,Youth
8096,M,39,Premium
8097,M,56,Premium
8098,M,38,Premium
8099,M,45,Family
8100,F,22,Enterprise
8101,M,70,Youth
8102,M,54,Enterprise
8103,M,43,Enterprise
8104,M,36,Youth
8105,M,21,Family
8106,F,43,Youth
8107,M,62,Enterprise
8108,M,45,Premium
8109,M,42,Family
8110,F,31,Enterprise
8111,F,43,Premium
8112,F,19,Premium
8113,F,70,Enterprise
8114,F,18,Premium
8115,F,35,Family
8116,F,42,Youth
8117,F,36,Youth
8118,F,40,Enterprise
8119,M,25,Youth
8120,M,62,Premium
8121,M,63,Youth
8122,M,54,Youth
8123,M,62,Premium
8124,M,51,Enterprise
8125,F,39,Youth
8126,F,63,Premium
8127,F,61,Family
8128,F,41,Premium
8129,M,65,Enterprise
8130,M,64,Family
8131,M,48,Enterprise
8132,M,53,Premium
8133,M,45,Youth
8134,M,55,Enterprise
8135,F,32,Enterprise
8136,F,60,Premium
8137,M,25,Enterprise
8138,F,58,Family
8139,F,43,Youth
8140,M,41,Youth
8141,M,21,Youth
8142,M,67,Enterprise
8143,M,52,Premium
8144,F,35,Premium
8145,M,57,Enterprise
8146,F,18,Family
8147,F,48,Youth
8148,F,33,Youth
8149,M,57,Premium
8150,M,35,Family
8151,F,42,Family
8152,F,18,Enterprise
8153,F,66,Premium
8154,M,41,Family
8155,M,54,Youth
8156,F,61,Youth
8157,M,37,Family
8158,F,68,Family
8159,F,22,Premium
8160,M,29,Youth
8161,F,54,Premium
8162,M,40,Enterprise
8163,F,50,Enterprise
8164,M,52,Family
8165,F,50,Enterprise
8166,F,36,Enterprise
8167,F,24,Family
8168,M,70,Enterprise
8169,F,48,Premium
8170,M,63,Family
8171,M,24,Premium
8172,F,63,Youth
8173,M,65,Youth
8174,F,34,Family
8175,F,19,Family
8176,F,64,Premium
8177,M,21,Family
8178,M,35,Family
8179,F,54,Family
8180,F,43,Family
8181,M,54,Premium
8182,F,44,Enterprise
8183,F,30,Youth
8184,M,46,Enterprise
8185,F,29,Youth
8186,F,41,Enterprise
8187,F,46,Enterprise
8188,M,22,Enterprise
8189,F,53,Enterprise
8190,M,55,Family
8191,M,25,Premium
8192,M,49,Family
8193,F,40,Premium
8194,M,24,Youth
8195,F,25,Enterprise
8196,M,56,Youth
8197,M,66,Youth
8198,F,47,Enterprise
8199,F,26,Youth
8200,M,61,Enterprise
8201,M,62,Youth
8202,F,35,Premium
8203,F,19,Youth
8204,F,59,Premium
8205,F,24,Youth
8206,M,55,Family
8207,M,68,Family
8208,M,20,Enterprise
8209,F,59,Family
8210,M,45,Premium
8211,M,39,Family
8212,M,29,Premium
8213,F,51,Family
8214,M,32,Enterprise
8215,M,28,Enterprise
8216,M,70,Family
8217,F,41,Youth
8218,F,37,Family
8219,M,22,Premium
8220,M,44,Youth
8221,M,62,Youth
8222,M,42,Enterprise
8223,F,46,Premium
8224,F,60,Premium
8225,F,61,Enterprise
8226,F,32,Enterprise
8227,F,49,Premium
8228,M,65,Youth
8229,M,57,Youth
8230,M,25,Premium
8231,M,46,Youth
8232,F,21,Enterprise
8233,M,49,Premium
8234,M,47,Family
8235,F,68,Enterprise
8236,M,28,Youth
8237,M,22,Youth
8238,M,37,Youth
8239,F,38,Family
8240,F,68,Family
8241,M,64,Family
8242,M,57,Enterprise
8243,F,66,Youth
8244,F,43,Youth
8245,M,18,Youth
8246,F,66,Enterprise
8247,F,55,Enterprise
8248,F,19,Family
8249,M,36,Youth
8250,M,50,Family
8251,F,41,Family
8252,M,68,Premium
8253,M,51,Premium
8254,F,40,Premium
8255,M,61,Enterprise
8256,M,54,Family
8257,F,40,Enterprise
8258,M,56,Premium
8259,F,65,Family
8260,M,35,Family
8261,M,48,Family
8262,F,24,Family
8263,M,58,Enterprise
8264,M,43,Premium
8265,M,38,Premium
8266,F,56,Family
8267,F,59,Enterprise
8268,F,31,Premium
8269,F,55,Family
8270,M,61,Enterprise
8271,F,18,Premium
8272,F,70,Premium
8273,M,51,Youth
8274,M,32,Family
8275,F,63,Premium
8276,F,54,Premium
8277,F,39,Family
8278,M,67,Enterprise
8279,F,63,Youth
8280,F,68,Youth
8281,F,34,Family
8282,M,63,Youth
8283,F,24,Enterprise
8284,M,53,Family
8285,F,49,Family
8286,M,52,Youth
8287,M,48,Family
8288,F,48,Youth
8289,F,35,Premium
8290,F,66,Enterprise
8291,F,65,Enterprise
8292,M,59,Premium
8293,M,28,Youth
8294,M,39,Premium
8295,M,36,Family
8296,M,46,Family
8297,M,27,Premium
8298,F,30,Enterprise
8299,M,37,Premium
8300,M,52,Premium
8301,F,68,Enterprise
8302,F,18,Premium
8303,F,52,Youth
8304,F,53,Premium
8305,M,34,Premium
8306,M,66,Premium
8307,M,46,Enterprise
8308,M,65,Youth
8309,M,45,Enterprise
8310,F,51,Family
8311,F,57,Youth
8312,M,61,Premium
8313,F,25,Youth
8314,M,30,Youth
8315,F,48,Enterprise
8316,M,20,Youth
8317,F,70,Youth
8318,M,58,Enterprise
8319,F,37,Family
8320,F,54,Premium
8321,F,63,Family
8322,F,52,Youth
8323,M,32,Youth
8324,M,33,Family
8325,M,20,Youth
8326,M,19,Family
8327,M,51,Youth
8328,F,61,Enterprise
8329,M,34,Enterprise
8330,F,30,Youth
8331,F,53,Family
8332,F,37,Family
8333,M,23,Premium
8334,M,31,Youth
8335,F,65,Premium
8336,F,53,Family
8337,F,60,Enterprise
8338,M,35,Premium
8339,M,28,Premium
8340,F,33,Premium
8341,F,28,Enterprise
8342,F,18,Enterprise
8343,M,40,Youth
8344,F,19,Enterprise
8345,M,64,Premium
8346,F,44,Youth
8347,M,49,Family
8348,F,35,Youth
8349,F,52,Enterprise
8350,M,54,Premium
8351,F,68,Enterprise
8352,M,47,Youth
8353,F,70,Enterprise
8354,F,25,Family
8355,M,19,Youth
8356,F,64,Family
8357,M,20,Premium
8358,F,35,Premium
8359,F,34,Premium
8360,F,44,Premium
8361,F,45,Premium
8362,F,37,Premium
8363,M,47,Family
8364,F,53,Youth
8365,F,33,Youth
8366,F,44,Family
8367,F,36,Premium
8368,F,55,Premium
8369,M,44,Premium
8370,F,20,Youth
8371,F,23,Premium
8372,M,42,Enterprise
8373,F,58,Family
8374,F,48,Youth
8375,F,53,Family
8376,F,32,Enterprise
8377,M,45,Youth
8378,F,33,Youth
8379,F,35,Family
8380,F,22,Youth
8381,F,54,Family
8382,M,20,Premium
8383,M,18,Enterprise
8384,M,46,Enterprise
8385,F,61,Family
8386,F,40,Family
8387,F,64,Premium
8388,F,67,Family
8389,F,60,Premium
8390,M,32,Premium
8391,M,39,Family
8392,M,67,Family
8393,F,24,Enterprise
8394,M,44,Family
8395,F,37,Family
8396,M,38,Premium
8397,M,56,Premium
8398,F,19,Youth
8399,F,21,Youth
8400,M,23,Enterprise
8401,M,41,Premium
8402,F,40,Youth
8403,F,30,Premium
8404,M,22,Premium
8405,F,42,Enterprise
8406,F,37,Family
8407,F,25,Premium
8408,F,31,Family
8409,M,41,Family
8410,F,66,Family
8411,M,54,Enterprise
8412,M,46,Enterprise
8413,F,54,Premium
8414,M,33,Youth
8415,F,47,Youth
8416,M,57,Youth
8417,F,23,Family
8418,F,47,Family
8419,F,36,Premium
8420,M,44,Family
8421,M,45,Youth
8422,M,29,Family
8423,M,21,Enterprise
8424,F,47,Family
8425,F,43,Youth
8426,F,32,Enterprise
8427,M,54,Premium
8428,F,50,Enterprise
8429,F,20,Youth
8430,F,37,Youth
8431,M,41,Premium
8432,F,42,Enterprise
8433,M,36,Youth
8434,F,42,Family
8435,F,18,Premium
8436,F,32,Youth
8437,M,61,Youth
8438,M,64,Family
8439,M,26,Premium
8440,F,25,Youth
8441,M,20,Enterprise
8442,F,29,Enterprise
8443,M,34,Premium
8444,M,24,Premium
8445,F,42,Family
8446,M,65,Enterprise
8447,M,52,Youth
8448,M,62,Youth
8449,F,52,Premium
8450,F,22,Enterprise
8451,F,38,Premium
8452,F,66,Premium
8453,F,42,Family
8454,M,47,Enterprise
8455,F,60,Premium
8456,F,70,Enterprise
8457,F,45,Youth
8458,M,53,Youth
8459,F,42,Enterprise
8460,M,43,Premium
8461,M,66,Youth
8462,M,70,Family
8463,M,26,Youth
8464,M,32,Youth
8465,F,39,Family
8466,M,54,Youth
8467,M,53,Enterprise
8468,F,23,Youth
8469,F,35,Premium
8470,F,51,Enterprise
8471,F,70,Family
8472,M,64,Family
8473,F,59,Family
8474,F,26,Premium
8475,M,39,Youth
8476,F,28,Youth
8477,F,44,Family
8478,M,63,Premium
8479,F,57,Family
8480,F,23,Premium
8481,F,46,Youth
8482,M,40,Enterprise
8483,M,53,Enterprise
8484,F,61,Premium
8485,M,37,Family
8486,F,31,Enterprise
8487,F,52,Youth
8488,M,62,Enterprise
8489,F,39,Premium
8490,M,21,Premium
8491,F,54,Premium
8492,F,42,Premium
8493,F,67,Premium
8494,F,24,Premium
8495,M,25,Youth
8496,F,36,Premium
8497,F,57,Premium
8498,F,67,Family
8499,M,43,Premium
8500,F,35,Youth
8501,M,42,Enterprise
8502,M,36,Family
8503,F,23,Youth
8504,F,49,Youth
8505,M,25,Family
8506,F,34,Enterprise
8507,F,58,Premium
8508,M,56,Youth
8509,M,20,Enterprise
8510,F,19,Youth
8511,M,19,Enterprise
8512,F,30,Youth
8513,M,19,Premium
8514,M,62,Youth
8515,F,44,Premium
8516,F,54,Youth
8517,M,34,Youth
8518,F,27,Enterprise
8519,F,49,Enterprise
8520,M,45,Family
8521,M,68,Family
8522,M,61,Family
8523,F,59,Youth
8524,M,26,Youth
8525,M,32,Premium
8526,F,46,Family
8527,M,42,Premium
8528,F,39,Enterprise
8529,M,54,Youth
8530,F,31,Youth
8531,F,37,Family
8532,M,58,Youth
8533,F,26,Premium
8534,F,58,Youth
8535,F,58,Enterprise
8536,F,61,Youth
8537,M,57,Premium
8538,M,70,Premium
8539,M,46,Youth
8540,F,60,Premium
8541,F,21,Youth
8542,M,42,Premium
8543,F,26,Youth
8544,M,27,Youth
8545,M,55,Youth
8546,F,61,Family
8547,M,39,Family
8548,F,43,Youth
8549,M,50,Enterprise
8550,M,64,Enterprise
8551,M,27,Youth
8552,F,25,Premium
8553,M,18,Family
8554,M,25,Youth
8555,M,27,Youth
8556,M,61,Premium
8557,M,44,Family
8558,M,41,Youth
8559,F,23,Enterprise
8560,F,40,Youth
8561,F,66,Family
8562,F,53,Youth
8563,F,64,Youth
8564,M,38,Family
8565,F,63,Family
8566,M,70,Enterprise
8567,F,67,Premium
8568,F,39,Premium
8569,M,52,Premium
8570,F,62,Premium
8571,M,47,Family
8572,M,43,Enterprise
8573,M,38,Family
8574,M,63,Premium
8575,F,45,Premium
8576,M,60,Youth
8577,F,67,Family
8578,M,25,Family
8579,M,65,Premium
8580,F,29,Enterprise
8581,F,22,Enterprise
8582,F,60,Youth
8583,F,26,Enterprise
8584,F,25,Family
8585,M,62,Enterprise
8586,F,60,Premium
8587,F,62,Enterprise
8588,M,54,Family
8589,M,24,Youth
8590,M,68,Premium
8591,M,39,Youth
8592,F,41,Premium
8593,F,25,Premium
8594,M,51,Family
8595,M,42,Premium
8596,M,39,Family
8597,M,59,Enterprise
8598,F,31,Youth
8599,F,44,Youth
8600,M,61,Family
8601,F,35,Family
8602,F,41,Premium
8603,F,26,Youth
8604,F,39,Enterprise
8605,F,70,Premium
8606,M,59,Family
8607,M,25,Premium
8608,F,67,Family
8609,F,42,Premium
8610,M,25,Youth
8611,M,26,Enterprise
8612,M,32,Premium
8613,F,36,Premium
8614,F,27,Enterprise
8615,M,51,Enterprise
8616,F,48,Family
8617,F,54,Premium
8618,M,18,Enterprise
8619,M,37,Family
8620,M,21,Enterprise
8621,F,32,Premium
8622,M,32,Enterprise
8623,M,69,Premium
8624,F,46,Family
8625,F,34,Premium
8626,F,62,Premium
8627,F,69,Enterprise
8628,F,54,Enterprise
8629,M,42,Family
8630,M,19,Premium
8631,M,51,Youth
8632,M,41,Youth
8633,M,28,Enterprise
8634,M,28,Youth
8635,F,39,Premium
8636,F,23,Family
8637,M,59,Youth
8638,F,25,Enterprise
8639,F,61,Premium
8640,F,19,Premium
8641,F,57,Youth
8642,M,23,Youth
8643,M,41,Enterprise
8644,F,32,Family
8645,F,49,Enterprise
8646,F,20,Youth
8647,M,22,Family
8648,F,54,Youth
8649,F,36,Premium
8650,F,60,Enterprise
8651,M,27,Youth
8652,M,26,Youth
8653,F,54,Enterprise
8654,F,40,Enterprise
8655,F,28,Youth
8656,F,29,Enterprise
8657,F,55,Enterprise
8658,F,38,Family
8659,M,50,Premium
8660,M,31,Family
8661,F,38,Enterprise
8662,F,42,Enterprise
8663,M,46,Premium
8664,F,43,Premium
8665,M,65,Premium
8666,M,42,Premium
8667,F,65,Enterprise
8668,M,20,Family
8669,M,55,Youth
8670,M,41,Enterprise
8671,F,58,Family
8672,F,68,Youth
8673,F,68,Premium
8674,M,46,Premium
8675,F,26,Enterprise
8676,M,32,Youth
8677,F,61,Enterprise
8678,M,20,Family
8679,M,62,Youth
8680,M,20,Youth
8681,F,38,Family
8682,F,65,Family
8683,M,20,Youth
8684,F,35,Family
8685,M,40,Family
8686,F,70,Premium
8687,F,51,Enterprise
8688,M,21,Youth
8689,F,19,Family
8690,F,48,Family
8691,M,63,Premium
8692,M,23,Family
8693,M,31,Premium
8694,F,43,Family
8695,F,32,Family
8696,F,67,Youth
8697,F,28,Enterprise
8698,M,51,Premium
8699,F,22,Youth
8700,F,31,Youth
8701,M,62,Premium
8702,M,41,Youth
8703,F,36,Family
8704,M,60,Premium
8705,M,58,Family
8706,F,32,Youth
8707,F,32,Premium
8708,M,55,Youth
8709,M,54,Youth
8710,F,25,Enterprise
8711,M,49,Youth
8712,F,67,Premium
8713,F,30,Premium
8714,M,62,Family
8715,F,65,Premium
8716,F,54,Enterprise
8717,F,64,Youth
8718,F,25,Youth
8719,M,35,Enterprise
8720,F,30,Premium
8721,F,20,Family
8722,F,65,Enterprise
8723,F,34,Family
8724,M,53,Family
8725,F,31,Premium
8726,M,44,Enterprise
8727,M,40,Enterprise
8728,F,66,Youth
8729,M,61,Enterprise
8730,M,32,Youth
8731,M,41,Youth
8732,M,51,Youth
8733,M,54,Family
8734,M,68,Enterprise
8735,M,60,Youth
8736,M,49,Youth
8737,M,52,Premium
8738,M,57,Youth
8739,F,58,Youth
8740,F,21,Enterprise
8741,F,39,Premium
8742,F,44,Enterprise
8743,M,46,Premium
8744,F,55,Family
8745,F,20,Enterprise
8746,M,21,Youth
8747,M,32,Youth
8748,M,38,Youth
8749,M,59,Premium
8750,M,38,Youth
8751,M,19,Youth
8752,F,34,Premium
8753,F,62,Premium
8754,F,67,Youth
8755,M,53,Enterprise
8756,M,22,Family
8757,M,62,Youth
8758,M,24,Enterprise
8759,F,53,Family
8760,F,19,Youth
8761,F,42,Enterprise
8762,M,24,Family
8763,M,63,Family
8764,F,48,Youth
8765,F,50,Family
8766,F,64,Enterprise
8767,M,20,Youth
8768,F,61,Premium
8769,F,44,Premium
8770,M,67,Premium
8771,F,52,Youth
8772,M,20,Enterprise
8773,M,55,Family
8774,M,59,Premium
8775,M,50,Enterprise
8776,M,30,Family
8777,F,41,Premium
8778,M,43,Youth
8779,M,46,Youth
8780,F,42,Youth
8781,F,50,Enterprise
8782,M,26,Enterprise
8783,F,42,Enterprise
8784,F,38,Premium
8785,F,51,Premium
8786,F,36,Premium
8787,F,39,Premium
8788,F,60,Premium
8789,F,61,Enterprise
8790,M,56,Youth
8791,F,56,Enterprise
8792,M,24,Enterprise
8793,M,20,Family
8794,M,21,Family
8795,F,33,Premium
8796,F,41,Youth
8797,M,26,Youth
8798,M,53,Premium
8799,M,39,Family
8800,M,52,Premium
8801,M,24,Family
8802,M,39,Family
8803,M,30,Youth
8804,M,51,Family
8805,F,45,Enterprise
8806,F,23,Enterprise
8807,F,47,Youth
8808,M,26,Youth
8809,M,41,Enterprise
8810,F,33,Youth
8811,F,39,Enterprise
8812,F,57,Family
8813,M,64,Youth
8814,F,23,Youth
8815,M,58,Premium
8816,M,24,Enterprise
8817,M,70,Premium
8818,M,36,Family
8819,F,70,Enterprise
8820,M,20,Premium
8821,F,40,Family
8822,F,33,Family
8823,M,40,Youth
8824,M,68,Family
8825,M,48,Youth
8826,M,46,Premium
8827,M,23,Premium
8828,M,58,Premium
8829,F,33,Premium
8830,M,63,Premium
8831,M,22,Family
8832,M,21,Enterprise
8833,F,69,Enterprise
8834,M,54,Premium
8835,F,51,Family
8836,F,43,Premium
8837,F,33,Youth
8838,M,34,Enterprise
8839,F,18,Premium
8840,F,36,Family
8841,F,66,Premium
8842,M,23,Premium
8843,F,67,Family
8844,M,23,Youth
8845,F,63,Premium
8846,M,56,Enterprise
8847,F,41,Enterprise
8848,M,24,Enterprise
8849,M,62,Enterprise
8850,M,46,Youth
8851,M,33,Family
8852,M,69,Premium
8853,M,54,Enterprise
8854,F,54,Enterprise
8855,M,46,Youth
8856,F,35,Family
8857,M,57,Youth
8858,F,67,Youth
8859,M,19,Premium
8860,F,50,Enterprise
8861,F,26,Family
8862,M,20,Enterprise
8863,F,69,Family
8864,F,41,Premium
8865,M,41,Premium
8866,F,69,Premium
8867,M,60,Youth
8868,F,44,Family
8869,F,18,Family
8870,F,68,Youth
8871,F,32,Youth
8872,F,35,Family
8873,F,43,Enterprise
8874,F,36,Family
8875,M,49,Premium
8876,M,20,Family
8877,F,35,Enterprise
8878,M,28,Premium
8879,M,67,Family
8880,F,56,Family
8881,M,46,Premium
8882,F,41,Enterprise
8883,M,70,Youth
8884,F,39,Youth
8885,F,25,Family
8886,M,19,Premium
8887,M,55,Enterprise
8888,M,24,Youth
8889,M,51,Premium
8890,M,58,Family
8891,F,60,Enterprise
8892,M,44,Family
8893,F,23,Premium
8894,M,34,Youth
8895,F,38,Youth
8896,F,58,Youth
8897,F,19,Family
8898,M,22,Family
8899,F,50,Family
8900,M,62,Premium
8901,M,49,Family
8902,F,40,Premium
8903,M,39,Enterprise
8904,M,28,Youth
8905,F,29,Family
8906,M,50,Enterprise
8907,M,34,Family
8908,F,31,Family
8909,F,50,Family
8910,F,31,Enterprise
8911,F,70,Premium
8912,F,68,Enterprise
8913,F,25,Enterprise
8914,M,30,Youth
8915,F,22,Youth
8916,F,52,Enterprise
8917,M,48,Youth
8918,F,37,Enterprise
8919,M,18,Youth
8920,F,66,Enterprise
8921,F,41,Premium
8922,M,39,Youth
8923,M,58,Youth
8924,M,63,Youth
8925,M,63,Enterprise
8926,F,50,Enterprise
8927,F,45,Youth
8928,M,31,Enterprise
8929,M,64,Enterprise
8930,F,41,Enterprise
8931,M,46,Premium
8932,F,70,Enterprise
8933,M,68,Family
8934,M,62,Youth
8935,F,49,Family
8936,M,48,Family
8937,M,59,Premium
8938,F,41,Premium
8939,F,25,Enterprise
8940,M,28,Premium
8941,M,35,Premium
8942,F,36,Enterprise
8943,M,51,Family
8944,F,27,Youth
8945,F,50,Enterprise
8946,M,31,Family
8947,M,18,Youth
8948,F,50,Family
8949,M,39,Enterprise
8950,M,59,Premium
8951,M,53,Family
8952,M,47,Family
8953,M,68,Youth
8954,M,56,Family
8955,F,48,Family
8956,F,24,Enterprise
8957,M,69,Premium
8958,M,61,Enterprise
8959,F,39,Youth
8960,M,53,Family
8961,F,58,Enterprise
8962,F,38,Enterprise
8963,F,63,Youth
8964,F,18,Premium
8965,F,57,Family
8966,F,68,Premium
8967,M,52,Enterprise
8968,F,57,Enterprise
8969,F,67,Premium
8970,F,25,Family
8971,M,65,Family
8972,F,20,Youth
8973,M,56,Enterprise
8974,F,35,Enterprise
8975,M,27,Youth
8976,M,59,Youth
8977,F,38,Premium
8978,M,33,Family
8979,M,21,Enterprise
8980,M,22,Family
8981,M,29,Premium
8982,F,24,Family
8983,F,41,Youth
8984,F,18,Premium
8985,M,58,Enterprise
8986,F,38,Premium
8987,F,68,Youth
8988,M,53,Youth
8989,M,38,Enterprise
8990,M,63,Youth
8991,F,51,Premium
8992,M,70,Premium
8993,F,61,Premium
8994,F,27,Premium
8995,F,42,Enterprise
8996,M,61,Premium
8997,M,54,Youth
8998,M,63,Premium
8999,M,37,Enterprise
9000,M,28,Enterprise
9001,M,42,Enterprise
9002,M,18,Family
9003,M,26,Family
9004,F,29,Family
9005,M,69,Youth
9006,M,57,Enterprise
9007,F,49,Enterprise
9008,M,38,Premium
9009,F,60,Enterprise
9010,F,63,Enterprise
9011,M,48,Enterprise
9012,M,60,Enterprise
9013,M,30,Youth
9014,F,22,Family
9015,M,69,Youth
9016,M,59,Enterprise
9017,M,62,Family
9018,M,64,Family
9019,F,23,Enterprise
9020,F,32,Enterprise
9021,M,45,Family
9022,F,20,Premium
9023,F,67,Premium
9024,M,36,Enterprise
9025,M,66,Enterprise
9026,F,20,Youth
9027,M,35,Youth
9028,F,28,Family
9029,F,27,Youth
9030,F,39,Family
9031,F,51,Enterprise
9032,F,69,Enterprise
9033,M,63,Youth
9034,M,23,Enterprise
9035,F,51,Youth
9036,M,65,Enterprise
9037,F,34,Enterprise
9038,M,18,Enterprise
9039,F,32,Premium
9040,M,25,Premium
9041,M,54,Family
9042,F,34,Family
9043,F,65,Youth
9044,M,60,Family
9045,F,26,Premium
9046,M,68,Enterprise
9047,M,53,Youth
9048,M,37,Premium
9049,F,37,Premium
9050,F,45,Family
9051,F,30,Premium
9052,F,40,Enterprise
9053,F,18,Enterprise
9054,F,65,Enterprise
9055,F,41,Enterprise
9056,M,27,Family
9057,M,19,Youth
9058,F,46,Family
9059,M,62,Family
9060,M,38,Enterprise
9061,M,27,Premium
9062,F,47,Premium
9063,M,36,Enterprise
9064,F,48,Family
9065,M,33,Premium
9066,F,69,Premium
9067,F,20,Family
9068,M,44,Premium
9069,F,37,Enterprise
9070,M,48,Youth
9071,F,20,Enterprise
9072,M,27,Premium
9073,M,46,Youth
9074,F,48,Youth
9075,F,24,Enterprise
9076,F,34,Premium
9077,F,40,Enterprise
9078,F,68,Family
9079,M,28,Enterprise
9080,M,53,Family
9081,M,44,Enterprise
9082,M,24,Enterprise
9083,M,68,Family
9084,F,27,Enterprise
9085,F,60,Enterprise
9086,M,44,Premium
9087,F,38,Premium
9088,M,52,Enterprise
9089,M,32,Youth
9090,M,41,Family
9091,F,65,Enterprise
9092,M,28,Family
9093,F,65,Family
9094,F,29,Family
9095,M,53,Youth
9096,M,54,Youth
9097,F,63,Youth
9098,F,49,Youth
9099,F,27,Family
9100,M,53,Enterprise
9101,M,55,Youth
9102,M,62,Youth
9103,F,51,Youth
9104,F,47,Premium
9105,M,20,Family
9106,M,66,Premium
9107,M,39,Premium
9108,F,36,Premium
9109,F,62,Enterprise
9110,F,52,Premium
9111,M,28,Family
9112,M,50,Youth
9113,M,50,Enterprise
9114,M,57,Premium
9115,M,59,Youth
9116,F,23,Family
9117,F,50,Youth
9118,F,43,Enterprise
9119,F,63,Premium
9120,M,59,Family
9121,M,43,Family
9122,M,28,Premium
9123,M,61,Family
9124,M,66,Premium
9125,M,56,Family
9126,F,60,Youth
9127,F,54,Enterprise
9128,M,30,Family
9129,M,70,Premium
9130,F,67,Family
9131,M,45,Premium
9132,M,40,Enterprise
9133,F,25,Youth
9134,M,45,Family
9135,F,24,Enterprise
9136,F,33,Youth
9137,M,56,Enterprise
9138,M,22,Family
9139,M,63,Premium
9140,F,27,Premium
9141,M,24,Family
9142,F,40,Youth
9143,M,40,Family
9144,F,49,Premium
9145,M,54,Youth
9146,F,65,Premium
9147,F,35,Family
9148,F,22,Premium
9149,M,38,Family
9150,M,67,Youth
9151,M,44,Premium
9152,F,29,Family
9153,M,39,Family
9154,F,57,Family
9155,M,57,Youth
9156,F,52,Family
9157,F,33,Premium
9158,F,35,Enterprise
9159,M,21,Youth
9160,F,59,Premium
9161,F,28,Family
9162,M,42,Enterprise
9163,M,40,Premium
9164,F,40,Youth
9165,M,31,Enterprise
9166,F,38,Youth
9167,M,67,Premium
9168,M,45,Youth
9169,M,53,Premium
9170,F,52,Premium
9171,M,26,Enterprise
9172,M,31,Enterprise
9173,F,23,Family
9174,M,57,Premium
9175,F,33,Youth
9176,F,35,Family
9177,M,27,Family
9178,F,50,Family
9179,F,41,Premium
9180,F,57,Youth
9181,M,42,Family
9182,F,69,Family
9183,F,55,Family
9184,F,59,Youth
9185,F,38,Family
9186,M,20,Family
9187,F,44,Enterprise
9188,F,70,Family
9189,M,35,Family
9190,F,24,Premium
9191,M,67,Family
9192,M,53,Family
9193,M,39,Youth
9194,M,23,Family
9195,F,69,Family
9196,M,66,Enterprise
9197,F,22,Enterprise
9198,F,31,Family
9199,F,62,Premium
9200,F,55,Family
9201,F,29,Youth
9202,M,30,Premium
9203,F,69,Premium
9204,F,21,Enterprise
9205,F,43,Youth
9206,M,21,Premium
9207,M,42,Family
9208,F,26,Enterprise
9209,F,24,Youth
9210,M,70,Youth
9211,M,28,Premium
9212,M,46,Premium
9213,F,51,Youth
9214,M,37,Premium
9215,M,18,Family
9216,M,60,Family
9217,F,47,Family
9218,F,66,Enterprise
9219,M,18,Youth
9220,M,64,Youth
9221,F,50,Enterprise
9222,M,40,Enterprise
9223,F,58,Premium
9224,F,37,Enterprise
9225,F,39,Youth
9226,F,25,Enterprise
9227,F,56,Youth
9228,M,38,Enterprise
9229,F,34,Youth
9230,F,60,Youth
9231,M,37,Family
9232,F,60,Family
9233,M,23,Premium
9234,M,27,Enterprise
9235,F,35,Enterprise
9236,F,44,Premium
9237,F,23,Enterprise
9238,M,24,Youth
9239,M,45,Family
9240,M,66,Family
9241,F,31,Youth
9242,M,52,Premium
9243,F,64,Youth
9244,F,29,Family
9245,F,20,Youth
9246,F,67,Family
9247,F,21,Youth
9248,M,28,Youth
9249,M,19,Enterprise
9250,M,54,Premium
9251,F,36,Youth
9252,F,48,Enterprise
9253,M,61,Youth
9254,F,41,Enterprise
9255,F,24,Enterprise
9256,F,48,Youth
9257,M,56,Family
9258,F,27,Premium
9259,M,62,Youth
9260,F,19,Enterprise
9261,F,53,Premium
9262,F,39,Family
9263,F,26,Youth
9264,F,35,Premium
9265,M,55,Premium
9266,F,31,Enterprise
9267,M,30,Premium
9268,M,47,Family
9269,M,63,Family
9270,M,44,Youth
9271,F,47,Youth
9272,M,37,Enterprise
9273,F,59,Family
9274,M,27,Premium
9275,F,61,Youth
9276,M,43,Family
9277,M,34,Enterprise
9278,F,32,Premium
9279,F,51,Family
9280,F,22,Family
9281,F,31,Youth
9282,M,38,Family
9283,F,46,Premium
9284,F,19,Enterprise
9285,F,43,Youth
9286,F,54,Youth
9287,M,42,Enterprise
9288,M,23,Family
9289,F,60,Enterprise
9290,F,62,Youth
9291,M,70,Enterprise
9292,F,50,Youth
9293,M,18,Youth
9294,M,43,Youth
9295,F,48,Enterprise
9296,M,38,Youth
9297,F,39,Premium
9298,M,19,Family
9299,F,22,Family
9300,F,28,Premium
9301,F,53,Family
9302,F,42,Enterprise
9303,F,69,Youth
9304,F,38,Family
9305,M,31,Enterprise
9306,F,69,Enterprise
9307,M,48,Family
9308,F,38,Enterprise
9309,F,25,Family
9310,F,65,Family
9311,F,30,Family
9312,M,40,Enterprise
9313,F,38,Premium
9314,M,35,Family
9315,F,31,Youth
9316,M,22,Enterprise
9317,F,20,Youth
9318,M,70,Premium
9319,F,20,Premium
9320,F,33,Youth
9321,F,68,Enterprise
9322,F,45,Premium
9323,F,43,Youth
9324,M,50,Family
9325,M,28,Enterprise
9326,M,67,Family
9327,F,56,Enterprise
9328,M,43,Enterprise
9329,F,22,Enterprise
9330,F,25,Enterprise
9331,M,19,Enterprise
9332,F,29,Enterprise
9333,F,68,Youth
9334,F,58,Enterprise
9335,F,60,Premium
9336,M,52,Family
9337,F,32,Youth
9338,M,22,Youth
9339,F,37,Youth
9340,F,24,Enterprise
9341,F,31,Enterprise
9342,M,29,Youth
9343,M,58,Premium
9344,M,26,Enterprise
9345,F,35,Family
9346,F,44,Youth
9347,M,36,Premium
9348,M,21,Family
9349,M,26,Family
9350,F,35,Youth
9351,F,54,Enterprise
9352,F,46,Family
9353,M,65,Family
9354,F,34,Enterprise
9355,M,44,Family
9356,M,50,Enterprise
9357,M,43,Enterprise
9358,M,58,Youth
9359,F,35,Family
9360,F,29,Premium
9361,M,40,Premium
9362,M,65,Premium
9363,M,20,Premium
9364,M,55,Premium
9365,F,56,Youth
9366,F,44,Family
9367,M,26,Premium
9368,M,29,Premium
9369,F,49,Premium
9370,M,32,Enterprise
9371,F,42,Youth
9372,M,19,Premium
9373,F,48,Youth
9374,F,23,Enterprise
9375,F,56,Family
9376,M,36,Enterprise
9377,F,42,Family
9378,M,41,Youth
9379,F,41,Family
9380,M,30,Youth
9381,F,56,Youth
9382,M,62,Youth
9383,M,31,Family
9384,F,64,Youth
9385,F,21,Premium
9386,M,40,Premium
9387,F,51,Enterprise
9388,F,25,Premium
9389,M,50,Youth
9390,F,36,Premium
9391,M,30,Youth
9392,M,24,Family
9393,M,28,Youth
9394,F,52,Youth
9395,F,40,Premium
9396,F,50,Family
9397,F,60,Enterprise
9398,F,28,Premium
9399,M,25,Youth
9400,M,57,Enterprise
9401,F,62,Family
9402,F,59,Family
9403,M,70,Enterprise
9404,M,52,Family
9405,M,21,Family
9406,M,31,Enterprise
9407,F,19,Family
9408,M,57,Family
9409,F,30,Enterprise
9410,M,36,Family
9411,F,27,Enterprise
9412,F,49,Family
9413,M,26,Premium
9414,M,50,Enterprise
9415,M,31,Youth
9416,F,28,Premium
9417,M,35,Youth
9418,F,66,Youth
9419,M,36,Family
9420,M,60,Youth
9421,F,56,Youth
9422,M,54,Youth
9423,F,38,Family
9424,M,69,Family
9425,M,25,Youth
9426,F,46,Premium
9427,F,45,Enterprise
9428,M,54,Premium
9429,F,52,Youth
9430,M,34,Enterprise
9431,M,63,Enterprise
9432,F,32,Enterprise
9433,F,39,Enterprise
9434,M,25,Family
9435,M,31,Premium
9436,F,64,Enterprise
9437,M,44,Family
9438,M,55,Enterprise
9439,M,57,Youth
9440,F,19,Youth
9441,F,63,Family
9442,F,68,Enterprise
9443,F,55,Enterprise
9444,F,34,Enterprise
9445,M,29,Premium
9446,M,34,Family
9447,F,30,Enterprise
9448,M,45,Premium
9449,F,48,Family
9450,F,44,Enterprise
9451,F,26,Family
9452,F,44,Enterprise
9453,M,59,Premium
9454,M,44,Premium
9455,M,46,Premium
9456,F,70,Youth
9457,M,56,Family
9458,F,45,Youth
9459,M,68,Premium
9460,F,57,Premium
9461,M,44,Enterprise
9462,F,42,Premium
9463,F,68,Enterprise
9464,F,52,Enterprise
9465,F,46,Premium
9466,M,18,Enterprise
9467,F,68,Premium
9468,M,63,Family
9469,M,20,Premium
9470,F,29,Family
9471,M,65,Family
9472,F,43,Family
9473,F,27,Youth
9474,M,34,Premium
9475,F,40,Youth
9476,M,56,Premium
9477,F,34,Enterprise
9478,M,26,Premium
9479,M,52,Family
9480,F,61,Enterprise
9481,F,26,Youth
9482,F,68,Youth
9483,F,42,Enterprise
9484,F,53,Youth
9485,F,59,Family
9486,F,46,Premium
9487,M,20,Premium
9488,F,36,Enterprise
9489,M,40,Family
9490,M,64,Family
9491,M,25,Family
9492,M,61,Premium
9493,M,44,Premium
9494,F,70,Enterprise
9495,M,59,Youth
9496,F,46,Family
9497,M,42,Family
9498,M,63,Premium
9499,F,40,Premium
9500,F,68,Family
9501,F,70,Family
9502,M,31,Family
9503,M,69,Premium
9504,F,46,Premium
9505,M,55,Youth
9506,M,45,Youth
9507,F,41,Family
9508,F,35,Enterprise
9509,F,23,Premium
9510,M,25,Family
9511,F,65,Premium
9512,M,55,Premium
9513,F,31,Premium
9514,M,28,Family
9515,M,51,Family
9516,F,66,Family
9517,F,34,Enterprise
9518,M,54,Family
9519,M,55,Youth
9520,M,66,Premium
9521,F,28,Youth
9522,F,22,Premium
9523,F,70,Family
9524,M,22,Enterprise
9525,M,35,Youth
9526,F,66,Family
9527,M,39,Premium
9528,F,25,Enterprise
9529,F,68,Family
9530,F,56,Youth
9531,F,20,Enterprise
9532,M,69,Family
9533,M,20,Enterprise
9534,M,52,Enterprise
9535,M,47,Premium
9536,F,47,Youth
9537,F,32,Youth
9538,F,37,Premium
9539,M,64,Enterprise
9540,M,54,Youth
9541,M,30,Family
9542,F,27,Family
9543,M,54,Youth
9544,F,46,Enterprise
9545,M,47,Family
9546,M,69,Premium
9547,M,37,Family
9548,M,51,Premium
9549,F,24,Family
9550,F,32,Premium
9551,F,35,Premium
9552,M,48,Family
9553,F,20,Family
9554,F,43,Premium
9555,F,18,Enterprise
9556,M,34,Enterprise
9557,M,30,Family
9558,F,61,Family
9559,M,49,Family
9560,F,27,Premium
9561,M,57,Enterprise
9562,M,26,Youth
9563,M,30,Premium
9564,M,34,Youth
9565,F,59,Family
9566,F,53,Premium
9567,M,31,Family
9568,F,49,Youth
9569,F,23,Premium
9570,M,63,Youth
9571,F,24,Family
9572,M,64,Enterprise
9573,M,31,Premium
9574,F,53,Premium
9575,M,20,Premium
9576,M,45,Family
9577,F,70,Family
9578,M,57,Youth
9579,M,36,Family
9580,M,21,Premium
9581,M,66,Enterprise
9582,F,48,Enterprise
9583,M,39,Enterprise
9584,M,57,Premium
9585,F,50,Enterprise
9586,F,29,Enterprise
9587,M,53,Youth
9588,M,31,Family
9589,F,32,Youth
9590,F,36,Family
9591,F,47,Premium
9592,M,43,Enterprise
9593,M,23,Premium
9594,F,21,Enterprise
9595,M,63,Youth
9596,F,34,Youth
9597,M,28,Enterprise
9598,F,40,Youth
9599,F,33,Family
9600,F,20,Enterprise
9601,F,58,Family
9602,F,60,Youth
9603,M,69,Family
9604,F,58,Family
9605,M,31,Premium
9606,M,41,Family
9607,F,24,Family
9608,M,48,Premium
9609,M,28,Enterprise
9610,M,39,Youth
9611,M,64,Youth
9612,F,29,Family
9613,M,21,Youth
9614,M,24,Youth
9615,F,46,Family
9616,F,31,Premium
9617,F,55,Youth
9618,F,50,Youth
9619,M,21,Family
9620,F,65,Premium
9621,M,70,Premium
9622,M,23,Premium
9623,F,62,Family
9624,M,65,Enterprise
9625,M,39,Family
9626,M,45,Family
9627,M,50,Enterprise
9628,F,23,Enterprise
9629,M,65,Enterprise
9630,F,35,Enterprise
9631,M,63,Premium
9632,M,21,Premium
9633,F,39,Youth
9634,M,49,Enterprise
9635,F,65,Family
9636,M,53,Youth
9637,F,33,Family
9638,F,19,Youth
9639,F,48,Enterprise
9640,F,51,Family
9641,F,36,Youth
9642,M,48,Family
9643,M,42,Premium
9644,M,21,Family
9645,M,43,Youth
9646,M,51,Premium
9647,F,60,Enterprise
9648,F,32,Family
9649,F,56,Youth
9650,F,23,Youth
9651,F,40,Enterprise
9652,F,51,Youth
9653,F,50,Family
9654,F,56,Youth
9655,M,19,Youth
9656,F,42,Youth
9657,F,39,Family
9658,F,57,Premium
9659,M,58,Youth
9660,F,70,Premium
9661,F,39,Premium
9662,M,40,Family
9663,F,21,Enterprise
9664,F,55,Family
9665,M,36,Enterprise
9666,F,57,Premium
9667,M,18,Youth
9668,M,44,Youth
9669,M,61,Premium
9670,F,70,Premium
9671,M,24,Youth
9672,F,22,Youth
9673,M,26,Premium
9674,M,26,Enterprise
9675,M,66,Premium
9676,F,20,Premium
9677,F,20,Premium
9678,M,58,Enterprise
9679,M,31,Premium
9680,M,52,Premium
9681,F,24,Family
9682,M,48,Enterprise
9683,M,46,Enterprise
9684,M,38,Enterprise
9685,F,68,Enterprise
9686,F,40,Youth
9687,M,55,Enterprise
9688,M,38,Youth
9689,F,44,Youth
9690,F,44,Premium
9691,M,70,Youth
9692,F,58,Family
9693,M,55,Enterprise
9694,F,48,Premium
9695,M,53,Youth
9696,F,64,Youth
9697,F,68,Enterprise
9698,F,23,Premium
9699,M,69,Enterprise
9700,M,27,Enterprise
9701,M,29,Family
9702,F,30,Enterprise
9703,F,30,Youth
9704,M,36,Youth
9705,F,35,Family
9706,M,49,Premium
9707,F,45,Enterprise
9708,F,64,Family
9709,M,49,Premium
9710,M,18,Premium
9711,F,58,Enterprise
9712,F,27,Premium
9713,F,48,Enterprise
9714,M,25,Enterprise
9715,F,47,Youth
9716,F,20,Family
9717,M,35,Youth
9718,F,24,Family
9719,M,40,Family
9720,F,29,Family
9721,F,34,Premium
9722,F,53,Family
9723,F,40,Family
9724,F,55,Premium
9725,M,18,Enterprise
9726,M,44,Family
9727,M,29,Premium
9728,F,46,Youth
9729,M,64,Premium
9730,M,68,Family
9731,M,70,Premium
9732,M,61,Enterprise
9733,M,28,Youth
9734,F,43,Family
9735,F,27,Enterprise
9736,M,63,Premium
9737,M,24,Family
9738,F,43,Enterprise
9739,F,44,Enterprise
9740,M,36,Youth
9741,M,45,Family
9742,F,69,Enterprise
9743,M,19,Premium
9744,M,30,Family
9745,M,70,Premium
9746,M,38,Youth
9747,F,60,Youth
9748,M,64,Family
9749,F,27,Premium
9750,F,64,Family
9751,M,36,Family
9752,F,52,Youth
9753,M,39,Youth
9754,M,70,Family
9755,M,65,Enterprise
9756,M,51,Youth
9757,M,57,Premium
9758,M,41,Premium
9759,F,48,Youth
9760,F,22,Enterprise
9761,M,61,Youth
9762,F,66,Premium
9763,F,40,Family
9764,F,54,Youth
9765,M,20,Youth
9766,M,27,Youth
9767,M,27,Enterprise
9768,F,31,Premium
9769,M,30,Premium
9770,M,59,Premium
9771,M,33,Family
9772,M,56,Family
9773,M,66,Family
9774,F,23,Premium
9775,M,62,Premium
9776,M,20,Youth
9777,F,43,Youth
9778,F,54,Family
9779,F,44,Youth
9780,M,66,Youth
9781,M,62,Youth
9782,M,35,Enterprise
9783,F,44,Youth
9784,F,51,Family
9785,M,41,Premium
9786,F,34,Premium
9787,M,49,Enterprise
9788,M,69,Youth
9789,M,35,Family
9790,F,63,Family
9791,M,37,Youth
9792,F,67,Youth
9793,M,30,Enterprise
9794,M,44,Youth
9795,F,54,Family
9796,M,49,Youth
9797,M,63,Youth
9798,M,44,Enterprise
9799,M,59,Family
9800,F,48,Youth
9801,M,58,Youth
9802,F,37,Youth
9803,M,70,Family
9804,F,57,Enterprise
9805,F,66,Enterprise
9806,M,63,Youth
9807,M,48,Premium
9808,F,43,Premium
9809,M,66,Family
9810,F,70,Enterprise
9811,F,18,Enterprise
9812,F,67,Family
9813,F,36,Enterprise
9814,F,30,Youth
9815,F,31,Family
9816,M,18,Family
9817,F,39,Family
9818,F,53,Family
9819,M,23,Enterprise
9820,F,29,Enterprise
9821,M,40,Family
9822,F,50,Enterprise
9823,M,48,Premium
9824,M,54,Premium
9825,M,61,Premium
9826,F,56,Youth
9827,M,59,Youth
9828,M,29,Enterprise
9829,F,28,Enterprise
9830,F,46,Family
9831,M,34,Enterprise
9832,F,35,Family
9833,M,66,Premium
9834,M,35,Youth
9835,M,52,Family
9836,M,61,Youth
9837,M,50,Family
9838,F,51,Premium
9839,M,36,Family
9840,M,48,Youth
9841,M,68,Youth
9842,M,18,Premium
9843,M,66,Family
9844,M,43,Family
9845,F,46,Premium
9846,M,49,Premium
9847,F,19,Youth
9848,F,44,Family
9849,M,39,Family
9850,F,18,Enterprise
9851,F,57,Enterprise
9852,M,20,Premium
9853,M,22,Premium
9854,F,31,Premium
9855,M,64,Enterprise
9856,F,25,Enterprise
9857,M,20,Enterprise
9858,F,70,Youth
9859,F,20,Premium
9860,F,37,Enterprise
9861,M,29,Youth
9862,F,53,Youth
9863,M,25,Enterprise
9864,F,45,Enterprise
9865,M,54,Youth
9866,M,48,Youth
9867,M,45,Youth
9868,M,19,Youth
9869,F,34,Premium
9870,M,62,Youth
9871,M,51,Enterprise
9872,F,36,Enterprise
9873,F,25,Youth
9874,F,22,Premium
9875,M,27,Family
9876,M,50,Family
9877,M,52,Premium
9878,F,56,Family
9879,F,62,Premium
9880,M,54,Family
9881,F,33,Enterprise
9882,F,28,Youth
9883,F,42,Family
9884,M,66,Family
9885,F,64,Premium
9886,F,66,Premium
9887,F,21,Enterprise
9888,F,43,Enterprise
9889,F,32,Youth
9890,M,52,Enterprise
9891,M,63,Youth
9892,M,43,Enterprise
9893,F,31,Premium
9894,F,57,Enterprise
9895,F,29,Family
9896,F,51,Premium
9897,M,35,Enterprise
9898,F,18,Enterprise
9899,F,34,Youth
9900,F,24,Premium
9901,M,63,Enterprise
9902,F,18,Enterprise
9903,F,59,Premium
9904,F,22,Family
9905,F,28,Premium
9906,M,21,Youth
9907,F,52,Youth
9908,M,64,Youth
9909,F,21,Enterprise
9910,M,51,Family
9911,M,44,Family
9912,M,66,Enterprise
9913,F,25,Enterprise
9914,F,63,Enterprise
9915,M,34,Family
9916,F,32,Premium
9917,F,23,Enterprise
9918,F,34,Enterprise
9919,F,39,Premium
9920,F,65,Family
9921,F,39,Family
9922,F,32,Family
9923,F,45,Enterprise
9924,M,40,Youth
9925,M,47,Youth
9926,F,51,Enterprise
9927,M,53,Youth
9928,F,29,Premium
9929,M,55,Youth
9930,F,62,Premium
9931,F,30,Premium
9932,M,65,Premium
9933,F,48,Youth
9934,F,23,Enterprise
9935,F,59,Family
9936,M,37,Enterprise
9937,F,40,Family
9938,M,70,Family
9939,F,68,Family
9940,M,68,Premium
9941,M,30,Enterprise
9942,M,60,Youth
9943,F,47,Family
9944,F,42,Family
9945,M,63,Family
9946,M,47,Enterprise
9947,F,56,Enterprise
9948,F,31,Youth
9949,M,64,Enterprise
9950,F,23,Enterprise
9951,F,25,Premium
9952,F,26,Youth
9953,M,66,Premium
9954,M,65,Enterprise
9955,F,63,Youth
9956,F,44,Premium
9957,F,41,Premium
9958,F,38,Enterprise
9959,F,47,Youth
9960,F,62,Premium
9961,F,61,Family
9962,F,23,Enterprise
9963,M,60,Family
9964,M,54,Premium
9965,M,29,Family
9966,F,37,Enterprise
9967,M,69,Family
9968,F,47,Family
9969,M,21,Youth
9970,F,38,Premium
9971,F,41,Premium
9972,M,48,Youth
9973,F,23,Youth
9974,F,26,Youth
9975,F,53,Youth
9976,F,39,Family
9977,M,19,Family
9978,M,46,Enterprise
9979,F,29,Premium
9980,M,42,Youth
9981,F,19,Family
9982,M,63,Premium
9983,M,21,Premium
9984,M,18,Premium
9985,F,67,Family
9986,M,45,Family
9987,F,29,Premium
9988,M,60,Family
9989,F,30,Youth
9990,M,54,Family
9991,F,23,Youth
9992,F,21,Youth
9993,M,37,Enterprise
9994,M,40,Family
9995,F,56,Youth
9996,F,20,Premium
9997,F,38,Youth
9998,M,55,Premium
9999,M,46,Family
10000,M,62,Family
10001,F,40,Premium
10002,M,30,Youth
10003,F,46,Youth
10004,M,38,Family
10005,M,63,Family
10006,M,32,Enterprise
10007,F,28,Family
10008,F,67,Youth
10009,M,23,Family
10010,F,50,Youth
10011,F,32,Family
10012,M,22,Enterprise
10013,F,49,Premium
10014,F,26,Youth
10015,F,30,Youth
10016,F,66,Enterprise
10017,M,58,Youth
10018,F,31,Family
10019,F,40,Enterprise
10020,F,47,Premium
10021,F,37,Premium
10022,F,51,Enterprise
10023,M,22,Youth
10024,F,55,Family
10025,F,36,Enterprise
10026,M,55,Family
10027,M,40,Premium
10028,F,43,Enterprise
10029,F,21,Youth
10030,F,63,Enterprise
10031,M,19,Enterprise
10032,F,64,Family
10033,M,42,Premium
10034,M,67,Youth
10035,F,27,Enterprise
10036,F,57,Youth
10037,F,69,Enterprise
10038,F,30,Youth
10039,M,68,Youth
10040,F,41,Youth
10041,F,48,Family
10042,F,69,Family
10043,F,41,Family
10044,M,29,Family
10045,M,60,Enterprise
10046,M,57,Family
10047,F,22,Family
10048,M,33,Enterprise
10049,M,46,Family
10050,M,35,Youth
10051,M,58,Premium
10052,F,22,Youth
10053,F,40,Youth
10054,M,23,Enterprise
10055,M,48,Family
10056,M,28,Youth
10057,F,61,Family
10058,F,24,Premium
10059,F,21,Youth
10060,M,34,Family
10061,M,19,Premium
10062,M,49,Family
10063,F,33,Premium
10064,M,18,Enterprise
10065,M,36,Premium
10066,M,34,Family
10067,M,41,Youth
10068,M,21,Youth
10069,M,21,Youth
10070,F,63,Enterprise
10071,F,41,Enterprise
10072,M,55,Enterprise
10073,M,43,Enterprise
10074,F,31,Premium
10075,F,37,Youth
10076,F,69,Family
10077,F,32,Family
10078,F,25,Enterprise
10079,F,32,Family
10080,F,52,Premium
10081,M,44,Family
10082,F,36,Family
10083,F,67,Enterprise
10084,M,40,Youth
10085,M,34,Premium
10086,F,21,Youth
10087,F,42,Youth
10088,M,35,Youth
10089,F,65,Enterprise
10090,F,41,Enterprise
10091,F,67,Youth
10092,M,66,Family
10093,M,28,Youth
10094,F,70,Premium
10095,M,37,Enterprise
10096,F,62,Youth
10097,F,62,Premium
10098,F,40,Enterprise
10099,F,19,Family
10100,M,34,Family
10101,F,56,Premium
10102,F,50,Youth
10103,F,28,Youth
10104,F,26,Premium
10105,M,45,Family
10106,M,43,Premium
10107,F,42,Youth
10108,M,66,Youth
10109,M,33,Family
10110,F,45,Enterprise
10111,F,46,Family
10112,M,19,Enterprise
10113,F,69,Enterprise
10114,F,69,Family
10115,M,31,Premium
10116,M,66,Youth
10117,M,67,Family
10118,M,37,Family
10119,F,51,Premium
10120,F,35,Youth
10121,M,70,Enterprise
10122,M,39,Premium
10123,M,21,Family
10124,M,25,Family
10125,M,48,Premium
10126,M,22,Enterprise
10127,M,62,Family
10128,M,35,Enterprise
10129,M,66,Family
10130,M,52,Youth
10131,M,46,Youth
10132,F,32,Enterprise
10133,M,27,Premium
10134,F,43,Family
10135,F,43,Youth
10136,M,58,Premium
10137,F,40,Enterprise
10138,M,27,Youth
10139,M,27,Family
10140,M,52,Enterprise
10141,F,31,Enterprise
10142,F,61,Premium
10143,F,56,Family
10144,M,70,Family
10145,M,68,Youth
10146,F,24,Youth
10147,F,19,Premium
10148,M,47,Enterprise
10149,M,22,Family
10150,M,41,Enterprise
10151,F,40,Enterprise
10152,F,44,Premium
10153,M,33,Family
10154,M,52,Enterprise
10155,M,23,Premium
10156,F,50,Premium
10157,M,42,Premium
10158,M,64,Premium
10159,M,63,Premium
10160,M,69,Enterprise
10161,M,49,Premium
10162,F,24,Family
10163,M,30,Family
10164,F,53,Family
10165,F,37,Youth
10166,M,21,Youth
10167,M,66,Family
10168,M,19,Enterprise
10169,F,34,Premium
10170,F,27,Family
10171,M,53,Enterprise
10172,F,45,Enterprise
10173,F,47,Enterprise
10174,F,27,Enterprise
10175,F,67,Family
10176,M,49,Premium
10177,F,33,Enterprise
10178,F,68,Premium
10179,M,55,Youth
10180,M,66,Enterprise
10181,F,24,Premium
10182,M,63,Family
10183,F,22,Premium
10184,M,31,Premium
10185,F,57,Premium
10186,M,67,Youth
10187,M,49,Premium
10188,F,47,Youth
10189,F,24,Family
10190,F,44,Youth
10191,F,34,Enterprise
10192,F,46,Enterprise
10193,M,55,Premium
10194,M,27,Premium
10195,M,56,Youth
10196,F,43,Enterprise
10197,F,59,Premium
10198,M,32,Enterprise
10199,F,41,Enterprise
10200,M,44,Youth
10201,M,55,Youth
10202,F,67,Enterprise
10203,M,66,Youth
10204,M,28,Youth
10205,M,34,Enterprise
10206,M,64,Family
10207,F,54,Youth
10208,M,22,Family
10209,M,23,Premium
10210,M,23,Family
10211,F,56,Premium
10212,M,22,Youth
10213,M,65,Enterprise
10214,M,58,Family
10215,F,55,Premium
10216,F,32,Premium
10217,M,21,Youth
10218,M,60,Youth
10219,F,57,Premium
10220,F,30,Enterprise
10221,M,61,Enterprise
10222,M,39,Youth
10223,F,56,Family
10224,M,22,Premium
10225,F,69,Premium
10226,M,26,Family
10227,M,66,Premium
10228,M,64,Premium
10229,M,57,Premium
10230,F,49,Enterprise
10231,F,58,Enterprise
10232,M,30,Family
10233,F,30,Family
10234,M,31,Youth
10235,F,68,Youth
10236,M,24,Family
10237,F,30,Youth
10238,M,70,Family
10239,M,51,Family
10240,F,32,Premium
10241,F,66,Premium
10242,M,64,Family
10243,M,45,Youth
10244,F,58,Youth
10245,M,69,Family
10246,M,37,Enterprise
10247,M,59,Family
10248,F,18,Youth
10249,F,44,Youth
10250,F,54,Enterprise
10251,F,44,Family
10252,F,52,Family
10253,M,18,Youth
10254,M,55,Premium
10255,F,47,Enterprise
10256,F,40,Youth
10257,F,26,Premium
10258,M,55,Enterprise
10259,M,41,Enterprise
10260,M,64,Family
10261,F,52,Enterprise
10262,M,23,Youth
10263,F,31,Youth
10264,F,48,Youth
10265,M,58,Enterprise
10266,F,31,Enterprise
10267,F,30,Enterprise
10268,F,41,Youth
10269,M,54,Family
10270,M,53,Enterprise
10271,F,57,Premium
10272,M,32,Premium
10273,M,62,Youth
10274,M,19,Youth
10275,F,48,Enterprise
10276,M,42,Premium
10277,M,28,Youth
10278,M,22,Youth
10279,F,55,Family
10280,M,37,Enterprise
10281,M,25,Youth
10282,M,52,Enterprise
10283,M,22,Youth
10284,F,66,Youth
10285,F,19,Enterprise
10286,M,48,Premium
10287,M,69,Enterprise
10288,M,63,Premium
10289,M,68,Premium
10290,F,20,Family
10291,M,28,Family
10292,M,52,Premium
10293,M,18,Youth
10294,F,70,Enterprise
10295,F,65,Family
10296,M,31,Youth
10297,M,69,Premium
10298,M,43,Enterprise
10299,F,50,Enterprise
10300,F,63,Premium
10301,M,42,Youth
10302,F,18,Youth
10303,M,54,Premium
10304,F,20,Youth
10305,M,31,Family
10306,M,33,Family
10307,F,64,Premium
10308,M,27,Enterprise
10309,F,66,Premium
10310,F,38,Family
10311,M,34,Enterprise
10312,M,25,Youth
10313,M,64,Premium
10314,M,66,Youth
10315,F,32,Enterprise
10316,F,51,Premium
10317,M,49,Family
10318,M,52,Enterprise
10319,M,28,Premium
10320,M,39,Premium
10321,F,22,Enterprise
10322,F,57,Family
10323,M,68,Premium
10324,F,44,Enterprise
10325,F,57,Youth
10326,M,27,Enterprise
10327,M,48,Enterprise
10328,M,40,Premium
10329,F,65,Enterprise
10330,M,23,Enterprise
10331,M,31,Family
10332,F,46,Family
10333,M,36,Family
10334,M,26,Youth
10335,M,24,Enterprise
10336,M,66,Premium
10337,F,53,Premium
10338,M,46,Premium
10339,F,65,Premium
10340,M,23,Enterprise
10341,F,38,Family
10342,F,43,Youth
10343,M,55,Family
10344,M,38,Enterprise
10345,F,30,Youth
10346,M,54,Youth
10347,M,38,Family
10348,F,69,Premium
10349,M,69,Enterprise
10350,M,21,Youth
10351,M,60,Family
10352,F,51,Premium
10353,F,40,Enterprise
10354,F,21,Enterprise
10355,M,66,Youth
10356,M,24,Enterprise
10357,M,65,Family
10358,F,61,Family
10359,F,61,Enterprise
10360,F,33,Premium
10361,M,52,Enterprise
10362,M,41,Premium
10363,M,50,Premium
10364,F,38,Premium
10365,F,37,Family
10366,F,63,Enterprise
10367,M,59,Family
10368,M,61,Premium
10369,F,67,Youth
10370,F,57,Enterprise
10371,M,45,Family
10372,M,42,Premium
10373,F,30,Enterprise
10374,M,40,Family
10375,F,50,Enterprise
10376,M,41,Youth
10377,M,29,Youth
10378,F,41,Premium
10379,F,58,Premium
10380,M,25,Premium
10381,M,52,Youth
10382,F,19,Family
10383,M,22,Enterprise
10384,F,65,Premium
10385,F,55,Youth
10386,M,24,Premium
10387,M,54,Family
10388,F,25,Enterprise
10389,F,68,Family
10390,F,42,Youth
10391,F,58,Premium
10392,M,55,Youth
10393,F,22,Premium
10394,M,22,Youth
10395,F,53,Youth
10396,F,67,Youth
10397,F,54,Enterprise
10398,F,53,Premium
10399,M,30,Enterprise
10400,M,20,Family
10401,M,68,Family
10402,F,27,Youth
10403,M,21,Enterprise
10404,M,70,Family
10405,F,26,Premium
10406,M,68,Family
10407,M,69,Premium
10408,M,24,Family
10409,F,58,Enterprise
10410,F,62,Premium
10411,F,19,Premium
10412,M,24,Premium
10413,F,18,Family
10414,M,57,Premium
10415,M,65,Enterprise
10416,F,68,Family
10417,M,54,Youth
10418,F,49,Youth
10419,F,60,Youth
10420,M,61,Youth
10421,M,19,Premium
10422,F,18,Premium
10423,M,39,Enterprise
10424,M,56,Enterprise
10425,M,24,Premium
10426,M,39,Youth
10427,F,59,Youth
10428,F,57,Youth
10429,F,36,Youth
10430,M,35,Enterprise
10431,F,58,Premium
10432,M,66,Premium
10433,M,27,Enterprise
10434,M,66,Youth
10435,M,62,Premium
10436,M,25,Enterprise
10437,M,59,Enterprise
10438,F,47,Premium
10439,M,53,Youth
10440,M,36,Family
10441,F,43,Enterprise
10442,M,54,Family
10443,M,54,Premium
10444,M,58,Enterprise
10445,F,39,Youth
10446,M,47,Youth
10447,M,39,Premium
10448,M,70,Family
10449,F,63,Premium
10450,F,48,Youth
10451,M,38,Family
10452,F,22,Youth
10453,M,63,Youth
10454,F,25,Enterprise
10455,M,30,Youth
10456,F,49,Family
10457,F,65,Family
10458,F,62,Enterprise
10459,F,62,Youth
10460,F,34,Enterprise
10461,F,31,Youth
10462,M,35,Youth
10463,F,31,Premium
10464,M,33,Family
10465,F,28,Enterprise
10466,M,34,Youth
10467,F,64,Youth
10468,M,57,Family
10469,M,58,Family
10470,F,48,Enterprise
10471,M,57,Enterprise
10472,F,51,Family
10473,F,65,Youth
10474,F,18,Enterprise
10475,F,19,Enterprise
10476,F,70,Youth
10477,F,21,Youth
10478,M,51,Family
10479,M,33,Enterprise
10480,M,34,Premium
10481,F,39,Premium
10482,F,60,Family
10483,M,53,Enterprise
10484,F,46,Premium
10485,M,68,Premium
10486,F,42,Premium
10487,M,58,Youth
10488,M,19,Youth
10489,F,64,Enterprise
10490,F,70,Family
10491,M,47,Premium
10492,M,19,Family
10493,F,67,Youth
10494,F,39,Youth
10495,F,54,Enterprise
10496,M,27,Premium
10497,F,45,Family
10498,M,33,Family
10499,M,48,Youth
10500,M,27,Premium
10501,F,19,Family
10502,F,38,Enterprise
10503,M,51,Family
10504,F,45,Enterprise
10505,M,33,Premium
10506,M,35,Family
10507,M,31,Premium
10508,M,47,Youth
10509,M,60,Enterprise
10510,M,35,Youth
10511,M,61,Family
10512,M,67,Family
10513,F,49,Premium
10514,M,51,Premium
10515,F,59,Family
10516,F,30,Youth
10517,M,61,Premium
10518,M,60,Family
10519,M,31,Family
10520,M,56,Youth
10521,F,67,Family
10522,M,35,Premium
10523,F,40,Family
10524,F,60,Enterprise
10525,M,37,Enterprise
10526,M,70,Youth
10527,M,26,Enterprise
10528,M,32,Premium
10529,M,51,Enterprise
10530,M,32,Youth
10531,F,27,Enterprise
10532,F,52,Enterprise
10533,M,59,Premium
10534,M,53,Enterprise
10535,M,49,Family
10536,F,63,Family
10537,M,34,Enterprise
10538,F,57,Premium
10539,F,23,Premium
10540,M,25,Enterprise
10541,F,36,Family
10542,M,24,Premium
10543,F,52,Family
10544,F,33,Family
10545,F,46,Enterprise
10546,M,51,Youth
10547,M,52,Youth
10548,F,21,Premium
10549,M,51,Premium
10550,F,23,Premium
10551,F,70,Family
10552,M,67,Premium
10553,F,33,Family
10554,F,33,Premium
10555,M,31,Premium
10556,M,20,Youth
10557,M,57,Premium
10558,F,20,Premium
10559,F,29,Premium
10560,F,29,Youth
10561,F,57,Enterprise
10562,M,59,Family
10563,M,34,Family
10564,F,26,Youth
10565,F,35,Premium
10566,M,61,Youth
10567,M,28,Youth
10568,M,61,Enterprise
10569,M,34,Youth
10570,F,66,Enterprise
10571,F,64,Enterprise
10572,M,19,Premium
10573,M,55,Enterprise
10574,F,40,Youth
10575,M,69,Premium
10576,M,19,Youth
10577,F,62,Enterprise
10578,M,70,Premium
10579,F,45,Premium
10580,F,52,Premium
10581,M,47,Youth
10582,M,39,Enterprise
10583,F,25,Premium
10584,F,45,Family
10585,F,37,Family
10586,F,50,Enterprise
10587,M,52,Enterprise
10588,M,30,Enterprise
10589,F,59,Enterprise
10590,F,55,Premium
10591,M,22,Youth
10592,M,67,Youth
10593,F,64,Enterprise
10594,M,32,Family
10595,M,35,Youth
10596,F,53,Family
10597,F,63,Enterprise
10598,F,69,Family
10599,M,62,Enterprise
10600,M,31,Premium
10601,F,54,Premium
10602,F,59,Enterprise
10603,M,68,Family
10604,F,35,Youth
10605,M,33,Premium
10606,M,47,Family
10607,F,18,Youth
10608,F,31,Family
10609,M,28,Premium
10610,F,69,Premium
10611,M,19,Youth
10612,M,40,Family
10613,M,22,Enterprise
10614,M,27,Family
10615,F,23,Enterprise
10616,M,27,Youth
10617,M,31,Family
10618,M,65,Family
10619,F,64,Youth
10620,M,44,Family
10621,M,47,Family
10622,M,50,Family
10623,M,41,Premium
10624,F,65,Enterprise
10625,F,41,Enterprise
10626,F,21,Family
10627,F,51,Family
10628,F,19,Premium
10629,M,65,Family
10630,M,35,Family
10631,M,19,Premium
10632,F,58,Family
10633,M,57,Family
10634,F,41,Enterprise
10635,M,24,Premium
10636,M,18,Enterprise
10637,M,42,Youth
10638,M,52,Premium
10639,M,55,Family
10640,M,37,Family
10641,M,45,Premium
10642,M,32,Youth
10643,F,45,Family
10644,F,48,Premium
10645,F,50,Youth
10646,F,42,Premium
10647,M,55,Premium
10648,F,32,Premium
10649,F,32,Youth
10650,F,58,Enterprise
10651,M,46,Family
10652,F,23,Youth
10653,M,25,Family
10654,F,50,Enterprise
10655,M,27,Enterprise
10656,M,40,Youth
10657,F,44,Youth
10658,M,68,Enterprise
10659,F,24,Youth
10660,F,39,Family
10661,F,36,Enterprise
10662,F,36,Enterprise
10663,F,44,Enterprise
10664,M,57,Enterprise
10665,M,69,Youth
10666,F,45,Youth
10667,M,44,Family
10668,M,43,Enterprise
10669,M,27,Youth
10670,F,48,Family
10671,F,23,Family
10672,F,39,Youth
10673,M,62,Youth
10674,F,20,Enterprise
10675,M,31,Youth
10676,M,45,Enterprise
10677,M,36,Enterprise
10678,M,45,Enterprise
10679,M,67,Enterprise
10680,M,42,Family
10681,M,57,Premium
10682,F,29,Youth
10683,F,43,Youth
10684,F,38,Enterprise
10685,F,46,Family
10686,F,35,Family
10687,M,29,Family
10688,F,45,Youth
10689,M,65,Premium
10690,M,61,Enterprise
10691,M,63,Youth
10692,F,63,Premium
10693,F,57,Enterprise
10694,F,56,Premium
10695,M,44,Youth
10696,F,20,Family
10697,F,58,Enterprise
10698,M,52,Premium
10699,F,66,Premium
10700,F,46,Premium
10701,M,24,Enterprise
10702,F,40,Youth
10703,M,24,Premium
10704,M,22,Premium
10705,F,66,Enterprise
10706,M,56,Family
10707,M,67,Premium
10708,M,36,Enterprise
10709,M,40,Family
10710,F,19,Enterprise
10711,F,33,Premium
10712,M,26,Enterprise
10713,M,53,Enterprise
10714,M,27,Enterprise
10715,M,62,Enterprise
10716,M,67,Enterprise
10717,M,40,Family
10718,M,41,Family
10719,F,52,Family
10720,F,48,Enterprise
10721,F,27,Enterprise
10722,F,67,Family
10723,F,44,Family
10724,F,41,Enterprise
10725,M,37,Premium
10726,M,51,Youth
10727,F,26,Family
10728,M,62,Youth
10729,M,50,Family
10730,M,46,Enterprise
10731,F,18,Family
10732,F,20,Family
10733,M,31,Youth
10734,F,68,Family
10735,F,69,Family
10736,M,60,Enterprise
10737,M,21,Premium
10738,M,24,Youth
10739,M,43,Enterprise
10740,F,44,Enterprise
10741,M,21,Premium
10742,M,38,Enterprise
10743,F,66,Youth
10744,M,46,Premium
10745,M,57,Premium
10746,F,33,Youth
10747,F,61,Enterprise
10748,M,64,Youth
10749,F,22,Premium
10750,F,32,Enterprise
10751,F,19,Enterprise
10752,M,55,Enterprise
10753,F,27,Family
10754,M,27,Family
10755,M,67,Family
10756,F,28,Youth
10757,F,38,Enterprise
10758,F,36,Enterprise
10759,F,58,Family
10760,F,28,Family
10761,M,24,Family
10762,F,50,Premium
10763,M,69,Youth
10764,F,55,Premium
10765,F,66,Enterprise
10766,F,68,Family
10767,M,35,Premium
10768,F,44,Youth
10769,F,33,Family
10770,F,69,Youth
10771,F,45,Family
10772,M,55,Enterprise
10773,M,47,Premium
10774,M,51,Family
10775,M,23,Enterprise
10776,M,67,Enterprise
10777,F,38,Youth
10778,F,39,Premium
10779,M,25,Premium
10780,M,23,Family
10781,F,44,Enterprise
10782,F,41,Family
10783,F,44,Enterprise
10784,M,23,Enterprise
10785,F,50,Family
10786,M,50,Enterprise
10787,F,19,Youth
10788,F,25,Premium
10789,F,52,Premium
10790,M,38,Premium
10791,M,35,Youth
10792,F,45,Youth
10793,M,37,Youth
10794,F,61,Enterprise
10795,F,42,Youth
10796,M,66,Youth
10797,F,66,Family
10798,F,40,Family
10799,M,63,Enterprise
10800,M,66,Family
10801,F,54,Youth
10802,M,54,Family
10803,M,59,Enterprise
10804,M,25,Premium
10805,F,19,Enterprise
10806,F,57,Family
10807,F,67,Enterprise
10808,F,67,Premium
10809,M,28,Premium
10810,F,21,Enterprise
10811,F,61,Family
10812,M,56,Family
10813,F,45,Premium
10814,M,28,Premium
10815,M,38,Youth
10816,F,23,Family
10817,F,45,Youth
10818,F,42,Family
10819,F,33,Family
10820,F,54,Youth
10821,F,55,Youth
10822,M,67,Youth
10823,F,31,Family
10824,F,23,Family
10825,F,36,Premium
10826,M,55,Youth
10827,M,54,Premium
10828,M,38,Family
10829,M,56,Family
10830,M,42,Premium
10831,F,47,Family
10832,F,39,Premium
10833,F,69,Premium
10834,F,70,Enterprise
10835,M,40,Family
10836,F,28,Enterprise
10837,M,37,Premium
10838,F,60,Enterprise
10839,M,33,Family
10840,F,60,Youth
10841,F,52,Premium
10842,F,62,Family
10843,F,27,Premium
10844,F,65,Youth
10845,F,30,Premium
10846,M,19,Enterprise
10847,F,43,Premium
10848,F,42,Family
10849,M,59,Family
10850,F,45,Youth
10851,F,37,Youth
10852,F,30,Enterprise
10853,F,65,Family
10854,M,64,Youth
10855,M,29,Premium
10856,F,55,Family
10857,M,35,Youth
10858,M,60,Youth
10859,F,48,Family
10860,M,58,Enterprise
10861,F,68,Family
10862,M,33,Family
10863,M,58,Family
10864,F,54,Enterprise
10865,F,18,Family
10866,M,46,Family
10867,F,55,Premium
10868,F,20,Family
10869,M,18,Premium
10870,F,29,Family
10871,F,52,Enterprise
10872,M,52,Enterprise
10873,F,21,Enterprise
10874,F,28,Youth
10875,M,35,Premium
10876,M,61,Enterprise
10877,M,61,Enterprise
10878,F,43,Enterprise
10879,M,55,Family
10880,M,43,Youth
10881,F,58,Enterprise
10882,F,54,Youth
10883,M,51,Youth
10884,M,40,Youth
10885,F,52,Youth
10886,M,55,Family
10887,F,48,Family
10888,F,42,Youth
10889,M,20,Family
10890,F,35,Youth
10891,M,55,Premium
10892,M,19,Enterprise
10893,F,69,Premium
10894,F,23,Premium
10895,M,27,Premium
10896,M,52,Family
10897,F,60,Family
10898,F,54,Enterprise
10899,F,41,Youth
10900,F,55,Family
10901,F,48,Family
10902,F,48,Youth
10903,M,33,Family
10904,M,41,Premium
10905,M,58,Youth
10906,M,68,Enterprise
10907,M,42,Enterprise
10908,M,47,Enterprise
10909,M,58,Family
10910,F,27,Youth
10911,F,47,Youth
10912,F,55,Family
10913,M,26,Enterprise
10914,M,38,Premium
10915,F,30,Youth
10916,M,63,Family
10917,F,41,Family
10918,M,27,Youth
10919,M,46,Premium
10920,F,31,Enterprise
10921,M,31,Family
10922,M,28,Family
10923,M,58,Premium
10924,M,64,Premium
10925,F,21,Family
10926,F,21,Family
10927,M,41,Premium
10928,M,52,Family
10929,F,27,Enterprise
10930,M,50,Premium
10931,M,52,Enterprise
10932,F,24,Premium
10933,F,43,Premium
10934,M,26,Youth
10935,M,39,Premium
10936,M,55,Premium
10937,M,31,Premium
10938,F,29,Family
10939,M,42,Youth
10940,F,47,Youth
10941,M,40,Family
10942,F,57,Youth
10943,M,40,Enterprise
10944,F,69,Youth
10945,M,24,Premium
10946,M,54,Youth
10947,M,43,Premium
10948,F,40,Family
10949,F,68,Enterprise
10950,M,68,Youth
10951,M,55,Enterprise
10952,F,54,Youth
10953,F,52,Family
10954,M,60,Youth
10955,M,40,Youth
10956,M,19,Family
10957,M,31,Premium
10958,M,57,Family
10959,M,58,Enterprise
10960,M,49,Family
10961,M,59,Youth
10962,M,61,Premium
10963,M,67,Premium
10964,M,18,Enterprise
10965,M,38,Enterprise
10966,F,28,Family
10967,F,57,Enterprise
10968,F,53,Enterprise
10969,F,44,Family
10970,F,27,Enterprise
10971,M,68,Family
10972,M,67,Family
10973,F,52,Youth
10974,M,55,Premium
10975,M,51,Youth
10976,F,36,Enterprise
10977,F,46,Enterprise
10978,F,31,Youth
10979,M,40,Premium
10980,F,29,Youth
10981,M,65,Youth
10982,M,68,Family
10983,M,56,Enterprise
10984,F,44,Youth
10985,M,18,Youth
10986,F,55,Enterprise
10987,F,39,Family
10988,M,35,Premium
10989,F,31,Premium
10990,M,34,Youth
10991,M,63,Family
10992,M,44,Family
10993,F,23,Youth
10994,F,64,Family
10995,M,26,Premium
10996,M,31,Family
10997,M,29,Premium
10998,F,29,Premium
10999,M,35,Enterprise
11000,M,21,Family
11001,F,46,Premium
11002,F,67,Enterprise
11003,F,68,Premium
11004,M,65,Youth
11005,M,54,Family
11006,M,42,Enterprise
11007,M,45,Premium
11008,M,49,Youth
11009,M,64,Premium
11010,M,44,Family
11011,M,66,Youth
11012,F,36,Youth
11013,F,43,Enterprise
11014,M,70,Premium
11015,F,70,Youth
11016,F,40,Family
11017,F,34,Premium
11018,F,49,Youth
11019,F,50,Premium
11020,M,22,Youth
11021,M,23,Enterprise
11022,M,28,Youth
11023,M,48,Enterprise
11024,F,36,Premium
11025,M,56,Enterprise
11026,M,21,Premium
11027,F,54,Enterprise
11028,F,44,Family
11029,M,55,Family
11030,M,55,Youth
11031,F,26,Family
11032,M,57,Premium
11033,M,23,Premium
11034,F,52,Enterprise
11035,M,33,Enterprise
11036,M,40,Enterprise
11037,F,40,Enterprise
11038,M,42,Premium
11039,M,22,Youth
11040,F,31,Family
11041,M,58,Enterprise
11042,F,53,Family
11043,F,19,Enterprise
11044,F,43,Youth
11045,F,37,Premium
11046,F,18,Enterprise
11047,M,44,Family
11048,F,63,Enterprise
11049,M,53,Premium
11050,F,70,Enterprise
11051,F,28,Enterprise
11052,F,44,Family
11053,M,40,Enterprise
11054,F,68,Premium
11055,F,23,Family
11056,F,25,Premium
11057,M,67,Premium
11058,F,60,Family
11059,F,26,Youth
11060,M,65,Family
11061,M,22,Family
11062,F,44,Family
11063,F,65,Youth
11064,M,19,Youth
11065,F,37,Enterprise
11066,M,50,Premium
11067,F,63,Family
11068,M,46,Enterprise
11069,M,42,Family
11070,M,69,Family
11071,M,47,Premium
11072,M,49,Enterprise
11073,M,49,Family
11074,F,18,Youth
11075,F,65,Premium
11076,F,51,Enterprise
11077,F,23,Enterprise
11078,F,59,Premium
11079,F,50,Premium
11080,M,60,Premium
11081,M,68,Enterprise
11082,M,48,Premium
11083,F,49,Family
11084,M,46,Family
11085,M,27,Premium
11086,F,44,Premium
11087,M,32,Enterprise
11088,F,30,Youth
11089,M,48,Family
11090,M,48,Youth
11091,F,25,Premium
11092,F,41,Enterprise
11093,M,51,Premium
11094,F,64,Premium
11095,M,23,Youth
11096,F,37,Premium
11097,F,36,Youth
11098,F,46,Premium
11099,F,53,Youth
11100,F,43,Enterprise
11101,M,63,Youth
11102,F,26,Enterprise
11103,M,23,Family
11104,M,27,Premium
11105,M,19,Youth
11106,F,34,Youth
11107,M,18,Enterprise
11108,F,51,Family
11109,F,37,Youth
11110,F,20,Family
11111,F,29,Youth
11112,M,18,Youth
11113,M,38,Youth
11114,F,51,Premium
11115,F,66,Youth
11116,M,63,Enterprise
11117,M,64,Premium
11118,F,62,Enterprise
11119,M,64,Enterprise
11120,F,45,Family
11121,M,24,Enterprise
11122,M,29,Enterprise
11123,F,69,Enterprise
11124,F,55,Youth
11125,M,61,Youth
11126,F,60,Enterprise
11127,M,69,Premium
11128,F,44,Family
11129,F,40,Family
11130,F,29,Premium
11131,F,70,Family
11132,F,20,Premium
11133,F,23,Enterprise
11134,F,24,Enterprise
11135,F,57,Family
11136,M,23,Premium
11137,M,42,Youth
11138,M,62,Premium
11139,M,51,Premium
11140,F,46,Youth
11141,M,55,Family
11142,M,27,Premium
11143,F,26,Youth
11144,M,29,Premium
11145,M,18,Enterprise
11146,F,24,Family
11147,F,33,Family
11148,M,67,Family
11149,M,65,Youth
11150,F,70,Youth
11151,M,30,Youth
11152,F,44,Family
11153,F,45,Premium
11154,F,32,Premium
11155,M,40,Premium
11156,M,69,Enterprise
11157,M,33,Premium
11158,M,64,Premium
11159,M,68,Enterprise
11160,M,25,Enterprise
11161,F,66,Premium
11162,M,65,Youth
11163,M,68,Enterprise
11164,M,69,Youth
11165,M,70,Youth
11166,M,46,Family
11167,F,42,Youth
11168,F,64,Youth
11169,F,58,Family
11170,F,28,Family
11171,M,34,Premium
11172,F,68,Premium
11173,F,49,Enterprise
11174,M,34,Enterprise
11175,M,25,Youth
11176,M,61,Family
11177,F,57,Enterprise
11178,F,32,Premium
11179,F,39,Family
11180,F,65,Family
11181,M,22,Family
11182,M,30,Family
11183,M,45,Premium
11184,M,68,Premium
11185,F,18,Enterprise
11186,F,69,Enterprise
11187,M,41,Premium
11188,F,46,Family
11189,M,65,Youth
11190,M,41,Premium
11191,M,24,Premium
11192,F,44,Enterprise
11193,M,51,Youth
11194,M,61,Youth
11195,F,63,Youth
11196,F,20,Premium
11197,F,19,Family
11198,F,70,Youth
11199,F,34,Youth
11200,M,33,Family
11201,M,33,Youth
11202,M,38,Premium
11203,M,43,Enterprise
11204,M,56,Youth
11205,M,26,Youth
11206,M,67,Enterprise
11207,M,25,Enterprise
11208,F,38,Youth
11209,M,70,Enterprise
11210,F,59,Youth
11211,M,59,Enterprise
11212,M,21,Youth
11213,F,31,Enterprise
11214,F,33,Youth
11215,F,39,Youth
11216,F,28,Youth
11217,F,34,Premium
11218,F,51,Youth
11219,F,22,Family
11220,M,56,Family
11221,M,38,Enterprise
11222,M,59,Enterprise
11223,F,24,Enterprise
11224,M,31,Youth
11225,F,22,Family
11226,F,28,Premium
11227,M,54,Enterprise
11228,M,40,Premium
11229,M,33,Family
11230,M,33,Family
11231,F,32,Premium
11232,F,47,Enterprise
11233,M,48,Enterprise
11234,M,68,Youth
11235,M,70,Family
11236,M,70,Enterprise
11237,F,64,Family
11238,F,39,Enterprise
11239,M,24,Youth
11240,F,41,Enterprise
11241,F,42,Family
11242,F,44,Youth
11243,M,24,Family
11244,M,66,Family
11245,M,69,Family
11246,F,60,Enterprise
11247,F,58,Youth
11248,F,53,Premium
11249,F,29,Youth
11250,M,40,Family
11251,M,19,Youth
11252,M,19,Premium
11253,F,70,Enterprise
11254,M,18,Youth
11255,M,52,Youth
11256,F,44,Family
11257,M,48,Youth
11258,F,46,Enterprise
11259,M,39,Family
11260,M,59,Premium
11261,F,57,Premium
11262,M,33,Premium
11263,F,30,Family
11264,M,34,Enterprise
11265,M,32,Premium
11266,F,51,Youth
11267,F,70,Youth
11268,M,63,Family
11269,M,70,Family
11270,M,50,Premium
11271,M,39,Enterprise
11272,M,47,Youth
11273,F,20,Enterprise
11274,F,19,Enterprise
11275,M,56,Youth
11276,F,41,Premium
11277,F,56,Family
11278,F,22,Youth
11279,M,39,Youth
11280,F,68,Enterprise
11281,M,62,Premium
11282,F,22,Premium
11283,M,39,Family
11284,M,62,Youth
11285,F,47,Family
11286,F,23,Family
11287,M,45,Family
11288,M,20,Premium
11289,F,52,Enterprise
11290,M,56,Youth
11291,M,42,Youth
11292,F,69,Family
11293,M,70,Family
11294,F,30,Enterprise
11295,M,22,Enterprise
11296,F,42,Youth
11297,F,18,Premium
11298,F,48,Family
11299,M,59,Premium
11300,F,37,Family
11301,F,63,Family
11302,M,56,Youth
11303,F,40,Family
11304,M,38,Family
11305,M,70,Family
11306,M,66,Premium
11307,M,29,Premium
11308,F,44,Premium
11309,M,19,Enterprise
11310,F,45,Family
11311,M,45,Premium
11312,F,52,Family
11313,F,26,Premium
11314,F,35,Youth
11315,M,27,Youth
11316,M,41,Premium
11317,F,66,Youth
11318,M,33,Enterprise
11319,F,27,Enterprise
11320,M,55,Family
11321,F,22,Family
11322,F,64,Premium
11323,F,48,Youth
11324,F,21,Family
11325,F,49,Enterprise
11326,F,37,Premium
11327,F,24,Youth
11328,M,20,Premium
11329,M,49,Premium
11330,M,24,Youth
11331,F,68,Enterprise
11332,F,49,Premium
11333,M,45,Premium
11334,F,52,Family
11335,F,49,Family
11336,F,30,Premium
11337,M,26,Family
11338,M,27,Premium
11339,M,49,Enterprise
11340,F,30,Premium
11341,M,26,Youth
11342,F,46,Family
11343,F,63,Enterprise
11344,M,19,Youth
11345,M,51,Youth
11346,F,37,Family
11347,M,65,Family
11348,M,36,Premium
11349,M,26,Youth
11350,F,37,Enterprise
11351,M,36,Enterprise
11352,F,45,Premium
11353,F,52,Premium
11354,F,59,Premium
11355,M,36,Youth
11356,M,61,Enterprise
11357,M,70,Premium
11358,F,50,Youth
11359,M,61,Premium
11360,M,68,Premium
11361,M,68,Family
11362,M,57,Youth
11363,F,42,Family
11364,M,61,Family
11365,M,56,Enterprise
11366,M,58,Family
11367,M,27,Enterprise
11368,M,52,Premium
11369,M,59,Enterprise
11370,F,54,Youth
11371,F,20,Youth
11372,M,47,Youth
11373,M,63,Premium
11374,M,41,Family
11375,M,24,Family
11376,F,26,Enterprise
11377,M,34,Premium
11378,F,57,Youth
11379,F,43,Family
11380,F,52,Premium
11381,M,63,Youth
11382,F,64,Youth
11383,F,25,Enterprise
11384,F,49,Enterprise
11385,M,38,Family
11386,F,66,Family
11387,F,64,Youth
11388,M,43,Premium
11389,F,25,Family
11390,F,57,Youth
11391,M,38,Family
11392,M,54,Youth
11393,F,66,Premium
11394,M,41,Premium
11395,F,21,Premium
11396,F,69,Youth
11397,M,22,Family
11398,M,32,Enterprise
11399,F,54,Premium
11400,F,40,Premium
11401,F,55,Enterprise
11402,M,56,Youth
11403,M,43,Youth
11404,F,18,Family
11405,M,23,Premium
11406,F,52,Family
11407,M,65,Premium
11408,F,43,Enterprise
11409,F,32,Youth
11410,M,28,Family
11411,M,22,Youth
11412,F,70,Premium
11413,F,20,Family
11414,F,35,Premium
11415,F,48,Premium
11416,F,59,Family
11417,F,23,Premium
11418,F,40,Family
11419,F,56,Enterprise
11420,M,56,Family
11421,M,40,Premium
11422,M,66,Premium
11423,M,39,Premium
11424,M,35,Family
11425,F,20,Enterprise
11426,F,46,Family
11427,M,30,Youth
11428,F,52,Premium
11429,F,64,Family
11430,F,50,Youth
11431,F,43,Premium
11432,M,52,Enterprise
11433,F,47,Premium
11434,M,41,Premium
11435,M,47,Youth
11436,M,30,Enterprise
11437,F,27,Premium
11438,F,51,Premium
11439,M,36,Family
11440,F,51,Family
11441,M,53,Premium
11442,F,32,Enterprise
11443,M,37,Family
11444,F,33,Enterprise
11445,M,45,Enterprise
11446,M,63,Premium
11447,F,66,Premium
11448,M,58,Youth
11449,M,25,Youth
11450,M,63,Enterprise
11451,M,59,Premium
11452,F,61,Enterprise
11453,F,18,Enterprise
11454,F,45,Family
11455,M,70,Youth
11456,F,29,Youth
11457,F,36,Premium
11458,F,59,Premium
11459,M,66,Youth
11460,F,19,Premium
11461,M,23,Premium
11462,M,24,Premium
11463,F,46,Youth
11464,F,65,Youth
11465,M,53,Family
11466,F,29,Family
11467,F,61,Premium
11468,M,67,Family
11469,M,56,Youth
11470,F,23,Premium
11471,M,39,Enterprise
11472,F,60,Premium
11473,M,60,Family
11474,F,24,Family
11475,M,41,Premium
11476,M,43,Youth
11477,F,49,Family
11478,M,66,Family
11479,M,54,Family
11480,F,46,Family
11481,M,53,Youth
11482,M,38,Family
11483,F,56,Premium
11484,F,38,Enterprise
11485,F,70,Premium
11486,F,65,Family
11487,F,49,Enterprise
11488,F,43,Premium
11489,M,51,Premium
11490,M,20,Family
11491,M,58,Enterprise
11492,F,43,Enterprise
11493,M,26,Youth
11494,F,31,Youth
11495,M,26,Enterprise
11496,M,34,Premium
11497,M,43,Youth
11498,F,36,Premium
11499,F,51,Premium
11500,F,36,Enterprise
11501,M,25,Family
11502,F,47,Youth
11503,F,62,Enterprise
11504,M,45,Youth
11505,M,70,Premium
11506,M,50,Youth
11507,F,29,Family
11508,F,68,Family
11509,M,46,Family
11510,F,69,Family
11511,M,37,Family
11512,M,47,Youth
11513,F,51,Enterprise
11514,M,63,Premium
11515,M,60,Youth
11516,F,23,Enterprise
11517,M,42,Enterprise
11518,F,20,Family
11519,F,37,Enterprise
11520,M,18,Enterprise
11521,F,26,Premium
11522,F,42,Family
11523,F,50,Family
11524,M,38,Enterprise
11525,F,66,Family
11526,F,37,Enterprise
11527,M,46,Youth
11528,F,52,Family
11529,F,43,Premium
11530,F,56,Enterprise
11531,M,47,Family
11532,M,51,Enterprise
11533,F,36,Family
11534,M,46,Family
11535,F,56,Premium
11536,M,31,Family
11537,F,36,Premium
11538,F,39,Youth
11539,M,45,Premium
11540,M,52,Enterprise
11541,M,42,Enterprise
11542,F,64,Enterprise
11543,M,36,Family
11544,M,42,Family
11545,F,53,Enterprise
11546,F,51,Premium
11547,M,20,Family
11548,F,46,Youth
11549,M,51,Family
11550,M,44,Enterprise
11551,M,39,Enterprise
11552,M,54,Youth
11553,F,44,Youth
11554,F,43,Family
11555,M,64,Enterprise
11556,M,51,Family
11557,M,19,Enterprise
11558,M,62,Enterprise
11559,F,42,Family
11560,M,46,Family
11561,M,53,Youth
11562,F,22,Enterprise
11563,F,47,Enterprise
11564,F,64,Enterprise
11565,F,67,Family
11566,F,66,Youth
11567,M,28,Youth
11568,M,30,Youth
11569,F,25,Family
11570,F,44,Enterprise
11571,M,58,Youth
11572,M,38,Family
11573,F,33,Family
11574,M,41,Enterprise
11575,F,30,Premium
11576,M,33,Family
11577,F,52,Family
11578,M,56,Youth
11579,F,30,Enterprise
11580,M,52,Enterprise
11581,F,48,Premium
11582,F,58,Premium
11583,F,45,Enterprise
11584,M,21,Youth
11585,F,48,Family
11586,F,60,Youth
11587,F,29,Youth
11588,F,31,Enterprise
11589,F,60,Enterprise
11590,M,66,Family
11591,M,54,Premium
11592,M,61,Enterprise
11593,F,55,Premium
11594,M,51,Youth
11595,F,64,Family
11596,M,54,Enterprise
11597,F,45,Premium
11598,F,59,Youth
11599,F,33,Premium
11600,F,28,Premium
11601,M,26,Premium
11602,M,49,Enterprise
11603,F,33,Youth
11604,M,30,Family
11605,M,48,Premium
11606,F,21,Premium
11607,M,59,Family
11608,F,58,Family
11609,M,44,Premium
11610,F,24,Enterprise
11611,F,62,Family
11612,M,20,Youth
11613,M,68,Family
11614,M,54,Family
11615,M,51,Family
11616,F,36,Family
11617,M,40,Family
11618,M,58,Premium
11619,F,45,Premium
11620,M,68,Youth
11621,M,58,Youth
11622,M,36,Family
11623,M,25,Enterprise
11624,F,57,Family
11625,M,58,Youth
11626,F,59,Youth
11627,F,55,Family
11628,M,40,Enterprise
11629,F,53,Youth
11630,F,21,Family
11631,F,42,Family
11632,F,66,Premium
11633,F,29,Premium
11634,M,34,Premium
11635,M,37,Premium
11636,F,43,Youth
11637,F,25,Premium
11638,F,36,Youth
11639,F,62,Premium
11640,F,68,Enterprise
11641,M,26,Enterprise
11642,F,62,Youth
11643,F,37,Family
11644,M,38,Premium
11645,F,33,Premium
11646,F,27,Youth
11647,M,33,Youth
11648,F,29,Enterprise
11649,F,46,Family
11650,F,22,Enterprise
11651,F,46,Enterprise
11652,M,21,Youth
11653,M,28,Enterprise
11654,F,43,Family
11655,M,47,Youth
11656,M,19,Family
11657,M,69,Enterprise
11658,M,56,Enterprise
11659,F,25,Enterprise
11660,F,50,Family
11661,M,45,Premium
11662,M,20,Premium
11663,F,66,Enterprise
11664,M,64,Premium
11665,M,56,Youth
11666,M,46,Youth
11667,F,60,Premium
11668,F,55,Premium
11669,M,35,Premium
11670,F,29,Family
11671,M,69,Youth
11672,M,66,Enterprise
11673,M,41,Family
11674,M,70,Youth
11675,M,53,Enterprise
11676,F,68,Youth
11677,M,50,Youth
11678,F,34,Youth
11679,M,46,Enterprise
11680,M,65,Youth
11681,F,40,Premium
11682,F,36,Premium
11683,M,59,Enterprise
11684,M,25,Family
11685,M,42,Enterprise
11686,M,20,Premium
11687,F,28,Premium
11688,M,41,Enterprise
11689,M,58,Youth
11690,M,42,Enterprise
11691,M,70,Youth
11692,F,38,Enterprise
11693,F,21,Family
11694,F,38,Premium
11695,F,66,Enterprise
11696,M,21,Enterprise
11697,F,33,Enterprise
11698,F,25,Enterprise
11699,M,61,Family
11700,M,48,Enterprise
11701,F,23,Premium
11702,M,61,Youth
11703,F,62,Enterprise
11704,M,29,Youth
11705,F,26,Youth
11706,M,55,Youth
11707,M,55,Premium
11708,F,48,Enterprise
11709,M,23,Family
11710,M,41,Premium
11711,F,45,Youth
11712,F,51,Enterprise
11713,M,50,Youth
11714,F,65,Family
11715,M,35,Premium
11716,M,21,Youth
11717,M,42,Premium
11718,M,67,Youth
11719,M,53,Youth
11720,F,41,Youth
11721,M,21,Family
11722,M,28,Premium
11723,M,62,Youth
11724,F,66,Youth
11725,M,34,Enterprise
11726,F,18,Family
11727,F,40,Youth
11728,F,55,Family
11729,M,42,Premium
11730,F,64,Premium
11731,M,36,Youth
11732,M,24,Youth
11733,M,18,Enterprise
11734,F,22,Family
11735,M,61,Enterprise
11736,M,32,Youth
11737,F,42,Youth
11738,F,20,Youth
11739,M,49,Family
11740,M,49,Premium
11741,F,40,Family
11742,M,31,Family
11743,F,32,Premium
11744,M,43,Family
11745,F,25,Family
11746,M,33,Premium
11747,F,33,Premium
11748,F,53,Youth
11749,F,33,Premium
11750,M,24,Premium
11751,F,68,Premium
11752,F,65,Enterprise
11753,M,24,Premium
11754,M,54,Youth
11755,M,63,Family
11756,F,68,Family
11757,F,47,Enterprise
11758,F,68,Enterprise
11759,M,69,Family
11760,M,24,Enterprise
11761,F,25,Family
11762,M,40,Youth
11763,M,61,Enterprise
11764,F,32,Premium
11765,F,68,Premium
11766,M,35,Family
11767,F,58,Premium
11768,F,32,Youth
11769,F,20,Enterprise
11770,F,61,Enterprise
11771,F,58,Family
11772,M,43,Youth
11773,F,39,Enterprise
11774,F,42,Family
11775,F,45,Premium
11776,M,31,Family
11777,F,34,Youth
11778,F,37,Enterprise
11779,M,54,Youth
11780,M,66,Enterprise
11781,F,67,Enterprise
11782,F,22,Enterprise
11783,F,50,Premium
11784,M,34,Family
11785,M,59,Enterprise
11786,F,35,Youth
11787,F,51,Youth
11788,F,48,Enterprise
11789,M,56,Family
11790,F,32,Premium
11791,F,42,Youth
11792,M,60,Family
11793,M,33,Enterprise
11794,M,23,Enterprise
11795,M,65,Enterprise
11796,F,63,Enterprise
11797,M,28,Premium
11798,M,61,Family
11799,M,34,Premium
11800,F,39,Youth
11801,F,45,Youth
11802,M,34,Premium
11803,M,23,Premium
11804,M,61,Enterprise
11805,M,47,Enterprise
11806,M,38,Family
11807,F,34,Youth
11808,M,44,Youth
11809,M,59,Family
11810,F,38,Premium
11811,M,63,Family
11812,M,44,Family
11813,F,29,Premium
11814,M,67,Youth
11815,F,42,Premium
11816,F,22,Enterprise
11817,F,23,Family
11818,F,25,Premium
11819,M,45,Premium
11820,F,49,Youth
11821,M,60,Youth
11822,F,59,Premium
11823,M,68,Youth
11824,F,49,Enterprise
11825,F,50,Family
11826,F,37,Youth
11827,F,22,Premium
11828,M,35,Youth
11829,F,67,Family
11830,M,25,Premium
11831,F,27,Family
11832,M,24,Youth
11833,F,63,Enterprise
11834,M,43,Family
11835,M,42,Youth
11836,F,55,Youth
11837,M,30,Family
11838,M,35,Family
11839,M,61,Premium
11840,M,70,Enterprise
11841,M,55,Premium
11842,M,27,Premium
11843,F,29,Premium
11844,M,38,Enterprise
11845,M,58,Enterprise
11846,M,44,Youth
11847,M,61,Youth
11848,F,68,Enterprise
11849,F,29,Family
11850,M,19,Premium
11851,M,40,Premium
11852,F,51,Family
11853,F,67,Enterprise
11854,M,24,Enterprise
11855,M,60,Enterprise
11856,M,46,Youth
11857,F,55,Youth
11858,M,43,Youth
11859,M,54,Premium
11860,M,56,Youth
11861,M,69,Youth
11862,F,26,Enterprise
11863,M,51,Family
11864,M,70,Youth
11865,M,57,Enterprise
11866,F,60,Youth
11867,F,40,Youth
11868,M,45,Enterprise
11869,F,40,Premium
11870,F,25,Premium
11871,M,57,Youth
11872,M,54,Youth
11873,F,67,Family
11874,M,54,Enterprise
11875,M,22,Premium
11876,F,43,Youth
11877,M,31,Premium
11878,F,18,Enterprise
11879,M,57,Premium
11880,M,55,Premium
11881,F,39,Youth
11882,M,28,Family
11883,F,57,Family
11884,M,29,Youth
11885,M,37,Enterprise
11886,M,35,Family
11887,F,58,Family
11888,F,27,Family
11889,M,19,Youth
11890,M,27,Premium
11891,F,47,Family
11892,F,22,Youth
11893,F,58,Premium
11894,F,52,Enterprise
11895,M,18,Premium
11896,M,30,Family
11897,F,67,Family
11898,F,37,Youth
11899,M,38,Premium
11900,F,55,Youth
11901,F,38,Youth
11902,F,39,Enterprise
11903,F,22,Enterprise
11904,M,42,Family
11905,F,52,Family
11906,M,26,Premium
11907,M,52,Youth
11908,F,41,Youth
11909,F,42,Enterprise
11910,M,34,Youth
11911,M,51,Youth
11912,M,66,Premium
11913,M,21,Family
11914,M,23,Youth
11915,F,22,Premium
11916,F,36,Youth
11917,F,55,Youth
11918,F,32,Premium
11919,F,67,Youth
11920,F,66,Enterprise
11921,M,31,Premium
11922,M,68,Family
11923,F,36,Premium
11924,M,61,Enterprise
11925,F,31,Family
11926,M,62,Premium
11927,M,48,Premium
11928,M,63,Premium
11929,M,23,Premium
11930,F,61,Family
11931,M,53,Enterprise
11932,F,64,Family
11933,M,28,Youth
11934,M,38,Youth
11935,F,27,Youth
11936,M,42,Family
11937,M,53,Enterprise
11938,F,64,Enterprise
11939,F,26,Enterprise
11940,F,31,Family
11941,F,35,Enterprise
11942,F,58,Family
11943,M,29,Youth
11944,M,40,Premium
11945,M,46,Family
11946,M,30,Enterprise
11947,F,39,Premium
11948,F,66,Premium
11949,F,34,Family
11950,F,64,Family
11951,F,51,Family
11952,M,38,Family
11953,F,20,Family
11954,M,48,Family
11955,F,39,Premium
11956,F,62,Youth
11957,F,54,Family
11958,F,41,Premium
11959,M,49,Premium
11960,M,68,Enterprise
11961,M,22,Enterprise
11962,M,30,Youth
11963,M,50,Youth
11964,F,51,Enterprise
11965,M,50,Enterprise
11966,F,32,Premium
11967,M,52,Family
11968,F,65,Enterprise
11969,M,37,Premium
11970,M,50,Family
11971,F,22,Youth
11972,F,29,Youth
11973,M,63,Premium
11974,F,41,Youth
11975,F,42,Premium
11976,F,38,Premium
11977,F,60,Enterprise
11978,F,67,Family
11979,M,43,Premium
11980,M,53,Enterprise
11981,F,62,Premium
11982,M,54,Premium
11983,M,56,Enterprise
11984,M,46,Family
11985,M,49,Enterprise
11986,F,33,Premium
11987,F,39,Enterprise
11988,F,21,Family
11989,F,42,Premium
11990,F,69,Enterprise
11991,M,37,Youth
11992,M,46,Family
11993,M,67,Youth
11994,M,66,Youth
11995,M,46,Enterprise
11996,F,55,Family
11997,M,21,Enterprise
11998,F,63,Youth
11999,F,38,Youth
12000,F,51,Premium
12001,F,21,Family
12002,F,22,Enterprise
12003,M,41,Family
12004,F,64,Enterprise
12005,F,26,Premium
12006,F,38,Enterprise
12007,F,61,Youth
12008,M,20,Youth
12009,F,37,Family
12010,M,29,Youth
12011,F,29,Premium
12012,F,68,Premium
12013,F,63,Enterprise
12014,M,54,Family
12015,M,53,Premium
12016,M,41,Premium
12017,F,42,Youth
12018,M,51,Family
12019,F,23,Premium
12020,F,68,Youth
12021,M,51,Premium
12022,M,64,Enterprise
12023,F,56,Youth
12024,F,51,Premium
12025,F,37,Enterprise
12026,F,69,Family
12027,M,33,Enterprise
12028,M,38,Family
12029,M,68,Youth
12030,M,32,Enterprise
12031,F,28,Premium
12032,F,29,Youth
12033,M,41,Enterprise
12034,M,38,Enterprise
12035,M,41,Premium
12036,M,66,Family
12037,M,57,Premium
12038,F,58,Premium
12039,M,55,Family
12040,M,22,Family
12041,F,56,Enterprise
12042,F,52,Family
12043,M,21,Youth
12044,F,62,Enterprise
12045,F,31,Enterprise
12046,F,55,Premium
12047,M,40,Family
12048,M,59,Youth
12049,F,70,Enterprise
12050,F,64,Premium
12051,F,55,Premium
12052,M,52,Youth
12053,M,47,Premium
12054,F,62,Enterprise
12055,M,30,Enterprise
12056,M,48,Family
12057,F,43,Youth
12058,F,30,Premium
12059,F,42,Premium
12060,F,46,Family
12061,M,62,Family
12062,F,62,Enterprise
12063,F,51,Family
12064,F,61,Youth
12065,F,54,Enterprise
12066,F,30,Enterprise
12067,F,54,Youth
12068,F,18,Enterprise
12069,F,67,Youth
12070,F,24,Enterprise
12071,F,55,Family
12072,M,62,Youth
12073,M,67,Premium
12074,F,56,Youth
12075,M,58,Premium
12076,F,61,Youth
12077,F,25,Premium
12078,M,18,Youth
12079,M,55,Family
12080,M,40,Enterprise
12081,M,51,Premium
12082,F,18,Premium
12083,M,22,Enterprise
12084,M,40,Enterprise
12085,F,20,Family
12086,M,63,Family
12087,F,54,Enterprise
12088,M,39,Enterprise
12089,F,55,Family
12090,F,42,Family
12091,M,49,Premium
12092,F,29,Youth
12093,M,63,Youth
12094,F,45,Enterprise
12095,M,28,Enterprise
12096,F,64,Youth
12097,M,65,Premium
12098,M,36,Youth
12099,M,51,Premium
12100,F,43,Youth
12101,M,37,Family
12102,F,46,Family
12103,F,38,Youth
12104,M,69,Enterprise
12105,F,39,Family
12106,M,33,Youth
12107,M,26,Enterprise
12108,M,26,Family
12109,F,60,Enterprise
12110,F,54,Family
12111,M,68,Enterprise
12112,F,59,Enterprise
12113,M,39,Family
12114,F,22,Enterprise
12115,M,23,Family
12116,M,21,Premium
12117,M,67,Family
12118,M,30,Enterprise
12119,M,63,Enterprise
12120,M,41,Premium
12121,F,26,Family
12122,M,30,Premium
12123,F,23,Enterprise
12124,M,57,Family
12125,M,37,Family
12126,F,52,Youth
12127,F,67,Youth
12128,F,43,Family
12129,M,29,Youth
12130,F,61,Youth
12131,F,60,Family
12132,M,63,Premium
12133,F,31,Premium
12134,F,46,Family
12135,M,69,Youth
12136,F,68,Youth
12137,M,26,Enterprise
12138,M,21,Youth
12139,M,36,Youth
12140,F,64,Enterprise
12141,F,30,Premium
12142,F,41,Enterprise
12143,M,49,Premium
12144,F,58,Youth
12145,M,64,Youth
12146,M,35,Youth
12147,F,59,Youth
12148,M,27,Youth
12149,F,28,Family
12150,M,19,Enterprise
12151,F,53,Family
12152,M,50,Enterprise
12153,M,36,Enterprise
12154,F,61,Youth
12155,F,44,Enterprise
12156,F,59,Family
12157,F,42,Enterprise
12158,F,33,Enterprise
12159,M,56,Youth
12160,M,69,Enterprise
12161,F,42,Family
12162,M,58,Youth
12163,F,30,Premium
12164,M,21,Family
12165,F,64,Premium
12166,M,44,Youth
12167,M,29,Enterprise
12168,M,36,Youth
12169,F,42,Enterprise
12170,F,35,Family
12171,F,37,Family
12172,F,32,Youth
12173,F,47,Family
12174,M,60,Family
12175,F,62,Youth
12176,F,21,Enterprise
12177,M,47,Premium
12178,M,31,Youth
12179,F,51,Premium
12180,F,25,Youth
12181,M,67,Enterprise
12182,F,70,Family
12183,M,44,Youth
12184,M,58,Enterprise
12185,M,62,Premium
12186,M,21,Youth
12187,M,42,Family
12188,M,70,Enterprise
12189,F,19,Enterprise
12190,M,24,Family
12191,M,45,Premium
12192,M,20,Enterprise
12193,F,23,Family
12194,F,66,Family
12195,F,47,Youth
12196,F,50,Youth
12197,F,34,Premium
12198,M,43,Premium
12199,M,38,Premium
12200,F,19,Youth
12201,M,46,Family
12202,F,47,Youth
12203,M,29,Youth
12204,F,54,Enterprise
12205,M,20,Youth
12206,M,58,Premium
12207,M,38,Enterprise
12208,F,20,Enterprise
12209,F,51,Youth
12210,F,66,Premium
12211,M,35,Enterprise
12212,F,33,Premium
12213,F,18,Enterprise
12214,F,40,Premium
12215,M,18,Premium
12216,F,27,Premium
12217,F,47,Family
12218,M,52,Premium
12219,F,41,Youth
12220,M,38,Premium
12221,M,35,Premium
12222,F,18,Premium
12223,M,23,Enterprise
12224,M,63,Premium
12225,F,31,Enterprise
12226,F,58,Family
12227,F,25,Family
12228,M,53,Family
12229,M,33,Family
12230,F,21,Enterprise
12231,M,55,Youth
12232,F,54,Premium
12233,F,62,Premium
12234,M,22,Enterprise
12235,F,31,Premium
12236,F,32,Enterprise
12237,F,70,Youth
12238,F,65,Premium
12239,M,37,Premium
12240,F,40,Youth
12241,M,21,Enterprise
12242,F,35,Premium
12243,M,23,Enterprise
12244,M,68,Premium
12245,F,63,Youth
12246,M,23,Enterprise
12247,M,51,Family
12248,M,64,Family
12249,F,43,Premium
12250,F,43,Family
12251,F,49,Premium
12252,M,44,Premium
12253,F,56,Enterprise
12254,M,20,Family
12255,M,38,Family
12256,F,49,Premium
12257,M,44,Family
12258,M,25,Family
12259,M,38,Premium
12260,F,45,Youth
12261,M,44,Family
12262,M,50,Youth
12263,M,32,Premium
12264,M,24,Family
12265,F,42,Youth
12266,F,42,Premium
12267,M,42,Family
12268,F,31,Enterprise
12269,M,46,Youth
12270,M,54,Family
12271,F,60,Enterprise
12272,F,29,Family
12273,M,22,Premium
12274,F,61,Enterprise
12275,M,43,Premium
12276,F,27,Family
12277,F,67,Youth
12278,F,38,Youth
12279,M,39,Youth
12280,M,51,Family
12281,M,62,Youth
12282,M,24,Youth
12283,F,65,Youth
12284,F,53,Family
12285,M,48,Youth
12286,F,37,Enterprise
12287,F,39,Family
12288,M,18,Youth
12289,M,28,Youth
12290,F,25,Enterprise
12291,F,58,Premium
12292,F,33,Premium
12293,M,56,Premium
12294,M,19,Family
12295,M,68,Premium
12296,M,38,Family
12297,M,43,Enterprise
12298,M,55,Family
12299,M,55,Youth
12300,F,61,Premium
12301,M,48,Premium
12302,M,44,Youth
12303,F,32,Youth
12304,M,41,Enterprise
12305,M,26,Family
12306,M,57,Premium
12307,M,57,Family
12308,M,52,Family
12309,M,40,Youth
12310,M,22,Family
12311,M,65,Enterprise
12312,M,53,Family
12313,F,46,Enterprise
12314,F,41,Enterprise
12315,F,51,Family
12316,F,64,Youth
12317,M,42,Family
12318,M,30,Premium
12319,M,25,Youth
12320,F,36,Youth
12321,F,54,Premium
12322,M,44,Family
12323,M,44,Family
12324,M,36,Enterprise
12325,F,33,Family
12326,F,53,Premium
12327,M,26,Youth
12328,F,58,Youth
12329,M,25,Family
12330,F,33,Youth
12331,M,34,Enterprise
12332,F,67,Enterprise
12333,F,69,Family
12334,F,55,Youth
12335,M,47,Youth
12336,M,30,Premium
12337,M,36,Enterprise
12338,F,47,Family
12339,M,67,Premium
12340,F,28,Youth
12341,F,50,Premium
12342,M,43,Youth
12343,F,25,Premium
12344,F,57,Premium
12345,M,29,Youth
12346,M,35,Youth
12347,F,38,Enterprise
12348,F,66,Premium
12349,M,44,Family
12350,M,27,Family
12351,M,50,Premium
12352,F,68,Youth
12353,F,59,Youth
12354,F,53,Premium
12355,M,62,Youth
12356,F,42,Family
12357,M,68,Enterprise
12358,M,34,Premium
12359,M,35,Youth
12360,M,62,Family
12361,F,55,Enterprise
12362,F,58,Youth
12363,F,65,Enterprise
12364,F,32,Family
12365,M,54,Youth
12366,M,36,Family
12367,M,62,Premium
12368,F,18,Premium
12369,M,57,Family
12370,F,22,Premium
12371,F,55,Family
12372,M,19,Enterprise
12373,M,32,Youth
12374,F,46,Family
12375,M,21,Youth
12376,F,37,Premium
12377,M,64,Youth
12378,M,24,Enterprise
12379,F,57,Family
12380,F,24,Enterprise
12381,F,63,Family
12382,M,25,Family
12383,F,55,Youth
12384,F,44,Family
12385,F,32,Premium
12386,F,39,Youth
12387,M,62,Youth
12388,M,24,Premium
12389,F,34,Premium
12390,F,68,Youth
12391,M,58,Youth
12392,M,48,Enterprise
12393,M,20,Family
12394,F,19,Premium
12395,M,55,Youth
12396,F,24,Youth
12397,F,43,Youth
12398,F,30,Enterprise
12399,M,58,Premium
12400,F,34,Family
12401,F,49,Family
12402,F,26,Premium
12403,F,61,Family
12404,M,67,Youth
12405,M,23,Premium
12406,M,37,Youth
12407,F,48,Youth
12408,F,26,Family
12409,F,58,Family
12410,F,49,Enterprise
12411,F,53,Premium
12412,M,55,Family
12413,F,19,Youth
12414,M,31,Premium
12415,F,40,Youth
12416,F,26,Family
12417,M,20,Youth
12418,M,25,Premium
12419,F,18,Family
12420,M,27,Enterprise
12421,F,31,Family
12422,F,21,Youth
12423,F,20,Premium
12424,F,26,Youth
12425,F,30,Premium
12426,F,49,Family
12427,F,65,Youth
12428,F,43,Premium
12429,M,21,Premium
12430,M,36,Youth
12431,F,22,Premium
12432,M,64,Youth
12433,F,70,Family
12434,M,57,Family
12435,F,24,Family
12436,F,40,Premium
12437,F,37,Youth
12438,F,45,Enterprise
12439,F,51,Premium
12440,M,69,Enterprise
12441,F,55,Youth
12442,M,58,Premium
12443,M,44,Enterprise
12444,M,52,Youth
12445,F,18,Premium
12446,F,24,Premium
12447,F,19,Premium
12448,F,57,Premium
12449,M,44,Youth
12450,M,37,Premium
12451,M,28,Premium
12452,F,39,Premium
12453,F,66,Enterprise
12454,M,64,Enterprise
12455,M,48,Youth
12456,M,39,Premium
12457,F,26,Premium
12458,M,23,Enterprise
12459,M,60,Youth
12460,M,29,Premium
12461,M,46,Youth
12462,M,36,Youth
12463,F,69,Family
12464,M,48,Enterprise
12465,M,67,Youth
12466,M,55,Enterprise
12467,M,31,Enterprise
12468,M,23,Family
12469,M,51,Family
12470,M,51,Family
12471,F,37,Family
12472,F,37,Enterprise
12473,F,37,Enterprise
12474,F,68,Premium
12475,F,28,Enterprise
12476,F,18,Enterprise
12477,M,68,Family
12478,M,70,Enterprise
12479,M,26,Enterprise
12480,M,65,Youth
12481,F,32,Premium
12482,F,44,Enterprise
12483,M,70,Family
12484,F,45,Youth
12485,M,65,Youth
12486,M,40,Premium
12487,F,62,Enterprise
12488,F,28,Enterprise
12489,F,53,Youth
12490,F,24,Youth
12491,M,48,Youth
12492,F,32,Youth
12493,M,48,Enterprise
12494,F,67,Enterprise
12495,F,64,Enterprise
12496,F,58,Enterprise
12497,M,19,Enterprise
12498,F,46,Family
12499,F,59,Premium
12500,M,63,Premium
12501,F,56,Youth
12502,F,26,Enterprise
12503,F,35,Youth
12504,F,31,Family
12505,M,66,Enterprise
12506,F,64,Enterprise
12507,F,59,Youth
12508,M,46,Premium
12509,F,36,Youth
12510,M,48,Family
12511,F,22,Enterprise
12512,F,55,Enterprise
12513,M,51,Family
12514,M,62,Enterprise
12515,M,38,Youth
12516,F,35,Premium
12517,M,63,Enterprise
12518,F,30,Family
12519,F,26,Youth
12520,M,53,Premium
12521,F,38,Family
12522,F,61,Enterprise
12523,F,45,Premium
12524,F,70,Enterprise
12525,F,26,Youth
12526,F,68,Youth
12527,F,58,Family
12528,F,36,Youth
12529,M,49,Premium
12530,M,22,Enterprise
12531,M,25,Enterprise
12532,F,36,Premium
12533,M,20,Enterprise
12534,F,56,Youth
12535,M,46,Premium
12536,F,28,Enterprise
12537,F,41,Premium
12538,M,36,Enterprise
12539,F,67,Youth
12540,M,50,Youth
12541,M,35,Enterprise
12542,M,30,Youth
12543,M,41,Premium
12544,M,61,Family
12545,F,48,Enterprise
12546,M,63,Youth
12547,M,52,Premium
12548,F,23,Enterprise
12549,M,35,Enterprise
12550,F,48,Family
12551,F,35,Family
12552,M,46,Enterprise
12553,M,29,Enterprise
12554,F,66,Premium
12555,F,58,Family
12556,M,37,Youth
12557,M,53,Youth
12558,M,54,Family
12559,M,59,Premium
12560,M,63,Enterprise
12561,F,42,Youth
12562,F,37,Premium
12563,M,29,Premium
12564,M,51,Enterprise
12565,F,33,Youth
12566,F,26,Youth
12567,M,20,Premium
12568,M,70,Enterprise
12569,F,19,Family
12570,F,46,Enterprise
12571,F,49,Enterprise
12572,M,36,Family
12573,M,37,Premium
12574,M,19,Family
12575,M,20,Family
12576,M,52,Enterprise
12577,M,45,Family
12578,F,39,Family
12579,M,36,Family
12580,M,34,Family
12581,F,30,Youth
12582,M,68,Premium
12583,M,65,Premium
12584,F,62,Family
12585,F,45,Family
12586,M,67,Premium
12587,F,48,Premium
12588,M,33,Youth
12589,M,49,Enterprise
12590,F,57,Family
12591,M,49,Family
12592,M,24,Family
12593,M,49,Enterprise
12594,F,56,Enterprise
12595,F,22,Family
12596,M,20,Family
12597,F,33,Youth
12598,M,50,Premium
12599,F,55,Youth
12600,F,43,Premium
12601,F,43,Premium
12602,M,18,Enterprise
12603,F,20,Youth
12604,F,18,Enterprise
12605,M,69,Premium
12606,M,69,Youth
12607,F,63,Enterprise
12608,F,18,Family
12609,F,48,Family
12610,M,24,Premium
12611,F,27,Premium
12612,F,55,Enterprise
12613,M,53,Premium
12614,F,31,Youth
12615,F,20,Enterprise
12616,F,54,Youth
12617,F,19,Premium
12618,M,38,Youth
12619,M,70,Youth
12620,M,49,Premium
12621,F,56,Family
12622,M,46,Premium
12623,M,70,Enterprise
12624,F,29,Premium
12625,M,39,Premium
12626,F,19,Family
12627,F,57,Enterprise
12628,F,48,Premium
12629,F,37,Family
12630,F,49,Premium
12631,F,43,Youth
12632,M,26,Youth
12633,M,29,Youth
12634,F,47,Youth
12635,M,28,Enterprise
12636,M,47,Youth
12637,M,28,Youth
12638,F,67,Enterprise
12639,M,47,Youth
12640,F,60,Enterprise
12641,F,22,Family
12642,F,45,Family
12643,F,25,Premium
12644,M,47,Enterprise
12645,F,66,Family
12646,F,65,Family
12647,F,43,Enterprise
12648,M,56,Youth
12649,M,27,Youth
12650,M,66,Premium
12651,M,59,Family
12652,F,66,Premium
12653,F,54,Youth
12654,M,51,Youth
12655,F,46,Enterprise
12656,M,33,Family
12657,F,29,Youth
12658,M,45,Family
12659,F,21,Family
12660,F,51,Youth
12661,M,51,Premium
12662,F,50,Youth
12663,M,63,Enterprise
12664,F,45,Enterprise
12665,M,40,Youth
12666,M,59,Youth
12667,F,61,Premium
12668,F,65,Youth
12669,M,37,Enterprise
12670,F,49,Youth
12671,F,55,Premium
12672,F,58,Premium
12673,F,39,Premium
12674,F,31,Youth
12675,F,48,Premium
12676,M,58,Youth
12677,M,62,Premium
12678,F,48,Family
12679,M,33,Premium
12680,F,60,Premium
12681,F,24,Youth
12682,F,43,Family
12683,F,50,Family
12684,F,62,Premium
12685,M,47,Enterprise
12686,M,52,Youth
12687,M,58,Youth
12688,M,42,Youth
12689,F,52,Youth
12690,M,36,Youth
12691,F,24,Youth
12692,F,27,Premium
12693,F,42,Enterprise
12694,F,31,Family
12695,M,42,Enterprise
12696,M,28,Premium
12697,M,43,Premium
12698,F,62,Premium
12699,F,59,Premium
12700,F,39,Family
12701,F,66,Enterprise
12702,F,43,Family
12703,M,60,Enterprise
12704,F,69,Enterprise
12705,M,56,Enterprise
12706,F,65,Premium
12707,M,62,Premium
12708,F,44,Youth
12709,F,22,Family
12710,F,53,Youth
12711,M,64,Premium
12712,M,29,Enterprise
12713,M,28,Youth
12714,F,37,Family
12715,F,67,Premium
12716,F,59,Family
12717,M,65,Youth
12718,F,25,Youth
12719,M,22,Premium
12720,F,46,Family
12721,F,59,Youth
12722,M,35,Enterprise
12723,M,60,Family
12724,F,52,Youth
12725,F,28,Youth
12726,F,34,Youth
12727,M,20,Premium
12728,F,30,Youth
12729,M,25,Enterprise
12730,M,32,Enterprise
12731,M,51,Family
12732,F,46,Family
12733,F,21,Youth
12734,F,25,Premium
12735,F,50,Family
12736,M,26,Family
12737,F,26,Enterprise
12738,M,58,Enterprise
12739,M,26,Youth
12740,F,68,Premium
12741,M,28,Enterprise
12742,M,53,Youth
12743,F,58,Youth
12744,F,28,Enterprise
12745,F,63,Family
12746,F,58,Youth
12747,M,70,Premium
12748,F,23,Family
12749,F,50,Youth
12750,M,48,Family
12751,M,29,Family
12752,F,38,Youth
12753,F,56,Enterprise
12754,F,24,Enterprise
12755,M,34,Youth
12756,F,24,Family
12757,F,29,Premium
12758,F,57,Youth
12759,M,49,Youth
12760,F,65,Youth
12761,F,25,Premium
12762,M,34,Premium
12763,F,30,Youth
12764,M,55,Enterprise
12765,M,28,Youth
12766,F,62,Youth
12767,F,29,Youth
12768,M,63,Enterprise
12769,M,25,Youth
12770,M,19,Family
12771,F,31,Family
12772,M,34,Enterprise
12773,M,48,Family
12774,F,68,Premium
12775,M,39,Premium
12776,F,65,Youth
12777,M,30,Youth
12778,F,33,Premium
12779,M,47,Premium
12780,M,19,Youth
12781,F,24,Family
12782,F,69,Youth
12783,F,58,Youth
12784,M,31,Youth
12785,M,21,Enterprise
12786,F,42,Family
12787,F,56,Enterprise
12788,F,69,Youth
12789,M,24,Premium
12790,M,69,Enterprise
12791,M,69,Enterprise
12792,F,63,Enterprise
12793,F,29,Family
12794,F,18,Premium
12795,F,62,Family
12796,M,54,Enterprise
12797,F,34,Youth
12798,F,26,Premium
12799,M,23,Youth
12800,M,44,Premium
12801,F,44,Youth
12802,M,38,Premium
12803,F,33,Premium
12804,M,65,Youth
12805,F,32,Youth
12806,M,37,Premium
12807,M,40,Premium
12808,F,67,Enterprise
12809,M,47,Family
12810,F,64,Enterprise
12811,F,58,Family
12812,M,68,Youth
12813,F,21,Enterprise
12814,F,53,Youth
12815,M,60,Family
12816,F,64,Youth
12817,F,57,Family
12818,F,55,Family
12819,M,68,Youth
12820,M,30,Family
12821,F,61,Enterprise
12822,M,35,Premium
12823,F,56,Enterprise
12824,M,40,Family
12825,F,69,Youth
12826,M,38,Family
12827,M,49,Youth
12828,M,36,Family
12829,F,24,Premium
12830,F,56,Premium
12831,M,56,Family
12832,M,19,Youth
12833,F,35,Family
12834,F,46,Youth
12835,F,58,Enterprise
12836,M,34,Enterprise
12837,F,23,Family
12838,M,59,Enterprise
12839,F,63,Enterprise
12840,M,62,Enterprise
12841,M,47,Youth
12842,M,30,Enterprise
12843,F,44,Family
12844,F,64,Premium
12845,F,57,Family
12846,F,70,Family
12847,F,42,Family
12848,F,64,Enterprise
12849,M,57,Family
12850,M,37,Enterprise
12851,F,34,Premium
12852,F,33,Family
12853,M,32,Family
12854,F,18,Family
12855,F,47,Premium
12856,M,32,Enterprise
12857,F,54,Youth
12858,M,66,Premium
12859,M,67,Premium
12860,M,33,Youth
12861,F,49,Enterprise
12862,M,63,Enterprise
12863,M,54,Family
12864,M,38,Enterprise
12865,F,66,Family
12866,F,62,Youth
12867,M,21,Youth
12868,F,36,Family
12869,F,68,Enterprise
12870,F,67,Enterprise
12871,F,49,Family
12872,M,60,Premium
12873,F,45,Youth
12874,M,20,Youth
12875,F,32,Enterprise
12876,F,27,Enterprise
12877,M,40,Family
12878,F,27,Youth
12879,M,20,Enterprise
12880,F,42,Family
12881,F,18,Premium
12882,M,61,Family
12883,F,70,Family
12884,M,68,Family
12885,F,33,Premium
12886,M,43,Youth
12887,F,60,Youth
12888,M,18,Premium
12889,F,55,Enterprise
12890,M,52,Enterprise
12891,M,19,Youth
12892,F,54,Premium
12893,M,70,Youth
12894,F,65,Youth
12895,M,53,Enterprise
12896,F,67,Family
12897,F,27,Youth
12898,M,48,Enterprise
12899,M,24,Premium
12900,F,61,Youth
12901,F,39,Youth
12902,M,22,Family
12903,F,58,Premium
12904,F,49,Enterprise
12905,M,30,Premium
12906,F,29,Premium
12907,F,60,Youth
12908,M,43,Premium
12909,F,36,Family
12910,F,56,Family
12911,M,24,Enterprise
12912,F,20,Youth
12913,F,41,Enterprise
12914,M,34,Family
12915,F,19,Family
12916,F,48,Youth
12917,F,70,Premium
12918,M,62,Enterprise
12919,F,41,Family
12920,M,49,Family
12921,M,57,Enterprise
12922,M,62,Premium
12923,F,18,Youth
12924,M,41,Family
12925,M,31,Family
12926,F,19,Family
12927,F,58,Family
12928,F,23,Family
12929,M,54,Enterprise
12930,M,49,Family
12931,F,29,Youth
12932,F,23,Youth
12933,F,39,Enterprise
12934,F,59,Youth
12935,F,46,Enterprise
12936,F,64,Family
12937,M,49,Youth
12938,M,37,Premium
12939,F,61,Enterprise
12940,M,19,Youth
12941,M,67,Enterprise
12942,M,47,Youth
12943,M,49,Premium
12944,M,38,Youth
12945,F,50,Youth
12946,F,31,Youth
12947,F,40,Enterprise
12948,M,43,Family
12949,F,29,Youth
12950,M,44,Premium
12951,F,57,Family
12952,F,32,Family
12953,M,34,Family
12954,F,57,Enterprise
12955,F,53,Enterprise
12956,F,60,Youth
12957,M,67,Premium
12958,F,25,Youth
12959,F,53,Premium
12960,F,56,Family
12961,F,70,Enterprise
12962,F,30,Youth
12963,M,59,Family
12964,M,24,Enterprise
12965,F,55,Youth
12966,F,21,Family
12967,F,24,Family
12968,M,29,Enterprise
12969,M,29,Family
12970,M,60,Enterprise
12971,M,64,Youth
12972,M,23,Premium
12973,M,24,Enterprise
12974,F,19,Family
12975,M,58,Enterprise
12976,M,25,Youth
12977,M,24,Enterprise
12978,M,45,Premium
12979,F,33,Youth
12980,M,58,Youth
12981,F,41,Family
12982,M,23,Premium
12983,F,49,Family
12984,F,35,Enterprise
12985,M,41,Youth
12986,M,35,Premium
12987,F,21,Enterprise
12988,M,34,Youth
12989,F,53,Youth
12990,F,46,Premium
12991,F,69,Enterprise
12992,M,39,Enterprise
12993,F,50,Premium
12994,F,61,Family
12995,M,34,Youth
12996,F,57,Enterprise
12997,F,31,Family
12998,F,22,Premium
12999,M,27,Premium
13000,M,40,Premium
13001,F,47,Youth
13002,F,28,Family
13003,F,46,Enterprise
13004,M,31,Premium
13005,M,54,Youth
13006,M,28,Youth
13007,F,20,Family
13008,M,34,Enterprise
13009,M,67,Enterprise
13010,M,50,Youth
13011,M,52,Enterprise
13012,M,36,Premium
13013,M,43,Family
13014,M,23,Family
13015,M,67,Family
13016,F,58,Youth
13017,F,42,Youth
13018,F,45,Enterprise
13019,M,62,Family
13020,M,70,Premium
13021,M,56,Family
13022,F,26,Enterprise
13023,M,57,Youth
13024,F,59,Family
13025,F,65,Premium
13026,F,33,Family
13027,F,61,Youth
13028,M,68,Premium
13029,F,41,Enterprise
13030,F,26,Youth
13031,F,68,Family
13032,M,42,Youth
13033,M,32,Family
13034,M,48,Premium
13035,F,70,Family
13036,F,40,Premium
13037,M,49,Youth
13038,M,22,Family
13039,F,46,Youth
13040,M,25,Family
13041,F,69,Premium
13042,M,42,Family
13043,M,55,Youth
13044,M,34,Enterprise
13045,F,22,Enterprise
13046,F,28,Enterprise
13047,M,33,Family
13048,M,54,Family
13049,F,69,Youth
13050,M,46,Premium
13051,M,29,Premium
13052,F,35,Premium
13053,M,46,Enterprise
13054,F,70,Premium
13055,M,29,Enterprise
13056,F,60,Enterprise
13057,F,37,Family
13058,F,59,Youth
13059,M,51,Family
13060,F,32,Family
13061,M,56,Family
13062,M,49,Family
13063,M,29,Premium
13064,F,44,Enterprise
13065,F,59,Family
13066,M,43,Youth
13067,M,23,Youth
13068,F,55,Premium
13069,M,49,Premium
13070,M,54,Family
13071,M,21,Enterprise
13072,F,47,Family
13073,M,19,Premium
13074,F,60,Enterprise
13075,M,45,Premium
13076,M,70,Premium
13077,M,35,Premium
13078,M,69,Family
13079,M,50,Premium
13080,F,40,Premium
13081,M,39,Premium
13082,F,41,Youth
13083,F,70,Enterprise
13084,M,46,Premium
13085,M,37,Enterprise
13086,F,53,Family
13087,F,66,Youth
13088,M,33,Youth
13089,M,28,Premium
13090,M,54,Youth
13091,F,56,Family
13092,M,24,Premium
13093,F,40,Premium
13094,F,25,Enterprise
13095,M,63,Enterprise
13096,F,38,Youth
13097,M,42,Family
13098,M,46,Enterprise
13099,M,57,Family
13100,M,40,Youth
13101,M,27,Family
13102,F,32,Family
13103,F,60,Enterprise
13104,F,33,Youth
13105,F,37,Premium
13106,F,30,Youth
13107,F,59,Premium
13108,F,59,Premium
13109,F,49,Enterprise
13110,M,49,Youth
13111,F,53,Premium
13112,F,48,Premium
13113,M,18,Enterprise
13114,M,52,Youth
13115,F,63,Premium
13116,M,46,Premium
13117,M,31,Youth
13118,F,65,Enterprise
13119,F,54,Premium
13120,M,32,Family
13121,F,56,Premium
13122,F,44,Family
13123,M,40,Youth
13124,M,26,Family
13125,M,50,Premium
13126,F,63,Family
13127,F,61,Youth
13128,M,49,Enterprise
13129,F,19,Premium
13130,M,51,Premium
13131,F,39,Youth
13132,F,65,Family
13133,F,55,Family
13134,M,61,Premium
13135,F,70,Family
13136,M,18,Enterprise
13137,M,36,Family
13138,M,46,Youth
13139,M,68,Youth
13140,F,21,Youth
13141,F,67,Premium
13142,M,30,Premium
13143,M,40,Enterprise
13144,F,52,Enterprise
13145,F,19,Family
13146,F,40,Premium
13147,M,54,Premium
13148,F,19,Family
13149,F,60,Youth
13150,M,37,Youth
13151,M,58,Premium
13152,F,27,Enterprise
13153,M,30,Youth
13154,F,35,Premium
13155,F,26,Family
13156,M,18,Family
13157,F,53,Youth
13158,F,58,Family
13159,F,49,Enterprise
13160,M,57,Enterprise
13161,M,38,Premium
13162,M,61,Enterprise
13163,F,62,Youth
13164,F,41,Enterprise
13165,M,51,Premium
13166,F,64,Enterprise
13167,F,68,Enterprise
13168,F,38,Family
13169,F,41,Premium
13170,F,23,Premium
13171,M,36,Enterprise
13172,F,61,Enterprise
13173,M,20,Youth
13174,M,60,Youth
13175,F,60,Enterprise
13176,F,26,Premium
13177,M,21,Family
13178,M,25,Family
13179,F,25,Family
13180,F,65,Youth
13181,F,43,Premium
13182,M,19,Youth
13183,M,58,Enterprise
13184,F,29,Premium
13185,F,29,Family
13186,F,40,Premium
13187,F,65,Youth
13188,M,69,Enterprise
13189,F,69,Youth
13190,F,32,Premium
13191,M,49,Youth
13192,M,38,Premium
13193,F,35,Enterprise
13194,M,39,Premium
13195,F,35,Youth
13196,M,60,Family
13197,M,44,Youth
13198,F,26,Youth
13199,F,55,Premium
13200,F,33,Family
13201,M,23,Youth
13202,F,57,Premium
13203,F,23,Youth
13204,F,40,Youth
13205,M,21,Enterprise
13206,F,19,Enterprise
13207,M,31,Enterprise
13208,M,33,Family
13209,M,51,Enterprise
13210,F,45,Enterprise
13211,M,36,Enterprise
13212,M,65,Family
13213,M,58,Enterprise
13214,M,66,Family
13215,M,42,Youth
13216,F,58,Family
13217,F,69,Premium
13218,M,57,Youth
13219,F,23,Youth
13220,F,56,Family
13221,M,54,Premium
13222,F,33,Premium
13223,F,26,Youth
13224,F,69,Family
13225,F,53,Family
13226,M,44,Premium
13227,F,21,Family
13228,M,62,Family
13229,M,38,Youth
13230,M,70,Youth
13231,M,69,Premium
13232,M,21,Enterprise
13233,M,26,Enterprise
13234,F,18,Family
13235,M,20,Premium
13236,F,65,Youth
13237,M,62,Premium
13238,M,18,Family
13239,M,49,Youth
13240,F,58,Family
13241,M,19,Youth
13242,F,49,Family
13243,M,62,Youth
13244,M,33,Family
13245,F,45,Enterprise
13246,F,20,Family
13247,F,61,Youth
13248,F,30,Youth
13249,M,41,Youth
13250,F,23,Enterprise
13251,F,68,Youth
13252,M,36,Family
13253,F,27,Enterprise
13254,F,66,Enterprise
13255,F,70,Premium
13256,F,41,Family
13257,M,40,Family
13258,M,69,Premium
13259,F,32,Family
13260,M,33,Premium
13261,M,62,Youth
13262,M,22,Youth
13263,M,38,Enterprise
13264,M,42,Youth
13265,F,55,Family
13266,M,60,Youth
13267,M,31,Family
13268,F,47,Youth
13269,F,62,Premium
13270,F,62,Family
13271,F,28,Family
13272,M,59,Enterprise
13273,F,58,Family
13274,F,40,Family
13275,M,32,Family
13276,F,44,Youth
13277,M,29,Premium
13278,F,23,Premium
13279,F,53,Enterprise
13280,M,60,Youth
13281,M,22,Premium
13282,F,21,Family
13283,M,35,Premium
13284,F,69,Family
13285,M,40,Family
13286,F,56,Family
13287,M,54,Youth
13288,M,30,Enterprise
13289,F,19,Family
13290,F,62,Enterprise
13291,F,55,Enterprise
13292,F,53,Enterprise
13293,M,41,Family
13294,F,49,Enterprise
13295,F,44,Family
13296,F,63,Premium
13297,M,30,Family
13298,M,67,Family
13299,M,64,Premium
13300,M,33,Premium
13301,F,28,Family
13302,M,45,Youth
13303,M,19,Family
13304,F,46,Enterprise
13305,M,30,Enterprise
13306,M,31,Enterprise
13307,M,58,Enterprise
13308,M,59,Youth
13309,M,54,Enterprise
13310,M,57,Enterprise
13311,M,21,Family
13312,M,45,Family
13313,M,47,Enterprise
13314,F,28,Enterprise
13315,M,32,Youth
13316,F,34,Family
13317,F,28,Enterprise
13318,M,18,Family
13319,F,54,Youth
13320,M,65,Family
13321,F,21,Youth
13322,M,18,Family
13323,M,29,Youth
13324,F,43,Enterprise
13325,M,48,Youth
13326,F,43,Family
13327,F,65,Youth
13328,F,51,Youth
13329,M,35,Youth
13330,F,51,Premium
13331,M,68,Family
13332,M,22,Family
13333,F,59,Enterprise
13334,M,42,Family
13335,F,38,Family
13336,F,65,Premium
13337,F,37,Premium
13338,M,48,Youth
13339,M,20,Enterprise
13340,M,69,Premium
13341,F,50,Family
13342,M,60,Youth
13343,F,67,Premium
13344,F,55,Family
13345,F,56,Enterprise
13346,F,21,Enterprise
13347,F,51,Enterprise
13348,M,27,Youth
13349,M,69,Youth
13350,F,33,Youth
13351,F,32,Youth
13352,F,48,Premium
13353,M,37,Enterprise
13354,M,54,Premium
13355,M,22,Enterprise
13356,F,42,Youth
13357,M,36,Youth
13358,F,48,Premium
13359,F,50,Enterprise
13360,F,51,Enterprise
13361,M,41,Family
13362,F,23,Youth
13363,M,34,Youth
13364,F,48,Premium
13365,F,20,Enterprise
13366,F,54,Family
13367,M,25,Enterprise
13368,M,55,Youth
13369,F,37,Youth
13370,M,38,Premium
13371,M,22,Enterprise
13372,F,23,Family
13373,M,28,Enterprise
13374,F,37,Family
13375,M,25,Premium
13376,M,35,Enterprise
13377,M,70,Family
13378,F,53,Family
13379,F,53,Premium
13380,M,56,Youth
13381,F,50,Enterprise
13382,M,46,Enterprise
13383,F,18,Enterprise
13384,F,19,Premium
13385,M,34,Family
13386,F,29,Premium
13387,F,30,Premium
13388,F,20,Premium
13389,F,67,Youth
13390,F,62,Premium
13391,F,18,Enterprise
13392,F,19,Premium
13393,F,60,Premium
13394,F,61,Family
13395,F,22,Enterprise
13396,F,43,Family
13397,F,24,Premium
13398,M,33,Premium
13399,M,34,Family
13400,M,53,Enterprise
13401,M,56,Youth
13402,M,57,Enterprise
13403,F,46,Enterprise
13404,F,39,Premium
13405,F,66,Enterprise
13406,F,49,Family
13407,F,37,Family
13408,F,43,Youth
13409,F,61,Family
13410,M,33,Youth
13411,M,63,Youth
13412,F,24,Youth
13413,F,36,Premium
13414,M,22,Premium
13415,M,47,Enterprise
13416,F,47,Premium
13417,M,62,Youth
13418,F,37,Family
13419,F,34,Enterprise
13420,F,51,Enterprise
13421,M,49,Premium
13422,M,18,Premium
13423,F,44,Enterprise
13424,F,33,Family
13425,M,62,Enterprise
13426,F,30,Premium
13427,M,52,Family
13428,M,45,Enterprise
13429,M,22,Enterprise
13430,F,42,Enterprise
13431,M,62,Family
13432,M,64,Premium
13433,F,30,Youth
13434,M,56,Premium
13435,M,36,Enterprise
13436,F,34,Family
13437,F,45,Premium
13438,M,38,Enterprise
13439,F,70,Youth
13440,M,34,Youth
13441,F,58,Premium
13442,M,64,Family
13443,M,37,Enterprise
13444,F,33,Premium
13445,M,64,Enterprise
13446,F,18,Family
13447,F,40,Enterprise
13448,F,58,Family
13449,M,43,Family
13450,F,68,Premium
13451,M,50,Youth
13452,F,64,Enterprise
13453,M,49,Family
13454,M,64,Youth
13455,M,65,Family
13456,M,22,Family
13457,F,55,Family
13458,F,63,Enterprise
13459,M,56,Family
13460,M,19,Family
13461,F,50,Premium
13462,F,65,Premium
13463,F,67,Youth
13464,M,26,Youth
13465,M,53,Family
13466,M,52,Premium
13467,M,32,Enterprise
13468,M,32,Enterprise
13469,F,29,Youth
13470,M,28,Youth
13471,F,50,Premium
13472,F,36,Enterprise
13473,M,68,Premium
13474,M,49,Premium
13475,F,65,Enterprise
13476,M,41,Youth
13477,M,20,Youth
13478,M,39,Enterprise
13479,M,29,Family
13480,F,29,Family
13481,M,32,Enterprise
13482,M,48,Youth
13483,F,57,Youth
13484,F,38,Premium
13485,F,65,Youth
13486,F,67,Premium
13487,M,50,Premium
13488,M,63,Premium
13489,F,47,Youth
13490,F,35,Family
13491,F,45,Premium
13492,F,19,Youth
13493,F,39,Enterprise
13494,M,57,Enterprise
13495,F,66,Premium
13496,F,21,Youth
13497,M,65,Youth
13498,M,61,Enterprise
13499,F,40,Family
13500,F,47,Family
13501,F,41,Youth
13502,M,47,Enterprise
13503,M,70,Premium
13504,F,45,Youth
13505,F,23,Premium
13506,F,54,Premium
13507,M,47,Youth
13508,F,31,Premium
13509,M,58,Enterprise
13510,M,36,Enterprise
13511,M,68,Family
13512,F,54,Family
13513,M,61,Premium
13514,F,36,Enterprise
13515,M,51,Youth
13516,F,36,Family
13517,F,47,Family
13518,M,53,Premium
13519,F,18,Enterprise
13520,M,21,Enterprise
13521,F,47,Family
13522,F,60,Enterprise
13523,M,36,Enterprise
13524,F,70,Premium
13525,F,62,Youth
13526,M,53,Premium
13527,M,44,Family
13528,M,28,Premium
13529,F,60,Family
13530,F,55,Family
13531,F,62,Enterprise
13532,M,65,Family
13533,F,58,Youth
13534,F,51,Premium
13535,F,37,Family
13536,M,66,Family
13537,M,30,Family
13538,M,24,Youth
13539,M,44,Youth
13540,M,60,Family
13541,M,48,Family
13542,F,44,Premium
13543,M,51,Enterprise
13544,M,34,Family
13545,F,40,Enterprise
13546,F,42,Premium
13547,F,25,Family
13548,M,61,Premium
13549,F,35,Enterprise
13550,F,41,Enterprise
13551,F,36,Premium
13552,M,18,Family
13553,M,53,Enterprise
13554,M,49,Premium
13555,F,32,Enterprise
13556,F,48,Family
13557,M,50,Enterprise
13558,F,57,Family
13559,F,23,Enterprise
13560,M,30,Enterprise
13561,M,67,Youth
13562,M,21,Family
13563,F,40,Youth
13564,M,45,Youth
13565,F,36,Youth
13566,F,68,Premium
13567,M,18,Enterprise
13568,F,39,Enterprise
13569,F,67,Premium
13570,M,47,Premium
13571,F,52,Premium
13572,F,42,Youth
13573,F,37,Family
13574,M,55,Enterprise
13575,F,28,Enterprise
13576,F,68,Enterprise
13577,F,26,Family
13578,F,59,Family
13579,M,68,Youth
13580,M,64,Enterprise
13581,M,21,Premium
13582,F,38,Premium
13583,F,36,Youth
13584,M,44,Premium
13585,M,53,Premium
13586,M,52,Family
13587,F,43,Premium
13588,F,49,Enterprise
13589,F,42,Premium
13590,M,56,Enterprise
13591,M,29,Youth
13592,F,48,Premium
13593,F,66,Family
13594,M,34,Youth
13595,F,35,Premium
13596,M,61,Youth
13597,M,32,Family
13598,M,66,Family
13599,M,43,Premium
13600,F,24,Enterprise
13601,F,47,Enterprise
13602,F,47,Youth
13603,F,48,Family
13604,M,41,Youth
13605,F,56,Family
13606,F,68,Enterprise
13607,F,67,Youth
13608,F,34,Enterprise
13609,F,34,Premium
13610,F,51,Premium
13611,F,30,Enterprise
13612,M,43,Youth
13613,M,70,Youth
13614,M,66,Family
13615,M,63,Family
13616,M,69,Youth
13617,F,21,Youth
13618,F,60,Youth
13619,M,30,Premium
13620,M,56,Premium
13621,M,31,Premium
13622,M,66,Youth
13623,F,21,Enterprise
13624,M,30,Premium
13625,F,36,Family
13626,M,67,Youth
13627,F,51,Premium
13628,F,38,Family
13629,F,68,Youth
13630,F,26,Premium
13631,F,44,Premium
13632,M,54,Enterprise
13633,F,65,Youth
13634,F,69,Family
13635,M,64,Enterprise
13636,F,58,Youth
13637,F,31,Enterprise
13638,F,32,Youth
13639,M,21,Family
13640,M,30,Family
13641,M,65,Youth
13642,M,21,Family
13643,M,58,Family
13644,M,57,Enterprise
13645,M,36,Premium
13646,F,24,Youth
13647,M,69,Premium
13648,F,68,Premium
13649,M,31,Youth
13650,F,28,Enterprise
13651,F,29,Family
13652,F,58,Enterprise
13653,M,40,Youth
13654,M,19,Premium
13655,F,30,Family
13656,M,43,Family
13657,M,58,Premium
13658,M,23,Youth
13659,F,45,Family
13660,F,22,Youth
13661,M,38,Premium
13662,M,28,Youth
13663,F,57,Premium
13664,F,28,Youth
13665,M,43,Enterprise
13666,F,50,Enterprise
13667,M,38,Premium
13668,F,53,Premium
13669,F,27,Youth
13670,M,38,Enterprise
13671,M,54,Premium
13672,M,31,Family
13673,F,65,Family
13674,M,64,Enterprise
13675,F,25,Enterprise
13676,F,56,Premium
13677,M,69,Premium
13678,M,60,Family
13679,F,36,Family
13680,F,38,Premium
13681,M,25,Youth
13682,M,31,Youth
13683,F,42,Premium
13684,F,45,Premium
13685,M,41,Enterprise
13686,F,45,Enterprise
13687,F,51,Youth
13688,M,29,Enterprise
13689,F,22,Family
13690,M,29,Family
13691,M,55,Youth
13692,F,69,Family
13693,F,24,Premium
13694,M,68,Youth
13695,F,58,Youth
13696,F,29,Enterprise
13697,M,22,Premium
13698,M,55,Family
13699,M,34,Family
13700,M,49,Youth
13701,F,68,Enterprise
13702,M,62,Enterprise
13703,F,56,Family
13704,F,56,Youth
13705,F,29,Enterprise
13706,F,29,Youth
13707,M,41,Youth
13708,F,65,Enterprise
13709,M,54,Youth
13710,M,44,Enterprise
13711,M,54,Premium
13712,M,28,Family
13713,F,22,Premium
13714,M,65,Premium
13715,M,55,Premium
13716,M,63,Family
13717,M,66,Premium
13718,M,36,Premium
13719,F,38,Enterprise
13720,M,35,Enterprise
13721,F,57,Family
13722,F,53,Family
13723,M,35,Enterprise
13724,M,42,Premium
13725,M,40,Family
13726,M,21,Premium
13727,F,67,Youth
13728,M,64,Enterprise
13729,M,25,Family
13730,F,35,Youth
13731,F,46,Family
13732,M,40,Youth
13733,F,69,Family
13734,F,44,Premium
13735,F,23,Youth
13736,M,39,Premium
13737,M,26,Premium
13738,F,37,Youth
13739,F,55,Premium
13740,F,50,Family
13741,M,24,Enterprise
13742,M,36,Enterprise
13743,F,57,Family
13744,M,56,Family
13745,M,65,Youth
13746,M,62,Enterprise
13747,M,32,Enterprise
13748,M,42,Family
13749,F,23,Family
13750,M,70,Family
13751,F,50,Youth
13752,F,53,Enterprise
13753,F,40,Youth
13754,M,22,Youth
13755,F,22,Family
13756,M,39,Family
13757,M,64,Premium
13758,F,28,Premium
13759,F,38,Youth
13760,M,36,Family
13761,M,53,Family
13762,F,36,Enterprise
13763,F,65,Family
13764,M,56,Family
13765,M,24,Family
13766,M,34,Family
13767,M,41,Enterprise
13768,M,70,Premium
13769,M,22,Enterprise
13770,M,69,Youth
13771,F,61,Family
13772,M,61,Premium
13773,F,21,Family
13774,M,60,Family
13775,F,54,Premium
13776,F,45,Family
13777,F,30,Premium
13778,F,28,Enterprise
13779,F,68,Family
13780,M,39,Youth
13781,M,19,Family
13782,F,68,Enterprise
13783,F,68,Premium
13784,F,34,Youth
13785,M,58,Premium
13786,M,52,Premium
13787,F,68,Family
13788,F,63,Family
13789,F,54,Enterprise
13790,F,22,Family
13791,M,46,Family
13792,M,37,Premium
13793,F,18,Enterprise
13794,F,54,Youth
13795,F,26,Family
13796,M,36,Youth
13797,F,70,Youth
13798,M,55,Youth
13799,F,36,Premium
13800,M,48,Enterprise
13801,F,33,Youth
13802,M,69,Enterprise
13803,M,55,Youth
13804,M,63,Youth
13805,M,31,Enterprise
13806,F,68,Family
13807,F,41,Premium
13808,M,70,Family
13809,F,19,Enterprise
13810,M,70,Enterprise
13811,F,52,Enterprise
13812,M,41,Enterprise
13813,F,47,Enterprise
13814,F,29,Enterprise
13815,M,59,Premium
13816,F,19,Family
13817,M,65,Enterprise
13818,M,50,Family
13819,F,19,Family
13820,F,35,Youth
13821,M,44,Enterprise
13822,M,54,Premium
13823,M,62,Youth
13824,M,51,Youth
13825,M,65,Youth
13826,F,37,Youth
13827,M,40,Family
13828,F,22,Family
13829,M,69,Family
13830,F,63,Enterprise
13831,F,66,Youth
13832,M,49,Enterprise
13833,M,56,Enterprise
13834,M,58,Family
13835,M,33,Family
13836,M,66,Family
13837,M,58,Enterprise
13838,M,29,Youth
13839,M,33,Enterprise
13840,F,48,Premium
13841,M,29,Premium
13842,M,69,Family
13843,M,28,Premium
13844,F,55,Family
13845,F,36,Family
13846,M,21,Premium
13847,F,61,Premium
13848,M,47,Family
13849,M,24,Enterprise
13850,F,49,Enterprise
13851,M,56,Enterprise
13852,F,60,Youth
13853,F,46,Youth
13854,M,69,Youth
13855,F,60,Premium
13856,M,19,Enterprise
13857,M,23,Family
13858,M,58,Youth
13859,M,52,Youth
13860,F,50,Premium
13861,M,34,Family
13862,F,34,Family
13863,M,28,Premium
13864,F,60,Enterprise
13865,F,27,Enterprise
13866,F,19,Youth
13867,F,64,Youth
13868,M,70,Family
13869,F,26,Family
13870,M,43,Enterprise
13871,F,22,Family
13872,F,66,Enterprise
13873,M,22,Youth
13874,F,30,Premium
13875,F,62,Family
13876,F,60,Enterprise
13877,M,29,Youth
13878,F,65,Premium
13879,F,68,Premium
13880,F,68,Youth
13881,M,42,Family
13882,M,40,Premium
13883,M,37,Enterprise
13884,M,39,Enterprise
13885,M,26,Family
13886,M,32,Family
13887,F,56,Family
13888,F,45,Youth
13889,F,28,Youth
13890,F,22,Enterprise
13891,F,48,Premium
13892,F,52,Family
13893,M,33,Premium
13894,F,65,Premium
13895,F,53,Enterprise
13896,F,25,Premium
13897,F,22,Enterprise
13898,M,49,Premium
13899,F,62,Youth
13900,M,20,Youth
13901,F,50,Premium
13902,M,61,Enterprise
13903,F,39,Family
13904,F,36,Enterprise
13905,M,52,Premium
13906,F,24,Enterprise
13907,M,41,Family
13908,F,50,Youth
13909,F,22,Family
13910,M,20,Premium
13911,M,22,Family
13912,M,49,Family
13913,F,19,Premium
13914,F,18,Premium
13915,M,68,Family
13916,F,50,Premium
13917,F,21,Premium
13918,F,44,Family
13919,F,42,Family
13920,F,20,Enterprise
13921,F,18,Premium
13922,M,35,Family
13923,F,54,Family
13924,F,59,Premium
13925,F,23,Family
13926,F,50,Premium
13927,M,61,Premium
13928,F,52,Premium
13929,M,62,Youth
13930,F,32,Youth
13931,F,61,Premium
13932,F,65,Premium
13933,M,63,Family
13934,F,26,Premium
13935,M,38,Family
13936,M,53,Family
13937,M,29,Family
13938,F,21,Premium
13939,F,21,Youth
13940,F,57,Youth
13941,M,61,Youth
13942,F,50,Youth
13943,F,70,Premium
13944,M,60,Enterprise
13945,M,28,Family
13946,M,30,Enterprise
13947,F,46,Premium
13948,M,23,Family
13949,F,25,Enterprise
13950,F,19,Family
13951,M,45,Youth
13952,F,34,Family
13953,M,53,Family
13954,M,30,Family
13955,F,51,Premium
13956,F,62,Enterprise
13957,M,22,Family
13958,F,59,Family
13959,F,26,Family
13960,F,30,Family
13961,M,24,Premium
13962,M,48,Family
13963,M,20,Enterprise
13964,M,26,Premium
13965,F,50,Youth
13966,F,19,Premium
13967,F,29,Enterprise
13968,F,57,Premium
13969,F,66,Family
13970,M,22,Youth
13971,F,20,Premium
13972,M,38,Youth
13973,F,28,Enterprise
13974,M,18,Enterprise
13975,F,33,Enterprise
13976,M,52,Family
13977,M,42,Enterprise
13978,M,22,Enterprise
13979,F,48,Youth
13980,M,23,Youth
13981,F,27,Youth
13982,M,29,Enterprise
13983,M,42,Youth
13984,M,65,Youth
13985,M,65,Family
13986,F,51,Enterprise
13987,F,60,Enterprise
13988,M,62,Premium
13989,F,64,Family
13990,F,25,Family
13991,F,30,Enterprise
13992,M,43,Youth
13993,F,56,Enterprise
13994,M,41,Premium
13995,F,26,Enterprise
13996,F,63,Youth
13997,M,38,Premium
13998,F,61,Premium
13999,F,66,Youth
14000,M,61,Youth
14001,F,65,Premium
14002,M,67,Enterprise
14003,M,24,Family
14004,M,66,Premium
14005,F,61,Youth
14006,M,40,Youth
14007,M,25,Premium
14008,M,60,Enterprise
14009,F,37,Enterprise
14010,F,19,Family
14011,F,22,Family
14012,F,24,Enterprise
14013,M,23,Family
14014,M,37,Family
14015,M,42,Youth
14016,F,60,Youth
14017,M,51,Premium
14018,F,24,Youth
14019,F,26,Family
14020,M,43,Youth
14021,M,24,Family
14022,M,20,Family
14023,F,64,Youth
14024,F,58,Premium
14025,M,41,Premium
14026,F,65,Premium
14027,F,28,Enterprise
14028,M,47,Youth
14029,M,68,Premium
14030,F,25,Youth
14031,F,70,Youth
14032,M,38,Youth
14033,F,20,Enterprise
14034,M,32,Premium
14035,M,44,Enterprise
14036,M,18,Youth
14037,M,27,Premium
14038,F,35,Premium
14039,M,70,Premium
14040,M,21,Enterprise
14041,F,63,Family
14042,F,51,Family
14043,M,26,Youth
14044,F,43,Premium
14045,M,58,Premium
14046,M,36,Enterprise
14047,F,56,Youth
14048,M,19,Enterprise
14049,M,21,Youth
14050,M,35,Enterprise
14051,M,67,Family
14052,M,68,Premium
14053,F,46,Family
14054,F,64,Enterprise
14055,M,64,Youth
14056,M,28,Family
14057,M,29,Family
14058,F,49,Premium
14059,M,56,Youth
14060,M,46,Family
14061,M,60,Youth
14062,M,53,Family
14063,F,23,Enterprise
14064,F,65,Premium
14065,F,35,Family
14066,M,46,Premium
14067,M,33,Youth
14068,M,70,Enterprise
14069,F,29,Family
14070,F,59,Family
14071,M,45,Youth
14072,F,48,Premium
14073,M,31,Premium
14074,M,69,Youth
14075,F,37,Youth
14076,M,31,Family
14077,M,46,Premium
14078,F,27,Family
14079,M,60,Enterprise
14080,F,69,Enterprise
14081,M,42,Family
14082,M,60,Enterprise
14083,M,69,Youth
14084,F,56,Premium
14085,F,60,Family
14086,F,22,Premium
14087,M,32,Enterprise
14088,M,23,Premium
14089,M,69,Premium
14090,F,44,Premium
14091,F,60,Premium
14092,F,30,Youth
14093,F,69,Premium
14094,M,66,Premium
14095,M,47,Premium
14096,F,42,Youth
14097,M,62,Family
14098,M,67,Premium
14099,M,56,Premium
14100,M,49,Family
14101,M,44,Enterprise
14102,M,59,Enterprise
14103,F,60,Enterprise
14104,M,35,Family
14105,F,69,Premium
14106,F,18,Youth
14107,F,45,Youth
14108,F,67,Premium
14109,M,27,Family
14110,F,26,Premium
14111,F,39,Youth
14112,M,18,Enterprise
14113,M,30,Premium
14114,M,39,Premium
14115,M,30,Enterprise
14116,M,57,Enterprise
14117,F,64,Youth
14118,M,59,Enterprise
14119,M,33,Family
14120,M,23,Family
14121,F,37,Enterprise
14122,F,64,Family
14123,F,23,Enterprise
14124,F,47,Youth
14125,M,63,Enterprise
14126,F,40,Premium
14127,M,53,Enterprise
14128,F,65,Family
14129,M,56,Premium
14130,F,40,Enterprise
14131,F,65,Family
14132,F,43,Premium
14133,M,68,Premium
14134,F,60,Premium
14135,M,49,Youth
14136,F,60,Family
14137,M,43,Youth
14138,M,31,Enterprise
14139,M,53,Premium
14140,F,32,Youth
14141,M,18,Youth
14142,M,33,Premium
14143,M,48,Family
14144,M,20,Youth
14145,M,36,Youth
14146,F,23,Enterprise
14147,M,47,Youth
14148,F,48,Youth
14149,F,67,Family
14150,F,56,Premium
14151,M,46,Family
14152,M,31,Family
14153,F,67,Family
14154,M,63,Premium
14155,F,21,Enterprise
14156,M,42,Youth
14157,M,66,Family
14158,F,66,Family
14159,F,59,Family
14160,F,50,Premium
14161,F,34,Family
14162,F,66,Youth
14163,F,57,Premium
14164,F,25,Youth
14165,F,23,Family
14166,M,22,Premium
14167,M,41,Premium
14168,M,49,Enterprise
14169,M,51,Premium
14170,M,29,Enterprise
14171,F,43,Enterprise
14172,M,21,Premium
14173,F,48,Enterprise
14174,F,45,Premium
14175,F,31,Enterprise
14176,M,25,Youth
14177,M,67,Family
14178,M,41,Enterprise
14179,M,61,Family
14180,F,61,Youth
14181,M,59,Family
14182,M,33,Youth
14183,F,61,Premium
14184,F,40,Enterprise
14185,M,38,Enterprise
14186,F,68,Premium
14187,M,56,Premium
14188,M,20,Family
14189,F,31,Enterprise
14190,F,23,Youth
14191,F,40,Premium
14192,F,21,Family
14193,F,62,Enterprise
14194,F,18,Youth
14195,F,20,Youth
14196,F,69,Enterprise
14197,F,44,Premium
14198,F,67,Youth
14199,M,49,Youth
14200,M,39,Premium
14201,F,24,Premium
14202,F,52,Family
14203,F,69,Enterprise
14204,F,39,Enterprise
14205,M,66,Premium
14206,M,58,Family
14207,F,31,Family
14208,F,70,Premium
14209,M,25,Youth
14210,F,55,Youth
14211,F,65,Youth
14212,M,38,Premium
14213,F,31,Enterprise
14214,M,51,Enterprise
14215,M,54,Youth
14216,F,24,Family
14217,M,59,Youth
14218,F,54,Enterprise
14219,F,45,Family
14220,M,29,Enterprise
14221,M,47,Youth
14222,M,62,Family
14223,F,61,Enterprise
14224,M,68,Youth
14225,M,27,Premium
14226,F,36,Enterprise
14227,M,39,Family
14228,M,54,Youth
14229,M,54,Family
14230,M,31,Youth
14231,F,22,Family
14232,F,70,Premium
14233,F,64,Premium
14234,M,54,Enterprise
14235,F,30,Youth
14236,F,50,Family
14237,F,53,Youth
14238,F,63,Enterprise
14239,M,51,Enterprise
14240,F,48,Premium
14241,F,56,Enterprise
14242,M,25,Family
14243,F,39,Enterprise
14244,F,38,Youth
14245,M,52,Premium
14246,M,41,Youth
14247,F,43,Youth
14248,F,23,Enterprise
14249,M,53,Premium
14250,M,64,Family
14251,M,24,Youth
14252,F,37,Enterprise
14253,M,25,Youth
14254,F,54,Youth
14255,F,69,Family
14256,M,65,Family
14257,M,67,Family
14258,M,19,Enterprise
14259,F,66,Youth
14260,F,41,Family
14261,M,37,Premium
14262,M,33,Youth
14263,M,33,Enterprise
14264,M,32,Premium
14265,F,38,Premium
14266,M,39,Enterprise
14267,M,53,Family
14268,F,61,Premium
14269,M,29,Premium
14270,F,45,Premium
14271,F,19,Premium
14272,M,42,Premium
14273,M,27,Enterprise
14274,F,45,Youth
14275,M,56,Family
14276,M,69,Enterprise
14277,M,47,Youth
14278,F,52,Youth
14279,M,37,Premium
14280,M,47,Enterprise
14281,M,64,Youth
14282,F,66,Family
14283,F,22,Enterprise
14284,M,33,Family
14285,F,24,Premium
14286,F,56,Enterprise
14287,F,33,Enterprise
14288,M,67,Youth
14289,M,42,Youth
14290,M,68,Family
14291,F,47,Enterprise
14292,F,68,Premium
14293,F,34,Youth
14294,F,20,Enterprise
14295,F,28,Enterprise
14296,F,26,Youth
14297,M,47,Youth
14298,M,58,Family
14299,F,43,Premium
14300,F,27,Youth
14301,M,68,Youth
14302,F,18,Premium
14303,F,52,Youth
14304,M,61,Enterprise
14305,M,21,Family
14306,M,61,Youth
14307,F,36,Enterprise
14308,M,32,Premium
14309,F,54,Family
14310,M,60,Family
14311,F,61,Youth
14312,F,51,Premium
14313,M,18,Enterprise
14314,F,20,Family
14315,F,25,Enterprise
14316,M,63,Youth
14317,M,41,Enterprise
14318,M,18,Enterprise
14319,F,64,Youth
14320,M,18,Youth
14321,M,56,Youth
14322,M,23,Premium
14323,F,63,Premium
14324,F,39,Youth
14325,M,62,Family
14326,F,69,Premium
14327,F,47,Youth
14328,M,63,Enterprise
14329,F,23,Family
14330,M,40,Enterprise
14331,M,24,Youth
14332,F,24,Premium
14333,F,29,Youth
14334,M,56,Family
14335,F,70,Family
14336,F,27,Youth
14337,F,57,Premium
14338,F,58,Youth
14339,F,60,Enterprise
14340,M,24,Enterprise
14341,F,56,Family
14342,M,56,Enterprise
14343,M,62,Youth
14344,F,18,Enterprise
14345,M,41,Premium
14346,M,20,Youth
14347,M,41,Enterprise
14348,M,52,Premium
14349,M,40,Premium
14350,M,44,Family
14351,F,62,Enterprise
14352,M,68,Family
14353,F,32,Family
14354,M,48,Family
14355,M,33,Enterprise
14356,F,32,Premium
14357,M,47,Youth
14358,M,55,Premium
14359,M,63,Enterprise
14360,F,51,Premium
14361,M,20,Premium
14362,M,37,Premium
14363,M,51,Premium
14364,M,64,Family
14365,M,65,Premium
14366,F,53,Family
14367,F,65,Enterprise
14368,F,69,Enterprise
14369,M,57,Youth
14370,F,65,Youth
14371,F,32,Enterprise
14372,F,30,Youth
14373,F,22,Family
14374,F,26,Enterprise
14375,M,22,Premium
14376,M,44,Enterprise
14377,M,41,Premium
14378,M,42,Family
14379,M,67,Family
14380,M,38,Youth
14381,F,65,Premium
14382,M,63,Enterprise
14383,F,32,Youth
14384,F,52,Premium
14385,F,38,Youth
14386,M,53,Family
14387,M,30,Family
14388,F,19,Youth
14389,M,50,Youth
14390,F,28,Premium
14391,F,46,Enterprise
14392,F,50,Enterprise
14393,M,62,Premium
14394,F,67,Enterprise
14395,M,47,Family
14396,F,61,Youth
14397,M,47,Youth
14398,M,34,Family
14399,F,51,Premium
14400,F,45,Premium
14401,M,68,Family
14402,M,41,Enterprise
14403,F,48,Premium
14404,M,53,Youth
14405,M,58,Family
14406,M,20,Family
14407,F,19,Enterprise
14408,F,31,Family
14409,M,47,Family
14410,M,31,Premium
14411,M,58,Premium
14412,M,61,Premium
14413,F,47,Youth
14414,F,24,Premium
14415,M,31,Enterprise
14416,F,25,Youth
14417,M,66,Youth
14418,F,41,Enterprise
14419,F,56,Enterprise
14420,M,20,Enterprise
14421,F,61,Family
14422,M,54,Family
14423,M,57,Family
14424,F,46,Youth
14425,M,49,Family
14426,F,56,Premium
14427,F,61,Youth
14428,F,37,Family
14429,F,35,Youth
14430,M,52,Premium
14431,F,54,Premium
14432,F,35,Family
14433,M,20,Family
14434,F,28,Youth
14435,M,20,Family
14436,M,28,Enterprise
14437,M,51,Youth
14438,M,47,Enterprise
14439,F,43,Enterprise
14440,M,47,Youth
14441,F,54,Youth
14442,F,30,Family
14443,F,23,Enterprise
14444,F,54,Premium
14445,M,57,Family
14446,M,41,Premium
14447,F,45,Premium
14448,M,66,Youth
14449,M,33,Youth
14450,M,64,Youth
14451,M,64,Youth
14452,M,44,Enterprise
14453,F,65,Family
14454,F,43,Premium
14455,M,32,Youth
14456,M,45,Family
14457,F,47,Enterprise
14458,M,34,Enterprise
14459,M,43,Enterprise
14460,F,50,Family
14461,M,50,Youth
14462,F,21,Enterprise
14463,F,58,Family
14464,M,67,Family
14465,F,69,Premium
14466,M,56,Premium
14467,F,47,Youth
14468,F,28,Premium
14469,F,49,Youth
14470,F,24,Enterprise
14471,F,48,Family
14472,M,30,Youth
14473,M,37,Family
14474,F,41,Youth
14475,F,26,Family
14476,F,18,Enterprise
14477,F,28,Youth
14478,M,69,Youth
14479,M,67,Youth
14480,F,56,Family
14481,M,19,Premium
14482,M,39,Enterprise
14483,F,31,Family
14484,F,54,Family
14485,F,57,Family
14486,M,64,Youth
14487,F,39,Enterprise
14488,M,52,Enterprise
14489,F,30,Enterprise
14490,M,59,Enterprise
14491,F,44,Enterprise
14492,F,24,Enterprise
14493,M,69,Premium
14494,M,51,Youth
14495,M,46,Family
14496,F,34,Premium
14497,M,69,Enterprise
14498,M,18,Family
14499,M,51,Enterprise
14500,M,56,Family
14501,M,42,Family
14502,M,58,Family
14503,F,26,Youth
14504,M,64,Premium
14505,M,28,Premium
14506,M,43,Family
14507,M,47,Youth
14508,M,65,Family
14509,M,34,Family
14510,F,31,Premium
14511,M,51,Family
14512,F,29,Youth
14513,M,58,Family
14514,M,30,Family
14515,F,23,Family
14516,F,53,Family
14517,F,32,Premium
14518,F,45,Enterprise
14519,F,69,Family
14520,M,63,Enterprise
14521,M,20,Family
14522,F,29,Family
14523,M,55,Premium
14524,M,37,Family
14525,M,59,Premium
14526,M,28,Premium
14527,F,18,Family
14528,F,41,Family
14529,F,34,Premium
14530,F,48,Enterprise
14531,M,52,Youth
14532,M,28,Youth
14533,M,39,Premium
14534,F,18,Enterprise
14535,M,49,Family
14536,F,62,Family
14537,F,40,Youth
14538,F,51,Premium
14539,F,20,Family
14540,M,39,Enterprise
14541,M,36,Family
14542,M,33,Enterprise
14543,F,65,Family
14544,M,40,Enterprise
14545,M,32,Youth
14546,F,62,Family
14547,M,62,Youth
14548,M,70,Premium
14549,F,70,Premium
14550,F,53,Family
14551,M,44,Enterprise
14552,M,23,Youth
14553,M,44,Family
14554,M,26,Enterprise
14555,M,45,Enterprise
14556,F,51,Youth
14557,M,28,Enterprise
14558,M,63,Enterprise
14559,F,53,Family
14560,F,64,Family
14561,M,63,Enterprise
14562,F,59,Enterprise
14563,F,65,Enterprise
14564,F,18,Youth
14565,F,21,Youth
14566,M,50,Youth
14567,F,36,Enterprise
14568,M,44,Youth
14569,F,63,Family
14570,M,49,Family
14571,M,70,Family
14572,M,25,Youth
14573,M,26,Youth
14574,M,65,Premium
14575,M,49,Premium
14576,M,33,Enterprise
14577,F,64,Enterprise
14578,M,24,Premium
14579,M,21,Youth
14580,M,21,Family
14581,F,50,Youth
14582,F,38,Enterprise
14583,M,48,Enterprise
14584,M,25,Youth
14585,F,65,Premium
14586,F,50,Premium
14587,F,22,Premium
14588,M,47,Family
14589,F,49,Family
14590,M,59,Family
14591,M,67,Youth
14592,F,52,Youth
14593,M,36,Enterprise
14594,M,60,Youth
14595,F,33,Family
14596,M,31,Family
14597,M,51,Family
14598,F,24,Enterprise
14599,M,39,Youth
14600,F,45,Premium
14601,M,45,Family
14602,M,35,Premium
14603,F,29,Family
14604,F,40,Enterprise
14605,F,38,Enterprise
14606,F,59,Premium
14607,M,44,Youth
14608,M,34,Enterprise
14609,F,39,Premium
14610,F,46,Youth
14611,M,30,Youth
14612,F,66,Youth
14613,F,43,Family
14614,F,48,Enterprise
14615,M,43,Youth
14616,M,19,Family
14617,M,44,Enterprise
14618,F,57,Family
14619,F,69,Youth
14620,M,37,Enterprise
14621,F,27,Premium
14622,M,25,Premium
14623,M,66,Enterprise
14624,M,19,Enterprise
14625,M,20,Premium
14626,F,52,Enterprise
14627,F,62,Enterprise
14628,F,50,Youth
14629,F,20,Family
14630,F,37,Family
14631,M,50,Premium
14632,F,56,Enterprise
14633,M,25,Premium
14634,M,31,Youth
14635,F,59,Premium
14636,M,64,Family
14637,M,42,Youth
14638,F,31,Youth
14639,F,58,Enterprise
14640,M,58,Enterprise
14641,F,30,Premium
14642,M,36,Family
14643,M,49,Premium
14644,M,24,Youth
14645,F,52,Premium
14646,M,35,Premium
14647,M,65,Youth
14648,M,45,Premium
14649,F,23,Family
14650,M,67,Youth
14651,F,68,Enterprise
14652,M,30,Family
14653,M,47,Youth
14654,F,23,Enterprise
14655,F,58,Enterprise
14656,F,46,Youth
14657,M,28,Premium
14658,M,63,Youth
14659,M,51,Youth
14660,M,18,Enterprise
14661,F,42,Family
14662,M,54,Premium
14663,M,29,Enterprise
14664,F,33,Enterprise
14665,M,31,Premium
14666,M,18,Enterprise
14667,M,69,Youth
14668,M,56,Premium
14669,F,51,Family
14670,M,69,Premium
14671,M,38,Enterprise
14672,M,68,Family
14673,M,62,Premium
14674,M,31,Premium
14675,M,26,Premium
14676,F,63,Premium
14677,F,67,Premium
14678,F,31,Youth
14679,F,67,Family
14680,F,24,Enterprise
14681,F,54,Youth
14682,F,44,Premium
14683,F,49,Youth
14684,F,70,Premium
14685,M,20,Family
14686,M,20,Family
14687,F,54,Premium
14688,F,65,Family
14689,F,20,Youth
14690,F,28,Enterprise
14691,F,61,Youth
14692,F,41,Family
14693,F,58,Youth
14694,F,18,Youth
14695,F,44,Enterprise
14696,M,36,Enterprise
14697,M,33,Youth
14698,M,70,Enterprise
14699,F,54,Family
14700,M,19,Enterprise
14701,M,54,Enterprise
14702,M,46,Enterprise
14703,F,31,Premium
14704,M,25,Family
14705,F,62,Enterprise
14706,F,33,Family
14707,F,66,Premium
14708,F,23,Premium
14709,M,20,Enterprise
14710,M,33,Youth
14711,F,36,Family
14712,M,67,Family
14713,F,26,Premium
14714,M,32,Premium
14715,M,39,Family
14716,M,67,Premium
14717,M,36,Premium
14718,F,61,Premium
14719,F,35,Youth
14720,M,47,Enterprise
14721,F,40,Enterprise
14722,F,44,Enterprise
14723,F,59,Family
14724,F,31,Enterprise
14725,M,20,Enterprise
14726,M,30,Enterprise
14727,F,34,Premium
14728,M,22,Youth
14729,M,49,Youth
14730,F,55,Premium
14731,F,46,Youth
14732,F,65,Premium
14733,M,21,Youth
14734,F,62,Enterprise
14735,M,37,Premium
14736,M,24,Family
14737,M,38,Premium
14738,M,31,Premium
14739,M,68,Premium
14740,M,24,Family
14741,F,28,Premium
14742,F,51,Enterprise
14743,F,42,Premium
14744,F,65,Enterprise
14745,M,26,Youth
14746,M,28,Enterprise
14747,F,38,Family
14748,F,18,Premium
14749,F,39,Premium
14750,F,48,Premium
14751,F,50,Premium
14752,M,21,Family
14753,F,48,Youth
14754,M,42,Enterprise
14755,M,23,Enterprise
14756,F,54,Youth
14757,F,42,Enterprise
14758,M,32,Enterprise
14759,M,25,Youth
14760,M,41,Family
14761,F,50,Youth
14762,F,31,Youth
14763,M,27,Enterprise
14764,M,34,Youth
14765,F,65,Family
14766,F,38,Family
14767,M,19,Family
14768,M,27,Premium
14769,M,20,Enterprise
14770,M,70,Premium
14771,M,65,Youth
14772,M,61,Youth
14773,F,41,Premium
14774,F,46,Family
14775,M,26,Youth
14776,F,67,Youth
14777,M,59,Family
14778,M,51,Premium
14779,F,55,Premium
14780,M,30,Premium
14781,F,21,Family
14782,F,47,Family
14783,F,63,Premium
14784,M,45,Premium
14785,M,32,Youth
14786,M,46,Youth
14787,M,20,Enterprise
14788,M,29,Premium
14789,F,26,Youth
14790,F,24,Youth
14791,M,30,Enterprise
14792,M,61,Enterprise
14793,F,35,Family
14794,M,62,Enterprise
14795,F,25,Enterprise
14796,F,38,Family
14797,F,25,Family
14798,M,29,Youth
14799,F,35,Premium
14800,M,35,Premium
14801,F,35,Family
14802,F,19,Family
14803,F,21,Youth
14804,F,51,Youth
14805,M,21,Enterprise
14806,M,22,Family
14807,F,34,Youth
14808,F,40,Premium
14809,M,33,Premium
14810,M,52,Premium
14811,F,52,Youth
14812,F,55,Premium
14813,M,32,Enterprise
14814,M,50,Enterprise
14815,F,22,Premium
14816,F,68,Youth
14817,F,50,Premium
14818,F,59,Enterprise
14819,F,28,Enterprise
14820,F,64,Family
14821,M,29,Family
14822,M,67,Enterprise
14823,F,68,Family
14824,F,48,Youth
14825,M,57,Family
14826,M,46,Premium
14827,F,54,Youth
14828,F,54,Premium
14829,F,70,Premium
14830,M,23,Family
14831,M,62,Youth
14832,F,69,Youth
14833,F,25,Family
14834,F,19,Premium
14835,F,68,Premium
14836,F,60,Family
14837,M,53,Youth
14838,F,32,Enterprise
14839,M,33,Family
14840,M,23,Youth
14841,M,26,Family
14842,F,38,Premium
14843,F,24,Youth
14844,F,20,Premium
14845,M,50,Family
14846,M,69,Family
14847,M,54,Youth
14848,F,22,Youth
14849,M,21,Youth
14850,M,59,Youth
14851,F,33,Family
14852,F,30,Youth
14853,M,65,Enterprise
14854,M,22,Enterprise
14855,M,37,Family
14856,F,29,Premium
14857,F,27,Family
14858,F,32,Youth
14859,F,19,Family
14860,M,68,Enterprise
14861,F,45,Family
14862,F,45,Premium
14863,M,36,Family
14864,M,50,Premium
14865,F,26,Enterprise
14866,M,37,Enterprise
14867,M,21,Enterprise
14868,F,47,Enterprise
14869,F,37,Enterprise
14870,M,31,Youth
14871,M,70,Enterprise
14872,M,22,Enterprise
14873,F,57,Family
14874,F,65,Youth
14875,F,62,Youth
14876,F,20,Family
14877,M,63,Family
14878,M,35,Enterprise
14879,F,47,Enterprise
14880,M,23,Enterprise
14881,F,44,Premium
14882,M,19,Family
14883,F,36,Enterprise
14884,M,26,Premium
14885,F,24,Premium
14886,F,32,Premium
14887,M,69,Family
14888,M,53,Youth
14889,F,60,Family
14890,F,41,Enterprise
14891,F,61,Enterprise
14892,F,25,Family
14893,M,59,Family
14894,F,33,Youth
14895,F,50,Family
14896,M,31,Youth
14897,F,52,Family
14898,M,67,Enterprise
14899,F,42,Family
14900,M,67,Youth
14901,M,33,Youth
14902,M,27,Youth
14903,F,20,Family
14904,M,37,Premium
14905,F,62,Premium
14906,M,52,Premium
14907,F,59,Family
14908,M,46,Family
14909,F,64,Enterprise
14910,F,42,Enterprise
14911,F,65,Premium
14912,M,24,Family
14913,M,24,Premium
14914,F,60,Enterprise
14915,F,41,Enterprise
14916,F,63,Youth
14917,F,60,Youth
14918,M,27,Youth
14919,M,37,Family
14920,M,19,Youth
14921,M,56,Youth
14922,F,37,Youth
14923,M,59,Family
14924,M,22,Enterprise
14925,M,67,Family
14926,M,36,Premium
14927,M,42,Youth
14928,F,48,Family
14929,M,67,Enterprise
14930,M,51,Enterprise
14931,M,39,Youth
14932,M,39,Premium
14933,F,65,Youth
14934,F,69,Premium
14935,M,27,Enterprise
14936,F,28,Family
14937,M,57,Enterprise
14938,F,38,Family
14939,M,51,Premium
14940,F,58,Family
14941,F,61,Youth
14942,F,31,Youth
14943,F,34,Youth
14944,M,32,Family
14945,M,68,Enterprise
14946,F,65,Premium
14947,F,31,Youth
14948,M,19,Youth
14949,F,43,Enterprise
14950,F,18,Enterprise
14951,F,57,Premium
14952,M,22,Family
14953,F,31,Premium
14954,M,67,Youth
14955,F,43,Enterprise
14956,F,20,Family
14957,M,62,Enterprise
14958,F,48,Family
14959,M,40,Premium
14960,M,58,Enterprise
14961,F,48,Family
14962,F,64,Family
14963,M,53,Youth
14964,F,62,Youth
14965,M,37,Youth
14966,M,68,Premium
14967,F,56,Family
14968,F,58,Premium
14969,M,51,Enterprise
14970,M,63,Premium
14971,M,29,Premium
14972,F,49,Premium
14973,M,20,Family
14974,M,56,Premium
14975,F,18,Enterprise
14976,F,40,Family
14977,F,61,Enterprise
14978,M,48,Enterprise
14979,F,46,Premium
14980,M,25,Premium
14981,F,65,Youth
14982,M,66,Youth
14983,F,29,Enterprise
14984,M,46,Premium
14985,M,33,Enterprise
14986,M,70,Enterprise
14987,M,57,Youth
14988,M,63,Enterprise
14989,M,44,Premium
14990,F,20,Family
14991,M,57,Enterprise
14992,F,70,Family
14993,F,18,Enterprise
14994,M,61,Premium
14995,M,39,Enterprise
14996,F,50,Enterprise
14997,M,31,Family
14998,F,69,Premium
14999,F,21,Youth
15000,F,46,Enterprise
15001,M,42,Youth
15002,M,40,Family
15003,M,55,Enterprise
15004,M,21,Enterprise
15005,M,70,Enterprise
15006,M,50,Premium
15007,F,64,Youth
15008,M,19,Family
15009,F,18,Youth
15010,M,28,Premium
15011,F,70,Youth
15012,M,32,Premium
15013,F,22,Enterprise
15014,F,54,Enterprise
15015,M,49,Family
15016,F,46,Youth
15017,M,34,Premium
15018,M,61,Youth
15019,F,18,Family
15020,F,65,Enterprise
15021,F,22,Youth
15022,M,23,Youth
15023,M,24,Family
15024,M,25,Youth
15025,M,44,Family
15026,M,70,Enterprise
15027,F,42,Premium
15028,F,36,Youth
15029,M,36,Premium
15030,M,35,Youth
15031,M,34,Youth
15032,M,49,Enterprise
15033,F,64,Youth
15034,M,54,Enterprise
15035,M,19,Youth
15036,F,25,Enterprise
15037,F,24,Premium
15038,F,21,Enterprise
15039,F,26,Enterprise
15040,F,48,Premium
15041,F,56,Family
15042,M,50,Family
15043,M,49,Enterprise
15044,F,57,Enterprise
15045,F,27,Youth
15046,M,21,Premium
15047,F,67,Family
15048,M,42,Enterprise
15049,F,51,Enterprise
15050,F,38,Youth
15051,F,64,Youth
15052,F,34,Enterprise
15053,M,43,Youth
15054,M,61,Enterprise
15055,M,57,Enterprise
15056,M,41,Youth
15057,F,61,Family
15058,M,60,Family
15059,M,70,Family
15060,M,19,Youth
15061,F,50,Enterprise
15062,F,44,Enterprise
15063,M,25,Family
15064,F,64,Enterprise
15065,M,25,Youth
15066,M,63,Enterprise
15067,M,18,Premium
15068,M,20,Family
15069,M,34,Family
15070,M,68,Enterprise
15071,F,20,Enterprise
15072,M,57,Family
15073,M,45,Family
15074,F,33,Premium
15075,F,18,Premium
15076,F,53,Enterprise
15077,M,29,Family
15078,F,28,Youth
15079,M,62,Family
15080,M,18,Family
15081,M,22,Enterprise
15082,F,61,Youth
15083,F,26,Family
15084,F,69,Family
15085,F,18,Premium
15086,M,19,Enterprise
15087,F,22,Youth
15088,F,22,Family
15089,F,32,Enterprise
15090,F,69,Premium
15091,F,30,Enterprise
15092,F,51,Family
15093,M,28,Premium
15094,M,48,Enterprise
15095,M,37,Premium
15096,M,59,Premium
15097,M,38,Enterprise
15098,F,27,Premium
15099,M,22,Youth
15100,M,47,Enterprise
15101,F,57,Family
15102,M,56,Premium
15103,F,69,Youth
15104,F,34,Family
15105,F,35,Enterprise
15106,F,66,Premium
15107,F,52,Enterprise
15108,M,38,Premium
15109,M,68,Premium
15110,F,51,Youth
15111,M,63,Enterprise
15112,F,43,Enterprise
15113,M,54,Enterprise
15114,M,67,Youth
15115,M,44,Youth
15116,F,66,Youth
15117,F,61,Enterprise
15118,M,61,Youth
15119,M,47,Youth
15120,F,56,Family
15121,M,67,Youth
15122,M,67,Youth
15123,F,47,Family
15124,M,62,Youth
15125,M,68,Premium
15126,F,55,Premium
15127,F,65,Family
15128,M,52,Youth
15129,M,22,Youth
15130,M,42,Youth
15131,M,40,Family
15132,M,24,Premium
15133,M,40,Premium
15134,F,21,Youth
15135,F,59,Family
15136,F,31,Enterprise
15137,F,24,Youth
15138,M,26,Premium
15139,M,19,Youth
15140,M,30,Enterprise
15141,M,63,Premium
15142,F,21,Enterprise
15143,M,49,Premium
15144,F,48,Enterprise
15145,M,50,Youth
15146,F,42,Family
15147,F,58,Enterprise
15148,F,47,Enterprise
15149,M,62,Premium
15150,F,26,Enterprise
15151,F,22,Enterprise
15152,M,67,Youth
15153,F,57,Enterprise
15154,M,58,Enterprise
15155,M,26,Enterprise
15156,M,20,Premium
15157,F,44,Family
15158,F,35,Family
15159,M,67,Youth
15160,F,24,Youth
15161,M,30,Enterprise
15162,F,25,Premium
15163,F,58,Premium
15164,F,33,Enterprise
15165,M,39,Youth
15166,F,27,Enterprise
15167,F,39,Family
15168,M,66,Family
15169,F,62,Family
15170,F,27,Enterprise
15171,M,59,Family
15172,M,63,Youth
15173,M,51,Youth
15174,M,42,Premium
15175,F,60,Youth
15176,M,62,Youth
15177,M,69,Family
15178,F,22,Family
15179,F,53,Family
15180,F,23,Youth
15181,M,20,Premium
15182,F,42,Youth
15183,M,52,Premium
15184,F,21,Family
15185,M,34,Youth
15186,M,70,Youth
15187,M,20,Youth
15188,F,53,Enterprise
15189,M,67,Enterprise
15190,M,39,Enterprise
15191,M,25,Enterprise
15192,F,46,Youth
15193,M,48,Family
15194,F,40,Family
15195,F,37,Premium
15196,F,53,Premium
15197,F,21,Enterprise
15198,F,61,Enterprise
15199,F,60,Family
15200,M,59,Premium
15201,F,34,Enterprise
15202,M,66,Youth
15203,F,39,Enterprise
15204,M,20,Youth
15205,F,63,Youth
15206,M,38,Family
15207,F,22,Premium
15208,F,28,Premium
15209,F,56,Youth
15210,F,45,Youth
15211,M,24,Enterprise
15212,M,41,Youth
15213,F,27,Premium
15214,F,30,Youth
15215,F,44,Premium
15216,M,52,Enterprise
15217,F,51,Family
15218,M,64,Enterprise
15219,M,18,Family
15220,F,64,Youth
15221,F,59,Family
15222,F,42,Youth
15223,F,62,Premium
15224,F,34,Youth
15225,M,19,Premium
15226,M,56,Premium
15227,M,60,Family
15228,F,45,Youth
15229,F,49,Enterprise
15230,F,40,Youth
15231,F,29,Youth
15232,F,51,Premium
15233,M,51,Enterprise
15234,F,67,Family
15235,F,42,Premium
15236,F,19,Youth
15237,M,32,Enterprise
15238,F,62,Family
15239,M,65,Enterprise
15240,M,62,Premium
15241,F,37,Premium
15242,F,61,Premium
15243,F,39,Youth
15244,F,43,Family
15245,F,26,Youth
15246,M,18,Family
15247,M,70,Enterprise
15248,F,23,Premium
15249,M,27,Premium
15250,M,19,Enterprise
15251,M,51,Family
15252,F,54,Family
15253,F,57,Enterprise
15254,M,70,Enterprise
15255,M,36,Enterprise
15256,M,40,Premium
15257,F,48,Enterprise
15258,F,18,Family
15259,M,25,Premium
15260,F,20,Enterprise
15261,F,57,Family
15262,M,58,Premium
15263,M,25,Premium
15264,F,39,Premium
15265,F,68,Family
15266,F,33,Enterprise
15267,F,40,Enterprise
15268,M,35,Premium
15269,M,70,Youth
15270,M,40,Family
15271,F,56,Enterprise
15272,M,30,Youth
15273,M,31,Youth
15274,F,27,Family
15275,M,24,Premium
15276,M,67,Premium
15277,M,32,Youth
15278,M,18,Enterprise
15279,F,44,Premium
15280,F,36,Enterprise
15281,M,49,Family
15282,M,46,Premium
15283,F,36,Family
15284,M,44,Enterprise
15285,M,52,Family
15286,F,50,Premium
15287,F,48,Premium
15288,M,27,Youth
15289,F,33,Youth
15290,F,30,Enterprise
15291,F,48,Premium
15292,F,21,Enterprise
15293,M,57,Premium
15294,F,31,Family
15295,F,57,Premium
15296,M,51,Youth
15297,F,46,Youth
15298,F,64,Premium
15299,F,55,Premium
15300,M,33,Family
15301,F,65,Family
15302,F,35,Family
15303,F,62,Enterprise
15304,F,61,Premium
15305,M,24,Youth
15306,F,36,Family
15307,F,25,Youth
15308,M,65,Youth
15309,M,40,Youth
15310,F,66,Premium
15311,M,51,Premium
15312,F,52,Family
15313,M,42,Youth
15314,F,20,Enterprise
15315,M,54,Family
15316,F,54,Premium
15317,M,27,Youth
15318,M,54,Premium
15319,M,24,Youth
15320,F,59,Enterprise
15321,F,58,Premium
15322,M,26,Premium
15323,M,51,Enterprise
15324,M,29,Family
15325,F,18,Enterprise
15326,M,22,Premium
15327,M,48,Youth
15328,F,19,Premium
15329,F,53,Family
15330,F,62,Premium
15331,F,54,Enterprise
15332,F,20,Youth
15333,M,37,Enterprise
15334,M,65,Premium
15335,F,51,Enterprise
15336,M,42,Family
15337,M,50,Youth
15338,F,27,Enterprise
15339,M,70,Family
15340,F,53,Family
15341,F,22,Family
15342,M,65,Premium
15343,M,54,Youth
15344,M,70,Premium
15345,F,60,Youth
15346,F,52,Premium
15347,F,47,Youth
15348,F,59,Family
15349,M,60,Premium
15350,F,45,Youth
15351,M,22,Family
15352,F,27,Enterprise
15353,F,37,Youth
15354,F,35,Family
15355,F,32,Enterprise
15356,M,19,Enterprise
15357,M,25,Enterprise
15358,M,35,Youth
15359,M,67,Youth
15360,F,30,Family
15361,M,68,Youth
15362,F,43,Family
15363,F,44,Family
15364,F,27,Premium
15365,F,30,Youth
15366,F,19,Family
15367,M,70,Family
15368,F,59,Enterprise
15369,F,69,Premium
15370,M,49,Premium
15371,M,65,Family
15372,M,30,Premium
15373,F,29,Enterprise
15374,M,25,Family
15375,M,60,Youth
15376,F,24,Premium
15377,F,46,Premium
15378,F,36,Enterprise
15379,F,20,Enterprise
15380,F,43,Premium
15381,F,24,Family
15382,M,28,Enterprise
15383,F,31,Youth
15384,M,26,Enterprise
15385,M,41,Family
15386,F,38,Premium
15387,M,54,Enterprise
15388,M,62,Youth
15389,M,57,Premium
15390,M,29,Enterprise
15391,M,18,Family
15392,F,56,Family
15393,M,44,Family
15394,M,39,Premium
15395,F,59,Youth
15396,M,50,Family
15397,F,36,Family
15398,F,21,Family
15399,F,28,Enterprise
15400,F,58,Youth
15401,F,42,Enterprise
15402,M,62,Premium
15403,F,57,Premium
15404,F,25,Youth
15405,F,47,Family
15406,M,39,Enterprise
15407,M,61,Premium
15408,F,64,Youth
15409,F,19,Enterprise
15410,M,31,Family
15411,F,37,Youth
15412,M,69,Family
15413,M,54,Enterprise
15414,F,25,Enterprise
15415,M,25,Family
15416,F,35,Family
15417,F,34,Premium
15418,M,20,Family
15419,M,70,Family
15420,M,50,Youth
15421,F,19,Enterprise
15422,M,51,Youth
15423,M,67,Family
15424,M,48,Enterprise
15425,M,41,Youth
15426,F,25,Enterprise
15427,F,47,Youth
15428,F,25,Family
15429,F,18,Premium
15430,F,20,Enterprise
15431,M,55,Youth
15432,F,60,Family
15433,F,52,Family
15434,M,22,Enterprise
15435,M,22,Family
15436,M,62,Premium
15437,F,64,Premium
15438,M,69,Family
15439,F,28,Premium
15440,M,35,Enterprise
15441,F,37,Family
15442,M,70,Family
15443,F,60,Premium
15444,F,24,Youth
15445,F,66,Family
15446,M,34,Enterprise
15447,F,34,Family
15448,F,42,Family
15449,M,55,Family
15450,M,25,Family
15451,M,34,Premium
15452,M,50,Premium
15453,M,51,Family
15454,F,21,Family
15455,M,44,Enterprise
15456,M,28,Youth
15457,F,59,Enterprise
15458,M,24,Youth
15459,F,57,Youth
15460,F,70,Youth
15461,M,34,Enterprise
15462,F,50,Youth
15463,M,49,Enterprise
15464,M,64,Family
15465,M,68,Youth
15466,F,64,Youth
15467,F,62,Youth
15468,M,52,Youth
15469,F,43,Premium
15470,M,37,Premium
15471,M,58,Enterprise
15472,F,25,Youth
15473,F,35,Youth
15474,M,51,Enterprise
15475,M,41,Premium
15476,M,20,Premium
15477,F,69,Premium
15478,F,62,Premium
15479,F,49,Enterprise
15480,F,44,Youth
15481,F,42,Enterprise
15482,M,21,Youth
15483,M,61,Premium
15484,M,34,Premium
15485,F,40,Youth
15486,M,39,Enterprise
15487,F,55,Youth
15488,M,22,Enterprise
15489,M,41,Youth
15490,M,61,Youth
15491,M,51,Youth
15492,F,45,Family
15493,F,35,Premium
15494,M,26,Enterprise
15495,F,25,Enterprise
15496,M,29,Premium
15497,F,56,Enterprise
15498,F,48,Premium
15499,M,51,Premium
15500,F,28,Premium
15501,M,19,Youth
15502,F,27,Youth
15503,F,20,Premium
15504,F,68,Premium
15505,M,52,Family
15506,F,61,Family
15507,F,22,Enterprise
15508,F,36,Premium
15509,F,18,Family
15510,F,68,Family
15511,F,35,Premium
15512,F,39,Enterprise
15513,M,47,Premium
15514,F,37,Family
15515,F,26,Premium
15516,M,43,Enterprise
15517,M,47,Premium
15518,F,41,Enterprise
15519,M,18,Youth
15520,M,24,Enterprise
15521,F,52,Youth
15522,F,66,Premium
15523,F,41,Enterprise
15524,M,62,Family
15525,F,28,Family
15526,M,45,Premium
15527,F,27,Enterprise
15528,M,37,Youth
15529,F,47,Family
15530,F,62,Youth
15531,M,22,Enterprise
15532,F,32,Premium
15533,M,32,Enterprise
15534,F,59,Family
15535,F,52,Enterprise
15536,M,19,Family
15537,M,23,Family
15538,F,35,Premium
15539,F,45,Premium
15540,M,29,Family
15541,F,51,Enterprise
15542,M,43,Family
15543,F,67,Youth
15544,F,27,Youth
15545,M,21,Premium
15546,F,25,Youth
15547,M,22,Family
15548,F,30,Family
15549,F,64,Enterprise
15550,F,60,Premium
15551,M,69,Family
15552,F,60,Youth
15553,M,25,Enterprise
15554,M,60,Family
15555,M,48,Enterprise
15556,M,61,Family
15557,M,36,Enterprise
15558,M,39,Premium
15559,M,43,Youth
15560,F,36,Enterprise
15561,M,32,Family
15562,F,41,Enterprise
15563,F,45,Enterprise
15564,M,66,Youth
15565,F,35,Enterprise
15566,M,51,Enterprise
15567,M,42,Youth
15568,F,25,Family
15569,F,20,Family
15570,M,23,Enterprise
15571,F,45,Youth
15572,M,29,Youth
15573,M,57,Youth
15574,F,32,Enterprise
15575,M,67,Enterprise
15576,M,37,Family
15577,F,40,Family
15578,F,56,Enterprise
15579,F,20,Youth
15580,F,57,Premium
15581,M,39,Family
15582,F,51,Family
15583,M,37,Family
15584,M,59,Family
15585,M,37,Youth
15586,M,24,Youth
15587,F,22,Enterprise
15588,F,68,Premium
15589,M,50,Enterprise
15590,F,59,Enterprise
15591,M,45,Premium
15592,F,64,Youth
15593,M,32,Family
15594,M,31,Family
15595,F,22,Premium
15596,F,49,Premium
15597,F,27,Premium
15598,M,57,Youth
15599,F,49,Enterprise
15600,F,40,Youth
15601,M,51,Youth
15602,F,37,Family
15603,M,19,Enterprise
15604,F,28,Family
15605,M,23,Youth
15606,M,26,Youth
15607,M,25,Enterprise
15608,M,36,Premium
15609,F,51,Premium
15610,M,39,Enterprise
15611,F,33,Youth
15612,M,52,Premium
15613,F,23,Youth
15614,M,61,Premium
15615,M,26,Family
15616,M,37,Family
15617,M,19,Family
15618,F,42,Youth
15619,F,33,Family
15620,M,26,Youth
15621,F,47,Youth
15622,M,61,Youth
15623,M,46,Youth
15624,M,69,Family
15625,F,47,Enterprise
15626,M,40,Family
15627,F,58,Enterprise
15628,M,21,Family
15629,M,68,Premium
15630,M,55,Youth
15631,F,68,Premium
15632,M,32,Premium
15633,F,44,Enterprise
15634,M,22,Family
15635,F,19,Enterprise
15636,F,67,Premium
15637,F,56,Youth
15638,F,33,Youth
15639,F,54,Family
15640,F,66,Premium
15641,F,19,Premium
15642,M,64,Family
15643,F,40,Enterprise
15644,F,60,Enterprise
15645,M,50,Family
15646,M,51,Premium
15647,F,50,Premium
15648,M,41,Youth
15649,F,47,Youth
15650,M,47,Family
15651,M,59,Youth
15652,F,18,Premium
15653,F,23,Enterprise
15654,F,60,Family
15655,M,40,Family
15656,M,39,Youth
15657,F,56,Enterprise
15658,M,39,Premium
15659,F,49,Family
15660,F,31,Youth
15661,F,61,Family
15662,M,68,Premium
15663,F,35,Premium
15664,F,20,Enterprise
15665,M,26,Youth
15666,M,56,Family
15667,M,46,Family
15668,M,49,Family
15669,F,21,Family
15670,M,56,Enterprise
15671,F,34,Family
15672,M,27,Youth
15673,M,34,Premium
15674,M,27,Enterprise
15675,F,61,Family
15676,M,55,Family
15677,F,64,Enterprise
15678,M,44,Youth
15679,F,25,Youth
15680,M,19,Family
15681,F,27,Family
15682,F,43,Enterprise
15683,F,35,Youth
15684,F,46,Youth
15685,M,30,Premium
15686,M,64,Premium
15687,M,23,Family
15688,M,30,Youth
15689,M,50,Premium
15690,M,29,Enterprise
15691,M,53,Enterprise
15692,F,61,Premium
15693,M,31,Enterprise
15694,F,43,Youth
15695,F,56,Family
15696,M,30,Premium
15697,M,66,Youth
15698,M,61,Youth
15699,F,38,Youth
15700,M,57,Enterprise
15701,F,19,Premium
15702,M,45,Family
15703,M,26,Family
15704,M,47,Enterprise
15705,M,25,Premium
15706,M,69,Family
15707,F,66,Enterprise
15708,F,68,Family
15709,M,18,Premium
15710,F,30,Youth
15711,M,26,Enterprise
15712,M,40,Enterprise
15713,F,47,Premium
15714,M,31,Enterprise
15715,F,19,Family
15716,M,20,Family
15717,F,66,Enterprise
15718,M,41,Premium
15719,M,30,Youth
15720,M,41,Premium
15721,M,33,Youth
15722,M,60,Enterprise
15723,F,29,Family
15724,M,57,Youth
15725,F,45,Youth
15726,F,27,Youth
15727,F,50,Youth
15728,F,35,Youth
15729,F,48,Family
15730,F,42,Family
15731,F,60,Premium
15732,M,24,Enterprise
15733,M,38,Premium
15734,F,63,Premium
15735,M,24,Enterprise
15736,M,70,Family
15737,F,41,Youth
15738,F,31,Family
15739,M,70,Premium
15740,M,56,Enterprise
15741,F,57,Family
15742,M,54,Premium
15743,M,47,Premium
15744,M,48,Youth
15745,F,55,Family
15746,F,25,Family
15747,M,43,Youth
15748,M,62,Premium
15749,F,53,Premium
15750,F,38,Family
15751,F,22,Premium
15752,M,26,Premium
15753,F,36,Youth
15754,M,48,Family
15755,F,68,Premium
15756,F,29,Youth
15757,M,33,Youth
15758,M,23,Enterprise
15759,F,37,Family
15760,M,39,Family
15761,M,24,Family
15762,M,56,Enterprise
15763,M,19,Youth
15764,M,28,Family
15765,M,44,Premium
15766,M,61,Family
15767,M,63,Enterprise
15768,M,55,Premium
15769,M,56,Family
15770,F,70,Youth
15771,F,33,Premium
15772,M,28,Youth
15773,F,47,Family
15774,M,45,Youth
15775,M,59,Enterprise
15776,M,41,Premium
15777,M,18,Family
15778,F,61,Premium
15779,M,45,Youth
15780,F,46,Premium
15781,F,32,Premium
15782,F,58,Premium
15783,M,29,Enterprise
15784,F,58,Premium
15785,F,61,Premium
15786,M,70,Youth
15787,F,64,Enterprise
15788,F,40,Enterprise
15789,F,22,Youth
15790,M,50,Family
15791,M,68,Family
15792,M,29,Premium
15793,F,19,Premium
15794,M,66,Enterprise
15795,M,54,Premium
15796,F,28,Premium
15797,F,69,Youth
15798,F,57,Enterprise
15799,F,44,Premium
15800,M,54,Youth
15801,M,31,Premium
15802,M,49,Family
15803,F,65,Premium
15804,M,54,Enterprise
15805,F,62,Family
15806,F,69,Youth
15807,F,61,Enterprise
15808,F,40,Premium
15809,M,60,Youth
15810,M,31,Family
15811,M,68,Enterprise
15812,M,22,Youth
15813,F,36,Family
15814,M,35,Family
15815,F,70,Family
15816,M,49,Youth
15817,M,60,Youth
15818,F,38,Premium
15819,F,40,Family
15820,F,31,Youth
15821,F,35,Family
15822,F,66,Youth
15823,F,31,Enterprise
15824,F,48,Enterprise
15825,F,49,Youth
15826,M,60,Enterprise
15827,M,46,Youth
15828,M,41,Family
15829,F,46,Youth
15830,M,49,Premium
15831,F,23,Family
15832,F,19,Family
15833,M,27,Youth
15834,F,27,Youth
15835,M,46,Family
15836,F,62,Youth
15837,M,19,Family
15838,M,22,Family
15839,M,18,Premium
15840,F,28,Youth
15841,M,69,Premium
15842,M,50,Premium
15843,F,52,Family
15844,M,66,Premium
15845,M,27,Enterprise
15846,F,63,Family
15847,F,35,Youth
15848,M,33,Premium
15849,M,21,Family
15850,M,45,Premium
15851,F,70,Premium
15852,F,24,Premium
15853,M,41,Enterprise
15854,M,39,Premium
15855,F,24,Premium
15856,M,45,Youth
15857,M,29,Premium
15858,F,34,Enterprise
15859,F,18,Family
15860,M,53,Premium
15861,F,54,Premium
15862,M,35,Youth
15863,F,30,Premium
15864,F,41,Enterprise
15865,F,37,Enterprise
15866,F,47,Family
15867,M,59,Youth
15868,M,18,Premium
15869,F,69,Family
15870,M,65,Youth
15871,M,31,Enterprise
15872,F,25,Enterprise
15873,F,28,Youth
15874,F,28,Enterprise
15875,F,39,Enterprise
15876,M,26,Family
15877,M,30,Premium
15878,M,22,Family
15879,M,64,Premium
15880,F,34,Youth
15881,M,45,Premium
15882,M,64,Premium
15883,M,33,Family
15884,M,54,Family
15885,F,59,Family
15886,M,41,Enterprise
15887,M,29,Premium
15888,M,34,Premium
15889,M,52,Family
15890,M,22,Family
15891,M,20,Youth
15892,M,18,Youth
15893,M,51,Youth
15894,F,26,Premium
15895,M,65,Enterprise
15896,M,36,Premium
15897,M,51,Family
15898,M,53,Youth
15899,M,45,Youth
15900,F,51,Family
15901,F,64,Premium
15902,M,27,Enterprise
15903,F,24,Premium
15904,F,40,Youth
15905,F,19,Enterprise
15906,F,43,Premium
15907,F,53,Premium
15908,F,25,Family
15909,M,54,Premium
15910,F,70,Enterprise
15911,F,68,Enterprise
15912,F,49,Enterprise
15913,F,18,Premium
15914,F,61,Enterprise
15915,F,59,Youth
15916,F,45,Youth
15917,F,53,Youth
15918,M,20,Youth
15919,F,37,Family
15920,M,44,Youth
15921,M,23,Enterprise
15922,F,48,Enterprise
15923,F,34,Youth
15924,M,66,Family
15925,M,63,Enterprise
15926,M,29,Family
15927,M,32,Family
15928,M,57,Youth
15929,M,37,Youth
15930,F,64,Family
15931,M,44,Family
15932,F,33,Enterprise
15933,M,28,Youth
15934,M,28,Youth
15935,M,50,Youth
15936,M,54,Premium
15937,F,20,Premium
15938,F,64,Youth
15939,F,30,Enterprise
15940,M,62,Premium
15941,M,63,Enterprise
15942,F,56,Enterprise
15943,M,24,Youth
15944,F,63,Youth
15945,F,35,Youth
15946,M,47,Family
15947,M,40,Premium
15948,F,56,Premium
15949,M,24,Youth
15950,M,55,Enterprise
15951,F,42,Premium
15952,M,62,Enterprise
15953,F,56,Enterprise
15954,M,29,Premium
15955,F,61,Enterprise
15956,F,43,Family
15957,M,27,Enterprise
15958,F,21,Enterprise
15959,F,25,Enterprise
15960,M,57,Enterprise
15961,F,41,Enterprise
15962,F,29,Youth
15963,F,53,Premium
15964,F,62,Youth
15965,F,61,Enterprise
15966,M,33,Family
15967,M,37,Youth
15968,F,62,Youth
15969,F,43,Family
15970,M,20,Family
15971,M,47,Youth
15972,M,54,Enterprise
15973,M,57,Family
15974,F,40,Premium
15975,M,26,Enterprise
15976,M,26,Premium
15977,M,28,Enterprise
15978,F,40,Family
15979,M,39,Family
15980,F,66,Enterprise
15981,M,33,Enterprise
15982,F,56,Enterprise
15983,M,21,Enterprise
15984,M,52,Youth
15985,F,39,Youth
15986,M,59,Premium
15987,M,54,Premium
15988,M,29,Premium
15989,M,28,Youth
15990,M,58,Premium
15991,F,34,Enterprise
15992,F,70,Youth
15993,M,70,Family
15994,F,59,Family
15995,F,26,Premium
15996,F,51,Premium
15997,M,64,Youth
15998,F,62,Premium
15999,M,29,Youth
16000,F,20,Premium
16001,F,58,Youth
16002,M,29,Family
16003,M,68,Family
16004,M,51,Enterprise
16005,F,61,Family
16006,M,41,Premium
16007,F,51,Enterprise
16008,F,19,Premium
16009,F,53,Family
16010,F,22,Premium
16011,M,21,Youth
16012,M,65,Premium
16013,F,35,Youth
16014,M,20,Enterprise
16015,M,38,Premium
16016,M,28,Enterprise
16017,F,67,Family
16018,F,30,Premium
16019,M,68,Youth
16020,F,44,Youth
16021,M,35,Youth
16022,M,57,Enterprise
16023,M,39,Enterprise
16024,M,48,Family
16025,F,61,Enterprise
16026,M,36,Premium
16027,M,27,Youth
16028,M,36,Premium
16029,F,18,Enterprise
16030,F,35,Premium
16031,F,24,Premium
16032,M,41,Youth
16033,F,24,Enterprise
16034,M,57,Enterprise
16035,M,19,Enterprise
16036,M,21,Premium
16037,M,21,Family
16038,M,62,Family
16039,F,18,Family
16040,F,43,Youth
16041,M,21,Youth
16042,F,62,Premium
16043,F,57,Premium
16044,F,32,Youth
16045,M,30,Enterprise
16046,M,45,Youth
16047,M,40,Youth
16048,F,63,Enterprise
16049,F,36,Family
16050,M,37,Family
16051,F,32,Family
16052,M,46,Family
16053,M,62,Youth
16054,F,67,Youth
16055,M,60,Enterprise
16056,M,37,Premium
16057,F,68,Youth
16058,M,62,Youth
16059,F,31,Family
16060,M,24,Enterprise
16061,F,41,Enterprise
16062,M,50,Enterprise
16063,F,32,Family
16064,M,19,Enterprise
16065,F,21,Family
16066,F,59,Premium
16067,F,52,Enterprise
16068,F,69,Premium
16069,F,32,Enterprise
16070,M,33,Youth
16071,M,28,Enterprise
16072,F,18,Family
16073,F,19,Premium
16074,M,20,Enterprise
16075,F,38,Family
16076,F,44,Enterprise
16077,F,62,Premium
16078,F,63,Youth
16079,M,38,Enterprise
16080,M,38,Premium
16081,M,38,Enterprise
16082,M,20,Youth
16083,F,52,Family
16084,F,57,Enterprise
16085,M,26,Family
16086,M,38,Youth
16087,M,32,Youth
16088,M,39,Premium
16089,M,59,Premium
16090,F,60,Family
16091,F,56,Enterprise
16092,M,50,Premium
16093,F,50,Family
16094,F,46,Enterprise
16095,F,68,Premium
16096,M,25,Enterprise
16097,M,30,Enterprise
16098,M,18,Premium
16099,M,62,Family
16100,F,44,Family
16101,M,29,Enterprise
16102,F,19,Enterprise
16103,F,66,Youth
16104,F,31,Premium
16105,F,24,Youth
16106,M,55,Family
16107,F,37,Family
16108,M,39,Youth
16109,M,44,Family
16110,M,25,Premium
16111,F,46,Youth
16112,F,68,Premium
16113,F,45,Family
16114,F,42,Youth
16115,M,54,Family
16116,M,20,Youth
16117,F,34,Enterprise
16118,M,29,Family
16119,M,49,Premium
16120,F,47,Youth
16121,M,20,Youth
16122,M,55,Premium
16123,F,54,Youth
16124,M,48,Family
16125,F,53,Enterprise
16126,F,44,Enterprise
16127,F,21,Family
16128,F,21,Premium
16129,M,68,Youth
16130,M,46,Premium
16131,F,28,Premium
16132,F,57,Enterprise
16133,F,54,Enterprise
16134,M,30,Enterprise
16135,M,48,Enterprise
16136,M,67,Enterprise
16137,F,39,Family
16138,F,43,Premium
16139,F,63,Enterprise
16140,M,37,Enterprise
16141,F,21,Enterprise
16142,F,46,Youth
16143,M,32,Premium
16144,F,57,Family
16145,M,41,Youth
16146,F,37,Premium
16147,M,70,Premium
16148,M,50,Youth
16149,F,40,Youth
16150,F,42,Enterprise
16151,M,70,Premium
16152,M,51,Youth
16153,F,33,Enterprise
16154,F,30,Youth
16155,F,20,Premium
16156,F,27,Family
16157,M,68,Premium
16158,F,51,Youth
16159,M,32,Enterprise
16160,F,56,Youth
16161,M,45,Family
16162,F,49,Family
16163,M,68,Enterprise
16164,M,27,Premium
16165,F,29,Family
16166,M,21,Enterprise
16167,M,53,Enterprise
16168,F,51,Family
16169,F,51,Enterprise
16170,M,23,Youth
16171,F,57,Enterprise
16172,M,40,Premium
16173,M,34,Youth
16174,F,44,Family
16175,F,36,Family
16176,F,45,Family
16177,F,20,Premium
16178,M,25,Premium
16179,F,49,Family
16180,M,29,Enterprise
16181,F,70,Youth
16182,F,61,Enterprise
16183,M,58,Youth
16184,F,59,Family
16185,F,31,Family
16186,F,52,Family
16187,M,26,Youth
16188,F,68,Premium
16189,M,62,Premium
16190,F,38,Enterprise
16191,F,52,Youth
16192,F,44,Enterprise
16193,F,52,Premium
16194,F,26,Enterprise
16195,F,27,Enterprise
16196,F,65,Enterprise
16197,F,24,Youth
16198,F,32,Youth
16199,F,51,Enterprise
16200,F,63,Youth
16201,M,59,Family
16202,M,36,Family
16203,F,20,Youth
16204,F,63,Youth
16205,M,44,Family
16206,M,58,Enterprise
16207,M,20,Enterprise
16208,F,26,Family
16209,M,31,Youth
16210,M,32,Youth
16211,M,51,Family
16212,M,22,Enterprise
16213,F,60,Family
16214,M,43,Enterprise
16215,F,56,Youth
16216,F,30,Youth
16217,M,46,Family
16218,M,39,Premium
16219,M,56,Enterprise
16220,M,38,Enterprise
16221,F,59,Family
16222,M,47,Enterprise
16223,M,35,Enterprise
16224,M,40,Premium
16225,M,30,Family
16226,F,43,Youth
16227,M,27,Family
16228,F,25,Family
16229,F,29,Family
16230,F,60,Premium
16231,F,25,Enterprise
16232,M,51,Enterprise
16233,F,38,Premium
16234,M,62,Family
16235,M,58,Premium
16236,F,68,Enterprise
16237,F,59,Enterprise
16238,F,60,Enterprise
16239,M,68,Family
16240,M,66,Enterprise
16241,M,45,Premium
16242,F,59,Family
16243,M,58,Enterprise
16244,M,57,Family
16245,M,32,Family
16246,M,50,Youth
16247,F,34,Youth
16248,F,40,Premium
16249,M,19,Family
16250,M,54,Premium
16251,M,26,Family
16252,M,36,Enterprise
16253,F,52,Enterprise
16254,M,22,Family
16255,M,68,Premium
16256,M,36,Family
16257,F,70,Premium
16258,M,47,Family
16259,M,59,Premium
16260,M,34,Family
16261,M,22,Family
16262,F,62,Youth
16263,M,35,Family
16264,M,30,Family
16265,M,57,Enterprise
16266,F,21,Enterprise
16267,F,25,Enterprise
16268,F,53,Family
16269,M,26,Family
16270,M,42,Enterprise
16271,F,19,Youth
16272,M,55,Youth
16273,F,55,Premium
16274,M,45,Premium
16275,F,23,Youth
16276,M,69,Family
16277,M,22,Enterprise
16278,M,32,Youth
16279,F,61,Enterprise
16280,F,59,Enterprise
16281,M,69,Youth
16282,M,54,Premium
16283,M,29,Youth
16284,M,31,Family
16285,F,43,Family
16286,F,60,Youth
16287,M,62,Family
16288,F,54,Premium
16289,M,19,Family
16290,M,40,Family
16291,F,29,Youth
16292,M,70,Youth
16293,F,67,Youth
16294,M,26,Family
16295,M,44,Enterprise
16296,F,30,Youth
16297,F,28,Family
16298,M,48,Youth
16299,F,22,Premium
16300,F,37,Family
16301,F,21,Enterprise
16302,F,27,Family
16303,F,69,Enterprise
16304,F,22,Enterprise
16305,F,51,Youth
16306,M,24,Enterprise
16307,F,55,Youth
16308,F,22,Family
16309,F,62,Family
16310,M,49,Enterprise
16311,F,38,Youth
16312,F,49,Premium
16313,M,53,Enterprise
16314,M,59,Youth
16315,F,61,Enterprise
16316,M,22,Youth
16317,M,54,Youth
16318,F,39,Enterprise
16319,M,27,Enterprise
16320,M,31,Youth
16321,F,43,Youth
16322,M,66,Premium
16323,F,25,Enterprise
16324,M,51,Youth
16325,F,43,Enterprise
16326,F,55,Family
16327,F,33,Enterprise
16328,F,40,Enterprise
16329,M,41,Enterprise
16330,M,56,Enterprise
16331,F,45,Enterprise
16332,F,51,Youth
16333,M,35,Enterprise
16334,F,61,Premium
16335,M,20,Premium
16336,F,54,Family
16337,M,58,Enterprise
16338,F,27,Family
16339,M,59,Enterprise
16340,M,57,Youth
16341,M,44,Premium
16342,M,70,Enterprise
16343,F,39,Family
16344,F,60,Youth
16345,F,21,Premium
16346,M,18,Premium
16347,F,23,Family
16348,M,26,Premium
16349,M,45,Family
16350,M,24,Enterprise
16351,M,36,Premium
16352,F,48,Family
16353,M,68,Youth
16354,F,52,Premium
16355,M,36,Youth
16356,F,54,Family
16357,F,47,Family
16358,F,45,Youth
16359,M,68,Enterprise
16360,M,55,Family
16361,M,69,Enterprise
16362,M,25,Premium
16363,M,57,Youth
16364,F,31,Premium
16365,M,24,Premium
16366,F,27,Youth
16367,F,24,Premium
16368,M,37,Enterprise
16369,F,41,Premium
16370,M,55,Family
16371,M,47,Premium
16372,F,21,Youth
16373,F,63,Premium
16374,M,40,Premium
16375,F,47,Premium
16376,M,22,Youth
16377,F,56,Youth
16378,F,50,Youth
16379,F,69,Enterprise
16380,M,70,Enterprise
16381,M,61,Youth
16382,M,18,Family
16383,F,27,Family
16384,F,70,Premium
16385,M,65,Enterprise
16386,F,39,Premium
16387,M,58,Premium
16388,F,54,Youth
16389,F,39,Enterprise
16390,M,29,Enterprise
16391,F,40,Family
16392,F,63,Premium
16393,F,47,Enterprise
16394,F,18,Family
16395,F,29,Youth
16396,M,52,Premium
16397,F,25,Family
16398,F,18,Premium
16399,M,54,Premium
16400,F,44,Youth
16401,M,23,Enterprise
16402,M,21,Enterprise
16403,F,50,Enterprise
16404,F,22,Premium
16405,F,32,Youth
16406,M,63,Youth
16407,M,37,Premium
16408,M,25,Enterprise
16409,F,57,Family
16410,F,43,Enterprise
16411,M,47,Premium
16412,M,62,Enterprise
16413,F,23,Youth
16414,M,19,Youth
16415,M,25,Enterprise
16416,F,48,Premium
16417,M,61,Youth
16418,F,59,Enterprise
16419,M,57,Family
16420,F,61,Enterprise
16421,F,50,Family
16422,M,36,Enterprise
16423,F,18,Enterprise
16424,F,19,Youth
16425,M,20,Family
16426,F,19,Enterprise
16427,F,24,Family
16428,F,22,Youth
16429,M,25,Youth
16430,F,19,Premium
16431,F,26,Family
16432,F,51,Premium
16433,M,66,Enterprise
16434,F,31,Enterprise
16435,F,58,Youth
16436,F,50,Youth
16437,M,42,Enterprise
16438,F,69,Enterprise
16439,M,28,Enterprise
16440,M,62,Enterprise
16441,F,36,Premium
16442,M,44,Family
16443,F,22,Family
16444,F,63,Enterprise
16445,F,48,Enterprise
16446,F,65,Family
16447,M,28,Youth
16448,M,40,Premium
16449,M,40,Enterprise
16450,M,61,Enterprise
16451,F,45,Premium
16452,F,43,Premium
16453,M,27,Enterprise
16454,F,50,Family
16455,F,63,Premium
16456,M,52,Premium
16457,M,21,Family
16458,M,54,Youth
16459,M,40,Enterprise
16460,F,28,Enterprise
16461,M,43,Youth
16462,F,53,Youth
16463,F,27,Family
16464,F,69,Family
16465,M,18,Premium
16466,M,34,Youth
16467,M,45,Enterprise
16468,M,39,Youth
16469,F,32,Youth
16470,M,61,Premium
16471,F,65,Premium
16472,F,34,Youth
16473,M,50,Youth
16474,F,46,Premium
16475,M,35,Enterprise
16476,F,56,Premium
16477,F,57,Enterprise
16478,F,52,Youth
16479,M,40,Premium
16480,F,40,Youth
16481,F,35,Enterprise
16482,M,48,Premium
16483,F,38,Family
16484,F,34,Youth
16485,M,59,Enterprise
16486,F,60,Enterprise
16487,M,24,Premium
16488,F,58,Youth
16489,F,65,Premium
16490,F,37,Enterprise
16491,M,27,Enterprise
16492,M,39,Enterprise
16493,M,47,Enterprise
16494,M,54,Family
16495,F,30,Premium
16496,M,56,Family
16497,F,56,Enterprise
16498,F,47,Enterprise
16499,F,50,Enterprise
16500,F,47,Enterprise
16501,M,43,Youth
16502,F,54,Youth
16503,M,26,Youth
16504,M,38,Enterprise
16505,M,34,Family
16506,M,62,Family
16507,M,70,Premium
16508,M,65,Premium
16509,M,57,Youth
16510,F,55,Family
16511,F,54,Youth
16512,M,54,Youth
16513,M,18,Premium
16514,F,26,Youth
16515,F,19,Enterprise
16516,M,32,Enterprise
16517,M,26,Premium
16518,F,45,Enterprise
16519,M,50,Premium
16520,F,69,Family
16521,F,30,Premium
16522,F,70,Enterprise
16523,F,18,Youth
16524,M,32,Premium
16525,M,49,Youth
16526,F,55,Enterprise
16527,F,49,Premium
16528,M,56,Family
16529,F,29,Family
16530,M,46,Premium
16531,M,68,Youth
16532,F,61,Family
16533,M,42,Family
16534,F,35,Family
16535,M,19,Premium
16536,F,39,Family
16537,F,18,Premium
16538,F,42,Youth
16539,M,27,Youth
16540,F,66,Premium
16541,F,31,Youth
16542,F,51,Enterprise
16543,M,31,Enterprise
16544,F,20,Family
16545,F,39,Enterprise
16546,F,51,Premium
16547,F,25,Enterprise
16548,M,28,Youth
16549,F,47,Enterprise
16550,F,51,Youth
16551,M,64,Enterprise
16552,M,45,Premium
16553,M,70,Enterprise
16554,M,50,Youth
16555,F,24,Enterprise
16556,M,39,Premium
16557,M,31,Family
16558,F,47,Family
16559,F,36,Premium
16560,F,42,Family
16561,F,56,Premium
16562,F,68,Enterprise
16563,M,66,Youth
16564,M,24,Family
16565,M,47,Youth
16566,M,22,Family
16567,F,63,Family
16568,F,44,Enterprise
16569,F,68,Family
16570,M,64,Youth
16571,F,70,Youth
16572,F,22,Youth
16573,F,28,Premium
16574,F,32,Premium
16575,F,68,Family
16576,M,23,Family
16577,F,44,Family
16578,M,39,Enterprise
16579,M,30,Enterprise
16580,F,28,Youth
16581,F,44,Youth
16582,M,54,Premium
16583,M,38,Enterprise
16584,F,66,Premium
16585,M,31,Enterprise
16586,M,43,Enterprise
16587,M,61,Youth
16588,F,26,Premium
16589,M,55,Family
16590,M,67,Enterprise
16591,M,62,Youth
16592,F,44,Enterprise
16593,M,68,Family
16594,F,32,Enterprise
16595,F,61,Family
16596,F,61,Family
16597,F,48,Premium
16598,F,25,Enterprise
16599,M,70,Premium
16600,F,21,Youth
16601,M,55,Enterprise
16602,M,51,Family
16603,M,67,Premium
16604,M,30,Family
16605,M,29,Enterprise
16606,F,34,Premium
16607,F,20,Family
16608,M,20,Family
16609,F,63,Family
16610,M,70,Enterprise
16611,M,49,Family
16612,F,46,Family
16613,M,55,Enterprise
16614,F,30,Family
16615,F,42,Youth
16616,F,46,Enterprise
16617,F,62,Enterprise
16618,M,35,Family
16619,M,46,Enterprise
16620,F,18,Enterprise
16621,F,55,Family
16622,M,58,Enterprise
16623,M,39,Premium
16624,F,60,Enterprise
16625,M,18,Enterprise
16626,M,28,Youth
16627,F,18,Enterprise
16628,M,45,Family
16629,F,31,Premium
16630,M,64,Enterprise
16631,M,38,Youth
16632,M,57,Enterprise
16633,M,32,Family
16634,M,21,Enterprise
16635,F,38,Youth
16636,M,36,Enterprise
16637,M,46,Youth
16638,M,68,Family
16639,M,37,Youth
16640,M,43,Family
16641,M,58,Family
16642,F,20,Premium
16643,M,21,Youth
16644,M,67,Family
16645,M,52,Family
16646,F,59,Family
16647,F,30,Family
16648,F,69,Youth
16649,F,25,Premium
16650,M,56,Enterprise
16651,M,55,Premium
16652,F,70,Premium
16653,F,67,Family
16654,M,22,Youth
16655,M,42,Premium
16656,F,38,Premium
16657,F,61,Enterprise
16658,F,25,Premium
16659,F,67,Enterprise
16660,M,70,Enterprise
16661,M,42,Enterprise
16662,F,21,Enterprise
16663,M,67,Family
16664,F,60,Youth
16665,M,56,Premium
16666,M,60,Youth
16667,M,67,Youth
16668,M,65,Premium
16669,M,49,Youth
16670,F,46,Enterprise
16671,M,68,Family
16672,F,68,Premium
16673,F,68,Enterprise
16674,F,30,Youth
16675,F,69,Family
16676,F,19,Enterprise
16677,M,34,Premium
16678,M,68,Enterprise
16679,M,35,Premium
16680,M,26,Family
16681,F,52,Premium
16682,F,44,Youth
16683,F,39,Enterprise
16684,F,55,Family
16685,F,22,Youth
16686,F,32,Family
16687,F,46,Youth
16688,M,20,Premium
16689,M,58,Enterprise
16690,F,31,Family
16691,M,54,Youth
16692,M,42,Youth
16693,F,52,Youth
16694,F,58,Enterprise
16695,M,18,Enterprise
16696,M,40,Enterprise
16697,F,46,Enterprise
16698,F,39,Premium
16699,M,20,Family
16700,M,58,Premium
16701,F,63,Youth
16702,F,30,Enterprise
16703,F,60,Family
16704,F,42,Premium
16705,M,55,Family
16706,F,48,Enterprise
16707,M,50,Premium
16708,F,50,Enterprise
16709,F,53,Enterprise
16710,M,48,Enterprise
16711,M,67,Enterprise
16712,F,41,Family
16713,F,36,Youth
16714,F,42,Youth
16715,M,60,Family
16716,M,18,Enterprise
16717,F,61,Family
16718,M,26,Family
16719,M,27,Premium
16720,F,68,Premium
16721,M,53,Premium
16722,M,36,Family
16723,F,28,Family
16724,M,41,Premium
16725,M,54,Youth
16726,M,65,Family
16727,M,61,Youth
16728,F,29,Family
16729,M,51,Youth
16730,F,69,Premium
16731,F,68,Premium
16732,M,61,Youth
16733,F,34,Family
16734,M,51,Youth
16735,F,65,Family
16736,F,31,Premium
16737,M,22,Enterprise
16738,F,19,Enterprise
16739,M,26,Enterprise
16740,M,30,Premium
16741,F,65,Premium
16742,M,48,Premium
16743,M,33,Enterprise
16744,F,41,Youth
16745,F,50,Family
16746,M,26,Premium
16747,F,64,Premium
16748,F,54,Premium
16749,F,22,Enterprise
16750,M,63,Youth
16751,M,32,Family
16752,F,66,Premium
16753,M,70,Enterprise
16754,F,61,Premium
16755,M,61,Premium
16756,M,60,Youth
16757,M,35,Premium
16758,F,46,Youth
16759,F,32,Premium
16760,F,50,Enterprise
16761,M,31,Family
16762,F,64,Family
16763,F,46,Family
16764,M,27,Enterprise
16765,M,68,Youth
16766,F,29,Youth
16767,F,49,Family
16768,F,44,Premium
16769,F,37,Premium
16770,F,18,Premium
16771,F,57,Family
16772,M,33,Youth
16773,F,44,Premium
16774,M,44,Youth
16775,F,27,Youth
16776,M,67,Family
16777,M,55,Youth
16778,F,18,Family
16779,F,56,Youth
16780,F,40,Premium
16781,F,44,Youth
16782,F,21,Enterprise
16783,M,31,Youth
16784,F,35,Youth
16785,M,20,Family
16786,F,66,Family
16787,F,55,Youth
16788,F,33,Premium
16789,M,61,Family
16790,F,21,Youth
16791,F,45,Enterprise
16792,F,25,Youth
16793,F,26,Family
16794,M,40,Premium
16795,M,59,Family
16796,F,58,Youth
16797,M,34,Youth
16798,F,38,Family
16799,M,60,Family
16800,M,66,Family
16801,M,29,Enterprise
16802,F,56,Enterprise
16803,F,25,Youth
16804,F,27,Enterprise
16805,M,69,Family
16806,M,40,Youth
16807,M,52,Youth
16808,M,46,Premium
16809,F,58,Youth
16810,M,46,Enterprise
16811,M,65,Enterprise
16812,F,56,Enterprise
16813,F,41,Family
16814,F,41,Enterprise
16815,F,18,Enterprise
16816,M,43,Youth
16817,M,59,Youth
16818,F,64,Youth
16819,F,55,Family
16820,M,41,Youth
16821,M,32,Family
16822,M,20,Youth
16823,F,46,Family
16824,F,69,Enterprise
16825,F,65,Youth
16826,F,33,Youth
16827,M,54,Family
16828,M,62,Enterprise
16829,M,52,Enterprise
16830,M,61,Family
16831,M,66,Youth
16832,F,43,Youth
16833,M,66,Family
16834,M,70,Youth
16835,M,26,Premium
16836,M,50,Premium
16837,M,36,Youth
16838,M,45,Enterprise
16839,F,40,Premium
16840,F,46,Premium
16841,M,23,Enterprise
16842,M,36,Family
16843,F,51,Enterprise
16844,M,65,Youth
16845,M,70,Premium
16846,M,23,Premium
16847,M,21,Youth
16848,F,33,Enterprise
16849,F,70,Enterprise
16850,F,35,Enterprise
16851,M,22,Premium
16852,M,68,Premium
16853,M,58,Family
16854,M,30,Enterprise
16855,M,61,Youth
16856,M,57,Premium
16857,F,70,Family
16858,M,26,Youth
16859,F,47,Premium
16860,M,63,Family
16861,F,33,Premium
16862,M,23,Family
16863,M,37,Premium
16864,F,68,Youth
16865,M,55,Family
16866,F,50,Enterprise
16867,M,30,Family
16868,M,31,Youth
16869,M,54,Enterprise
16870,F,63,Premium
16871,M,63,Family
16872,M,33,Family
16873,M,27,Family
16874,M,52,Family
16875,F,67,Enterprise
16876,F,54,Family
16877,M,51,Enterprise
16878,F,49,Premium
16879,F,66,Premium
16880,F,67,Premium
16881,F,58,Enterprise
16882,M,48,Premium
16883,F,24,Enterprise
16884,M,46,Youth
16885,F,19,Family
16886,M,53,Family
16887,M,66,Enterprise
16888,M,66,Enterprise
16889,F,26,Enterprise
16890,M,30,Youth
16891,F,59,Premium
16892,F,31,Family
16893,M,38,Premium
16894,M,29,Premium
16895,M,32,Family
16896,M,45,Enterprise
16897,M,55,Enterprise
16898,M,50,Enterprise
16899,M,41,Family
16900,M,66,Premium
16901,M,38,Premium
16902,F,48,Youth
16903,M,41,Family
16904,M,25,Family
16905,F,45,Enterprise
16906,M,49,Family
16907,F,53,Enterprise
16908,M,49,Youth
16909,M,59,Youth
16910,M,43,Enterprise
16911,M,52,Family
16912,F,31,Youth
16913,M,55,Family
16914,F,32,Enterprise
16915,F,49,Youth
16916,M,46,Enterprise
16917,M,24,Family
16918,F,44,Youth
16919,M,45,Premium
16920,M,56,Youth
16921,M,20,Youth
16922,F,57,Enterprise
16923,M,52,Premium
16924,F,48,Family
16925,M,66,Youth
16926,F,19,Family
16927,M,21,Enterprise
16928,M,33,Youth
16929,M,50,Family
16930,M,57,Youth
16931,M,23,Family
16932,M,45,Youth
16933,F,40,Family
16934,F,69,Family
16935,M,18,Enterprise
16936,M,21,Youth
16937,M,54,Premium
16938,F,56,Youth
16939,M,23,Enterprise
16940,F,38,Youth
16941,F,60,Youth
16942,F,39,Enterprise
16943,M,63,Enterprise
16944,M,33,Youth
16945,F,54,Youth
16946,F,43,Family
16947,F,44,Family
16948,M,29,Enterprise
16949,M,55,Enterprise
16950,F,64,Family
16951,M,41,Youth
16952,M,20,Youth
16953,M,62,Enterprise
16954,F,47,Enterprise
16955,M,26,Premium
16956,M,39,Youth
16957,F,31,Youth
16958,M,44,Premium
16959,F,21,Premium
16960,M,58,Premium
16961,M,64,Enterprise
16962,M,29,Family
16963,F,53,Family
16964,F,56,Enterprise
16965,M,53,Enterprise
16966,M,36,Family
16967,M,38,Family
16968,F,23,Premium
16969,M,58,Premium
16970,M,55,Youth
16971,F,48,Enterprise
16972,F,38,Premium
16973,M,23,Premium
16974,M,62,Premium
16975,F,49,Family
16976,F,56,Family
16977,F,65,Enterprise
16978,M,41,Youth
16979,F,49,Family
16980,M,35,Family
16981,F,40,Youth
16982,F,54,Family
16983,F,53,Family
16984,F,48,Youth
16985,F,21,Youth
16986,F,69,Enterprise
16987,F,36,Enterprise
16988,M,39,Enterprise
16989,M,56,Enterprise
16990,M,60,Premium
16991,M,67,Family
16992,F,49,Enterprise
16993,F,64,Family
16994,M,70,Family
16995,F,26,Enterprise
16996,F,46,Enterprise
16997,F,25,Enterprise
16998,F,25,Enterprise
16999,F,38,Family
17000,M,47,Premium
17001,F,33,Youth
17002,M,60,Family
17003,F,32,Family
17004,F,48,Family
17005,M,70,Youth
17006,F,35,Premium
17007,F,19,Enterprise
17008,M,65,Family
17009,M,31,Premium
17010,M,35,Premium
17011,F,36,Youth
17012,F,21,Enterprise
17013,F,50,Enterprise
17014,M,61,Youth
17015,F,37,Enterprise
17016,M,29,Youth
17017,M,50,Youth
17018,F,60,Family
17019,F,36,Enterprise
17020,F,42,Youth
17021,F,68,Premium
17022,M,52,Premium
17023,F,25,Family
17024,M,54,Premium
17025,M,19,Youth
17026,M,32,Youth
17027,M,39,Enterprise
17028,M,50,Youth
17029,M,57,Youth
17030,F,25,Premium
17031,M,42,Premium
17032,M,66,Youth
17033,M,22,Family
17034,F,53,Family
17035,M,19,Youth
17036,F,25,Enterprise
17037,F,66,Family
17038,M,63,Enterprise
17039,M,47,Enterprise
17040,M,57,Enterprise
17041,F,18,Enterprise
17042,F,67,Enterprise
17043,F,21,Youth
17044,F,26,Premium
17045,F,22,Youth
17046,F,69,Youth
17047,M,18,Youth
17048,F,56,Youth
17049,M,56,Enterprise
17050,F,38,Youth
17051,F,41,Premium
17052,F,25,Enterprise
17053,M,33,Youth
17054,F,19,Family
17055,M,56,Enterprise
17056,M,36,Youth
17057,F,55,Family
17058,F,18,Enterprise
17059,M,47,Family
17060,M,43,Premium
17061,F,44,Premium
17062,F,43,Premium
17063,F,34,Enterprise
17064,M,37,Youth
17065,M,38,Youth
17066,F,62,Enterprise
17067,F,66,Family
17068,M,29,Family
17069,F,63,Youth
17070,F,28,Premium
17071,M,55,Family
17072,F,42,Premium
17073,M,24,Premium
17074,F,62,Enterprise
17075,F,21,Youth
17076,M,23,Family
17077,F,38,Premium
17078,F,29,Enterprise
17079,M,52,Enterprise
17080,F,39,Family
17081,F,27,Premium
17082,F,55,Youth
17083,M,57,Enterprise
17084,M,31,Enterprise
17085,F,21,Premium
17086,F,65,Enterprise
17087,F,57,Premium
17088,M,26,Premium
17089,F,52,Youth
17090,F,59,Youth
17091,M,66,Youth
17092,F,49,Enterprise
17093,M,22,Premium
17094,F,55,Enterprise
17095,F,23,Family
17096,F,60,Family
17097,M,24,Enterprise
17098,F,46,Enterprise
17099,M,27,Youth
17100,M,22,Youth
17101,M,36,Premium
17102,M,25,Premium
17103,F,54,Enterprise
17104,M,68,Family
17105,F,25,Enterprise
17106,M,57,Premium
17107,M,64,Youth
17108,M,40,Premium
17109,M,46,Premium
17110,M,19,Youth
17111,F,20,Enterprise
17112,F,46,Enterprise
17113,M,50,Premium
17114,F,57,Premium
17115,M,41,Enterprise
17116,M,22,Enterprise
17117,F,31,Premium
17118,M,36,Enterprise
17119,F,44,Enterprise
17120,M,31,Family
17121,M,70,Premium
17122,M,30,Youth
17123,F,20,Enterprise
17124,M,43,Enterprise
17125,F,32,Youth
17126,M,49,Enterprise
17127,M,47,Family
17128,F,53,Enterprise
17129,M,20,Family
17130,M,54,Family
17131,F,49,Family
17132,F,67,Premium
17133,M,36,Youth
17134,F,43,Family
17135,M,63,Youth
17136,M,52,Youth
17137,F,31,Enterprise
17138,M,53,Premium
17139,M,36,Youth
17140,M,58,Youth
17141,M,41,Enterprise
17142,M,57,Youth
17143,F,51,Youth
17144,M,68,Enterprise
17145,M,59,Youth
17146,M,44,Family
17147,M,59,Youth
17148,M,47,Youth
17149,F,21,Family
17150,M,36,Premium
17151,F,44,Youth
17152,F,32,Enterprise
17153,M,64,Premium
17154,M,46,Enterprise
17155,F,68,Enterprise
17156,F,27,Youth
17157,F,42,Premium
17158,M,56,Youth
17159,M,34,Premium
17160,M,36,Enterprise
17161,F,42,Family
17162,F,22,Premium
17163,M,60,Enterprise
17164,F,26,Youth
17165,F,21,Premium
17166,M,53,Youth
17167,F,64,Youth
17168,F,47,Enterprise
17169,M,39,Youth
17170,F,66,Family
17171,M,51,Family
17172,F,66,Premium
17173,F,36,Family
17174,F,69,Family
17175,F,25,Premium
17176,F,68,Premium
17177,M,66,Family
17178,F,42,Youth
17179,M,18,Enterprise
17180,M,64,Youth
17181,M,61,Family
17182,M,60,Premium
17183,F,61,Premium
17184,F,28,Family
17185,M,49,Enterprise
17186,M,44,Enterprise
17187,F,31,Enterprise
17188,F,28,Enterprise
17189,M,48,Premium
17190,M,61,Youth
17191,M,25,Youth
17192,M,33,Enterprise
17193,F,51,Premium
17194,M,41,Youth
17195,F,31,Youth
17196,M,64,Premium
17197,M,27,Youth
17198,F,59,Premium
17199,M,53,Youth
17200,M,67,Premium
17201,M,40,Youth
17202,F,33,Youth
17203,M,46,Premium
17204,F,55,Youth
17205,F,29,Enterprise
17206,F,69,Family
17207,F,52,Enterprise
17208,M,28,Family
17209,F,34,Enterprise
17210,M,49,Family
17211,F,70,Youth
17212,M,29,Youth
17213,M,22,Enterprise
17214,M,57,Enterprise
17215,F,22,Family
17216,M,32,Family
17217,M,18,Premium
17218,M,19,Youth
17219,M,59,Family
17220,M,28,Family
17221,M,44,Family
17222,F,49,Youth
17223,M,61,Family
17224,M,32,Enterprise
17225,M,59,Youth
17226,M,61,Youth
17227,M,21,Family
17228,F,53,Enterprise
17229,M,50,Family
17230,M,29,Youth
17231,M,42,Premium
17232,F,62,Enterprise
17233,M,64,Enterprise
17234,F,28,Enterprise
17235,F,67,Enterprise
17236,M,62,Youth
17237,M,38,Family
17238,M,40,Family
17239,F,19,Youth
17240,F,27,Enterprise
17241,F,33,Premium
17242,M,70,Family
17243,F,40,Youth
17244,F,33,Youth
17245,M,70,Family
17246,M,22,Premium
17247,F,68,Enterprise
17248,M,64,Youth
17249,F,54,Premium
17250,F,63,Premium
17251,F,37,Family
17252,M,40,Premium
17253,F,31,Enterprise
17254,F,30,Premium
17255,F,25,Enterprise
17256,M,65,Enterprise
17257,M,45,Family
17258,M,45,Enterprise
17259,M,68,Premium
17260,F,46,Enterprise
17261,F,27,Youth
17262,F,50,Premium
17263,M,32,Enterprise
17264,F,20,Premium
17265,M,18,Premium
17266,F,41,Family
17267,F,54,Enterprise
17268,F,51,Enterprise
17269,M,57,Premium
17270,M,34,Family
17271,M,37,Enterprise
17272,M,34,Premium
17273,M,38,Enterprise
17274,M,29,Youth
17275,F,58,Family
17276,F,59,Enterprise
17277,F,47,Family
17278,F,30,Family
17279,M,33,Premium
17280,F,55,Family
17281,M,28,Premium
17282,M,49,Premium
17283,F,53,Family
17284,F,43,Youth
17285,M,70,Youth
17286,F,24,Family
17287,F,59,Family
17288,F,49,Enterprise
17289,F,35,Premium
17290,M,38,Youth
17291,M,41,Youth
17292,M,47,Youth
17293,M,61,Enterprise
17294,F,61,Premium
17295,M,45,Youth
17296,F,59,Premium
17297,M,70,Enterprise
17298,M,46,Family
17299,M,56,Family
17300,M,37,Premium
17301,F,18,Youth
17302,M,34,Youth
17303,M,19,Enterprise
17304,F,48,Youth
17305,F,70,Premium
17306,F,53,Enterprise
17307,M,62,Family
17308,F,27,Family
17309,M,52,Youth
17310,F,22,Youth
17311,F,51,Youth
17312,F,20,Premium
17313,F,29,Family
17314,F,66,Enterprise
17315,F,25,Enterprise
17316,M,68,Youth
17317,M,64,Family
17318,F,22,Youth
17319,F,46,Youth
17320,M,30,Enterprise
17321,F,58,Premium
17322,M,64,Youth
17323,F,63,Enterprise
17324,F,43,Family
17325,M,55,Enterprise
17326,F,52,Youth
17327,M,20,Premium
17328,M,47,Youth
17329,F,36,Enterprise
17330,M,67,Enterprise
17331,F,45,Premium
17332,M,18,Family
17333,M,55,Family
17334,F,66,Youth
17335,M,28,Family
17336,M,45,Family
17337,M,59,Family
17338,M,58,Enterprise
17339,F,41,Family
17340,M,32,Premium
17341,F,56,Youth
17342,M,43,Family
17343,F,69,Enterprise
17344,F,26,Family
17345,M,31,Enterprise
17346,F,69,Family
17347,M,44,Enterprise
17348,F,44,Youth
17349,F,38,Family
17350,M,29,Premium
17351,F,33,Premium
17352,M,67,Premium
17353,F,55,Youth
17354,F,48,Enterprise
17355,F,49,Youth
17356,M,23,Premium
17357,F,49,Youth
17358,F,46,Premium
17359,M,32,Enterprise
17360,M,29,Premium
17361,F,35,Enterprise
17362,M,23,Premium
17363,F,60,Premium
17364,F,19,Family
17365,F,41,Enterprise
17366,M,61,Youth
17367,F,58,Youth
17368,F,57,Family
17369,M,55,Premium
17370,M,35,Enterprise
17371,M,25,Premium
17372,F,25,Premium
17373,F,52,Youth
17374,F,42,Premium
17375,F,63,Youth
17376,M,28,Youth
17377,M,44,Enterprise
17378,M,21,Family
17379,F,65,Youth
17380,F,26,Youth
17381,F,43,Family
17382,F,55,Family
17383,M,64,Youth
17384,F,29,Premium
17385,M,38,Enterprise
17386,F,21,Youth
17387,F,57,Enterprise
17388,M,54,Youth
17389,M,63,Enterprise
17390,F,32,Premium
17391,M,34,Youth
17392,F,26,Enterprise
17393,F,63,Youth
17394,F,41,Youth
17395,M,29,Family
17396,M,43,Family
17397,F,38,Premium
17398,M,58,Family
17399,M,37,Youth
17400,M,44,Youth
17401,M,28,Family
17402,F,20,Premium
17403,F,43,Youth
17404,M,64,Youth
17405,F,42,Youth
17406,M,70,Premium
17407,F,40,Family
17408,M,21,Family
17409,F,65,Premium
17410,M,42,Premium
17411,F,41,Youth
17412,F,24,Youth
17413,F,49,Premium
17414,F,48,Youth
17415,F,58,Youth
17416,M,49,Youth
17417,F,44,Family
17418,F,30,Premium
17419,F,20,Family
17420,M,56,Family
17421,F,23,Family
17422,F,25,Enterprise
17423,F,62,Premium
17424,M,49,Enterprise
17425,M,62,Premium
17426,M,33,Premium
17427,M,30,Family
17428,M,23,Enterprise
17429,F,30,Youth
17430,M,63,Family
17431,F,29,Premium
17432,F,27,Youth
17433,M,52,Youth
17434,M,31,Premium
17435,M,26,Youth
17436,M,46,Premium
17437,M,18,Enterprise
17438,F,46,Family
17439,M,30,Family
17440,F,46,Enterprise
17441,F,27,Enterprise
17442,M,22,Premium
17443,F,58,Family
17444,F,48,Youth
17445,M,65,Premium
17446,M,32,Youth
17447,M,19,Enterprise
17448,M,33,Family
17449,F,58,Premium
17450,M,21,Youth
17451,F,29,Enterprise
17452,F,34,Premium
17453,M,57,Enterprise
17454,M,26,Premium
17455,F,28,Enterprise
17456,F,45,Youth
17457,M,22,Family
17458,F,32,Premium
17459,M,66,Premium
17460,M,56,Enterprise
17461,F,48,Enterprise
17462,F,38,Enterprise
17463,F,39,Family
17464,F,29,Enterprise
17465,M,52,Premium
17466,F,42,Premium
17467,M,25,Premium
17468,F,63,Youth
17469,F,60,Enterprise
17470,F,65,Enterprise
17471,M,34,Premium
17472,M,34,Family
17473,F,22,Family
17474,M,61,Youth
17475,M,38,Youth
17476,M,28,Enterprise
17477,M,35,Premium
17478,F,39,Youth
17479,F,34,Family
17480,M,42,Premium
17481,F,64,Premium
17482,M,26,Family
17483,F,70,Youth
17484,F,25,Enterprise
17485,F,50,Enterprise
17486,M,33,Youth
17487,F,68,Family
17488,F,22,Premium
17489,M,45,Youth
17490,M,38,Youth
17491,F,47,Family
17492,M,36,Youth
17493,M,44,Family
17494,M,43,Family
17495,M,52,Youth
17496,F,55,Enterprise
17497,F,61,Family
17498,M,26,Youth
17499,M,37,Premium
17500,M,53,Enterprise
17501,F,44,Enterprise
17502,M,62,Enterprise
17503,M,36,Youth
17504,F,50,Premium
17505,F,61,Premium
17506,M,60,Premium
17507,F,23,Premium
17508,M,54,Premium
17509,M,52,Enterprise
17510,M,23,Family
17511,M,42,Youth
17512,F,55,Enterprise
17513,F,43,Enterprise
17514,F,67,Youth
17515,M,32,Premium
17516,M,25,Enterprise
17517,M,56,Youth
17518,M,52,Enterprise
17519,M,58,Premium
17520,F,64,Premium
17521,M,20,Youth
17522,M,34,Family
17523,F,65,Premium
17524,M,65,Enterprise
17525,F,39,Youth
17526,M,32,Family
17527,M,59,Youth
17528,M,60,Family
17529,F,29,Enterprise
17530,F,32,Enterprise
17531,M,18,Youth
17532,M,32,Premium
17533,F,30,Family
17534,F,51,Youth
17535,M,63,Youth
17536,F,53,Youth
17537,F,39,Family
17538,F,32,Youth
17539,F,47,Enterprise
17540,F,52,Family
17541,F,35,Premium
17542,F,55,Youth
17543,M,29,Family
17544,M,60,Youth
17545,F,24,Enterprise
17546,F,33,Youth
17547,M,57,Enterprise
17548,F,58,Premium
17549,F,52,Premium
17550,M,25,Youth
17551,M,62,Enterprise
17552,M,38,Youth
17553,F,37,Enterprise
17554,F,21,Enterprise
17555,M,57,Youth
17556,M,26,Premium
17557,F,58,Youth
17558,F,51,Family
17559,F,59,Youth
17560,M,44,Family
17561,F,62,Premium
17562,M,57,Youth
17563,F,36,Enterprise
17564,M,69,Premium
17565,F,52,Premium
17566,M,49,Youth
17567,M,58,Enterprise
17568,F,40,Premium
17569,F,46,Enterprise
17570,M,41,Premium
17571,F,30,Youth
17572,M,22,Family
17573,M,29,Enterprise
17574,M,56,Premium
17575,F,52,Youth
17576,M,30,Premium
17577,M,60,Enterprise
17578,F,42,Enterprise
17579,F,32,Enterprise
17580,M,35,Enterprise
17581,M,32,Enterprise
17582,F,51,Family
17583,F,66,Family
17584,M,36,Enterprise
17585,M,65,Enterprise
17586,M,55,Family
17587,M,70,Family
17588,M,60,Premium
17589,M,33,Family
17590,M,51,Youth
17591,M,19,Youth
17592,M,58,Youth
17593,M,65,Enterprise
17594,M,61,Youth
17595,F,44,Premium
17596,F,20,Family
17597,F,37,Youth
17598,M,45,Premium
17599,F,48,Youth
17600,F,53,Premium
17601,F,43,Youth
17602,M,44,Premium
17603,M,62,Family
17604,M,51,Youth
17605,M,46,Enterprise
17606,M,68,Family
17607,M,34,Youth
17608,M,20,Family
17609,F,49,Family
17610,M,30,Premium
17611,F,39,Youth
17612,F,68,Premium
17613,F,65,Family
17614,F,63,Premium
17615,M,69,Premium
17616,M,48,Premium
17617,M,36,Enterprise
17618,M,40,Family
17619,M,54,Family
17620,F,31,Enterprise
17621,F,48,Youth
17622,M,35,Enterprise
17623,F,57,Enterprise
17624,F,55,Enterprise
17625,M,35,Youth
17626,F,20,Premium
17627,F,50,Youth
17628,F,24,Enterprise
17629,M,41,Youth
17630,M,19,Enterprise
17631,M,46,Youth
17632,M,25,Family
17633,M,34,Youth
17634,F,26,Youth
17635,F,45,Youth
17636,F,65,Premium
17637,M,26,Family
17638,F,69,Family
17639,M,60,Youth
17640,F,69,Family
17641,M,41,Youth
17642,M,35,Youth
17643,M,44,Family
17644,F,49,Family
17645,F,61,Youth
17646,F,50,Family
17647,M,31,Youth
17648,M,52,Enterprise
17649,F,64,Premium
17650,F,27,Premium
17651,M,29,Enterprise
17652,F,53,Youth
17653,F,24,Youth
17654,M,25,Family
17655,F,22,Family
17656,M,55,Enterprise
17657,M,30,Youth
17658,M,49,Enterprise
17659,F,70,Family
17660,F,33,Enterprise
17661,F,66,Enterprise
17662,M,38,Premium
17663,M,45,Family
17664,F,49,Youth
17665,F,46,Premium
17666,M,44,Youth
17667,F,54,Youth
17668,M,51,Premium
17669,M,54,Enterprise
17670,F,43,Family
17671,F,68,Premium
17672,M,18,Premium
17673,M,58,Premium
17674,M,32,Family
17675,F,19,Enterprise
17676,F,70,Enterprise
17677,M,66,Premium
17678,M,31,Youth
17679,M,23,Youth
17680,M,33,Youth
17681,M,26,Family
17682,M,65,Enterprise
17683,M,50,Family
17684,M,28,Enterprise
17685,F,45,Premium
17686,M,62,Enterprise
17687,F,37,Youth
17688,F,61,Premium
17689,M,22,Youth
17690,F,42,Family
17691,M,24,Premium
17692,F,64,Family
17693,M,26,Premium
17694,M,59,Family
17695,F,68,Enterprise
17696,M,41,Family
17697,M,41,Enterprise
17698,F,36,Youth
17699,M,31,Premium
17700,M,44,Family
17701,F,28,Youth
17702,F,61,Youth
17703,M,33,Enterprise
17704,M,46,Premium
17705,F,43,Youth
17706,M,34,Enterprise
17707,M,33,Family
17708,F,54,Enterprise
17709,F,56,Enterprise
17710,M,41,Youth
17711,F,23,Enterprise
17712,M,43,Youth
17713,M,46,Premium
17714,F,65,Enterprise
17715,F,52,Premium
17716,M,61,Enterprise
17717,M,37,Family
17718,M,43,Premium
17719,M,49,Family
17720,M,28,Youth
17721,F,22,Enterprise
17722,M,64,Premium
17723,M,36,Family
17724,F,41,Premium
17725,F,44,Enterprise
17726,F,23,Family
17727,F,67,Enterprise
17728,F,22,Enterprise
17729,F,32,Family
17730,F,25,Premium
17731,F,45,Youth
17732,M,22,Premium
17733,F,61,Enterprise
17734,M,27,Premium
17735,F,29,Family
17736,F,29,Youth
17737,F,51,Family
17738,F,36,Enterprise
17739,M,53,Family
17740,F,61,Premium
17741,M,33,Family
17742,F,31,Enterprise
17743,F,24,Youth
17744,M,48,Premium
17745,M,35,Premium
17746,M,55,Family
17747,M,70,Enterprise
17748,M,58,Enterprise
17749,F,61,Youth
17750,M,43,Enterprise
17751,F,44,Youth
17752,M,55,Enterprise
17753,F,27,Youth
17754,F,43,Enterprise
17755,M,57,Enterprise
17756,F,70,Youth
17757,M,29,Premium
17758,F,28,Enterprise
17759,F,20,Premium
17760,F,59,Youth
17761,F,43,Enterprise
17762,M,63,Enterprise
17763,M,37,Enterprise
17764,F,53,Family
17765,F,68,Family
17766,F,67,Enterprise
17767,F,60,Family
17768,F,28,Enterprise
17769,M,28,Premium
17770,F,51,Family
17771,F,49,Premium
17772,M,22,Family
17773,F,50,Premium
17774,M,54,Youth
17775,M,23,Enterprise
17776,F,57,Family
17777,F,59,Youth
17778,F,30,Premium
17779,F,44,Youth
17780,F,19,Premium
17781,F,63,Premium
17782,M,18,Premium
17783,F,51,Premium
17784,F,50,Youth
17785,M,70,Enterprise
17786,M,37,Premium
17787,M,47,Premium
17788,F,18,Youth
17789,F,23,Enterprise
17790,M,47,Premium
17791,M,65,Family
17792,F,41,Enterprise
17793,M,39,Family
17794,M,61,Premium
17795,M,22,Enterprise
17796,F,57,Premium
17797,M,47,Youth
17798,M,54,Family
17799,F,38,Enterprise
17800,F,38,Youth
17801,M,19,Enterprise
17802,F,51,Youth
17803,F,57,Youth
17804,M,42,Enterprise
17805,F,52,Enterprise
17806,M,57,Premium
17807,F,27,Youth
17808,F,52,Family
17809,F,22,Premium
17810,F,54,Enterprise
17811,M,58,Premium
17812,M,60,Enterprise
17813,M,23,Enterprise
17814,M,55,Enterprise
17815,M,56,Youth
17816,M,66,Youth
17817,M,60,Family
17818,M,21,Enterprise
17819,F,51,Premium
17820,M,46,Family
17821,F,66,Family
17822,M,45,Family
17823,M,24,Enterprise
17824,F,38,Enterprise
17825,F,57,Youth
17826,F,47,Family
17827,M,30,Family
17828,M,18,Youth
17829,M,19,Enterprise
17830,M,56,Premium
17831,M,70,Family
17832,F,65,Enterprise
17833,M,29,Youth
17834,F,59,Enterprise
17835,F,37,Premium
17836,F,21,Youth
17837,M,53,Family
17838,M,36,Family
17839,M,48,Youth
17840,F,55,Youth
17841,M,46,Youth
17842,M,37,Family
17843,F,25,Family
17844,F,31,Enterprise
17845,F,65,Youth
17846,M,39,Enterprise
17847,M,46,Youth
17848,F,67,Youth
17849,F,26,Youth
17850,M,51,Premium
17851,F,63,Youth
17852,F,37,Family
17853,F,67,Youth
17854,M,54,Family
17855,F,21,Premium
17856,M,33,Family
17857,F,49,Family
17858,F,50,Enterprise
17859,F,54,Youth
17860,F,39,Family
17861,M,69,Enterprise
17862,M,25,Enterprise
17863,F,40,Enterprise
17864,F,23,Premium
17865,M,38,Family
17866,F,60,Youth
17867,F,64,Youth
17868,M,35,Youth
17869,F,42,Youth
17870,F,19,Family
17871,M,32,Youth
17872,M,29,Family
17873,M,19,Enterprise
17874,M,50,Premium
17875,M,50,Family
17876,F,23,Family
17877,F,52,Family
17878,F,33,Youth
17879,M,19,Family
17880,M,60,Premium
17881,F,53,Enterprise
17882,M,56,Family
17883,F,68,Youth
17884,F,59,Family
17885,F,64,Family
17886,F,50,Enterprise
17887,M,33,Enterprise
17888,F,58,Premium
17889,F,54,Premium
17890,M,46,Youth
17891,M,56,Youth
17892,F,43,Enterprise
17893,F,69,Family
17894,F,37,Youth
17895,M,35,Enterprise
17896,F,52,Premium
17897,M,20,Youth
17898,F,34,Youth
17899,M,63,Family
17900,F,49,Family
17901,F,64,Premium
17902,M,59,Enterprise
17903,F,59,Enterprise
17904,F,70,Family
17905,F,32,Enterprise
17906,M,60,Enterprise
17907,M,34,Enterprise
17908,F,27,Youth
17909,M,57,Family
17910,M,28,Premium
17911,F,39,Youth
17912,M,64,Enterprise
17913,M,68,Premium
17914,F,24,Youth
17915,M,33,Premium
17916,M,36,Youth
17917,M,43,Enterprise
17918,F,19,Premium
17919,M,47,Family
17920,F,28,Enterprise
17921,F,28,Enterprise
17922,M,30,Youth
17923,M,26,Enterprise
17924,M,22,Enterprise
17925,F,29,Enterprise
17926,M,57,Family
17927,M,67,Youth
17928,F,30,Youth
17929,F,57,Youth
17930,M,34,Family
17931,F,61,Family
17932,M,22,Enterprise
17933,M,43,Youth
17934,F,33,Youth
17935,F,50,Family
17936,M,64,Premium
17937,F,50,Premium
17938,F,35,Premium
17939,F,49,Premium
17940,F,57,Enterprise
17941,F,61,Youth
17942,M,69,Youth
17943,F,44,Youth
17944,F,46,Premium
17945,F,48,Premium
17946,M,28,Premium
17947,F,40,Enterprise
17948,M,67,Premium
17949,F,68,Family
17950,F,44,Premium
17951,F,24,Premium
17952,M,49,Youth
17953,F,58,Premium
17954,F,47,Enterprise
17955,M,64,Family
17956,F,38,Enterprise
17957,F,35,Family
17958,M,21,Premium
17959,M,66,Premium
17960,M,51,Youth
17961,M,18,Youth
17962,M,40,Family
17963,M,63,Premium
17964,M,47,Enterprise
17965,M,61,Youth
17966,M,28,Premium
17967,F,33,Premium
17968,F,56,Family
17969,F,19,Youth
17970,F,35,Premium
17971,F,24,Enterprise
17972,F,29,Enterprise
17973,F,25,Youth
17974,M,26,Youth
17975,M,26,Youth
17976,F,55,Premium
17977,F,26,Premium
17978,M,69,Family
17979,F,54,Youth
17980,M,66,Family
17981,M,40,Enterprise
17982,M,44,Youth
17983,M,34,Family
17984,F,37,Family
17985,M,63,Family
17986,M,67,Enterprise
17987,F,47,Youth
17988,M,43,Enterprise
17989,M,19,Enterprise
17990,M,38,Premium
17991,M,58,Family
17992,F,44,Enterprise
17993,F,36,Family
17994,M,34,Enterprise
17995,F,60,Family
17996,F,49,Enterprise
17997,F,35,Enterprise
17998,F,22,Enterprise
17999,M,48,Enterprise
18000,M,26,Youth
18001,M,48,Family
18002,M,61,Enterprise
18003,M,18,Premium
18004,M,54,Enterprise
18005,F,69,Family
18006,F,37,Youth
18007,M,52,Family
18008,F,58,Youth
18009,M,33,Premium
18010,M,32,Enterprise
18011,M,26,Enterprise
18012,F,50,Family
18013,F,56,Enterprise
18014,M,49,Youth
18015,M,52,Enterprise
18016,F,67,Family
18017,F,35,Youth
18018,M,22,Family
18019,F,66,Premium
18020,F,64,Family
18021,M,20,Premium
18022,M,59,Premium
18023,F,58,Family
18024,M,30,Enterprise
18025,M,67,Youth
18026,M,40,Family
18027,M,59,Youth
18028,M,46,Family
18029,F,70,Family
18030,F,32,Youth
18031,M,63,Family
18032,M,44,Youth
18033,M,67,Enterprise
18034,M,45,Youth
18035,F,43,Premium
18036,M,27,Premium
18037,M,20,Youth
18038,M,65,Enterprise
18039,F,52,Premium
18040,M,20,Enterprise
18041,F,25,Family
18042,F,60,Premium
18043,M,61,Youth
18044,F,30,Youth
18045,F,69,Enterprise
18046,F,29,Family
18047,F,61,Family
18048,M,22,Youth
18049,F,29,Premium
18050,F,33,Youth
18051,M,39,Family
18052,F,59,Enterprise
18053,F,19,Premium
18054,M,44,Enterprise
18055,F,38,Youth
18056,F,56,Premium
18057,M,39,Premium
18058,F,21,Enterprise
18059,M,51,Family
18060,F,42,Family
18061,F,28,Family
18062,M,57,Youth
18063,F,51,Premium
18064,F,42,Premium
18065,M,51,Youth
18066,M,53,Youth
18067,F,58,Enterprise
18068,M,54,Family
18069,M,31,Premium
18070,F,39,Family
18071,M,52,Youth
18072,M,65,Enterprise
18073,M,53,Premium
18074,M,19,Youth
18075,F,18,Family
18076,M,39,Family
18077,M,62,Youth
18078,F,35,Premium
18079,F,52,Enterprise
18080,M,63,Youth
18081,M,48,Enterprise
18082,M,32,Premium
18083,M,21,Premium
18084,M,35,Youth
18085,M,50,Youth
18086,F,61,Family
18087,M,21,Enterprise
18088,M,31,Youth
18089,M,44,Youth
18090,F,29,Family
18091,M,47,Family
18092,M,31,Enterprise
18093,M,26,Premium
18094,F,69,Youth
18095,M,43,Youth
18096,F,69,Family
18097,F,57,Family
18098,F,34,Youth
18099,M,63,Family
18100,F,45,Enterprise
18101,F,64,Enterprise
18102,F,62,Youth
18103,M,61,Youth
18104,F,41,Youth
18105,M,36,Family
18106,M,29,Family
18107,M,68,Enterprise
18108,M,24,Premium
18109,F,49,Youth
18110,F,49,Premium
18111,M,29,Enterprise
18112,F,20,Youth
18113,F,31,Premium
18114,F,32,Family
18115,F,31,Enterprise
18116,M,26,Enterprise
18117,F,47,Youth
18118,M,34,Premium
18119,M,60,Enterprise
18120,F,64,Enterprise
18121,F,63,Family
18122,M,28,Family
18123,F,62,Enterprise
18124,F,46,Enterprise
18125,M,63,Enterprise
18126,M,54,Family
18127,M,28,Premium
18128,F,59,Family
18129,M,19,Premium
18130,F,32,Youth
18131,M,35,Enterprise
18132,M,35,Premium
18133,M,60,Enterprise
18134,M,48,Enterprise
18135,M,58,Youth
18136,M,36,Youth
18137,M,48,Enterprise
18138,M,70,Premium
18139,M,27,Youth
18140,M,51,Youth
18141,M,43,Family
18142,M,64,Youth
18143,F,63,Premium
18144,M,70,Premium
18145,F,49,Premium
18146,F,38,Enterprise
18147,F,70,Enterprise
18148,M,39,Enterprise
18149,F,65,Family
18150,M,48,Enterprise
18151,M,22,Enterprise
18152,M,33,Enterprise
18153,F,20,Premium
18154,F,31,Premium
18155,M,58,Youth
18156,F,38,Family
18157,M,51,Family
18158,M,24,Family
18159,M,47,Enterprise
18160,M,56,Premium
18161,M,55,Enterprise
18162,M,47,Premium
18163,F,33,Enterprise
18164,F,64,Family
18165,F,39,Family
18166,M,27,Youth
18167,F,29,Premium
18168,M,55,Enterprise
18169,M,19,Family
18170,M,67,Family
18171,F,44,Premium
18172,M,44,Premium
18173,M,20,Enterprise
18174,M,61,Enterprise
18175,F,24,Family
18176,F,45,Family
18177,M,21,Youth
18178,M,20,Youth
18179,F,52,Youth
18180,F,52,Youth
18181,F,31,Enterprise
18182,F,19,Youth
18183,F,41,Premium
18184,F,59,Enterprise
18185,F,50,Youth
18186,M,43,Youth
18187,F,59,Premium
18188,M,32,Youth
18189,M,44,Family
18190,M,52,Youth
18191,M,62,Premium
18192,F,56,Premium
18193,M,53,Youth
18194,M,18,Enterprise
18195,F,46,Premium
18196,M,18,Enterprise
18197,F,28,Enterprise
18198,M,61,Premium
18199,F,57,Enterprise
18200,F,50,Premium
18201,F,32,Youth
18202,F,69,Premium
18203,F,33,Enterprise
18204,M,45,Youth
18205,F,47,Premium
18206,M,48,Enterprise
18207,M,51,Premium
18208,F,57,Youth
18209,M,22,Family
18210,F,28,Premium
18211,M,55,Family
18212,F,40,Youth
18213,F,22,Enterprise
18214,M,53,Enterprise
18215,F,55,Enterprise
18216,M,26,Premium
18217,F,54,Youth
18218,F,62,Enterprise
18219,M,22,Family
18220,M,64,Family
18221,M,40,Premium
18222,M,54,Youth
18223,F,64,Premium
18224,F,59,Premium
18225,M,67,Family
18226,F,23,Premium
18227,M,24,Youth
18228,F,31,Youth
18229,M,21,Youth
18230,F,63,Family
18231,F,50,Premium
18232,F,24,Enterprise
18233,F,52,Youth
18234,M,63,Premium
18235,F,26,Premium
18236,M,51,Premium
18237,F,57,Enterprise
18238,F,66,Family
18239,F,39,Family
18240,M,67,Family
18241,M,57,Youth
18242,F,41,Youth
18243,F,38,Family
18244,M,24,Premium
18245,F,48,Premium
18246,M,67,Enterprise
18247,M,30,Youth
18248,M,23,Youth
18249,F,69,Youth
18250,M,69,Premium
18251,F,53,Youth
18252,F,35,Enterprise
18253,F,64,Premium
18254,M,49,Enterprise
18255,M,29,Youth
18256,M,46,Premium
18257,M,67,Youth
18258,F,18,Premium
18259,M,18,Premium
18260,M,48,Family
18261,M,52,Youth
18262,M,62,Premium
18263,M,57,Youth
18264,F,49,Premium
18265,F,26,Family
18266,F,67,Premium
18267,M,61,Family
18268,M,39,Enterprise
18269,F,40,Enterprise
18270,F,31,Youth
18271,F,33,Premium
18272,F,59,Family
18273,F,43,Enterprise
18274,F,58,Youth
18275,M,55,Youth
18276,M,31,Premium
18277,M,19,Family
18278,M,64,Enterprise
18279,M,29,Enterprise
18280,M,33,Enterprise
18281,F,23,Family
18282,F,55,Enterprise
18283,M,21,Premium
18284,F,58,Premium
18285,F,43,Premium
18286,M,47,Premium
18287,M,24,Youth
18288,M,47,Family
18289,F,44,Youth
18290,F,38,Family
18291,F,29,Enterprise
18292,F,69,Family
18293,M,67,Enterprise
18294,M,66,Enterprise
18295,F,62,Family
18296,F,31,Enterprise
18297,M,25,Premium
18298,F,30,Family
18299,F,55,Enterprise
18300,M,48,Youth
18301,M,56,Youth
18302,M,49,Youth
18303,F,59,Family
18304,F,18,Premium
18305,M,30,Youth
18306,M,32,Family
18307,F,28,Enterprise
18308,F,66,Enterprise
18309,F,46,Youth
18310,F,32,Premium
18311,M,63,Enterprise
18312,F,65,Enterprise
18313,M,64,Youth
18314,M,46,Premium
18315,M,69,Premium
18316,M,28,Enterprise
18317,M,70,Family
18318,M,33,Enterprise
18319,M,24,Enterprise
18320,F,65,Premium
18321,F,51,Premium
18322,F,68,Enterprise
18323,M,29,Family
18324,M,66,Enterprise
18325,F,29,Family
18326,F,46,Premium
18327,F,54,Family
18328,M,38,Premium
18329,M,28,Youth
18330,M,46,Youth
18331,M,24,Youth
18332,M,25,Premium
18333,M,25,Enterprise
18334,M,65,Enterprise
18335,F,41,Youth
18336,F,26,Youth
18337,M,50,Youth
18338,F,26,Enterprise
18339,M,53,Enterprise
18340,M,39,Premium
18341,M,39,Family
18342,F,53,Youth
18343,F,24,Enterprise
18344,M,61,Premium
18345,F,54,Enterprise
18346,M,20,Premium
18347,F,56,Family
18348,M,59,Family
18349,M,41,Youth
18350,F,46,Enterprise
18351,F,30,Premium
18352,M,19,Family
18353,M,38,Premium
18354,M,42,Premium
18355,M,33,Enterprise
18356,M,21,Youth
18357,M,24,Youth
18358,M,65,Youth
18359,F,66,Family
18360,F,18,Premium
18361,M,51,Youth
18362,M,44,Family
18363,M,70,Enterprise
18364,M,18,Youth
18365,M,57,Family
18366,M,54,Family
18367,F,35,Enterprise
18368,M,45,Youth
18369,M,41,Youth
18370,M,39,Family
18371,M,43,Premium
18372,F,35,Enterprise
18373,F,58,Youth
18374,M,28,Enterprise
18375,M,50,Premium
18376,M,41,Enterprise
18377,F,70,Premium
18378,F,66,Family
18379,F,66,Premium
18380,F,49,Family
18381,F,65,Family
18382,M,51,Enterprise
18383,M,65,Enterprise
18384,F,53,Family
18385,F,49,Youth
18386,F,19,Enterprise
18387,M,40,Enterprise
18388,M,22,Premium
18389,F,46,Youth
18390,M,33,Enterprise
18391,F,63,Youth
18392,M,58,Family
18393,M,57,Family
18394,F,62,Premium
18395,F,24,Family
18396,F,26,Enterprise
18397,M,40,Premium
18398,F,59,Youth
18399,M,22,Youth
18400,M,28,Family
18401,M,43,Youth
18402,F,68,Enterprise
18403,M,18,Enterprise
18404,F,59,Premium
18405,F,53,Family
18406,F,28,Premium
18407,M,58,Premium
18408,F,61,Premium
18409,M,27,Premium
18410,M,70,Premium
18411,M,26,Premium
18412,M,28,Premium
18413,M,42,Youth
18414,M,61,Youth
18415,M,30,Premium
18416,F,38,Family
18417,M,35,Enterprise
18418,F,40,Youth
18419,M,25,Youth
18420,M,44,Enterprise
18421,F,62,Family
18422,M,29,Family
18423,M,26,Enterprise
18424,M,28,Premium
18425,M,24,Family
18426,F,38,Premium
18427,M,40,Enterprise
18428,M,23,Family
18429,F,58,Youth
18430,F,27,Youth
18431,F,43,Family
18432,M,62,Enterprise
18433,F,69,Enterprise
18434,F,23,Family
18435,F,55,Premium
18436,F,57,Premium
18437,F,26,Youth
18438,M,20,Premium
18439,F,30,Youth
18440,F,28,Premium
18441,F,27,Premium
18442,M,56,Youth
18443,F,60,Family
18444,M,26,Premium
18445,M,58,Family
18446,F,29,Enterprise
18447,F,70,Enterprise
18448,M,25,Enterprise
18449,F,18,Youth
18450,F,60,Youth
18451,M,51,Youth
18452,M,50,Premium
18453,M,27,Premium
18454,M,61,Premium
18455,F,41,Family
18456,M,51,Youth
18457,F,36,Enterprise
18458,M,19,Youth
18459,F,50,Premium
18460,F,67,Youth
18461,F,30,Premium
18462,M,59,Youth
18463,M,40,Youth
18464,F,52,Premium
18465,M,54,Family
18466,M,48,Enterprise
18467,F,43,Family
18468,F,44,Premium
18469,M,69,Family
18470,M,30,Youth
18471,M,55,Family
18472,M,57,Enterprise
18473,M,37,Premium
18474,F,48,Premium
18475,F,60,Youth
18476,F,50,Premium
18477,F,50,Youth
18478,M,59,Youth
18479,F,18,Youth
18480,F,67,Youth
18481,M,65,Premium
18482,F,47,Youth
18483,M,61,Premium
18484,F,20,Youth
18485,F,41,Premium
18486,M,32,Premium
18487,M,58,Premium
18488,M,29,Family
18489,M,55,Enterprise
18490,M,70,Youth
18491,M,63,Enterprise
18492,M,70,Family
18493,F,42,Family
18494,M,29,Family
18495,F,69,Family
18496,F,51,Youth
18497,F,64,Enterprise
18498,M,19,Enterprise
18499,M,37,Premium
18500,M,19,Enterprise
18501,F,65,Family
18502,F,37,Enterprise
18503,F,26,Premium
18504,M,57,Family
18505,F,23,Family
18506,F,37,Family
18507,F,32,Family
18508,M,49,Enterprise
18509,M,59,Premium
18510,M,36,Enterprise
18511,F,33,Enterprise
18512,M,63,Enterprise
18513,F,39,Youth
18514,M,21,Family
18515,M,43,Youth
18516,F,31,Family
18517,F,70,Family
18518,M,37,Family
18519,M,39,Youth
18520,F,18,Youth
18521,F,30,Premium
18522,M,47,Premium
18523,F,18,Premium
18524,M,41,Premium
18525,F,29,Youth
18526,F,54,Youth
18527,M,45,Family
18528,M,48,Family
18529,F,50,Premium
18530,F,50,Enterprise
18531,F,32,Family
18532,F,50,Youth
18533,F,38,Premium
18534,F,52,Enterprise
18535,M,57,Youth
18536,M,51,Family
18537,M,36,Premium
18538,M,41,Premium
18539,M,19,Youth
18540,M,58,Youth
18541,M,58,Enterprise
18542,F,60,Enterprise
18543,M,21,Premium
18544,F,53,Enterprise
18545,M,70,Family
18546,F,47,Premium
18547,M,58,Youth
18548,M,18,Premium
18549,M,53,Enterprise
18550,M,64,Premium
18551,M,34,Premium
18552,M,45,Youth
18553,F,55,Premium
18554,F,47,Youth
18555,F,51,Youth
18556,M,20,Premium
18557,F,60,Premium
18558,F,38,Family
18559,M,33,Premium
18560,M,45,Youth
18561,M,63,Premium
18562,F,34,Youth
18563,M,31,Premium
18564,F,45,Family
18565,M,22,Enterprise
18566,F,24,Enterprise
18567,F,46,Family
18568,F,51,Premium
18569,F,66,Family
18570,F,29,Youth
18571,M,22,Family
18572,F,66,Family
18573,F,53,Premium
18574,M,22,Premium
18575,F,44,Youth
18576,F,51,Premium
18577,M,57,Youth
18578,M,33,Premium
18579,F,59,Enterprise
18580,M,21,Youth
18581,F,32,Family
18582,F,35,Youth
18583,M,34,Youth
18584,M,21,Premium
18585,F,38,Enterprise
18586,F,69,Youth
18587,M,18,Premium
18588,M,38,Youth
18589,M,34,Family
18590,M,37,Family
18591,F,39,Family
18592,M,37,Premium
18593,M,66,Enterprise
18594,F,28,Premium
18595,F,52,Enterprise
18596,F,66,Youth
18597,F,59,Premium
18598,F,35,Premium
18599,M,62,Family
18600,M,49,Family
18601,F,69,Premium
18602,F,19,Family
18603,F,35,Enterprise
18604,F,29,Enterprise
18605,F,21,Youth
18606,M,69,Enterprise
18607,F,35,Youth
18608,M,30,Enterprise
18609,F,35,Family
18610,F,23,Family
18611,M,62,Premium
18612,M,68,Enterprise
18613,F,58,Premium
18614,F,18,Family
18615,M,33,Enterprise
18616,F,25,Premium
18617,F,55,Family
18618,M,43,Premium
18619,M,68,Premium
18620,M,30,Family
18621,F,53,Premium
18622,F,22,Family
18623,F,33,Premium
18624,M,19,Youth
18625,F,31,Premium
18626,F,30,Youth
18627,M,43,Family
18628,M,20,Enterprise
18629,F,69,Family
18630,F,56,Premium
18631,F,69,Youth
18632,F,52,Premium
18633,M,51,Premium
18634,F,31,Premium
18635,F,61,Premium
18636,M,53,Family
18637,F,42,Youth
18638,M,40,Enterprise
18639,F,39,Premium
18640,M,20,Premium
18641,F,34,Youth
18642,M,61,Premium
18643,F,67,Family
18644,F,18,Premium
18645,F,46,Enterprise
18646,F,52,Youth
18647,F,22,Enterprise
18648,F,31,Premium
18649,F,31,Enterprise
18650,M,51,Youth
18651,F,41,Enterprise
18652,M,55,Youth
18653,F,63,Enterprise
18654,F,68,Enterprise
18655,M,62,Premium
18656,M,38,Family
18657,F,70,Youth
18658,F,22,Premium
18659,F,30,Family
18660,F,56,Youth
18661,F,45,Premium
18662,M,42,Enterprise
18663,F,69,Enterprise
18664,M,48,Enterprise
18665,F,53,Family
18666,M,68,Youth
18667,M,66,Family
18668,F,28,Enterprise
18669,F,29,Enterprise
18670,M,53,Family
18671,F,70,Enterprise
18672,M,32,Enterprise
18673,M,21,Premium
18674,M,61,Enterprise
18675,F,42,Enterprise
18676,F,46,Family
18677,F,30,Family
18678,M,44,Premium
18679,F,57,Family
18680,M,65,Youth
18681,M,65,Premium
18682,F,32,Enterprise
18683,M,19,Family
18684,M,63,Premium
18685,M,61,Family
18686,F,59,Family
18687,F,21,Enterprise
18688,M,59,Enterprise
18689,F,46,Youth
18690,F,27,Youth
18691,M,28,Enterprise
18692,F,64,Youth
18693,M,33,Enterprise
18694,F,54,Youth
18695,M,52,Family
18696,M,59,Youth
18697,M,49,Enterprise
18698,F,33,Youth
18699,M,45,Enterprise
18700,M,32,Premium
18701,F,31,Family
18702,F,32,Enterprise
18703,M,57,Family
18704,F,26,Family
18705,M,63,Enterprise
18706,M,49,Enterprise
18707,F,36,Youth
18708,F,31,Premium
18709,M,40,Youth
18710,F,45,Enterprise
18711,F,33,Family
18712,F,55,Youth
18713,M,46,Family
18714,M,41,Enterprise
18715,F,57,Premium
18716,M,69,Enterprise
18717,M,48,Premium
18718,M,42,Youth
18719,F,35,Enterprise
18720,M,39,Enterprise
18721,F,27,Youth
18722,F,49,Enterprise
18723,F,23,Youth
18724,M,51,Youth
18725,M,65,Youth
18726,M,55,Premium
18727,M,62,Family
18728,F,31,Premium
18729,F,45,Premium
18730,M,62,Family
18731,M,66,Premium
18732,F,60,Enterprise
18733,F,22,Enterprise
18734,F,63,Enterprise
18735,F,53,Family
18736,F,59,Enterprise
18737,M,39,Premium
18738,F,53,Youth
18739,F,61,Enterprise
18740,M,19,Enterprise
18741,F,66,Youth
18742,F,58,Enterprise
18743,F,20,Premium
18744,F,23,Enterprise
18745,M,47,Enterprise
18746,M,52,Enterprise
18747,M,66,Family
18748,F,25,Enterprise
18749,M,47,Premium
18750,M,32,Family
18751,M,21,Youth
18752,M,55,Enterprise
18753,F,32,Enterprise
18754,M,65,Premium
18755,M,69,Family
18756,M,55,Enterprise
18757,F,59,Youth
18758,F,23,Enterprise
18759,M,37,Enterprise
18760,F,34,Family
18761,F,59,Family
18762,F,31,Family
18763,F,46,Youth
18764,F,68,Family
18765,F,52,Enterprise
18766,M,40,Youth
18767,F,26,Enterprise
18768,F,44,Youth
18769,M,66,Family
18770,F,65,Enterprise
18771,F,31,Enterprise
18772,F,25,Youth
18773,M,39,Family
18774,F,48,Youth
18775,M,61,Youth
18776,M,47,Premium
18777,M,23,Youth
18778,M,65,Enterprise
18779,M,69,Enterprise
18780,M,24,Youth
18781,M,39,Family
18782,M,53,Youth
18783,F,29,Enterprise
18784,M,19,Youth
18785,F,49,Enterprise
18786,M,34,Premium
18787,M,55,Premium
18788,F,52,Family
18789,F,42,Family
18790,M,66,Enterprise
18791,F,69,Enterprise
18792,M,70,Premium
18793,M,57,Family
18794,F,42,Premium
18795,M,70,Enterprise
18796,F,36,Premium
18797,F,69,Family
18798,F,33,Youth
18799,M,34,Premium
18800,M,52,Premium
18801,M,39,Enterprise
18802,M,19,Premium
18803,F,31,Premium
18804,F,52,Enterprise
18805,F,41,Family
18806,M,69,Enterprise
18807,F,67,Family
18808,M,45,Family
18809,F,49,Premium
18810,M,54,Family
18811,F,63,Premium
18812,M,70,Family
18813,F,31,Family
18814,F,20,Premium
18815,M,69,Enterprise
18816,F,50,Family
18817,M,64,Enterprise
18818,M,33,Premium
18819,M,70,Enterprise
18820,M,59,Family
18821,M,57,Premium
18822,F,55,Premium
18823,M,37,Youth
18824,M,70,Family
18825,M,18,Enterprise
18826,F,32,Family
18827,F,23,Youth
18828,F,46,Family
18829,M,45,Family
18830,F,34,Youth
18831,F,27,Enterprise
18832,F,69,Premium
18833,M,39,Youth
18834,M,67,Family
18835,M,62,Premium
18836,M,31,Premium
18837,M,21,Premium
18838,M,32,Premium
18839,F,56,Premium
18840,M,48,Premium
18841,F,33,Youth
18842,F,51,Youth
18843,F,55,Youth
18844,M,29,Enterprise
18845,F,33,Family
18846,F,46,Youth
18847,M,33,Youth
18848,M,56,Family
18849,M,41,Family
18850,M,38,Youth
18851,F,62,Premium
18852,F,42,Premium
18853,F,37,Family
18854,M,61,Family
18855,F,33,Youth
18856,M,42,Youth
18857,M,35,Family
18858,F,41,Family
18859,F,51,Premium
18860,F,63,Youth
18861,M,60,Youth
18862,M,67,Premium
18863,M,39,Premium
18864,M,19,Youth
18865,M,62,Family
18866,F,70,Youth
18867,F,21,Enterprise
18868,M,36,Premium
18869,M,59,Premium
18870,M,70,Enterprise
18871,M,28,Enterprise
18872,F,25,Youth
18873,F,66,Enterprise
18874,M,59,Family
18875,M,69,Enterprise
18876,F,20,Family
18877,M,44,Enterprise
18878,M,33,Family
18879,F,28,Family
18880,M,36,Youth
18881,F,26,Premium
18882,M,32,Enterprise
18883,M,57,Family
18884,F,34,Youth
18885,M,51,Family
18886,M,51,Premium
18887,M,32,Enterprise
18888,M,58,Enterprise
18889,M,34,Youth
18890,F,41,Youth
18891,M,24,Premium
18892,F,49,Youth
18893,M,34,Family
18894,F,23,Youth
18895,M,59,Enterprise
18896,M,35,Premium
18897,F,49,Family
18898,M,65,Family
18899,F,52,Enterprise
18900,F,45,Premium
18901,M,18,Family
18902,M,29,Family
18903,M,28,Premium
18904,F,56,Premium
18905,M,40,Enterprise
18906,M,51,Family
18907,M,41,Youth
18908,F,19,Family
18909,M,29,Enterprise
18910,M,58,Enterprise
18911,M,46,Premium
18912,F,30,Premium
18913,M,42,Family
18914,M,58,Premium
18915,M,38,Family
18916,F,68,Youth
18917,M,66,Enterprise
18918,M,30,Family
18919,M,27,Family
18920,F,65,Enterprise
18921,F,60,Premium
18922,M,24,Premium
18923,M,38,Premium
18924,F,65,Youth
18925,M,31,Family
18926,M,28,Youth
18927,M,43,Family
18928,F,26,Youth
18929,M,62,Enterprise
18930,F,40,Premium
18931,F,21,Enterprise
18932,M,19,Enterprise
18933,M,43,Family
18934,F,59,Premium
18935,M,64,Family
18936,M,24,Family
18937,F,51,Family
18938,F,26,Family
18939,M,30,Youth
18940,M,19,Premium
18941,F,33,Family
18942,F,64,Youth
18943,M,32,Family
18944,F,57,Premium
18945,M,37,Premium
18946,M,29,Premium
18947,M,69,Premium
18948,M,38,Family
18949,M,30,Enterprise
18950,M,33,Premium
18951,M,49,Enterprise
18952,F,21,Family
18953,M,33,Premium
18954,F,33,Youth
18955,F,52,Youth
18956,M,27,Enterprise
18957,F,35,Youth
18958,M,40,Enterprise
18959,M,22,Youth
18960,M,24,Premium
18961,M,45,Enterprise
18962,M,62,Enterprise
18963,M,33,Premium
18964,M,36,Premium
18965,M,31,Enterprise
18966,M,58,Premium
18967,M,26,Premium
18968,F,23,Youth
18969,F,62,Youth
18970,M,26,Youth
18971,F,21,Youth
18972,M,61,Family
18973,F,68,Youth
18974,M,39,Premium
18975,M,36,Enterprise
18976,M,36,Premium
18977,M,59,Premium
18978,M,53,Youth
18979,M,35,Youth
18980,M,44,Youth
18981,F,49,Premium
18982,M,36,Premium
18983,F,19,Premium
18984,M,47,Enterprise
18985,F,30,Premium
18986,M,47,Youth
18987,F,43,Family
18988,F,43,Family
18989,F,62,Premium
18990,F,23,Family
18991,M,22,Youth
18992,M,26,Premium
18993,M,47,Premium
18994,M,18,Premium
18995,M,65,Family
18996,M,55,Premium
18997,M,36,Family
18998,F,51,Youth
18999,M,50,Premium
19000,M,60,Enterprise
19001,F,40,Premium
19002,F,40,Youth
19003,F,22,Premium
19004,F,67,Premium
19005,F,19,Family
19006,M,64,Youth
19007,F,18,Youth
19008,M,62,Enterprise
19009,F,50,Youth
19010,M,70,Enterprise
19011,F,57,Premium
19012,F,51,Youth
19013,F,54,Youth
19014,M,18,Family
19015,F,56,Premium
19016,F,69,Family
19017,F,61,Family
19018,M,20,Premium
19019,M,21,Premium
19020,M,45,Premium
19021,F,58,Premium
19022,F,67,Youth
19023,M,69,Enterprise
19024,F,46,Premium
19025,M,53,Premium
19026,F,45,Youth
19027,F,21,Enterprise
19028,F,49,Enterprise
19029,M,40,Enterprise
19030,F,46,Youth
19031,M,58,Youth
19032,F,68,Enterprise
19033,F,31,Premium
19034,M,32,Premium
19035,M,22,Premium
19036,M,29,Enterprise
19037,F,20,Youth
19038,M,57,Family
19039,M,22,Enterprise
19040,F,38,Enterprise
19041,M,20,Youth
19042,F,50,Enterprise
19043,M,44,Family
19044,F,39,Family
19045,M,58,Enterprise
19046,F,37,Enterprise
19047,M,29,Family
19048,M,49,Premium
19049,F,54,Premium
19050,M,62,Enterprise
19051,F,47,Premium
19052,F,52,Enterprise
19053,M,60,Premium
19054,F,57,Family
19055,M,61,Family
19056,F,63,Enterprise
19057,M,44,Premium
19058,F,61,Enterprise
19059,F,56,Family
19060,F,47,Family
19061,M,39,Family
19062,M,49,Premium
19063,F,28,Enterprise
19064,M,38,Enterprise
19065,F,48,Youth
19066,F,54,Family
19067,F,64,Premium
19068,F,21,Enterprise
19069,F,56,Enterprise
19070,M,32,Enterprise
19071,F,30,Enterprise
19072,M,23,Youth
19073,F,21,Youth
19074,F,21,Enterprise
19075,F,45,Premium
19076,F,66,Premium
19077,M,65,Youth
19078,F,44,Youth
19079,M,20,Enterprise
19080,M,66,Youth
19081,M,40,Family
19082,M,21,Youth
19083,F,65,Family
19084,M,44,Youth
19085,M,52,Premium
19086,M,54,Youth
19087,M,50,Premium
19088,F,60,Enterprise
19089,M,22,Premium
19090,M,67,Enterprise
19091,F,46,Family
19092,M,33,Family
19093,M,65,Youth
19094,F,60,Enterprise
19095,M,26,Family
19096,M,41,Enterprise
19097,M,28,Enterprise
19098,F,42,Youth
19099,F,41,Enterprise
19100,F,31,Enterprise
19101,F,61,Family
19102,F,52,Youth
19103,M,36,Premium
19104,F,48,Enterprise
19105,M,45,Family
19106,F,31,Family
19107,F,18,Enterprise
19108,M,20,Family
19109,M,63,Premium
19110,M,57,Youth
19111,M,56,Family
19112,F,25,Family
19113,M,26,Enterprise
19114,F,21,Enterprise
19115,M,28,Family
19116,F,56,Family
19117,F,31,Family
19118,M,47,Enterprise
19119,M,66,Enterprise
19120,M,45,Youth
19121,M,20,Family
19122,M,23,Premium
19123,M,30,Youth
19124,F,30,Premium
19125,M,61,Premium
19126,M,66,Enterprise
19127,M,58,Youth
19128,F,63,Family
19129,F,20,Premium
19130,M,37,Enterprise
19131,M,43,Youth
19132,M,40,Family
19133,M,35,Youth
19134,F,36,Enterprise
19135,F,61,Family
19136,F,27,Enterprise
19137,M,35,Enterprise
19138,F,70,Premium
19139,F,27,Family
19140,M,18,Youth
19141,M,60,Enterprise
19142,M,32,Youth
19143,M,20,Premium
19144,F,48,Premium
19145,M,26,Youth
19146,M,57,Family
19147,M,49,Youth
19148,F,65,Enterprise
19149,M,28,Enterprise
19150,F,37,Enterprise
19151,M,64,Premium
19152,M,64,Youth
19153,F,32,Youth
19154,M,21,Family
19155,M,60,Premium
19156,M,21,Enterprise
19157,M,35,Youth
19158,F,47,Enterprise
19159,F,25,Premium
19160,M,35,Premium
19161,M,39,Youth
19162,F,23,Family
19163,F,49,Enterprise
19164,F,49,Enterprise
19165,M,32,Enterprise
19166,M,26,Youth
19167,M,49,Youth
19168,F,57,Youth
19169,F,58,Family
19170,M,33,Premium
19171,F,57,Youth
19172,F,39,Youth
19173,F,36,Premium
19174,F,19,Premium
19175,M,24,Enterprise
19176,M,61,Family
19177,M,63,Family
19178,M,61,Premium
19179,F,31,Family
19180,F,39,Enterprise
19181,F,45,Family
19182,M,19,Enterprise
19183,M,21,Enterprise
19184,M,52,Family
19185,M,48,Enterprise
19186,M,18,Youth
19187,M,57,Enterprise
19188,M,23,Premium
19189,M,59,Family
19190,F,24,Family
19191,M,33,Enterprise
19192,F,50,Family
19193,M,31,Family
19194,F,41,Family
19195,F,56,Enterprise
19196,M,70,Premium
19197,F,45,Premium
19198,M,38,Enterprise
19199,M,37,Youth
19200,F,62,Youth
19201,M,68,Premium
19202,F,36,Enterprise
19203,M,22,Premium
19204,F,53,Youth
19205,F,30,Family
19206,M,37,Enterprise
19207,M,37,Youth
19208,M,57,Youth
19209,F,56,Premium
19210,F,19,Premium
19211,M,53,Family
19212,M,35,Family
19213,M,22,Enterprise
19214,F,41,Youth
19215,F,45,Premium
19216,F,54,Premium
19217,M,60,Youth
19218,F,36,Family
19219,F,23,Enterprise
19220,F,64,Youth
19221,F,37,Premium
19222,F,63,Premium
19223,F,21,Enterprise
19224,F,53,Family
19225,M,32,Enterprise
19226,F,64,Family
19227,M,25,Family
19228,F,37,Family
19229,M,65,Youth
19230,F,52,Youth
19231,F,29,Family
19232,M,66,Youth
19233,M,65,Family
19234,F,53,Youth
19235,F,70,Family
19236,M,30,Family
19237,F,29,Enterprise
19238,M,37,Youth
19239,M,28,Enterprise
19240,F,59,Family
19241,M,20,Family
19242,F,61,Enterprise
19243,M,69,Family
19244,M,24,Youth
19245,M,38,Premium
19246,M,57,Enterprise
19247,F,57,Youth
19248,F,64,Youth
19249,F,68,Premium
19250,F,51,Family
19251,M,62,Enterprise
19252,M,37,Family
19253,M,68,Youth
19254,F,27,Enterprise
19255,F,27,Family
19256,F,34,Enterprise
19257,M,38,Enterprise
19258,M,34,Family
19259,F,22,Enterprise
19260,M,44,Youth
19261,F,28,Premium
19262,F,29,Premium
19263,F,63,Enterprise
19264,F,21,Enterprise
19265,M,49,Premium
19266,F,66,Enterprise
19267,F,39,Premium
19268,M,24,Enterprise
19269,F,60,Premium
19270,M,56,Youth
19271,M,57,Enterprise
19272,F,62,Enterprise
19273,M,51,Premium
19274,M,69,Premium
19275,F,38,Family
19276,F,55,Family
19277,M,20,Premium
19278,F,69,Youth
19279,F,55,Premium
19280,F,43,Premium
19281,M,35,Family
19282,M,39,Family
19283,F,28,Enterprise
19284,M,42,Enterprise
19285,M,20,Premium
19286,M,55,Premium
19287,M,57,Enterprise
19288,M,20,Premium
19289,M,69,Premium
19290,F,36,Family
19291,M,54,Family
19292,F,23,Premium
19293,F,45,Premium
19294,M,28,Enterprise
19295,F,62,Enterprise
19296,F,48,Youth
19297,F,70,Youth
19298,M,43,Family
19299,M,28,Enterprise
19300,F,26,Youth
19301,F,24,Youth
19302,M,27,Premium
19303,M,50,Family
19304,F,49,Premium
19305,F,18,Family
19306,F,29,Premium
19307,M,19,Family
19308,M,56,Youth
19309,M,29,Enterprise
19310,F,52,Family
19311,M,29,Premium
19312,M,18,Enterprise
19313,M,25,Premium
19314,M,64,Youth
19315,F,25,Family
19316,M,34,Enterprise
19317,F,54,Premium
19318,F,51,Family
19319,F,44,Family
19320,M,45,Enterprise
19321,M,43,Premium
19322,M,51,Premium
19323,M,24,Youth
19324,M,44,Enterprise
19325,F,25,Youth
19326,F,49,Youth
19327,M,59,Enterprise
19328,M,65,Enterprise
19329,M,60,Family
19330,F,32,Premium
19331,M,38,Youth
19332,F,52,Enterprise
19333,M,69,Premium
19334,F,69,Premium
19335,M,25,Family
19336,M,21,Premium
19337,M,62,Family
19338,F,63,Premium
19339,F,55,Family
19340,F,66,Family
19341,F,49,Premium
19342,M,33,Enterprise
19343,M,30,Youth
19344,M,54,Enterprise
19345,M,28,Premium
19346,F,60,Family
19347,M,52,Family
19348,M,63,Youth
19349,M,23,Family
19350,M,50,Premium
19351,F,32,Youth
19352,M,43,Youth
19353,F,25,Youth
19354,F,38,Premium
19355,M,49,Youth
19356,F,33,Premium
19357,M,32,Family
19358,M,66,Youth
19359,M,70,Enterprise
19360,F,63,Youth
19361,F,28,Premium
19362,F,50,Family
19363,F,25,Premium
19364,F,40,Youth
19365,F,41,Youth
19366,M,37,Enterprise
19367,F,29,Youth
19368,F,52,Enterprise
19369,M,25,Premium
19370,M,41,Enterprise
19371,M,68,Family
19372,M,36,Premium
19373,F,52,Enterprise
19374,M,47,Enterprise
19375,M,66,Family
19376,F,26,Enterprise
19377,F,65,Enterprise
19378,M,23,Family
19379,F,59,Family
19380,M,68,Enterprise
19381,F,23,Enterprise
19382,F,59,Premium
19383,F,46,Premium
19384,M,33,Premium
19385,F,55,Premium
19386,F,44,Family
19387,M,37,Youth
19388,M,20,Enterprise
19389,M,41,Enterprise
19390,M,42,Enterprise
19391,M,20,Enterprise
19392,M,70,Family
19393,F,25,Youth
19394,M,24,Youth
19395,F,55,Youth
19396,F,64,Youth
19397,F,45,Enterprise
19398,F,44,Premium
19399,M,57,Family
19400,M,45,Premium
19401,M,51,Enterprise
19402,F,40,Family
19403,F,70,Premium
19404,F,47,Enterprise
19405,M,24,Premium
19406,F,61,Enterprise
19407,M,53,Youth
19408,F,66,Youth
19409,M,58,Youth
19410,F,36,Premium
19411,F,40,Family
19412,M,20,Youth
19413,F,59,Enterprise
19414,M,29,Enterprise
19415,F,44,Youth
19416,M,47,Family
19417,M,61,Family
19418,F,35,Family
19419,F,34,Enterprise
19420,M,47,Premium
19421,M,42,Family
19422,F,35,Enterprise
19423,M,68,Youth
19424,F,20,Premium
19425,M,29,Family
19426,M,60,Family
19427,M,35,Family
19428,F,36,Youth
19429,M,18,Premium
19430,M,38,Premium
19431,F,23,Youth
19432,M,51,Family
19433,F,63,Enterprise
19434,F,29,Premium
19435,F,52,Youth
19436,F,30,Enterprise
19437,F,60,Youth
19438,M,22,Youth
19439,F,54,Enterprise
19440,F,23,Premium
19441,M,66,Premium
19442,M,55,Enterprise
19443,M,26,Enterprise
19444,F,34,Family
19445,M,23,Youth
19446,F,64,Youth
19447,M,55,Family
19448,M,51,Enterprise
19449,M,39,Youth
19450,M,43,Youth
19451,F,70,Youth
19452,F,43,Enterprise
19453,M,61,Youth
19454,F,59,Family
19455,F,55,Family
19456,M,22,Youth
19457,F,36,Premium
19458,F,42,Enterprise
19459,F,22,Enterprise
19460,M,43,Premium
19461,M,65,Premium
19462,F,66,Family
19463,F,32,Enterprise
19464,M,59,Family
19465,F,44,Family
19466,F,30,Family
19467,F,35,Youth
19468,M,45,Family
19469,F,63,Enterprise
19470,F,34,Family
19471,M,68,Youth
19472,M,21,Youth
19473,M,19,Enterprise
19474,F,26,Enterprise
19475,F,50,Premium
19476,M,39,Family
19477,M,25,Youth
19478,M,50,Youth
19479,F,50,Family
19480,F,64,Premium
19481,F,52,Enterprise
19482,F,34,Premium
19483,F,58,Family
19484,F,57,Enterprise
19485,F,60,Family
19486,M,57,Enterprise
19487,F,61,Enterprise
19488,F,68,Premium
19489,M,55,Youth
19490,F,40,Family
19491,F,57,Premium
19492,F,25,Enterprise
19493,M,40,Enterprise
19494,M,52,Family
19495,M,51,Premium
19496,F,57,Enterprise
19497,M,50,Premium
19498,M,66,Enterprise
19499,M,33,Enterprise
19500,F,50,Premium
19501,M,60,Enterprise
19502,M,26,Enterprise
19503,M,38,Family
19504,F,67,Premium
19505,M,57,Youth
19506,M,26,Family
19507,M,31,Enterprise
19508,F,64,Premium
19509,M,52,Youth
19510,F,43,Enterprise
19511,F,56,Family
19512,F,30,Youth
19513,M,63,Enterprise
19514,M,25,Premium
19515,F,38,Enterprise
19516,M,47,Youth
19517,F,40,Youth
19518,M,19,Enterprise
19519,F,21,Enterprise
19520,M,57,Enterprise
19521,F,45,Family
19522,M,59,Premium
19523,M,55,Youth
19524,F,26,Youth
19525,M,61,Enterprise
19526,F,56,Enterprise
19527,F,51,Premium
19528,F,27,Youth
19529,F,44,Enterprise
19530,F,39,Family
19531,F,50,Family
19532,M,56,Youth
19533,F,18,Premium
19534,F,54,Premium
19535,F,53,Family
19536,M,54,Youth
19537,M,53,Family
19538,F,46,Premium
19539,M,34,Youth
19540,M,69,Premium
19541,M,47,Enterprise
19542,F,24,Premium
19543,M,53,Family
19544,F,29,Family
19545,M,48,Youth
19546,F,59,Premium
19547,M,35,Youth
19548,M,25,Premium
19549,F,40,Enterprise
19550,M,28,Family
19551,M,53,Premium
19552,F,31,Premium
19553,F,61,Enterprise
19554,M,41,Premium
19555,M,26,Youth
19556,F,44,Youth
19557,M,50,Family
19558,F,44,Enterprise
19559,M,29,Premium
19560,M,32,Family
19561,M,40,Enterprise
19562,F,20,Enterprise
19563,M,33,Premium
19564,M,60,Premium
19565,M,69,Premium
19566,M,23,Premium
19567,F,27,Youth
19568,M,63,Premium
19569,M,26,Family
19570,M,38,Enterprise
19571,F,32,Enterprise
19572,F,67,Premium
19573,F,70,Family
19574,M,19,Family
19575,F,31,Premium
19576,M,64,Family
19577,M,54,Family
19578,F,31,Youth
19579,M,37,Premium
19580,M,64,Family
19581,F,44,Enterprise
19582,M,64,Family
19583,F,31,Enterprise
19584,M,49,Premium
19585,F,43,Family
19586,F,21,Family
19587,M,53,Family
19588,F,21,Enterprise
19589,F,31,Enterprise
19590,F,58,Family
19591,M,34,Premium
19592,F,45,Premium
19593,M,31,Enterprise
19594,M,26,Premium
19595,M,69,Family
19596,F,25,Family
19597,M,69,Family
19598,F,27,Enterprise
19599,F,38,Family
19600,F,25,Family
19601,M,48,Premium
19602,M,22,Youth
19603,M,48,Family
19604,F,66,Premium
19605,M,35,Family
19606,M,63,Family
19607,F,44,Enterprise
19608,M,20,Youth
19609,M,55,Enterprise
19610,F,52,Family
19611,M,45,Enterprise
19612,F,33,Family
19613,F,38,Family
19614,F,39,Youth
19615,F,19,Premium
19616,F,56,Premium
19617,M,47,Youth
19618,M,43,Youth
19619,M,19,Enterprise
19620,M,38,Youth
19621,F,68,Family
19622,M,49,Premium
19623,M,25,Enterprise
19624,M,38,Enterprise
19625,M,51,Family
19626,M,47,Family
19627,M,18,Enterprise
19628,F,55,Enterprise
19629,F,35,Premium
19630,F,19,Youth
19631,F,28,Family
19632,F,38,Premium
19633,F,40,Youth
19634,M,66,Premium
19635,M,34,Youth
19636,M,49,Premium
19637,F,59,Enterprise
19638,M,63,Premium
19639,F,32,Family
19640,M,28,Premium
19641,F,41,Enterprise
19642,M,37,Premium
19643,F,28,Youth
19644,F,68,Youth
19645,M,46,Youth
19646,M,47,Family
19647,M,69,Enterprise
19648,F,46,Enterprise
19649,F,64,Family
19650,F,23,Youth
19651,F,53,Enterprise
19652,M,61,Youth
19653,F,42,Enterprise
19654,F,41,Youth
19655,F,64,Enterprise
19656,M,34,Youth
19657,F,30,Youth
19658,M,38,Youth
19659,F,55,Enterprise
19660,M,52,Premium
19661,F,66,Family
19662,M,35,Premium
19663,F,23,Enterprise
19664,F,51,Enterprise
19665,M,44,Family
19666,M,25,Youth
19667,M,67,Family
19668,M,35,Family
19669,F,40,Premium
19670,F,18,Youth
19671,F,22,Youth
19672,F,56,Premium
19673,F,50,Family
19674,M,47,Family
19675,F,56,Family
19676,M,56,Enterprise
19677,M,21,Youth
19678,M,61,Enterprise
19679,F,70,Family
19680,M,42,Enterprise
19681,F,65,Premium
19682,M,35,Enterprise
19683,F,60,Premium
19684,M,29,Enterprise
19685,M,67,Premium
19686,M,63,Family
19687,F,37,Family
19688,M,32,Premium
19689,M,70,Premium
19690,F,69,Youth
19691,F,66,Family
19692,F,39,Premium
19693,M,34,Family
19694,M,27,Youth
19695,M,64,Premium
19696,F,59,Premium
19697,F,64,Family
19698,F,36,Youth
19699,M,29,Family
19700,F,39,Youth
19701,F,27,Premium
19702,M,19,Youth
19703,F,27,Premium
19704,M,24,Family
19705,F,20,Youth
19706,M,18,Premium
19707,M,21,Enterprise
19708,M,25,Family
19709,M,41,Premium
19710,F,68,Enterprise
19711,M,25,Youth
19712,M,34,Premium
19713,M,67,Enterprise
19714,M,27,Family
19715,F,65,Family
19716,M,67,Family
19717,M,54,Premium
19718,F,52,Youth
19719,F,68,Enterprise
19720,M,32,Premium
19721,M,59,Family
19722,F,20,Premium
19723,F,59,Enterprise
19724,M,25,Premium
19725,F,49,Enterprise
19726,F,62,Premium
19727,F,51,Premium
19728,F,33,Youth
19729,M,55,Family
19730,M,45,Family
19731,F,28,Youth
19732,M,22,Premium
19733,F,34,Youth
19734,M,49,Premium
19735,M,61,Family
19736,F,36,Family
19737,M,36,Enterprise
19738,F,67,Youth
19739,M,70,Enterprise
19740,M,67,Enterprise
19741,F,42,Youth
19742,M,57,Youth
19743,M,39,Premium
19744,F,67,Premium
19745,F,41,Premium
19746,F,35,Family
19747,F,33,Youth
19748,F,38,Family
19749,M,64,Family
19750,F,27,Youth
19751,F,39,Premium
19752,M,68,Enterprise
19753,M,31,Enterprise
19754,F,45,Enterprise
19755,M,42,Family
19756,M,64,Premium
19757,F,56,Enterprise
19758,F,51,Enterprise
19759,F,37,Youth
19760,F,51,Enterprise
19761,M,35,Youth
19762,F,19,Youth
19763,M,38,Premium
19764,M,50,Premium
19765,M,40,Premium
19766,F,38,Youth
19767,F,21,Premium
19768,F,32,Youth
19769,F,30,Enterprise
19770,F,61,Youth
19771,F,30,Family
19772,M,65,Family
19773,F,63,Premium
19774,M,61,Enterprise
19775,F,23,Enterprise
19776,M,66,Family
19777,M,40,Enterprise
19778,M,49,Family
19779,F,37,Family
19780,M,48,Family
19781,F,30,Premium
19782,F,39,Premium
19783,F,58,Premium
19784,M,48,Youth
19785,M,39,Family
19786,F,36,Enterprise
19787,M,43,Family
19788,F,59,Youth
19789,M,23,Family
19790,M,29,Youth
19791,M,61,Family
19792,F,54,Youth
19793,F,56,Family
19794,M,44,Family
19795,F,63,Premium
19796,M,64,Enterprise
19797,F,18,Enterprise
19798,M,30,Enterprise
19799,M,22,Enterprise
19800,F,47,Youth
19801,M,22,Premium
19802,F,19,Family
19803,M,68,Family
19804,F,52,Youth
19805,M,42,Premium
19806,F,30,Premium
19807,M,19,Enterprise
19808,F,35,Premium
19809,M,25,Enterprise
19810,M,55,Premium
19811,M,19,Premium
19812,F,20,Premium
19813,M,44,Youth
19814,F,64,Premium
19815,M,33,Youth
19816,F,53,Enterprise
19817,M,66,Youth
19818,M,47,Family
19819,F,70,Premium
19820,M,55,Family
19821,F,52,Premium
19822,M,52,Enterprise
19823,F,54,Premium
19824,M,66,Youth
19825,M,65,Enterprise
19826,M,41,Enterprise
19827,M,57,Family
19828,F,20,Enterprise
19829,F,39,Youth
19830,M,23,Family
19831,M,58,Premium
19832,M,33,Premium
19833,M,25,Premium
19834,M,32,Family
19835,M,67,Youth
19836,F,29,Youth
19837,M,22,Family
19838,F,32,Family
19839,F,22,Enterprise
19840,M,51,Enterprise
19841,F,37,Family
19842,M,39,Premium
19843,M,34,Family
19844,F,19,Youth
19845,M,54,Family
19846,F,47,Youth
19847,F,40,Enterprise
19848,M,66,Family
19849,F,54,Premium
19850,F,28,Youth
19851,M,47,Premium
19852,M,37,Family
19853,M,35,Premium
19854,M,65,Premium
19855,M,50,Premium
19856,F,65,Premium
19857,M,41,Family
19858,M,64,Family
19859,M,63,Enterprise
19860,F,62,Youth
19861,F,62,Family
19862,F,35,Enterprise
19863,M,58,Youth
19864,M,70,Family
19865,M,67,Youth
19866,F,50,Family
19867,F,67,Enterprise
19868,M,26,Enterprise
19869,M,34,Premium
19870,M,54,Premium
19871,M,66,Enterprise
19872,M,69,Premium
19873,F,26,Youth
19874,F,31,Premium
19875,M,47,Family
19876,M,59,Youth
19877,F,20,Youth
19878,M,60,Enterprise
19879,M,48,Premium
19880,M,51,Family
19881,F,49,Enterprise
19882,F,65,Youth
19883,F,31,Enterprise
19884,M,22,Youth
19885,F,20,Enterprise
19886,F,67,Enterprise
19887,F,64,Youth
19888,M,30,Family
19889,M,61,Family
19890,M,62,Enterprise
19891,M,44,Premium
19892,M,39,Premium
19893,F,55,Enterprise
19894,M,47,Youth
19895,F,50,Premium
19896,F,32,Youth
19897,M,64,Family
19898,F,65,Enterprise
19899,F,35,Enterprise
19900,M,66,Premium
19901,M,66,Premium
19902,M,61,Family
19903,F,69,Enterprise
19904,F,38,Premium
19905,F,26,Family
19906,M,55,Youth
19907,F,26,Enterprise
19908,M,62,Family
19909,M,28,Enterprise
19910,F,60,Enterprise
19911,F,52,Enterprise
19912,F,29,Youth
19913,F,24,Enterprise
19914,M,53,Family
19915,F,51,Premium
19916,M,61,Enterprise
19917,M,41,Premium
19918,M,22,Family
19919,F,41,Family
19920,M,48,Enterprise
19921,M,36,Premium
19922,F,55,Premium
19923,F,26,Family
19924,F,55,Youth
19925,M,50,Family
19926,F,64,Youth
19927,F,65,Enterprise
19928,F,69,Youth
19929,F,32,Premium
19930,M,52,Family
19931,F,27,Family
19932,F,46,Family
19933,M,40,Family
19934,F,56,Family
19935,M,32,Youth
19936,F,20,Youth
19937,M,46,Family
19938,M,47,Family
19939,F,59,Youth
19940,M,57,Family
19941,M,54,Family
19942,F,47,Premium
19943,M,60,Youth
19944,M,41,Premium
19945,M,47,Enterprise
19946,M,57,Enterprise
19947,M,60,Family
19948,F,65,Youth
19949,F,33,Youth
19950,F,34,Youth
19951,M,53,Family
19952,F,63,Premium
19953,M,48,Premium
19954,M,47,Premium
19955,F,29,Family
19956,M,52,Family
19957,F,38,Enterprise
19958,F,29,Family
19959,F,18,Premium
19960,M,28,Family
19961,F,70,Youth
19962,F,63,Enterprise
19963,F,23,Youth
19964,F,68,Family
19965,M,50,Premium
19966,M,70,Enterprise
19967,M,70,Family
19968,F,18,Youth
19969,M,40,Enterprise
19970,F,62,Enterprise
19971,F,69,Premium
19972,F,58,Youth
19973,F,62,Family
19974,F,25,Youth
19975,M,64,Premium
19976,M,52,Family
19977,F,70,Enterprise
19978,M,53,Family
19979,F,35,Premium
19980,M,29,Enterprise
19981,M,62,Premium
19982,M,69,Enterprise
19983,M,43,Youth
19984,F,51,Premium
19985,M,67,Family
19986,M,37,Family
19987,F,25,Family
19988,M,32,Premium
19989,M,56,Youth
19990,F,18,Enterprise
19991,M,34,Enterprise
19992,M,29,Youth
19993,F,52,Premium
19994,F,46,Premium
19995,F,69,Youth
19996,F,64,Family
19997,F,22,Youth
19998,M,41,Family
19999,M,33,Enterprise
20000,M,27,Premium
20001,M,43,Premium
20002,F,62,Enterprise
20003,F,70,Family
20004,F,48,Enterprise
20005,F,37,Youth
20006,M,61,Youth
20007,M,21,Youth
20008,M,63,Enterprise
20009,M,47,Family
20010,M,43,Premium
20011,F,19,Family
20012,M,19,Family
20013,M,35,Premium
20014,F,51,Enterprise
20015,F,62,Family
20016,F,35,Youth
20017,F,26,Premium
20018,F,50,Family
20019,M,18,Youth
20020,F,24,Premium
20021,M,70,Premium
20022,F,28,Youth
20023,F,29,Premium
20024,M,39,Youth
20025,F,33,Family
20026,F,52,Premium
20027,M,40,Youth
20028,M,28,Premium
20029,M,66,Family
20030,F,47,Premium
20031,F,30,Family
20032,F,63,Premium
20033,M,36,Youth
20034,F,22,Family
20035,F,25,Enterprise
20036,M,54,Family
20037,F,42,Family
20038,M,32,Family
20039,M,23,Premium
20040,F,27,Premium
20041,M,62,Premium
20042,M,45,Enterprise
20043,M,57,Family
20044,F,58,Youth
20045,M,37,Premium
20046,F,44,Youth
20047,F,67,Enterprise
20048,F,63,Family
20049,M,25,Youth
20050,M,70,Youth
20051,M,56,Youth
20052,M,46,Premium
20053,F,24,Youth
20054,M,23,Premium
20055,F,63,Premium
20056,F,57,Premium
20057,M,18,Family
20058,M,20,Enterprise
20059,M,19,Enterprise
20060,F,57,Youth
20061,M,49,Youth
20062,M,30,Youth
20063,M,26,Enterprise
20064,M,24,Premium
20065,M,30,Premium
20066,F,47,Youth
20067,M,36,Family
20068,M,38,Youth
20069,M,32,Family
20070,F,63,Premium
20071,M,40,Enterprise
20072,F,49,Enterprise
20073,M,26,Family
20074,M,29,Enterprise
20075,F,40,Enterprise
20076,M,48,Premium
20077,M,41,Family
20078,M,51,Youth
20079,M,34,Youth
20080,M,43,Enterprise
20081,F,28,Enterprise
20082,F,55,Youth
20083,F,25,Youth
20084,F,26,Youth
20085,M,18,Premium
20086,M,68,Youth
20087,M,28,Youth
20088,M,24,Enterprise
20089,F,19,Family
20090,F,67,Enterprise
20091,F,64,Enterprise
20092,F,35,Enterprise
20093,M,68,Youth
20094,F,35,Family
20095,F,67,Premium
20096,F,39,Family
20097,M,50,Enterprise
20098,M,56,Youth
20099,F,66,Family
20100,F,34,Premium
20101,M,38,Family
20102,M,54,Premium
20103,M,28,Youth
20104,M,45,Family
20105,M,22,Enterprise
20106,M,56,Family
20107,M,50,Premium
20108,M,20,Youth
20109,M,58,Youth
20110,F,39,Enterprise
20111,M,23,Enterprise
20112,M,60,Family
20113,M,26,Premium
20114,M,30,Youth
20115,M,55,Premium
20116,M,39,Enterprise
20117,F,46,Youth
20118,F,27,Premium
20119,F,50,Premium
20120,F,62,Family
20121,F,45,Youth
20122,F,26,Family
20123,F,58,Youth
20124,M,43,Family
20125,M,46,Family
20126,M,30,Enterprise
20127,M,25,Family
20128,F,31,Enterprise
20129,F,42,Youth
20130,M,22,Enterprise
20131,M,23,Family
20132,M,41,Youth
20133,M,53,Youth
20134,F,30,Enterprise
20135,F,37,Enterprise
20136,F,21,Family
20137,M,58,Family
20138,M,51,Youth
20139,M,65,Enterprise
20140,M,61,Premium
20141,F,27,Family
20142,F,68,Youth
20143,F,46,Family
20144,M,18,Youth
20145,M,36,Enterprise
20146,F,36,Enterprise
20147,M,22,Family
20148,M,67,Youth
20149,M,60,Youth
20150,M,19,Youth
20151,M,34,Premium
20152,M,66,Premium
20153,F,57,Family
20154,M,62,Youth
20155,M,44,Premium
20156,M,67,Premium
20157,F,56,Youth
20158,F,28,Premium
20159,F,50,Family
20160,M,56,Youth
20161,M,49,Youth
20162,M,51,Youth
20163,M,29,Family
20164,M,60,Youth
20165,F,36,Enterprise
20166,M,66,Premium
20167,F,33,Youth
20168,M,51,Premium
20169,F,56,Premium
20170,F,39,Youth
20171,F,38,Youth
20172,M,69,Premium
20173,M,61,Premium
20174,F,28,Youth
20175,M,67,Family
20176,M,19,Premium
20177,M,19,Enterprise
20178,M,38,Youth
20179,M,56,Youth
20180,M,48,Premium
20181,M,28,Enterprise
20182,M,39,Premium
20183,M,37,Premium
20184,F,62,Youth
20185,F,68,Premium
20186,F,45,Enterprise
20187,F,59,Premium
20188,M,69,Youth
20189,F,65,Family
20190,F,34,Youth
20191,F,58,Youth
20192,F,19,Enterprise
20193,F,31,Enterprise
20194,M,61,Family
20195,M,23,Youth
20196,M,61,Youth
20197,M,67,Premium
20198,M,42,Youth
20199,F,51,Youth
20200,F,64,Family
20201,M,36,Premium
20202,F,65,Youth
20203,F,61,Youth
20204,M,36,Enterprise
20205,M,48,Enterprise
20206,M,61,Premium
20207,F,68,Family
20208,M,51,Youth
20209,M,27,Youth
20210,F,62,Family
20211,M,45,Youth
20212,F,47,Youth
20213,M,58,Family
20214,M,23,Enterprise
20215,M,70,Family
20216,F,58,Family
20217,M,21,Enterprise
20218,M,20,Family
20219,M,47,Premium
20220,F,62,Family
20221,M,53,Premium
20222,F,60,Enterprise
20223,M,23,Premium
20224,F,66,Premium
20225,M,66,Premium
20226,F,26,Youth
20227,F,64,Enterprise
20228,F,19,Enterprise
20229,M,25,Premium
20230,F,67,Premium
20231,F,34,Enterprise
20232,M,38,Enterprise
20233,F,47,Premium
20234,F,20,Youth
20235,M,23,Family
20236,M,57,Premium
20237,M,62,Family
20238,M,47,Family
20239,F,25,Family
20240,F,49,Enterprise
20241,M,55,Family
20242,M,59,Enterprise
20243,F,23,Family
20244,M,21,Premium
20245,F,45,Youth
20246,F,34,Enterprise
20247,M,32,Enterprise
20248,F,37,Enterprise
20249,F,35,Youth
20250,M,36,Youth
20251,F,45,Enterprise
20252,F,32,Family
20253,F,65,Premium
20254,M,41,Enterprise
20255,M,31,Premium
20256,F,37,Family
20257,F,60,Family
20258,M,67,Family
20259,M,67,Family
20260,M,21,Youth
20261,M,37,Enterprise
20262,M,48,Youth
20263,F,69,Enterprise
20264,M,67,Enterprise
20265,M,64,Enterprise
20266,M,45,Premium
20267,M,30,Premium
20268,F,55,Enterprise
20269,M,48,Family
20270,F,44,Enterprise
20271,M,36,Youth
20272,M,38,Family
20273,F,42,Premium
20274,F,52,Youth
20275,F,37,Premium
20276,M,50,Enterprise
20277,M,33,Enterprise
20278,M,52,Youth
20279,M,60,Premium
20280,M,51,Youth
20281,M,23,Premium
20282,M,58,Family
20283,M,70,Youth
20284,M,63,Family
20285,F,64,Premium
20286,M,26,Enterprise
20287,M,34,Family
20288,M,47,Youth
20289,F,48,Youth
20290,F,37,Enterprise
20291,M,23,Youth
20292,M,23,Premium
20293,M,39,Premium
20294,F,19,Premium
20295,F,19,Enterprise
20296,F,65,Enterprise
20297,M,47,Enterprise
20298,F,51,Family
20299,F,30,Family
20300,M,22,Youth
20301,M,51,Premium
20302,F,44,Youth
20303,M,70,Family
20304,F,47,Family
20305,M,56,Enterprise
20306,F,40,Youth
20307,M,61,Youth
20308,F,69,Premium
20309,M,62,Youth
20310,M,29,Premium
20311,F,18,Family
20312,M,49,Youth
20313,M,40,Youth
20314,M,61,Enterprise
20315,M,43,Enterprise
20316,M,30,Youth
20317,M,39,Youth
20318,M,56,Family
20319,F,37,Youth
20320,F,60,Youth
20321,M,37,Enterprise
20322,M,62,Premium
20323,F,52,Family
20324,M,53,Family
20325,M,37,Family
20326,M,39,Enterprise
20327,F,22,Youth
20328,F,23,Youth
20329,M,34,Youth
20330,M,44,Premium
20331,F,50,Family
20332,F,46,Premium
20333,F,52,Family
20334,F,61,Enterprise
20335,F,19,Family
20336,F,36,Family
20337,F,38,Enterprise
20338,F,19,Youth
20339,F,58,Youth
20340,F,18,Youth
20341,M,49,Youth
20342,F,54,Family
20343,M,38,Premium
20344,F,39,Family
20345,F,46,Enterprise
20346,F,45,Family
20347,F,42,Family
20348,M,44,Premium
20349,F,47,Family
20350,F,48,Enterprise
20351,M,69,Family
20352,M,21,Family
20353,F,63,Premium
20354,M,48,Youth
20355,F,66,Enterprise
20356,M,51,Youth
20357,F,25,Youth
20358,M,31,Youth
20359,M,19,Enterprise
20360,F,64,Premium
20361,M,35,Family
20362,F,46,Youth
20363,M,31,Youth
20364,M,61,Youth
20365,F,49,Enterprise
20366,F,33,Enterprise
20367,M,56,Enterprise
20368,M,40,Premium
20369,F,37,Youth
20370,M,33,Premium
20371,F,56,Family
20372,M,66,Enterprise
20373,F,20,Enterprise
20374,M,41,Family
20375,F,35,Premium
20376,F,20,Youth
20377,M,41,Premium
20378,M,59,Family
20379,M,33,Family
20380,F,34,Premium
20381,M,24,Premium
20382,F,62,Family
20383,M,53,Premium
20384,F,29,Premium
20385,F,19,Youth
20386,M,25,Enterprise
20387,F,58,Premium
20388,M,49,Enterprise
20389,F,70,Enterprise
20390,M,32,Enterprise
20391,M,20,Youth
20392,M,30,Youth
20393,F,64,Youth
20394,F,52,Family
20395,F,59,Enterprise
20396,F,63,Enterprise
20397,M,29,Family
20398,M,21,Youth
20399,M,39,Enterprise
20400,F,36,Enterprise
20401,M,50,Premium
20402,F,22,Premium
20403,F,37,Family
20404,M,30,Enterprise
20405,M,63,Premium
20406,M,63,Enterprise
20407,M,68,Premium
20408,M,51,Family
20409,F,52,Enterprise
20410,F,22,Family
20411,M,24,Enterprise
20412,F,26,Youth
20413,F,39,Family
20414,F,58,Family
20415,F,62,Enterprise
20416,F,47,Youth
20417,M,50,Youth
20418,F,42,Family
20419,F,54,Family
20420,M,44,Family
20421,M,20,Enterprise
20422,M,47,Enterprise
20423,F,40,Youth
20424,M,28,Family
20425,M,22,Family
20426,F,61,Family
20427,M,38,Premium
20428,F,38,Premium
20429,F,23,Premium
20430,M,42,Premium
20431,F,34,Enterprise
20432,F,38,Enterprise
20433,M,18,Enterprise
20434,F,61,Family
20435,M,69,Premium
20436,M,52,Enterprise
20437,M,18,Enterprise
20438,F,29,Youth
20439,F,21,Premium
20440,M,21,Premium
20441,M,19,Family
20442,F,47,Youth
20443,M,27,Enterprise
20444,M,46,Youth
20445,F,27,Premium
20446,F,21,Family
20447,F,37,Enterprise
20448,M,45,Enterprise
20449,M,35,Premium
20450,M,48,Premium
20451,M,26,Premium
20452,F,70,Enterprise
20453,M,35,Enterprise
20454,M,25,Youth
20455,M,39,Youth
20456,M,67,Enterprise
20457,M,29,Family
20458,M,34,Youth
20459,F,30,Family
20460,M,33,Family
20461,M,67,Family
20462,M,67,Enterprise
20463,F,42,Family
20464,F,21,Youth
20465,M,20,Premium
20466,M,68,Enterprise
20467,M,35,Enterprise
20468,M,68,Enterprise
20469,M,66,Youth
20470,F,44,Family
20471,F,70,Enterprise
20472,F,39,Enterprise
20473,M,63,Premium
20474,F,62,Premium
20475,F,41,Premium
20476,F,58,Youth
20477,M,59,Youth
20478,M,58,Family
20479,F,38,Premium
20480,M,33,Youth
20481,M,54,Youth
20482,F,38,Premium
20483,F,66,Premium
20484,M,32,Premium
20485,M,54,Youth
20486,F,39,Family
20487,M,46,Youth
20488,M,47,Family
20489,M,46,Family
20490,F,42,Youth
20491,F,33,Premium
20492,F,62,Premium
20493,F,43,Youth
20494,M,34,Enterprise
20495,M,53,Enterprise
20496,F,30,Youth
20497,M,67,Youth
20498,M,70,Family
20499,M,44,Enterprise
20500,M,33,Family
20501,F,57,Enterprise
20502,M,69,Enterprise
20503,F,65,Enterprise
20504,F,28,Youth
20505,F,41,Premium
20506,M,22,Enterprise
20507,F,30,Premium
20508,M,26,Premium
20509,M,25,Family
20510,M,39,Enterprise
20511,M,36,Youth
20512,F,23,Family
20513,M,18,Family
20514,F,29,Enterprise
20515,M,36,Family
20516,M,51,Family
20517,M,44,Youth
20518,M,53,Youth
20519,M,60,Youth
20520,M,24,Family
20521,M,21,Youth
20522,M,60,Premium
20523,F,65,Family
20524,M,64,Family
20525,M,69,Premium
20526,F,27,Enterprise
20527,M,31,Premium
20528,F,25,Enterprise
20529,M,61,Family
20530,F,46,Family
20531,F,38,Youth
20532,M,32,Family
20533,M,25,Enterprise
20534,M,53,Youth
20535,F,19,Premium
20536,F,26,Youth
20537,F,68,Enterprise
20538,M,22,Premium
20539,F,69,Family
20540,M,34,Family
20541,M,43,Youth
20542,M,67,Youth
20543,M,18,Youth
20544,M,57,Youth
20545,F,60,Youth
20546,M,49,Youth
20547,F,32,Youth
20548,F,51,Premium
20549,M,64,Youth
20550,F,44,Premium
20551,M,25,Premium
20552,M,35,Family
20553,M,64,Family
20554,F,24,Enterprise
20555,M,37,Premium
20556,F,29,Enterprise
20557,F,31,Family
20558,M,30,Premium
20559,M,26,Youth
20560,M,59,Premium
20561,M,30,Youth
20562,M,34,Youth
20563,M,65,Premium
20564,F,18,Youth
20565,F,47,Family
20566,F,53,Enterprise
20567,F,33,Family
20568,M,58,Premium
20569,F,22,Premium
20570,M,22,Enterprise
20571,M,49,Family
20572,F,52,Premium
20573,M,69,Family
20574,F,27,Youth
20575,F,33,Enterprise
20576,M,26,Youth
20577,M,25,Enterprise
20578,M,36,Youth
20579,F,53,Family
20580,M,70,Youth
20581,F,42,Enterprise
20582,F,66,Family
20583,F,66,Enterprise
20584,F,29,Family
20585,M,53,Enterprise
20586,M,60,Enterprise
20587,M,49,Family
20588,F,31,Enterprise
20589,M,64,Family
20590,M,46,Premium
20591,F,56,Family
20592,F,54,Premium
20593,M,37,Family
20594,M,49,Enterprise
20595,F,22,Enterprise
20596,M,28,Premium
20597,F,24,Family
20598,M,23,Family
20599,M,22,Family
20600,M,53,Family
20601,M,26,Premium
20602,F,37,Family
20603,M,65,Youth
20604,M,44,Youth
20605,F,39,Enterprise
20606,M,19,Premium
20607,M,33,Premium
20608,F,22,Enterprise
20609,M,30,Family
20610,F,48,Youth
20611,F,28,Premium
20612,F,28,Family
20613,F,23,Youth
20614,M,33,Youth
20615,F,28,Family
20616,F,51,Youth
20617,F,38,Premium
20618,F,46,Enterprise
20619,M,38,Family
20620,F,45,Enterprise
20621,M,36,Premium
20622,F,28,Youth
20623,M,67,Youth
20624,F,61,Premium
20625,F,33,Family
20626,M,43,Enterprise
20627,F,22,Youth
20628,M,32,Premium
20629,M,34,Youth
20630,F,41,Enterprise
20631,F,57,Family
20632,F,60,Youth
20633,F,36,Family
20634,M,58,Youth
20635,F,61,Youth
20636,M,52,Family
20637,M,70,Family
20638,M,18,Youth
20639,M,60,Enterprise
20640,M,25,Premium
20641,M,63,Family
20642,F,67,Family
20643,F,23,Enterprise
20644,F,62,Family
20645,F,31,Youth
20646,F,27,Family
20647,F,48,Youth
20648,F,56,Family
20649,F,54,Enterprise
20650,M,49,Youth
20651,M,41,Enterprise
20652,F,18,Enterprise
20653,M,60,Premium
20654,M,70,Family
20655,M,36,Premium
20656,M,57,Enterprise
20657,F,23,Youth
20658,M,61,Enterprise
20659,F,33,Premium
20660,F,41,Youth
20661,F,68,Family
20662,F,53,Enterprise
20663,M,55,Family
20664,F,24,Premium
20665,F,69,Premium
20666,F,41,Family
20667,F,21,Youth
20668,M,61,Youth
20669,F,30,Premium
20670,F,22,Family
20671,M,67,Youth
20672,M,45,Premium
20673,M,23,Enterprise
20674,M,61,Family
20675,F,24,Family
20676,M,64,Enterprise
20677,M,30,Family
20678,F,61,Premium
20679,F,39,Family
20680,F,62,Premium
20681,F,28,Enterprise
20682,M,45,Enterprise
20683,M,35,Youth
20684,M,64,Premium
20685,F,69,Family
20686,M,24,Family
20687,F,44,Enterprise
20688,M,26,Family
20689,F,27,Youth
20690,F,67,Enterprise
20691,F,44,Family
20692,F,60,Family
20693,M,26,Premium
20694,M,53,Premium
20695,F,41,Enterprise
20696,F,29,Youth
20697,M,51,Youth
20698,M,51,Premium
20699,F,37,Enterprise
20700,M,49,Enterprise
20701,M,32,Enterprise
20702,M,50,Family
20703,F,51,Youth
20704,F,48,Family
20705,M,27,Youth
20706,F,47,Premium
20707,F,48,Enterprise
20708,M,42,Premium
20709,M,24,Premium
20710,M,26,Youth
20711,M,30,Family
20712,M,21,Enterprise
20713,F,70,Enterprise
20714,F,29,Premium
20715,M,26,Family
20716,F,29,Youth
20717,F,34,Family
20718,M,66,Enterprise
20719,M,68,Family
20720,F,45,Family
20721,F,27,Family
20722,M,47,Family
20723,M,31,Youth
20724,M,27,Premium
20725,F,26,Youth
20726,M,52,Family
20727,M,48,Premium
20728,F,68,Premium
20729,F,45,Family
20730,F,20,Premium
20731,M,68,Youth
20732,F,29,Enterprise
20733,F,36,Premium
20734,F,63,Youth
20735,M,23,Family
20736,F,24,Enterprise
20737,F,26,Family
20738,F,18,Premium
20739,M,57,Premium
20740,F,20,Premium
20741,M,67,Youth
20742,F,60,Family
20743,M,43,Youth
20744,M,70,Enterprise
20745,F,47,Youth
20746,F,22,Youth
20747,F,56,Youth
20748,M,28,Enterprise
20749,M,24,Youth
20750,M,68,Premium
20751,M,34,Youth
20752,F,65,Youth
20753,M,53,Youth
20754,F,61,Enterprise
20755,F,19,Family
20756,M,35,Enterprise
20757,F,49,Youth
20758,F,25,Family
20759,F,32,Family
20760,M,54,Premium
20761,F,68,Premium
20762,M,27,Family
20763,F,23,Enterprise
20764,F,37,Enterprise
20765,M,22,Premium
20766,M,65,Youth
20767,F,36,Enterprise
20768,F,22,Family
20769,M,19,Youth
20770,F,49,Enterprise
20771,F,36,Family
20772,F,37,Family
20773,M,27,Youth
20774,F,34,Premium
20775,F,36,Family
20776,F,70,Family
20777,F,52,Premium
20778,F,32,Enterprise
20779,F,41,Youth
20780,M,58,Premium
20781,M,25,Premium
20782,F,18,Youth
20783,M,63,Youth
20784,F,40,Premium
20785,F,56,Youth
20786,F,41,Premium
20787,F,47,Enterprise
20788,F,58,Family
20789,F,38,Enterprise
20790,M,40,Premium
20791,F,19,Youth
20792,F,29,Enterprise
20793,M,52,Premium
20794,F,57,Youth
20795,F,29,Premium
20796,M,54,Family
20797,F,53,Enterprise
20798,F,35,Youth
20799,M,49,Family
20800,M,20,Premium
20801,F,63,Premium
20802,F,57,Family
20803,F,31,Enterprise
20804,F,20,Family
20805,M,70,Premium
20806,F,59,Family
20807,F,43,Family
20808,F,36,Youth
20809,M,40,Family
20810,M,33,Premium
20811,F,26,Premium
20812,M,34,Youth
20813,M,25,Premium
20814,F,44,Enterprise
20815,F,33,Premium
20816,M,46,Family
20817,F,48,Premium
20818,F,31,Premium
20819,M,33,Youth
20820,M,31,Youth
20821,F,35,Premium
20822,F,63,Premium
20823,F,46,Enterprise
20824,F,45,Youth
20825,F,51,Premium
20826,M,55,Youth
20827,M,23,Enterprise
20828,M,57,Family
20829,M,49,Youth
20830,F,32,Premium
20831,F,68,Premium
20832,M,56,Enterprise
20833,F,44,Enterprise
20834,M,69,Youth
20835,M,25,Enterprise
20836,M,20,Premium
20837,M,46,Youth
20838,F,56,Enterprise
20839,F,19,Youth
20840,M,18,Enterprise
20841,F,60,Family
20842,M,33,Premium
20843,M,22,Enterprise
20844,F,21,Family
20845,F,65,Youth
20846,M,60,Family
20847,M,20,Premium
20848,F,52,Youth
20849,M,48,Family
20850,M,51,Family
20851,M,68,Youth
20852,M,22,Youth
20853,F,34,Premium
20854,F,44,Youth
20855,F,67,Family
20856,F,62,Youth
20857,F,43,Premium
20858,F,18,Family
20859,M,26,Youth
20860,F,41,Youth
20861,F,43,Family
20862,M,67,Youth
20863,M,41,Youth
20864,M,40,Premium
20865,M,42,Youth
20866,F,18,Premium
20867,M,34,Family
20868,F,23,Family
20869,F,35,Youth
20870,M,37,Youth
20871,M,47,Premium
20872,M,18,Enterprise
20873,F,40,Family
20874,M,49,Youth
20875,M,38,Family
20876,M,43,Family
20877,F,52,Enterprise
20878,F,21,Enterprise
20879,M,26,Family
20880,F,54,Youth
20881,M,18,Youth
20882,F,66,Youth
20883,F,69,Enterprise
20884,F,46,Premium
20885,M,24,Family
20886,F,57,Youth
20887,M,30,Premium
20888,F,52,Premium
20889,M,42,Enterprise
20890,F,26,Premium
20891,F,53,Premium
20892,M,41,Premium
20893,M,44,Premium
20894,F,70,Family
20895,F,50,Enterprise
20896,M,31,Enterprise
20897,M,64,Youth
20898,F,49,Enterprise
20899,F,70,Youth
20900,M,54,Family
20901,M,38,Family
20902,F,70,Enterprise
20903,F,29,Premium
20904,F,66,Youth
20905,F,60,Enterprise
20906,F,20,Family
20907,M,19,Family
20908,M,56,Family
20909,M,24,Family
20910,F,45,Premium
20911,M,50,Youth
20912,F,54,Youth
20913,F,43,Family
20914,F,56,Enterprise
20915,M,47,Family
20916,F,38,Premium
20917,F,66,Youth
20918,M,67,Premium
20919,M,20,Family
20920,F,32,Family
20921,F,29,Enterprise
20922,F,24,Youth
20923,F,39,Enterprise
20924,F,19,Youth
20925,M,30,Premium
20926,M,43,Family
20927,F,25,Family
20928,M,46,Family
20929,M,34,Family
20930,F,43,Enterprise
20931,F,64,Family
20932,F,69,Youth
20933,M,46,Enterprise
20934,F,22,Family
20935,F,43,Enterprise
20936,F,66,Family
20937,F,63,Premium
20938,F,22,Enterprise
20939,F,36,Enterprise
20940,M,18,Premium
20941,M,50,Premium
20942,M,38,Youth
20943,F,18,Family
20944,M,44,Family
20945,M,63,Youth
20946,F,62,Family
20947,F,32,Youth
20948,F,50,Enterprise
20949,F,54,Family
20950,F,70,Youth
20951,M,53,Premium
20952,F,49,Premium
20953,M,55,Premium
20954,F,44,Family
20955,F,33,Enterprise
20956,F,34,Youth
20957,M,37,Youth
20958,M,39,Youth
20959,M,41,Premium
20960,M,35,Enterprise
20961,M,65,Youth
20962,M,24,Youth
20963,M,33,Premium
20964,M,70,Enterprise
20965,M,64,Enterprise
20966,M,25,Family
20967,F,33,Youth
20968,F,54,Family
20969,F,47,Family
20970,M,21,Premium
20971,M,43,Enterprise
20972,M,51,Youth
20973,M,20,Enterprise
20974,F,40,Enterprise
20975,M,45,Enterprise
20976,M,22,Family
20977,F,21,Premium
20978,F,64,Family
20979,M,52,Family
20980,M,66,Premium
20981,M,32,Premium
20982,F,20,Family
20983,M,34,Premium
20984,M,56,Enterprise
20985,M,38,Premium
20986,M,70,Family
20987,M,24,Family
20988,M,35,Family
20989,F,34,Premium
20990,F,21,Enterprise
20991,M,43,Youth
20992,F,48,Family
20993,F,24,Enterprise
20994,F,49,Youth
20995,F,24,Enterprise
20996,F,43,Family
20997,F,46,Youth
20998,F,67,Youth
20999,M,52,Family
21000,F,47,Premium
21001,F,22,Enterprise
21002,M,30,Youth
21003,M,56,Youth
21004,M,25,Youth
21005,M,21,Enterprise
21006,M,49,Premium
21007,F,46,Family
21008,M,41,Family
21009,M,42,Family
21010,M,19,Youth
21011,F,30,Premium
21012,M,62,Premium
21013,F,37,Enterprise
21014,F,31,Youth
21015,M,68,Youth
21016,M,45,Youth
21017,M,70,Premium
21018,F,18,Enterprise
21019,M,46,Premium
21020,F,26,Youth
21021,M,24,Youth
21022,F,34,Family
21023,M,39,Family
21024,M,27,Youth
21025,M,54,Youth
21026,F,57,Youth
21027,F,38,Family
21028,M,43,Premium
21029,F,43,Enterprise
21030,F,30,Family
21031,M,24,Youth
21032,M,36,Enterprise
21033,M,59,Enterprise
21034,F,59,Youth
21035,F,38,Enterprise
21036,F,23,Family
21037,F,43,Family
21038,M,57,Family
21039,M,56,Enterprise
21040,M,68,Family
21041,M,63,Enterprise
21042,M,29,Premium
21043,M,62,Youth
21044,F,50,Premium
21045,F,22,Youth
21046,F,46,Youth
21047,M,59,Premium
21048,M,53,Youth
21049,F,63,Youth
21050,F,59,Enterprise
21051,M,51,Youth
21052,F,31,Youth
21053,F,36,Premium
21054,F,67,Enterprise
21055,F,20,Youth
21056,M,59,Family
21057,F,52,Enterprise
21058,F,63,Family
21059,M,60,Premium
21060,F,37,Enterprise
21061,F,18,Enterprise
21062,F,55,Family
21063,M,31,Family
21064,F,59,Enterprise
21065,M,64,Youth
21066,M,39,Family
21067,M,22,Family
21068,M,34,Enterprise
21069,M,34,Youth
21070,M,22,Premium
21071,M,36,Premium
21072,F,22,Youth
21073,M,65,Premium
21074,F,51,Family
21075,F,53,Premium
21076,F,49,Premium
21077,M,33,Youth
21078,M,26,Youth
21079,F,64,Youth
21080,F,56,Premium
21081,M,50,Family
21082,F,27,Family
21083,M,35,Premium
21084,M,59,Family
21085,M,46,Enterprise
21086,F,37,Family
21087,M,28,Enterprise
21088,F,64,Youth
21089,F,40,Premium
21090,M,42,Family
21091,M,32,Youth
21092,F,25,Premium
21093,M,59,Premium
21094,F,18,Youth
21095,M,42,Family
21096,F,31,Enterprise
21097,M,56,Enterprise
21098,M,58,Youth
21099,F,35,Family
21100,F,60,Youth
21101,M,57,Family
21102,F,62,Enterprise
21103,F,68,Enterprise
21104,F,42,Enterprise
21105,F,48,Family
21106,M,20,Premium
21107,F,28,Family
21108,M,40,Premium
21109,M,49,Youth
21110,M,31,Family
21111,F,24,Family
21112,M,41,Youth
21113,F,24,Youth
21114,F,28,Premium
21115,M,36,Family
21116,M,32,Enterprise
21117,F,38,Premium
21118,F,53,Premium
21119,M,48,Youth
21120,F,19,Youth
21121,F,46,Premium
21122,F,43,Youth
21123,F,58,Enterprise
21124,F,66,Youth
21125,F,50,Youth
21126,M,53,Enterprise
21127,M,36,Youth
21128,F,67,Youth
21129,M,43,Premium
21130,F,37,Enterprise
21131,M,62,Premium
21132,M,60,Enterprise
21133,M,41,Enterprise
21134,M,22,Premium
21135,F,37,Youth
21136,F,26,Premium
21137,M,62,Enterprise
21138,F,53,Premium
21139,F,42,Enterprise
21140,M,55,Premium
21141,F,60,Enterprise
21142,M,33,Enterprise
21143,F,70,Premium
21144,M,26,Family
21145,M,61,Premium
21146,F,30,Premium
21147,M,47,Premium
21148,M,27,Youth
21149,F,27,Family
21150,M,57,Youth
21151,M,38,Enterprise
21152,M,28,Premium
21153,M,18,Youth
21154,F,39,Premium
21155,M,52,Youth
21156,M,67,Premium
21157,F,66,Premium
21158,F,54,Premium
21159,M,22,Premium
21160,F,33,Premium
21161,F,27,Youth
21162,F,51,Premium
21163,F,64,Enterprise
21164,M,66,Family
21165,F,48,Premium
21166,F,62,Youth
21167,F,42,Family
21168,M,32,Enterprise
21169,F,54,Youth
21170,M,25,Family
21171,F,20,Enterprise
21172,M,45,Enterprise
21173,M,37,Family
21174,F,51,Enterprise
21175,M,54,Enterprise
21176,M,32,Premium
21177,M,39,Family
21178,F,33,Family
21179,M,35,Family
21180,F,67,Youth
21181,F,68,Family
21182,F,58,Enterprise
21183,F,25,Youth
21184,M,48,Family
21185,F,49,Premium
21186,M,19,Youth
21187,F,52,Youth
21188,F,37,Family
21189,F,43,Family
21190,M,37,Family
21191,F,44,Enterprise
21192,M,31,Youth
21193,M,53,Premium
21194,M,64,Family
21195,M,42,Premium
21196,M,58,Premium
21197,F,58,Enterprise
21198,F,20,Premium
21199,F,41,Family
21200,F,69,Enterprise
21201,F,25,Family
21202,F,70,Family
21203,M,53,Premium
21204,F,58,Enterprise
21205,F,20,Premium
21206,M,44,Enterprise
21207,M,20,Premium
21208,M,65,Premium
21209,M,27,Family
21210,M,27,Enterprise
21211,F,45,Enterprise
21212,M,22,Youth
21213,F,67,Premium
21214,F,19,Family
21215,M,48,Premium
21216,M,70,Enterprise
21217,M,18,Enterprise
21218,M,53,Premium
21219,F,53,Premium
21220,M,67,Family
21221,F,18,Premium
21222,M,36,Youth
21223,F,55,Enterprise
21224,F,46,Premium
21225,F,50,Youth
21226,M,70,Premium
21227,F,61,Youth
21228,F,68,Enterprise
21229,F,26,Youth
21230,M,67,Enterprise
21231,F,64,Enterprise
21232,M,39,Family
21233,F,18,Family
21234,F,33,Enterprise
21235,F,61,Youth
21236,F,19,Enterprise
21237,M,44,Family
21238,F,58,Enterprise
21239,M,65,Family
21240,F,46,Enterprise
21241,M,64,Premium
21242,M,69,Premium
21243,M,40,Enterprise
21244,M,32,Enterprise
21245,F,46,Youth
21246,F,38,Premium
21247,M,45,Family
21248,F,28,Enterprise
21249,M,34,Family
21250,M,19,Youth
21251,M,44,Youth
21252,M,18,Enterprise
21253,M,58,Family
21254,M,38,Enterprise
21255,F,31,Youth
21256,M,22,Youth
21257,M,50,Youth
21258,F,24,Family
21259,M,44,Family
21260,F,24,Enterprise
21261,F,62,Premium
21262,M,60,Family
21263,M,26,Premium
21264,F,58,Enterprise
21265,F,26,Family
21266,F,24,Youth
21267,F,22,Family
21268,M,25,Family
21269,F,69,Family
21270,F,29,Premium
21271,M,55,Youth
21272,F,28,Youth
21273,F,43,Enterprise
21274,F,42,Family
21275,F,65,Youth
21276,M,31,Enterprise
21277,M,57,Family
21278,F,36,Family
21279,M,32,Premium
21280,M,21,Premium
21281,F,52,Youth
21282,F,37,Family
21283,M,30,Family
21284,M,40,Premium
21285,F,55,Premium
21286,F,57,Family
21287,F,35,Youth
21288,M,53,Youth
21289,M,29,Family
21290,M,24,Enterprise
21291,F,67,Family
21292,F,24,Enterprise
21293,F,46,Youth
21294,F,58,Family
21295,F,22,Premium
21296,M,64,Family
21297,M,23,Premium
21298,F,18,Youth
21299,F,19,Youth
21300,F,44,Family
21301,M,43,Family
21302,F,18,Enterprise
21303,F,22,Premium
21304,M,54,Family
21305,M,31,Youth
21306,M,56,Premium
21307,F,49,Premium
21308,M,28,Youth
21309,F,21,Family
21310,M,46,Premium
21311,F,34,Youth
21312,M,48,Family
21313,F,49,Family
21314,M,42,Youth
21315,F,63,Premium
21316,M,27,Enterprise
21317,F,35,Enterprise
21318,M,64,Enterprise
21319,M,22,Enterprise
21320,M,47,Enterprise
21321,F,47,Premium
21322,F,46,Family
21323,F,32,Family
21324,M,65,Family
21325,F,65,Youth
21326,F,18,Family
21327,F,23,Premium
21328,M,29,Premium
21329,F,33,Enterprise
21330,F,33,Family
21331,F,19,Premium
21332,M,52,Youth
21333,M,29,Enterprise
21334,F,18,Premium
21335,F,42,Family
21336,M,36,Enterprise
21337,M,70,Premium
21338,F,68,Youth
21339,F,63,Family
21340,F,70,Youth
21341,F,29,Youth
21342,F,60,Family
21343,F,30,Youth
21344,F,69,Family
21345,F,46,Family
21346,M,44,Enterprise
21347,M,69,Youth
21348,F,30,Youth
21349,M,20,Family
21350,M,69,Premium
21351,F,34,Premium
21352,M,31,Family
21353,F,23,Premium
21354,F,65,Enterprise
21355,F,50,Premium
21356,M,34,Youth
21357,F,43,Youth
21358,F,26,Family
21359,M,40,Enterprise
21360,F,18,Premium
21361,F,65,Family
21362,M,58,Youth
21363,F,64,Premium
21364,M,25,Family
21365,M,38,Enterprise
21366,F,22,Family
21367,F,56,Premium
21368,F,43,Enterprise
21369,F,37,Enterprise
21370,M,30,Youth
21371,M,32,Enterprise
21372,M,36,Premium
21373,M,21,Enterprise
21374,M,42,Premium
21375,M,32,Premium
21376,F,40,Family
21377,M,61,Youth
21378,M,30,Youth
21379,M,47,Family
21380,M,47,Premium
21381,F,35,Family
21382,F,33,Premium
21383,M,56,Premium
21384,F,27,Youth
21385,F,43,Premium
21386,F,40,Premium
21387,F,53,Enterprise
21388,M,35,Family
21389,M,49,Premium
21390,F,25,Enterprise
21391,F,52,Youth
21392,F,44,Premium
21393,F,20,Enterprise
21394,F,54,Family
21395,F,69,Premium
21396,M,24,Youth
21397,M,26,Enterprise
21398,F,59,Enterprise
21399,F,19,Enterprise
21400,M,56,Enterprise
21401,F,50,Premium
21402,M,58,Enterprise
21403,F,21,Premium
21404,M,38,Enterprise
21405,M,31,Youth
21406,M,35,Enterprise
21407,M,68,Enterprise
21408,F,52,Premium
21409,M,62,Family
21410,F,36,Youth
21411,M,50,Family
21412,M,50,Enterprise
21413,M,43,Enterprise
21414,M,34,Youth
21415,F,68,Enterprise
21416,M,55,Enterprise
21417,F,66,Family
21418,M,29,Youth
21419,M,57,Family
21420,F,53,Youth
21421,F,25,Enterprise
21422,F,24,Youth
21423,M,21,Premium
21424,F,47,Family
21425,M,65,Family
21426,M,42,Family
21427,F,51,Enterprise
21428,M,63,Premium
21429,M,43,Family
21430,M,29,Youth
21431,F,43,Youth
21432,F,56,Youth
21433,M,48,Family
21434,M,66,Premium
21435,M,22,Youth
21436,F,18,Premium
21437,M,54,Premium
21438,F,36,Premium
21439,M,47,Family
21440,F,28,Family
21441,M,32,Premium
21442,F,70,Premium
21443,M,59,Enterprise
21444,F,70,Enterprise
21445,F,48,Premium
21446,F,33,Youth
21447,M,19,Premium
21448,M,35,Premium
21449,F,41,Premium
21450,F,47,Enterprise
21451,M,42,Family
21452,M,21,Family
21453,F,30,Youth
21454,M,53,Premium
21455,F,46,Youth
21456,F,69,Family
21457,M,65,Youth
21458,M,51,Family
21459,F,34,Youth
21460,M,29,Enterprise
21461,F,64,Premium
21462,M,45,Enterprise
21463,F,22,Family
21464,F,54,Youth
21465,F,63,Enterprise
21466,M,48,Enterprise
21467,F,18,Youth
21468,M,69,Premium
21469,M,65,Youth
21470,F,57,Youth
21471,F,66,Enterprise
21472,M,21,Enterprise
21473,F,49,Enterprise
21474,M,52,Premium
21475,F,53,Enterprise
21476,M,42,Family
21477,F,49,Family
21478,M,70,Youth
21479,M,48,Premium
21480,F,62,Family
21481,F,55,Enterprise
21482,F,60,Premium
21483,F,35,Premium
21484,F,22,Youth
21485,M,69,Family
21486,F,21,Enterprise
21487,F,23,Enterprise
21488,M,49,Youth
21489,M,40,Premium
21490,F,18,Premium
21491,M,25,Enterprise
21492,F,18,Family
21493,F,62,Family
21494,F,22,Enterprise
21495,F,64,Premium
21496,M,57,Premium
21497,M,24,Family
21498,M,38,Premium
21499,M,47,Youth
21500,M,44,Enterprise
21501,F,28,Premium
21502,M,43,Family
21503,F,44,Family
21504,M,60,Premium
21505,F,28,Youth
21506,M,31,Premium
21507,M,67,Premium
21508,F,64,Enterprise
21509,M,43,Youth
21510,F,58,Youth
21511,M,70,Family
21512,F,29,Family
21513,M,58,Youth
21514,F,27,Enterprise
21515,F,24,Family
21516,F,68,Family
21517,M,38,Family
21518,M,43,Premium
21519,F,63,Enterprise
21520,M,58,Family
21521,F,53,Family
21522,M,22,Premium
21523,M,51,Family
21524,M,32,Youth
21525,F,30,Premium
21526,F,47,Premium
21527,M,52,Premium
21528,M,35,Enterprise
21529,M,67,Youth
21530,F,44,Family
21531,M,25,Youth
21532,M,67,Youth
21533,M,51,Premium
21534,M,63,Family
21535,M,66,Family
21536,F,55,Premium
21537,F,62,Family
21538,M,46,Enterprise
21539,M,35,Family
21540,M,54,Premium
21541,F,22,Family
21542,M,62,Family
21543,F,52,Premium
21544,F,66,Youth
21545,F,59,Enterprise
21546,M,65,Premium
21547,F,55,Family
21548,F,52,Youth
21549,F,39,Enterprise
21550,M,43,Youth
21551,M,68,Enterprise
21552,F,45,Youth
21553,F,23,Youth
21554,M,53,Premium
21555,F,66,Premium
21556,M,52,Family
21557,M,58,Enterprise
21558,F,63,Youth
21559,F,23,Youth
21560,M,42,Youth
21561,F,31,Enterprise
21562,F,40,Premium
21563,M,53,Enterprise
21564,F,18,Premium
21565,M,26,Premium
21566,M,33,Enterprise
21567,M,27,Premium
21568,F,52,Enterprise
21569,F,19,Enterprise
21570,M,41,Premium
21571,F,63,Family
21572,F,22,Premium
21573,F,27,Family
21574,M,57,Premium
21575,M,58,Premium
21576,F,18,Family
21577,M,65,Enterprise
21578,M,26,Enterprise
21579,F,54,Premium
21580,F,30,Premium
21581,F,38,Family
21582,M,61,Youth
21583,M,42,Enterprise
21584,M,35,Family
21585,M,54,Family
21586,F,46,Family
21587,M,70,Youth
21588,M,47,Family
21589,F,47,Enterprise
21590,M,24,Premium
21591,F,45,Premium
21592,M,55,Youth
21593,F,65,Enterprise
21594,F,60,Premium
21595,M,69,Family
21596,M,26,Premium
21597,F,58,Family
21598,F,59,Enterprise
21599,F,48,Family
21600,M,51,Enterprise
21601,M,25,Youth
21602,M,53,Enterprise
21603,F,69,Enterprise
21604,F,46,Premium
21605,M,33,Family
21606,M,63,Youth
21607,M,58,Family
21608,F,49,Enterprise
21609,F,50,Premium
21610,M,51,Enterprise
21611,M,52,Enterprise
21612,F,68,Enterprise
21613,M,68,Youth
21614,M,58,Youth
21615,F,31,Youth
21616,M,29,Premium
21617,M,33,Youth
21618,F,60,Family
21619,F,44,Enterprise
21620,F,48,Youth
21621,M,53,Family
21622,F,55,Enterprise
21623,F,40,Premium
21624,F,70,Youth
21625,M,53,Youth
21626,M,52,Family
21627,F,18,Family
21628,F,62,Youth
21629,M,49,Family
21630,M,43,Premium
21631,M,27,Premium
21632,M,35,Family
21633,F,25,Family
21634,M,23,Youth
21635,F,47,Premium
21636,F,69,Family
21637,F,44,Youth
21638,F,53,Enterprise
21639,M,66,Enterprise
21640,F,62,Family
21641,F,34,Enterprise
21642,M,61,Enterprise
21643,M,20,Premium
21644,M,60,Youth
21645,M,54,Enterprise
21646,M,38,Family
21647,F,51,Youth
21648,M,49,Enterprise
21649,M,45,Family
21650,M,44,Premium
21651,M,44,Family
21652,M,20,Youth
21653,F,67,Youth
21654,M,59,Enterprise
21655,M,33,Family
21656,M,24,Enterprise
21657,F,60,Premium
21658,M,44,Premium
21659,M,48,Enterprise
21660,M,38,Family
21661,F,61,Premium
21662,F,67,Youth
21663,M,48,Enterprise
21664,M,70,Premium
21665,F,28,Enterprise
21666,M,44,Enterprise
21667,M,54,Family
21668,F,62,Family
21669,M,32,Family
21670,F,38,Enterprise
21671,F,21,Family
21672,M,43,Youth
21673,M,25,Youth
21674,M,44,Youth
21675,M,21,Premium
21676,F,46,Family
21677,F,25,Enterprise
21678,F,19,Youth
21679,M,62,Premium
21680,F,58,Youth
21681,F,45,Enterprise
21682,F,45,Family
21683,F,44,Youth
21684,M,42,Family
21685,M,26,Family
21686,F,54,Family
21687,F,40,Family
21688,M,25,Family
21689,M,18,Premium
21690,F,64,Enterprise
21691,M,30,Enterprise
21692,M,66,Enterprise
21693,F,65,Premium
21694,M,36,Premium
21695,F,21,Family
21696,F,51,Youth
21697,F,28,Premium
21698,M,51,Youth
21699,F,39,Family
21700,M,20,Family
21701,M,18,Family
21702,M,41,Youth
21703,F,19,Family
21704,F,22,Youth
21705,M,39,Enterprise
21706,F,23,Enterprise
21707,F,32,Premium
21708,F,23,Youth
21709,M,36,Youth
21710,F,67,Family
21711,M,48,Enterprise
21712,F,29,Youth
21713,F,38,Enterprise
21714,M,44,Enterprise
21715,M,45,Family
21716,M,45,Family
21717,M,48,Enterprise
21718,F,31,Family
21719,F,19,Youth
21720,M,45,Youth
21721,M,52,Premium
21722,M,53,Enterprise
21723,M,57,Family
21724,M,20,Enterprise
21725,M,19,Premium
21726,M,42,Enterprise
21727,M,34,Family
21728,F,70,Youth
21729,M,43,Youth
21730,M,20,Enterprise
21731,F,35,Family
21732,M,43,Enterprise
21733,M,60,Youth
21734,M,25,Premium
21735,M,21,Enterprise
21736,F,42,Family
21737,M,69,Premium
21738,F,67,Family
21739,M,46,Family
21740,F,49,Premium
21741,M,60,Premium
21742,M,53,Youth
21743,M,64,Family
21744,F,51,Premium
21745,F,34,Family
21746,M,61,Enterprise
21747,M,26,Premium
21748,M,53,Premium
21749,F,50,Enterprise
21750,F,27,Premium
21751,F,70,Premium
21752,F,70,Premium
21753,M,46,Family
21754,M,30,Family
21755,M,62,Family
21756,M,41,Family
21757,F,28,Youth
21758,F,43,Premium
21759,M,40,Enterprise
21760,F,41,Enterprise
21761,M,33,Family
21762,F,57,Youth
21763,F,19,Youth
21764,F,32,Family
21765,M,29,Enterprise
21766,M,37,Premium
21767,M,26,Premium
21768,M,63,Family
21769,M,18,Youth
21770,F,63,Youth
21771,F,47,Youth
21772,M,69,Premium
21773,F,46,Premium
21774,F,52,Family
21775,F,41,Enterprise
21776,M,36,Enterprise
21777,M,58,Family
21778,M,45,Premium
21779,F,22,Youth
21780,M,49,Premium
21781,M,35,Youth
21782,M,63,Youth
21783,F,58,Youth
21784,F,39,Family
21785,M,58,Youth
21786,M,24,Family
21787,M,70,Family
21788,M,41,Family
21789,M,41,Premium
21790,F,25,Youth
21791,F,26,Premium
21792,F,44,Premium
21793,M,36,Enterprise
21794,F,59,Family
21795,M,35,Youth
21796,F,69,Family
21797,F,50,Premium
21798,M,46,Youth
21799,F,67,Youth
21800,F,34,Premium
21801,F,24,Family
21802,F,66,Youth
21803,M,30,Enterprise
21804,F,68,Family
21805,F,44,Enterprise
21806,F,32,Enterprise
21807,M,69,Youth
21808,M,68,Premium
21809,M,33,Premium
21810,F,39,Youth
21811,F,58,Premium
21812,F,63,Youth
21813,F,47,Enterprise
21814,M,25,Family
21815,F,46,Family
21816,F,69,Premium
21817,M,63,Enterprise
21818,M,62,Youth
21819,M,69,Youth
21820,M,70,Youth
21821,M,66,Premium
21822,F,66,Youth
21823,M,35,Enterprise
21824,F,27,Enterprise
21825,M,48,Enterprise
21826,F,37,Enterprise
21827,M,60,Youth
21828,F,47,Youth
21829,F,70,Family
21830,M,32,Youth
21831,M,28,Premium
21832,M,45,Family
21833,M,36,Family
21834,M,67,Enterprise
21835,M,18,Premium
21836,M,65,Premium
21837,F,46,Family
21838,F,34,Youth
21839,F,57,Enterprise
21840,F,28,Enterprise
21841,F,50,Premium
21842,M,61,Enterprise
21843,M,46,Family
21844,M,66,Youth
21845,M,43,Enterprise
21846,M,57,Enterprise
21847,M,40,Family
21848,F,36,Premium
21849,M,24,Youth
21850,F,41,Family
21851,F,26,Premium
21852,M,38,Enterprise
21853,M,55,Youth
21854,M,24,Premium
21855,M,36,Enterprise
21856,F,37,Premium
21857,F,24,Premium
21858,F,19,Premium
21859,F,66,Enterprise
21860,M,22,Youth
21861,F,26,Enterprise
21862,F,24,Premium
21863,M,34,Youth
21864,M,27,Enterprise
21865,M,58,Enterprise
21866,M,65,Youth
21867,F,35,Family
21868,M,51,Enterprise
21869,M,18,Enterprise
21870,F,58,Premium
21871,F,50,Premium
21872,F,37,Enterprise
21873,F,56,Premium
21874,F,47,Enterprise
21875,M,20,Premium
21876,M,44,Premium
21877,M,36,Family
21878,F,32,Family
21879,M,18,Enterprise
21880,M,38,Youth
21881,F,46,Enterprise
21882,M,22,Enterprise
21883,M,62,Youth
21884,F,59,Family
21885,F,56,Premium
21886,M,59,Premium
21887,M,36,Youth
21888,M,37,Enterprise
21889,M,65,Enterprise
21890,M,59,Premium
21891,M,57,Family
21892,F,25,Premium
21893,F,56,Premium
21894,M,66,Youth
21895,M,49,Family
21896,F,46,Youth
21897,M,44,Family
21898,M,49,Premium
21899,M,56,Premium
21900,F,46,Youth
21901,M,57,Premium
21902,F,39,Premium
21903,M,39,Enterprise
21904,F,31,Enterprise
21905,F,59,Enterprise
21906,F,59,Premium
21907,M,61,Premium
21908,F,26,Premium
21909,F,67,Enterprise
21910,M,24,Enterprise
21911,F,45,Premium
21912,M,48,Youth
21913,F,65,Enterprise
21914,M,31,Family
21915,F,53,Youth
21916,F,31,Family
21917,F,45,Premium
21918,F,30,Enterprise
21919,F,32,Enterprise
21920,F,69,Premium
21921,F,27,Youth
21922,F,58,Family
21923,M,41,Enterprise
21924,F,45,Premium
21925,M,19,Enterprise
21926,M,62,Premium
21927,M,31,Family
21928,M,33,Youth
21929,M,45,Enterprise
21930,M,30,Family
21931,M,39,Youth
21932,F,21,Family
21933,F,61,Youth
21934,F,28,Enterprise
21935,F,52,Family
21936,M,25,Enterprise
21937,M,20,Enterprise
21938,F,46,Premium
21939,F,23,Enterprise
21940,M,57,Family
21941,F,62,Youth
21942,M,49,Youth
21943,M,45,Premium
21944,F,70,Family
21945,F,65,Premium
21946,F,65,Enterprise
21947,M,63,Premium
21948,F,26,Enterprise
21949,F,23,Enterprise
21950,F,58,Enterprise
21951,M,59,Youth
21952,F,63,Premium
21953,F,70,Enterprise
21954,M,47,Family
21955,M,59,Youth
21956,M,35,Family
21957,F,28,Premium
21958,F,31,Premium
21959,F,41,Family
21960,F,22,Premium
21961,M,30,Premium
21962,F,55,Youth
21963,M,40,Enterprise
21964,M,55,Premium
21965,M,48,Premium
21966,M,21,Premium
21967,F,39,Youth
21968,M,27,Youth
21969,M,48,Premium
21970,F,32,Premium
21971,F,29,Premium
21972,M,19,Enterprise
21973,F,19,Enterprise
21974,M,63,Youth
21975,F,21,Enterprise
21976,M,39,Youth
21977,F,48,Premium
21978,F,49,Family
21979,F,52,Enterprise
21980,F,52,Family
21981,F,44,Family
21982,M,18,Enterprise
21983,F,63,Youth
21984,F,50,Premium
21985,F,57,Premium
21986,F,58,Enterprise
21987,M,30,Enterprise
21988,M,53,Youth
21989,F,42,Premium
21990,M,41,Enterprise
21991,F,26,Enterprise
21992,F,68,Premium
21993,F,56,Premium
21994,M,18,Premium
21995,M,55,Enterprise
21996,F,26,Enterprise
21997,F,46,Premium
21998,F,34,Enterprise
21999,M,69,Enterprise
22000,M,65,Enterprise
22001,M,49,Youth
22002,F,63,Family
22003,M,64,Enterprise
22004,M,69,Premium
22005,M,49,Youth
22006,M,55,Family
22007,M,61,Enterprise
22008,F,30,Premium
22009,F,61,Enterprise
22010,F,38,Premium
22011,M,31,Youth
22012,M,69,Enterprise
22013,M,27,Premium
22014,F,44,Youth
22015,F,38,Premium
22016,M,70,Youth
22017,F,49,Youth
22018,F,33,Family
22019,M,18,Premium
22020,M,46,Enterprise
22021,F,44,Youth
22022,M,54,Youth
22023,M,53,Family
22024,M,21,Youth
22025,M,53,Youth
22026,F,28,Premium
22027,F,43,Youth
22028,F,31,Family
22029,F,43,Youth
22030,M,52,Enterprise
22031,F,53,Enterprise
22032,F,19,Premium
22033,M,42,Family
22034,M,23,Family
22035,F,67,Youth
22036,M,42,Youth
22037,F,53,Enterprise
22038,F,42,Family
22039,M,18,Enterprise
22040,F,30,Enterprise
22041,F,24,Youth
22042,M,42,Premium
22043,F,58,Family
22044,M,25,Enterprise
22045,M,47,Premium
22046,F,49,Youth
22047,M,64,Family
22048,M,20,Family
22049,M,50,Family
22050,F,30,Enterprise
22051,M,49,Enterprise
22052,M,19,Family
22053,F,32,Family
22054,F,53,Premium
22055,F,48,Premium
22056,M,58,Enterprise
22057,F,63,Premium
22058,F,52,Enterprise
22059,F,27,Youth
22060,M,57,Family
22061,F,23,Family
22062,M,58,Premium
22063,M,69,Youth
22064,F,24,Family
22065,M,52,Premium
22066,M,46,Youth
22067,M,58,Youth
22068,F,67,Premium
22069,F,24,Youth
22070,M,19,Youth
22071,F,25,Youth
22072,F,58,Premium
22073,F,67,Premium
22074,M,21,Premium
22075,F,39,Family
22076,F,28,Family
22077,F,46,Youth
22078,F,68,Premium
22079,F,40,Enterprise
22080,M,36,Premium
22081,M,46,Youth
22082,F,44,Enterprise
22083,M,36,Family
22084,M,24,Family
22085,M,65,Family
22086,M,26,Family
22087,F,46,Youth
22088,F,70,Enterprise
22089,M,24,Premium
22090,M,46,Youth
22091,M,69,Family
22092,F,64,Family
22093,F,53,Youth
22094,M,19,Youth
22095,M,19,Premium
22096,F,27,Premium
22097,F,55,Youth
22098,F,46,Youth
22099,F,43,Youth
22100,F,44,Family
22101,F,29,Youth
22102,F,29,Premium
22103,M,52,Family
22104,M,70,Premium
22105,F,49,Family
22106,M,45,Enterprise
22107,M,39,Youth
22108,F,48,Family
22109,F,38,Premium
22110,M,67,Enterprise
22111,M,30,Enterprise
22112,M,55,Youth
22113,F,23,Youth
22114,F,28,Youth
22115,F,48,Youth
22116,M,20,Enterprise
22117,F,47,Enterprise
22118,F,64,Family
22119,M,25,Premium
22120,F,40,Youth
22121,M,28,Youth
22122,F,33,Enterprise
22123,M,61,Family
22124,M,70,Family
22125,M,21,Youth
22126,F,38,Premium
22127,F,54,Premium
22128,F,70,Premium
22129,F,47,Enterprise
22130,F,41,Youth
22131,M,51,Family
22132,F,58,Family
22133,M,27,Youth
22134,M,37,Youth
22135,M,58,Enterprise
22136,M,28,Enterprise
22137,F,19,Family
22138,F,28,Youth
22139,F,42,Enterprise
22140,M,35,Premium
22141,F,63,Youth
22142,M,27,Youth
22143,M,70,Youth
22144,M,50,Premium
22145,F,44,Enterprise
22146,F,36,Youth
22147,M,41,Youth
22148,M,46,Family
22149,F,48,Family
22150,F,61,Enterprise
22151,M,31,Youth
22152,M,35,Family
22153,F,68,Premium
22154,M,31,Youth
22155,F,55,Premium
22156,F,39,Premium
22157,M,60,Enterprise
22158,F,62,Youth
22159,F,32,Premium
22160,M,42,Enterprise
22161,M,64,Premium
22162,F,42,Youth
22163,F,69,Enterprise
22164,F,63,Youth
22165,F,23,Youth
22166,F,22,Premium
22167,M,43,Premium
22168,M,32,Enterprise
22169,M,62,Family
22170,F,50,Family
22171,F,21,Premium
22172,F,50,Youth
22173,M,42,Family
22174,F,39,Youth
22175,M,21,Enterprise
22176,M,45,Youth
22177,F,49,Enterprise
22178,F,68,Youth
22179,M,59,Youth
22180,M,37,Enterprise
22181,M,62,Family
22182,F,49,Family
22183,F,50,Enterprise
22184,F,70,Family
22185,F,34,Enterprise
22186,M,29,Youth
22187,F,27,Family
22188,F,24,Youth
22189,F,50,Family
22190,M,35,Youth
22191,F,55,Family
22192,M,65,Family
22193,M,21,Enterprise
22194,F,37,Family
22195,F,33,Youth
22196,F,39,Premium
22197,F,55,Premium
22198,F,42,Youth
22199,F,30,Family
22200,M,53,Enterprise
22201,F,25,Family
22202,F,29,Premium
22203,F,29,Enterprise
22204,M,52,Enterprise
22205,F,65,Enterprise
22206,M,33,Enterprise
22207,F,23,Youth
22208,F,52,Family
22209,M,67,Youth
22210,M,28,Family
22211,M,41,Enterprise
22212,F,21,Premium
22213,M,50,Enterprise
22214,M,49,Premium
22215,M,61,Premium
22216,F,57,Premium
22217,F,56,Premium
22218,M,26,Premium
22219,M,61,Family
22220,F,33,Family
22221,F,54,Youth
22222,F,49,Premium
22223,F,59,Family
22224,M,22,Youth
22225,M,28,Enterprise
22226,F,36,Family
22227,M,59,Premium
22228,M,42,Family
22229,M,37,Family
22230,F,63,Family
22231,M,58,Family
22232,M,35,Enterprise
22233,F,60,Enterprise
22234,M,37,Youth
22235,F,21,Family
22236,F,36,Premium
22237,M,27,Family
22238,F,52,Premium
22239,F,23,Youth
22240,M,60,Premium
22241,F,30,Premium
22242,F,69,Enterprise
22243,F,47,Enterprise
22244,M,70,Youth
22245,M,18,Premium
22246,F,30,Youth
22247,F,60,Enterprise
22248,M,27,Enterprise
22249,F,19,Enterprise
22250,M,52,Premium
22251,F,43,Enterprise
22252,M,29,Enterprise
22253,F,28,Enterprise
22254,M,61,Enterprise
22255,M,62,Family
22256,M,64,Family
22257,F,61,Premium
22258,M,31,Youth
22259,M,47,Youth
22260,F,48,Youth
22261,M,31,Youth
22262,F,60,Premium
22263,M,56,Enterprise
22264,M,66,Family
22265,F,24,Premium
22266,F,47,Family
22267,M,57,Enterprise
22268,M,32,Family
22269,F,42,Enterprise
22270,M,41,Youth
22271,M,53,Premium
22272,M,49,Youth
22273,F,34,Premium
22274,M,40,Premium
22275,M,23,Youth
22276,M,60,Youth
22277,M,40,Family
22278,M,43,Youth
22279,F,18,Youth
22280,F,39,Family
22281,F,35,Premium
22282,M,24,Family
22283,M,40,Premium
22284,F,32,Enterprise
22285,M,36,Premium
22286,M,26,Enterprise
22287,F,34,Enterprise
22288,F,44,Youth
22289,F,40,Enterprise
22290,M,63,Premium
22291,M,22,Enterprise
22292,F,56,Youth
22293,F,34,Youth
22294,F,32,Enterprise
22295,F,42,Premium
22296,F,32,Enterprise
22297,M,63,Family
22298,F,63,Premium
22299,M,30,Family
22300,M,50,Enterprise
22301,F,21,Family
22302,M,18,Premium
22303,F,59,Premium
22304,M,60,Youth
22305,M,24,Enterprise
22306,M,40,Enterprise
22307,M,33,Family
22308,M,42,Youth
22309,M,21,Family
22310,F,40,Premium
22311,F,62,Enterprise
22312,M,67,Family
22313,F,22,Youth
22314,M,18,Youth
22315,M,63,Premium
22316,F,33,Premium
22317,F,27,Premium
22318,F,32,Family
22319,F,54,Family
22320,F,51,Youth
22321,M,34,Youth
22322,M,31,Premium
22323,F,54,Youth
22324,M,32,Family
22325,M,25,Youth
22326,F,32,Family
22327,F,37,Family
22328,M,56,Enterprise
22329,F,68,Enterprise
22330,M,30,Enterprise
22331,M,69,Youth
22332,F,48,Premium
22333,M,59,Youth
22334,F,39,Enterprise
22335,F,62,Family
22336,F,58,Enterprise
22337,M,44,Family
22338,M,59,Youth
22339,M,52,Family
22340,F,34,Youth
22341,M,24,Premium
22342,M,41,Youth
22343,M,62,Family
22344,M,67,Premium
22345,M,58,Premium
22346,M,36,Premium
22347,M,69,Youth
22348,M,40,Family
22349,M,66,Enterprise
22350,M,19,Youth
22351,M,51,Enterprise
22352,M,22,Family
22353,M,20,Enterprise
22354,M,33,Premium
22355,F,32,Premium
22356,M,41,Premium
22357,M,67,Premium
22358,F,40,Premium
22359,F,58,Family
22360,F,63,Enterprise
22361,F,41,Premium
22362,M,59,Youth
22363,M,22,Family
22364,F,40,Premium
22365,M,51,Premium
22366,F,34,Premium
22367,F,39,Premium
22368,M,31,Enterprise
22369,M,55,Enterprise
22370,F,51,Youth
22371,F,55,Youth
22372,M,64,Enterprise
22373,M,42,Family
22374,M,36,Enterprise
22375,F,27,Enterprise
22376,F,34,Premium
22377,F,68,Family
22378,M,45,Family
22379,M,23,Enterprise
22380,F,18,Family
22381,F,42,Family
22382,F,60,Family
22383,F,52,Premium
22384,M,54,Youth
22385,F,35,Family
22386,F,29,Youth
22387,F,35,Enterprise
22388,M,47,Enterprise
22389,F,50,Enterprise
22390,F,64,Family
22391,F,68,Premium
22392,M,65,Enterprise
22393,M,37,Family
22394,F,40,Family
22395,F,36,Premium
22396,M,35,Youth
22397,M,56,Premium
22398,M,27,Youth
22399,M,27,Premium
22400,M,64,Enterprise
22401,M,69,Family
22402,F,19,Enterprise
22403,F,33,Family
22404,F,58,Family
22405,F,64,Enterprise
22406,M,41,Premium
22407,F,26,Enterprise
22408,F,50,Family
22409,M,38,Premium
22410,F,53,Enterprise
22411,F,29,Premium
22412,F,68,Youth
22413,F,49,Premium
22414,M,28,Premium
22415,M,58,Enterprise
22416,M,62,Youth
22417,M,37,Enterprise
22418,M,56,Family
22419,F,52,Premium
22420,M,19,Youth
22421,F,46,Family
22422,F,30,Youth
22423,F,53,Youth
22424,M,45,Family
22425,M,58,Family
22426,M,63,Family
22427,M,30,Premium
22428,F,40,Youth
22429,M,54,Family
22430,M,30,Family
22431,M,27,Youth
22432,M,67,Premium
22433,F,66,Youth
22434,M,48,Premium
22435,F,63,Family
22436,M,67,Premium
22437,M,51,Family
22438,M,21,Youth
22439,M,66,Premium
22440,F,35,Premium
22441,F,67,Youth
22442,M,61,Family
22443,M,38,Family
22444,M,32,Family
22445,M,63,Youth
22446,F,44,Family
22447,F,59,Premium
22448,F,31,Enterprise
22449,M,66,Enterprise
22450,M,62,Family
22451,F,20,Enterprise
22452,M,55,Enterprise
22453,M,35,Family
22454,F,53,Enterprise
22455,M,37,Premium
22456,F,39,Premium
22457,M,22,Enterprise
22458,F,51,Enterprise
22459,F,64,Premium
22460,M,66,Enterprise
22461,F,61,Youth
22462,F,43,Enterprise
22463,M,56,Youth
22464,F,66,Enterprise
22465,M,58,Premium
22466,F,62,Enterprise
22467,F,70,Family
22468,F,54,Premium
22469,M,64,Premium
22470,F,53,Premium
22471,F,69,Family
22472,M,57,Family
22473,F,40,Enterprise
22474,F,46,Premium
22475,M,51,Family
22476,F,32,Family
22477,M,23,Premium
22478,F,34,Premium
22479,M,39,Youth
22480,M,64,Family
22481,F,26,Youth
22482,M,70,Family
22483,F,54,Family
22484,M,45,Family
22485,F,59,Family
22486,M,29,Premium
22487,F,52,Youth
22488,M,57,Youth
22489,F,59,Enterprise
22490,M,64,Enterprise
22491,M,26,Family
22492,M,69,Premium
22493,F,24,Premium
22494,F,34,Youth
22495,M,24,Youth
22496,M,29,Family
22497,M,50,Youth
22498,F,41,Family
22499,M,51,Premium
22500,M,61,Youth
22501,F,48,Family
22502,M,56,Family
22503,F,22,Family
22504,M,55,Family
22505,M,43,Enterprise
22506,F,57,Youth
22507,F,70,Family
22508,F,48,Family
22509,F,22,Youth
22510,F,58,Youth
22511,F,29,Youth
22512,M,20,Premium
22513,F,50,Youth
22514,M,28,Premium
22515,F,44,Enterprise
22516,M,54,Premium
22517,M,34,Premium
22518,F,46,Family
22519,M,30,Family
22520,F,50,Premium
22521,F,45,Family
22522,M,19,Youth
22523,F,27,Youth
22524,F,39,Youth
22525,F,45,Enterprise
22526,M,21,Youth
22527,F,60,Enterprise
22528,M,39,Premium
22529,F,31,Family
22530,F,34,Enterprise
22531,F,39,Youth
22532,M,58,Enterprise
22533,F,33,Family
22534,M,32,Family
22535,F,45,Enterprise
22536,M,44,Premium
22537,F,38,Youth
22538,M,27,Premium
22539,M,55,Youth
22540,F,59,Family
22541,M,22,Enterprise
22542,M,31,Youth
22543,M,68,Youth
22544,F,28,Premium
22545,M,66,Enterprise
22546,F,55,Youth
22547,M,49,Enterprise
22548,M,20,Family
22549,F,68,Youth
22550,F,34,Premium
22551,F,22,Family
22552,M,48,Premium
22553,M,25,Family
22554,M,22,Youth
22555,M,29,Premium
22556,F,28,Premium
22557,M,45,Family
22558,M,34,Premium
22559,F,51,Youth
22560,M,31,Enterprise
22561,F,25,Enterprise
22562,M,41,Premium
22563,F,40,Premium
22564,M,23,Premium
22565,F,39,Family
22566,M,64,Enterprise
22567,F,25,Family
22568,F,46,Family
22569,M,56,Enterprise
22570,M,52,Premium
22571,M,61,Premium
22572,F,54,Enterprise
22573,F,46,Premium
22574,M,37,Premium
22575,M,42,Enterprise
22576,F,33,Youth
22577,F,31,Premium
22578,F,50,Family
22579,F,31,Premium
22580,M,32,Youth
22581,M,22,Premium
22582,F,23,Family
22583,F,70,Family
22584,M,64,Family
22585,F,31,Enterprise
22586,F,26,Family
22587,M,37,Enterprise
22588,M,60,Youth
22589,M,58,Family
22590,F,32,Enterprise
22591,F,51,Enterprise
22592,F,32,Premium
22593,F,46,Enterprise
22594,M,33,Family
22595,M,68,Youth
22596,M,34,Family
22597,F,43,Premium
22598,F,29,Family
22599,F,38,Premium
22600,M,55,Enterprise
22601,M,33,Family
22602,F,48,Family
22603,M,70,Family
22604,F,22,Premium
22605,M,68,Enterprise
22606,M,45,Youth
22607,F,22,Family
22608,F,34,Premium
22609,F,59,Enterprise
22610,M,40,Youth
22611,M,33,Youth
22612,F,27,Enterprise
22613,M,40,Premium
22614,M,26,Family
22615,M,53,Family
22616,F,32,Youth
22617,F,22,Youth
22618,F,49,Enterprise
22619,F,26,Enterprise
22620,M,33,Family
22621,F,29,Premium
22622,M,49,Family
22623,F,32,Youth
22624,M,40,Premium
22625,F,49,Premium
22626,F,54,Youth
22627,M,62,Enterprise
22628,M,46,Youth
22629,M,34,Family
22630,M,27,Youth
22631,F,67,Youth
22632,M,42,Family
22633,F,24,Family
22634,F,20,Premium
22635,M,45,Enterprise
22636,M,62,Premium
22637,M,18,Family
22638,M,34,Youth
22639,F,47,Premium
22640,F,22,Family
22641,F,20,Enterprise
22642,F,38,Youth
22643,F,63,Family
22644,M,56,Premium
22645,M,57,Enterprise
22646,M,54,Youth
22647,M,21,Enterprise
22648,F,60,Youth
22649,F,70,Youth
22650,F,22,Family
22651,F,66,Enterprise
22652,F,46,Premium
22653,M,51,Family
22654,F,45,Enterprise
22655,M,50,Enterprise
22656,M,29,Enterprise
22657,M,49,Premium
22658,M,45,Family
22659,M,55,Premium
22660,F,39,Youth
22661,F,59,Enterprise
22662,F,59,Enterprise
22663,M,54,Premium
22664,M,45,Youth
22665,M,67,Premium
22666,M,47,Premium
22667,M,18,Family
22668,F,56,Youth
22669,F,51,Premium
22670,M,31,Premium
22671,M,50,Enterprise
22672,M,24,Enterprise
22673,F,23,Enterprise
22674,M,45,Enterprise
22675,F,55,Youth
22676,M,51,Youth
22677,F,65,Family
22678,F,66,Premium
22679,F,36,Enterprise
22680,F,37,Family
22681,M,66,Youth
22682,F,32,Premium
22683,F,57,Enterprise
22684,M,44,Enterprise
22685,M,68,Premium
22686,M,26,Family
22687,F,37,Enterprise
22688,F,35,Youth
22689,M,51,Family
22690,F,48,Enterprise
22691,M,61,Enterprise
22692,F,29,Family
22693,F,48,Youth
22694,M,59,Premium
22695,F,39,Premium
22696,F,28,Family
22697,F,70,Premium
22698,F,23,Enterprise
22699,F,47,Premium
22700,F,38,Enterprise
22701,M,60,Enterprise
22702,M,60,Premium
22703,M,47,Youth
22704,M,65,Premium
22705,F,34,Enterprise
22706,M,39,Youth
22707,M,45,Family
22708,M,28,Enterprise
22709,M,61,Family
22710,F,66,Youth
22711,M,41,Family
22712,M,24,Enterprise
22713,F,66,Youth
22714,M,42,Family
22715,F,60,Youth
22716,M,19,Enterprise
22717,M,58,Enterprise
22718,F,44,Family
22719,F,67,Premium
22720,F,23,Premium
22721,F,58,Enterprise
22722,M,48,Enterprise
22723,F,64,Premium
22724,M,31,Youth
22725,F,48,Premium
22726,F,33,Premium
22727,M,64,Youth
22728,M,52,Family
22729,F,23,Youth
22730,F,52,Enterprise
22731,M,30,Family
22732,M,57,Family
22733,M,29,Premium
22734,F,61,Premium
22735,M,39,Youth
22736,M,28,Premium
22737,F,48,Enterprise
22738,M,32,Family
22739,M,22,Family
22740,F,21,Youth
22741,F,19,Enterprise
22742,F,34,Youth
22743,M,40,Enterprise
22744,M,52,Family
22745,M,26,Premium
22746,F,68,Enterprise
22747,F,38,Enterprise
22748,F,63,Youth
22749,M,25,Enterprise
22750,F,58,Family
22751,M,54,Family
22752,F,51,Youth
22753,M,23,Family
22754,F,63,Family
22755,F,70,Youth
22756,M,57,Youth
22757,M,25,Family
22758,M,50,Youth
22759,F,52,Enterprise
22760,F,69,Enterprise
22761,F,38,Premium
22762,M,47,Premium
22763,M,21,Enterprise
22764,M,41,Premium
22765,M,60,Enterprise
22766,F,25,Family
22767,F,64,Family
22768,M,30,Enterprise
22769,F,31,Enterprise
22770,F,19,Family
22771,M,54,Enterprise
22772,F,41,Family
22773,M,67,Premium
22774,M,49,Premium
22775,M,28,Premium
22776,F,54,Enterprise
22777,M,28,Enterprise
22778,F,22,Enterprise
22779,F,39,Family
22780,M,20,Family
22781,M,21,Family
22782,F,64,Enterprise
22783,F,37,Family
22784,M,66,Enterprise
22785,M,57,Enterprise
22786,M,34,Premium
22787,F,69,Youth
22788,M,56,Premium
22789,F,56,Enterprise
22790,M,33,Premium
22791,F,46,Premium
22792,F,64,Youth
22793,M,53,Enterprise
22794,M,44,Family
22795,M,26,Premium
22796,F,62,Premium
22797,F,34,Enterprise
22798,M,34,Youth
22799,M,52,Family
22800,F,62,Premium
22801,F,59,Family
22802,F,52,Family
22803,F,53,Enterprise
22804,M,24,Enterprise
22805,F,27,Family
22806,M,29,Premium
22807,F,40,Premium
22808,F,60,Youth
22809,M,39,Family
22810,F,32,Premium
22811,F,37,Enterprise
22812,M,33,Family
22813,M,57,Family
22814,F,32,Premium
22815,M,67,Youth
22816,M,51,Enterprise
22817,M,64,Youth
22818,M,63,Youth
22819,F,44,Premium
22820,F,26,Enterprise
22821,F,18,Youth
22822,F,54,Youth
22823,F,45,Family
22824,F,65,Youth
22825,F,37,Family
22826,F,34,Youth
22827,M,56,Premium
22828,M,58,Premium
22829,F,70,Family
22830,M,68,Premium
22831,M,25,Family
22832,F,45,Youth
22833,M,66,Family
22834,M,35,Youth
22835,M,40,Youth
22836,F,59,Youth
22837,M,34,Family
22838,M,62,Enterprise
22839,M,65,Family
22840,M,34,Enterprise
22841,F,21,Youth
22842,M,57,Youth
22843,F,19,Youth
22844,F,57,Youth
22845,M,34,Family
22846,F,38,Youth
22847,M,68,Youth
22848,M,39,Premium
22849,M,54,Youth
22850,F,27,Premium
22851,F,52,Family
22852,M,18,Premium
22853,M,42,Family
22854,F,39,Enterprise
22855,F,56,Premium
22856,M,41,Enterprise
22857,M,49,Enterprise
22858,M,47,Youth
22859,M,24,Family
22860,M,35,Family
22861,M,44,Family
22862,M,53,Family
22863,M,42,Premium
22864,M,34,Premium
22865,F,26,Family
22866,M,18,Premium
22867,F,63,Premium
22868,F,48,Enterprise
22869,M,39,Enterprise
22870,F,29,Premium
22871,M,29,Family
22872,F,24,Youth
22873,M,66,Enterprise
22874,F,26,Enterprise
22875,F,32,Family
22876,M,18,Enterprise
22877,M,59,Enterprise
22878,M,33,Enterprise
22879,M,24,Enterprise
22880,M,49,Family
22881,M,67,Premium
22882,M,23,Enterprise
22883,F,70,Premium
22884,F,46,Enterprise
22885,F,49,Premium
22886,M,61,Youth
22887,F,47,Youth
22888,F,27,Premium
22889,M,64,Premium
22890,M,21,Youth
22891,M,55,Youth
22892,M,63,Family
22893,M,47,Youth
22894,M,47,Family
22895,F,57,Enterprise
22896,M,22,Enterprise
22897,F,67,Enterprise
22898,M,37,Youth
22899,F,22,Family
22900,F,34,Youth
22901,F,24,Youth
22902,F,40,Family
22903,F,64,Premium
22904,F,40,Youth
22905,M,65,Premium
22906,F,48,Enterprise
22907,F,67,Enterprise
22908,F,56,Premium
22909,M,70,Premium
22910,M,52,Youth
22911,F,27,Youth
22912,F,44,Premium
22913,F,22,Family
22914,M,55,Youth
22915,F,70,Family
22916,M,21,Youth
22917,M,50,Youth
22918,M,70,Family
22919,F,52,Family
22920,M,58,Family
22921,M,65,Premium
22922,M,56,Family
22923,F,33,Premium
22924,F,23,Premium
22925,F,20,Enterprise
22926,M,48,Enterprise
22927,F,33,Youth
22928,F,23,Family
22929,M,18,Enterprise
22930,F,23,Youth
22931,F,49,Enterprise
22932,F,65,Premium
22933,F,50,Youth
22934,F,62,Enterprise
22935,F,51,Youth
22936,F,65,Family
22937,M,28,Enterprise
22938,F,21,Enterprise
22939,M,18,Family
22940,M,18,Youth
22941,M,55,Premium
22942,F,57,Youth
22943,M,70,Youth
22944,M,34,Youth
22945,M,42,Premium
22946,F,58,Family
22947,F,69,Enterprise
22948,M,33,Youth
22949,M,63,Family
22950,F,59,Youth
22951,M,23,Family
22952,M,43,Family
22953,M,18,Youth
22954,M,69,Premium
22955,M,69,Enterprise
22956,F,43,Youth
22957,F,51,Family
22958,M,18,Premium
22959,F,21,Premium
22960,M,49,Enterprise
22961,F,23,Family
22962,F,57,Youth
22963,M,55,Premium
22964,F,47,Enterprise
22965,F,61,Enterprise
22966,M,37,Enterprise
22967,F,59,Enterprise
22968,M,55,Premium
22969,F,48,Youth
22970,F,53,Family
22971,M,21,Youth
22972,F,27,Enterprise
22973,F,37,Premium
22974,M,63,Enterprise
22975,M,52,Family
22976,M,38,Premium
22977,F,49,Premium
22978,F,49,Youth
22979,F,55,Youth
22980,M,65,Premium
22981,M,47,Family
22982,M,39,Premium
22983,F,42,Premium
22984,F,67,Enterprise
22985,M,57,Enterprise
22986,M,59,Enterprise
22987,F,44,Family
22988,F,22,Family
22989,M,66,Family
22990,F,47,Youth
22991,F,30,Enterprise
22992,M,39,Premium
22993,M,44,Youth
22994,F,63,Premium
22995,F,30,Youth
22996,F,34,Youth
22997,M,69,Enterprise
22998,M,33,Family
22999,M,37,Family
23000,F,70,Youth
23001,F,23,Youth
23002,F,32,Family
23003,M,30,Youth
23004,F,54,Family
23005,F,68,Family
23006,F,33,Enterprise
23007,F,68,Youth
23008,F,27,Enterprise
23009,F,69,Youth
23010,M,42,Premium
23011,M,23,Enterprise
23012,F,44,Family
23013,F,22,Youth
23014,F,61,Family
23015,M,62,Premium
23016,F,46,Enterprise
23017,M,41,Enterprise
23018,F,24,Enterprise
23019,F,48,Premium
23020,F,38,Family
23021,F,64,Family
23022,M,47,Youth
23023,F,30,Enterprise
23024,F,69,Premium
23025,F,66,Family
23026,F,18,Family
23027,F,44,Youth
23028,F,25,Enterprise
23029,M,66,Premium
23030,M,62,Family
23031,F,29,Premium
23032,M,23,Premium
23033,F,34,Family
23034,F,43,Enterprise
23035,M,20,Premium
23036,M,42,Youth
23037,F,18,Enterprise
23038,M,65,Family
23039,M,21,Family
23040,M,28,Family
23041,F,21,Premium
23042,F,52,Youth
23043,M,46,Family
23044,M,40,Youth
23045,F,43,Enterprise
23046,M,53,Family
23047,M,33,Enterprise
23048,F,47,Family
23049,M,62,Enterprise
23050,F,47,Family
23051,M,58,Premium
23052,M,39,Family
23053,M,24,Youth
23054,M,34,Enterprise
23055,F,59,Enterprise
23056,M,52,Enterprise
23057,F,66,Premium
23058,F,32,Youth
23059,M,38,Family
23060,F,40,Youth
23061,M,39,Premium
23062,F,48,Enterprise
23063,M,65,Youth
23064,M,25,Enterprise
23065,F,42,Family
23066,M,54,Enterprise
23067,F,48,Enterprise
23068,F,39,Family
23069,F,62,Premium
23070,F,54,Premium
23071,F,48,Youth
23072,M,33,Youth
23073,F,39,Enterprise
23074,F,28,Youth
23075,F,60,Family
23076,F,50,Youth
23077,M,48,Youth
23078,M,37,Family
23079,F,62,Family
23080,M,64,Family
23081,F,40,Family
23082,F,58,Family
23083,F,38,Enterprise
23084,M,31,Family
23085,M,19,Enterprise
23086,M,33,Family
23087,F,22,Youth
23088,F,37,Family
23089,M,60,Premium
23090,F,55,Enterprise
23091,M,45,Youth
23092,F,37,Youth
23093,F,24,Youth
23094,F,67,Youth
23095,M,67,Premium
23096,M,68,Youth
23097,F,49,Premium
23098,F,23,Youth
23099,M,32,Family
23100,M,28,Enterprise
23101,F,33,Family
23102,F,37,Youth
23103,F,70,Premium
23104,M,67,Enterprise
23105,F,26,Premium
23106,F,25,Family
23107,M,45,Enterprise
23108,M,70,Enterprise
23109,F,56,Premium
23110,F,35,Family
23111,F,29,Premium
23112,M,28,Premium
23113,F,63,Enterprise
23114,M,22,Premium
23115,M,61,Family
23116,M,55,Youth
23117,F,37,Premium
23118,M,64,Family
23119,M,28,Premium
23120,F,29,Family
23121,M,44,Family
23122,F,61,Family
23123,F,64,Premium
23124,F,42,Premium
23125,F,51,Youth
23126,F,59,Family
23127,M,28,Premium
23128,F,53,Enterprise
23129,M,63,Premium
23130,F,42,Premium
23131,M,64,Family
23132,M,50,Enterprise
23133,F,28,Enterprise
23134,F,61,Enterprise
23135,F,30,Premium
23136,F,66,Enterprise
23137,F,33,Youth
23138,M,32,Family
23139,M,37,Enterprise
23140,F,24,Youth
23141,F,35,Youth
23142,F,25,Premium
23143,F,64,Enterprise
23144,M,50,Youth
23145,M,30,Family
23146,F,34,Enterprise
23147,M,54,Enterprise
23148,M,22,Enterprise
23149,F,23,Family
23150,F,65,Premium
23151,M,31,Enterprise
23152,F,64,Youth
23153,F,21,Family
23154,F,64,Premium
23155,F,65,Premium
23156,F,68,Premium
23157,M,30,Premium
23158,M,25,Family
23159,F,61,Enterprise
23160,M,49,Enterprise
23161,M,32,Premium
23162,M,50,Youth
23163,F,26,Family
23164,F,46,Youth
23165,M,24,Enterprise
23166,F,36,Premium
23167,F,58,Youth
23168,F,28,Family
23169,F,51,Premium
23170,F,54,Family
23171,M,25,Enterprise
23172,M,34,Family
23173,M,59,Premium
23174,M,32,Family
23175,F,19,Youth
23176,F,55,Premium
23177,M,55,Enterprise
23178,F,54,Premium
23179,M,25,Family
23180,M,68,Family
23181,F,34,Premium
23182,F,66,Enterprise
23183,F,36,Enterprise
23184,F,64,Premium
23185,M,30,Family
23186,F,21,Enterprise
23187,M,47,Enterprise
23188,F,26,Enterprise
23189,M,61,Enterprise
23190,F,62,Youth
23191,F,22,Youth
23192,M,61,Family
23193,M,22,Youth
23194,F,39,Premium
23195,M,54,Premium
23196,F,70,Family
23197,F,33,Enterprise
23198,M,47,Youth
23199,F,33,Youth
23200,M,47,Enterprise
23201,F,61,Premium
23202,F,60,Premium
23203,F,32,Youth
23204,F,68,Family
23205,F,35,Youth
23206,F,64,Enterprise
23207,M,68,Premium
23208,F,42,Premium
23209,F,55,Enterprise
23210,F,19,Family
23211,F,23,Family
23212,F,31,Enterprise
23213,M,34,Youth
23214,F,65,Enterprise
23215,F,58,Family
23216,M,34,Youth
23217,F,62,Youth
23218,F,56,Enterprise
23219,M,27,Youth
23220,F,19,Enterprise
23221,M,55,Family
23222,F,43,Premium
23223,F,44,Youth
23224,M,24,Youth
23225,F,64,Family
23226,F,33,Youth
23227,M,51,Youth
23228,M,66,Premium
23229,M,49,Youth
23230,M,24,Premium
23231,M,57,Youth
23232,F,63,Enterprise
23233,M,69,Premium
23234,M,18,Enterprise
23235,M,62,Premium
23236,M,26,Enterprise
23237,M,57,Premium
23238,M,38,Youth
23239,F,36,Youth
23240,M,36,Enterprise
23241,M,46,Youth
23242,F,60,Youth
23243,F,66,Enterprise
23244,F,34,Family
23245,F,38,Enterprise
23246,M,34,Premium
23247,F,33,Enterprise
23248,M,24,Youth
23249,M,36,Premium
23250,F,31,Family
23251,M,29,Family
23252,F,30,Family
23253,F,55,Premium
23254,F,55,Premium
23255,M,41,Premium
23256,F,36,Premium
23257,F,48,Enterprise
23258,F,64,Enterprise
23259,M,49,Enterprise
23260,M,38,Enterprise
23261,F,48,Family
23262,F,50,Premium
23263,M,34,Enterprise
23264,M,40,Enterprise
23265,M,38,Premium
23266,M,47,Enterprise
23267,M,63,Youth
23268,M,29,Youth
23269,M,25,Youth
23270,F,57,Enterprise
23271,F,47,Enterprise
23272,M,20,Youth
23273,M,42,Family
23274,M,44,Premium
23275,F,41,Premium
23276,M,68,Premium
23277,M,28,Enterprise
23278,F,45,Enterprise
23279,M,64,Premium
23280,F,21,Youth
23281,F,64,Youth
23282,F,66,Family
23283,M,30,Family
23284,F,54,Premium
23285,F,59,Youth
23286,M,51,Premium
23287,F,54,Enterprise
23288,F,38,Premium
23289,M,66,Enterprise
23290,M,25,Youth
23291,M,66,Enterprise
23292,M,69,Enterprise
23293,M,18,Youth
23294,M,46,Premium
23295,M,42,Premium
23296,M,64,Enterprise
23297,M,40,Youth
23298,M,58,Youth
23299,F,65,Enterprise
23300,M,43,Youth
23301,F,49,Enterprise
23302,F,48,Premium
23303,F,63,Youth
23304,F,34,Enterprise
23305,M,21,Enterprise
23306,F,51,Family
23307,M,61,Premium
23308,F,42,Family
23309,M,39,Youth
23310,F,18,Family
23311,F,68,Premium
23312,M,37,Family
23313,M,35,Enterprise
23314,M,27,Family
23315,F,45,Youth
23316,F,57,Premium
23317,F,54,Premium
23318,F,24,Youth
23319,F,51,Family
23320,M,50,Youth
23321,M,42,Enterprise
23322,F,37,Enterprise
23323,M,21,Enterprise
23324,F,57,Enterprise
23325,F,66,Youth
23326,F,19,Family
23327,M,62,Family
23328,F,18,Premium
23329,M,46,Premium
23330,F,55,Enterprise
23331,F,70,Family
23332,M,50,Premium
23333,F,69,Family
23334,F,52,Youth
23335,M,21,Family
23336,F,20,Family
23337,M,50,Youth
23338,F,56,Premium
23339,F,44,Family
23340,M,68,Premium
23341,F,30,Premium
23342,M,50,Family
23343,F,27,Enterprise
23344,F,54,Youth
23345,F,70,Youth
23346,F,53,Youth
23347,M,41,Premium
23348,F,56,Premium
23349,M,65,Youth
23350,F,55,Enterprise
23351,M,27,Family
23352,F,29,Youth
23353,F,68,Family
23354,F,38,Enterprise
23355,F,59,Premium
23356,M,51,Premium
23357,F,55,Family
23358,M,67,Premium
23359,M,28,Family
23360,M,51,Premium
23361,M,27,Premium
23362,F,47,Family
23363,M,19,Family
23364,M,19,Family
23365,M,30,Youth
23366,F,46,Youth
23367,M,30,Enterprise
23368,M,62,Youth
23369,M,51,Youth
23370,F,53,Enterprise
23371,M,46,Family
23372,M,43,Youth
23373,M,24,Enterprise
23374,F,34,Premium
23375,F,35,Premium
23376,F,50,Youth
23377,M,25,Family
23378,M,68,Family
23379,M,60,Family
23380,F,68,Family
23381,F,47,Enterprise
23382,M,43,Family
23383,M,49,Premium
23384,F,63,Family
23385,F,41,Enterprise
23386,M,66,Family
23387,M,66,Enterprise
23388,F,55,Family
23389,F,21,Enterprise
23390,M,53,Enterprise
23391,M,36,Enterprise
23392,M,43,Enterprise
23393,M,49,Family
23394,F,37,Youth
23395,M,59,Youth
23396,M,45,Premium
23397,M,62,Premium
23398,M,57,Family
23399,M,31,Enterprise
23400,M,64,Family
23401,M,66,Premium
23402,M,53,Premium
23403,F,40,Family
23404,M,36,Youth
23405,F,43,Premium
23406,F,56,Family
23407,M,40,Premium
23408,F,60,Premium
23409,M,19,Premium
23410,M,52,Premium
23411,F,67,Youth
23412,F,65,Youth
23413,M,32,Premium
23414,F,24,Youth
23415,M,40,Enterprise
23416,F,70,Enterprise
23417,M,46,Youth
23418,F,53,Premium
23419,M,20,Premium
23420,F,52,Premium
23421,F,54,Enterprise
23422,F,18,Premium
23423,F,60,Family
23424,F,18,Youth
23425,M,66,Family
23426,M,44,Family
23427,M,53,Premium
23428,M,31,Family
23429,M,52,Premium
23430,M,19,Youth
23431,F,44,Enterprise
23432,F,45,Premium
23433,M,59,Youth
23434,M,34,Premium
23435,M,65,Enterprise
23436,F,53,Youth
23437,F,66,Premium
23438,F,45,Family
23439,M,63,Family
23440,M,29,Family
23441,F,69,Premium
23442,M,40,Premium
23443,F,60,Enterprise
23444,M,67,Premium
23445,M,66,Family
23446,F,60,Enterprise
23447,F,66,Youth
23448,F,60,Premium
23449,F,24,Family
23450,M,41,Family
23451,F,64,Youth
23452,M,23,Enterprise
23453,F,21,Family
23454,M,31,Youth
23455,M,35,Enterprise
23456,F,33,Family
23457,M,61,Family
23458,F,25,Premium
23459,F,51,Family
23460,F,38,Family
23461,M,25,Youth
23462,M,68,Family
23463,M,38,Premium
23464,M,21,Family
23465,F,39,Premium
23466,F,69,Family
23467,F,38,Premium
23468,M,27,Family
23469,M,42,Premium
23470,F,38,Premium
23471,F,45,Youth
23472,M,31,Family
23473,F,37,Premium
23474,M,53,Youth
23475,F,39,Premium
23476,F,52,Family
23477,F,60,Enterprise
23478,F,58,Family
23479,F,52,Enterprise
23480,F,70,Premium
23481,F,58,Premium
23482,M,40,Enterprise
23483,F,52,Family
23484,F,29,Premium
23485,M,25,Premium
23486,M,67,Premium
23487,F,54,Family
23488,F,51,Youth
23489,F,28,Family
23490,F,32,Family
23491,F,52,Enterprise
23492,F,54,Youth
23493,F,49,Youth
23494,M,46,Youth
23495,F,41,Premium
23496,M,30,Youth
23497,F,43,Youth
23498,M,41,Family
23499,M,58,Enterprise
23500,M,24,Enterprise
23501,F,66,Enterprise
23502,F,33,Family
23503,M,23,Family
23504,M,43,Youth
23505,M,22,Premium
23506,F,67,Family
23507,F,39,Family
23508,F,29,Enterprise
23509,M,27,Youth
23510,M,54,Premium
23511,F,23,Premium
23512,M,58,Premium
23513,F,53,Enterprise
23514,F,50,Enterprise
23515,M,21,Premium
23516,M,44,Enterprise
23517,F,37,Youth
23518,F,24,Premium
23519,F,37,Youth
23520,M,58,Enterprise
23521,M,67,Youth
23522,F,28,Premium
23523,M,20,Premium
23524,M,60,Youth
23525,M,54,Premium
23526,M,26,Premium
23527,M,38,Premium
23528,F,61,Youth
23529,M,43,Youth
23530,M,19,Premium
23531,M,68,Family
23532,M,30,Youth
23533,M,46,Enterprise
23534,F,49,Family
23535,F,27,Enterprise
23536,F,39,Premium
23537,M,63,Youth
23538,F,25,Premium
23539,F,23,Premium
23540,M,48,Enterprise
23541,M,35,Premium
23542,F,54,Enterprise
23543,F,41,Family
23544,M,68,Premium
23545,M,63,Enterprise
23546,M,24,Enterprise
23547,F,27,Premium
23548,F,46,Enterprise
23549,F,49,Enterprise
23550,F,30,Premium
23551,M,25,Family
23552,M,52,Enterprise
23553,M,56,Enterprise
23554,F,69,Premium
23555,M,44,Youth
23556,F,37,Premium
23557,F,28,Premium
23558,F,69,Youth
23559,F,21,Enterprise
23560,M,30,Premium
23561,F,57,Enterprise
23562,M,69,Enterprise
23563,F,25,Enterprise
23564,M,27,Family
23565,F,21,Youth
23566,F,27,Youth
23567,M,52,Enterprise
23568,M,52,Premium
23569,F,30,Premium
23570,M,25,Family
23571,F,30,Family
23572,F,35,Premium
23573,F,60,Family
23574,F,70,Youth
23575,F,44,Enterprise
23576,M,38,Premium
23577,M,26,Family
23578,M,23,Family
23579,M,36,Youth
23580,M,44,Enterprise
23581,F,39,Youth
23582,M,36,Family
23583,F,21,Family
23584,M,33,Premium
23585,M,34,Premium
23586,F,51,Family
23587,F,64,Premium
23588,F,24,Youth
23589,F,35,Youth
23590,M,56,Youth
23591,F,27,Premium
23592,M,28,Enterprise
23593,M,68,Enterprise
23594,F,20,Enterprise
23595,F,51,Enterprise
23596,F,20,Youth
23597,M,53,Family
23598,M,21,Youth
23599,M,30,Family
23600,F,21,Family
23601,F,19,Family
23602,M,60,Premium
23603,F,65,Family
23604,F,58,Family
23605,F,65,Enterprise
23606,M,35,Family
23607,F,20,Family
23608,F,56,Enterprise
23609,F,52,Family
23610,M,40,Family
23611,M,62,Youth
23612,M,55,Enterprise
23613,M,66,Youth
23614,F,47,Youth
23615,M,22,Premium
23616,F,45,Premium
23617,M,33,Premium
23618,M,37,Enterprise
23619,F,57,Enterprise
23620,M,67,Premium
23621,F,45,Family
23622,F,49,Youth
23623,M,46,Enterprise
23624,F,62,Youth
23625,M,32,Enterprise
23626,F,23,Youth
23627,M,49,Premium
23628,F,18,Family
23629,F,27,Family
23630,F,47,Enterprise
23631,M,31,Enterprise
23632,M,35,Family
23633,F,46,Youth
23634,F,26,Youth
23635,M,30,Family
23636,F,34,Family
23637,M,22,Premium
23638,M,55,Enterprise
23639,F,39,Premium
23640,M,33,Enterprise
23641,F,22,Family
23642,M,60,Enterprise
23643,F,33,Family
23644,F,46,Premium
23645,M,36,Enterprise
23646,M,56,Youth
23647,M,31,Enterprise
23648,M,41,Enterprise
23649,F,43,Enterprise
23650,F,54,Family
23651,F,45,Premium
23652,M,70,Youth
23653,M,49,Premium
23654,F,27,Youth
23655,M,42,Enterprise
23656,M,28,Premium
23657,M,34,Premium
23658,M,53,Enterprise
23659,F,30,Youth
23660,M,55,Family
23661,F,38,Premium
23662,F,26,Premium
23663,F,44,Premium
23664,F,23,Premium
23665,F,31,Family
23666,F,19,Youth
23667,M,33,Enterprise
23668,M,40,Enterprise
23669,M,24,Enterprise
23670,M,56,Enterprise
23671,F,37,Enterprise
23672,F,18,Youth
23673,F,46,Premium
23674,F,48,Enterprise
23675,F,36,Premium
23676,M,20,Enterprise
23677,F,49,Family
23678,F,65,Enterprise
23679,F,59,Youth
23680,F,33,Enterprise
23681,M,33,Enterprise
23682,M,63,Premium
23683,M,39,Premium
23684,M,45,Premium
23685,M,24,Family
23686,F,20,Enterprise
23687,M,67,Family
23688,M,27,Youth
23689,M,26,Youth
23690,F,39,Family
23691,F,22,Enterprise
23692,M,31,Family
23693,F,67,Youth
23694,M,44,Family
23695,M,39,Family
23696,M,24,Enterprise
23697,M,38,Youth
23698,F,61,Family
23699,M,59,Premium
23700,F,24,Family
23701,M,66,Youth
23702,M,48,Premium
23703,F,48,Enterprise
23704,F,56,Youth
23705,M,44,Enterprise
23706,M,24,Youth
23707,M,19,Enterprise
23708,F,44,Youth
23709,F,65,Youth
23710,F,35,Youth
23711,F,55,Family
23712,M,52,Enterprise
23713,M,47,Premium
23714,F,40,Enterprise
23715,M,70,Enterprise
23716,M,20,Enterprise
23717,F,21,Youth
23718,M,65,Premium
23719,M,64,Premium
23720,F,25,Enterprise
23721,M,46,Enterprise
23722,M,63,Enterprise
23723,F,57,Family
23724,F,61,Youth
23725,F,31,Youth
23726,F,51,Enterprise
23727,M,32,Enterprise
23728,F,39,Youth
23729,M,18,Youth
23730,M,53,Enterprise
23731,F,34,Enterprise
23732,F,54,Enterprise
23733,F,18,Family
23734,M,46,Enterprise
23735,M,53,Premium
23736,M,70,Family
23737,M,60,Youth
23738,F,36,Premium
23739,M,33,Premium
23740,M,68,Youth
23741,M,69,Enterprise
23742,M,67,Premium
23743,F,66,Enterprise
23744,F,40,Premium
23745,F,48,Enterprise
23746,F,57,Youth
23747,F,32,Youth
23748,F,39,Youth
23749,M,53,Enterprise
23750,M,60,Family
23751,M,50,Enterprise
23752,M,68,Family
23753,M,51,Family
23754,F,38,Family
23755,M,51,Premium
23756,F,44,Family
23757,M,59,Premium
23758,M,31,Youth
23759,F,24,Family
23760,F,59,Family
23761,M,20,Family
23762,F,29,Youth
23763,F,66,Family
23764,M,19,Family
23765,F,25,Family
23766,M,43,Premium
23767,M,24,Enterprise
23768,M,47,Family
23769,M,36,Youth
23770,M,59,Enterprise
23771,M,39,Enterprise
23772,F,55,Premium
23773,M,61,Youth
23774,F,21,Enterprise
23775,M,49,Family
23776,F,65,Premium
23777,M,38,Premium
23778,M,63,Enterprise
23779,M,30,Premium
23780,M,38,Enterprise
23781,M,56,Youth
23782,M,49,Youth
23783,M,65,Youth
23784,F,60,Enterprise
23785,F,42,Family
23786,M,45,Youth
23787,M,28,Enterprise
23788,M,23,Premium
23789,F,66,Family
23790,M,40,Youth
23791,F,62,Youth
23792,F,19,Youth
23793,M,64,Family
23794,M,60,Youth
23795,F,37,Family
23796,M,69,Youth
23797,M,20,Youth
23798,F,66,Family
23799,F,66,Family
23800,M,67,Youth
23801,F,41,Family
23802,F,22,Family
23803,F,32,Youth
23804,M,43,Premium
23805,F,54,Premium
23806,F,18,Enterprise
23807,M,70,Family
23808,M,29,Youth
23809,M,22,Enterprise
23810,M,64,Family
23811,M,30,Premium
23812,F,44,Family
23813,F,50,Premium
23814,M,22,Premium
23815,M,60,Enterprise
23816,M,44,Premium
23817,F,36,Premium
23818,M,58,Enterprise
23819,F,51,Youth
23820,M,57,Premium
23821,M,42,Family
23822,M,49,Family
23823,F,18,Enterprise
23824,F,30,Youth
23825,M,25,Premium
23826,M,54,Premium
23827,M,61,Youth
23828,F,18,Premium
23829,F,62,Family
23830,F,38,Premium
23831,M,59,Enterprise
23832,M,33,Premium
23833,M,31,Youth
23834,F,31,Youth
23835,M,68,Family
23836,M,57,Enterprise
23837,F,24,Youth
23838,F,59,Family
23839,F,45,Youth
23840,F,61,Family
23841,M,39,Family
23842,F,34,Enterprise
23843,F,32,Premium
23844,F,55,Family
23845,M,55,Enterprise
23846,F,23,Premium
23847,F,40,Enterprise
23848,F,35,Enterprise
23849,M,52,Family
23850,F,64,Youth
23851,M,65,Family
23852,M,35,Premium
23853,M,54,Premium
23854,F,37,Family
23855,M,23,Premium
23856,F,46,Enterprise
23857,M,36,Youth
23858,M,18,Premium
23859,M,59,Premium
23860,F,19,Premium
23861,M,32,Premium
23862,M,44,Youth
23863,F,59,Family
23864,F,31,Enterprise
23865,M,35,Family
23866,F,30,Enterprise
23867,F,64,Family
23868,M,63,Youth
23869,M,40,Premium
23870,M,59,Premium
23871,M,40,Youth
23872,F,69,Enterprise
23873,F,47,Premium
23874,F,36,Family
23875,M,67,Family
23876,M,62,Enterprise
23877,F,67,Premium
23878,M,62,Premium
23879,F,36,Enterprise
23880,M,61,Premium
23881,M,57,Youth
23882,M,41,Premium
23883,F,67,Family
23884,M,27,Youth
23885,M,60,Premium
23886,M,19,Enterprise
23887,F,49,Family
23888,M,25,Youth
23889,F,19,Family
23890,M,25,Family
23891,F,49,Enterprise
23892,M,26,Premium
23893,M,34,Family
23894,F,53,Enterprise
23895,M,41,Youth
23896,F,58,Premium
23897,F,42,Family
23898,F,67,Enterprise
23899,F,54,Youth
23900,M,34,Youth
23901,M,66,Youth
23902,M,61,Family
23903,F,28,Youth
23904,F,42,Premium
23905,F,67,Enterprise
23906,F,26,Family
23907,F,38,Youth
23908,F,50,Premium
23909,M,64,Youth
23910,M,39,Family
23911,F,44,Youth
23912,F,44,Premium
23913,M,20,Premium
23914,F,30,Youth
23915,M,42,Youth
23916,M,30,Family
23917,F,27,Youth
23918,F,29,Enterprise
23919,M,58,Youth
23920,M,64,Premium
23921,F,39,Premium
23922,F,64,Enterprise
23923,F,68,Youth
23924,M,53,Family
23925,F,43,Family
23926,M,64,Family
23927,F,32,Youth
23928,F,70,Premium
23929,M,46,Family
23930,M,33,Premium
23931,F,69,Family
23932,F,38,Youth
23933,M,50,Enterprise
23934,F,30,Youth
23935,M,53,Premium
23936,F,66,Enterprise
23937,M,64,Youth
23938,M,58,Enterprise
23939,M,67,Premium
23940,M,45,Enterprise
23941,F,25,Family
23942,M,42,Youth
23943,M,30,Family
23944,F,28,Enterprise
23945,M,39,Premium
23946,M,50,Youth
23947,M,53,Youth
23948,M,42,Premium
23949,M,47,Premium
23950,M,34,Youth
23951,F,49,Premium
23952,M,59,Enterprise
23953,F,50,Enterprise
23954,M,31,Premium
23955,M,56,Family
23956,F,44,Enterprise
23957,F,26,Premium
23958,F,33,Premium
23959,F,44,Family
23960,F,40,Youth
23961,F,70,Enterprise
23962,F,22,Family
23963,M,41,Enterprise
23964,F,63,Enterprise
23965,M,47,Family
23966,F,45,Premium
23967,F,56,Premium
23968,F,39,Family
23969,M,25,Family
23970,M,22,Enterprise
23971,F,29,Family
23972,F,61,Youth
23973,M,29,Youth
23974,F,44,Enterprise
23975,F,62,Premium
23976,M,23,Premium
23977,M,25,Enterprise
23978,F,51,Youth
23979,M,60,Premium
23980,F,30,Enterprise
23981,M,52,Premium
23982,F,48,Premium
23983,M,58,Enterprise
23984,F,64,Youth
23985,F,46,Premium
23986,M,58,Youth
23987,M,65,Enterprise
23988,F,35,Premium
23989,M,63,Youth
23990,F,65,Youth
23991,M,39,Family
23992,F,50,Premium
23993,F,49,Enterprise
23994,F,49,Youth
23995,F,57,Enterprise
23996,M,58,Family
23997,M,23,Enterprise
23998,F,31,Enterprise
23999,M,24,Premium
24000,M,36,Family
24001,F,62,Youth
24002,M,50,Premium
24003,F,62,Enterprise
24004,M,35,Premium
24005,M,41,Premium
24006,F,69,Enterprise
24007,F,36,Premium
24008,M,65,Family
24009,F,55,Premium
24010,F,22,Youth
24011,F,29,Enterprise
24012,F,65,Family
24013,F,18,Youth
24014,M,62,Youth
24015,M,64,Enterprise
24016,F,52,Youth
24017,F,40,Family
24018,M,39,Enterprise
24019,M,28,Enterprise
24020,F,34,Enterprise
24021,F,20,Enterprise
24022,M,69,Enterprise
24023,F,42,Premium
24024,M,18,Premium
24025,F,28,Premium
24026,F,63,Premium
24027,F,64,Premium
24028,M,53,Youth
24029,F,59,Family
24030,M,46,Premium
24031,M,22,Premium
24032,F,27,Youth
24033,M,63,Premium
24034,F,38,Family
24035,M,45,Premium
24036,F,66,Enterprise
24037,F,23,Enterprise
24038,M,51,Family
24039,F,60,Youth
24040,F,22,Enterprise
24041,F,46,Family
24042,F,42,Family
24043,F,42,Enterprise
24044,F,20,Youth
24045,M,33,Enterprise
24046,F,51,Enterprise
24047,F,31,Youth
24048,M,49,Enterprise
24049,M,62,Enterprise
24050,M,51,Family
24051,F,66,Enterprise
24052,F,25,Family
24053,F,41,Premium
24054,M,19,Family
24055,M,43,Youth
24056,M,30,Enterprise
24057,M,67,Enterprise
24058,F,19,Youth
24059,F,29,Premium
24060,M,25,Premium
24061,M,33,Premium
24062,F,22,Family
24063,M,53,Youth
24064,F,29,Youth
24065,F,47,Premium
24066,M,26,Youth
24067,M,26,Family
24068,F,27,Youth
24069,F,32,Premium
24070,M,25,Youth
24071,F,51,Family
24072,F,29,Enterprise
24073,F,42,Enterprise
24074,M,57,Premium
24075,M,59,Premium
24076,M,26,Premium
24077,M,69,Enterprise
24078,F,22,Enterprise
24079,F,28,Youth
24080,F,67,Enterprise
24081,F,19,Premium
24082,F,63,Enterprise
24083,M,41,Enterprise
24084,M,68,Family
24085,F,26,Premium
24086,F,18,Family
24087,F,45,Family
24088,F,25,Premium
24089,M,35,Youth
24090,M,42,Youth
24091,F,45,Youth
24092,M,69,Premium
24093,M,67,Enterprise
24094,M,69,Premium
24095,M,38,Enterprise
24096,F,29,Enterprise
24097,F,51,Youth
24098,M,56,Enterprise
24099,F,62,Family
24100,M,34,Youth
24101,F,53,Premium
24102,M,52,Family
24103,M,63,Premium
24104,F,39,Family
24105,F,51,Family
24106,M,57,Premium
24107,M,29,Family
24108,M,56,Premium
24109,M,27,Premium
24110,M,46,Youth
24111,F,40,Premium
24112,M,50,Family
24113,M,69,Enterprise
24114,M,25,Enterprise
24115,F,61,Enterprise
24116,M,35,Family
24117,F,23,Youth
24118,F,36,Youth
24119,M,26,Family
24120,M,62,Family
24121,F,70,Premium
24122,M,65,Family
24123,M,21,Youth
24124,F,38,Youth
24125,F,38,Youth
24126,F,35,Youth
24127,F,58,Family
24128,F,43,Premium
24129,M,44,Youth
24130,M,23,Premium
24131,M,42,Enterprise
24132,F,70,Premium
24133,F,40,Enterprise
24134,M,61,Youth
24135,F,68,Family
24136,F,66,Premium
24137,M,59,Youth
24138,F,36,Premium
24139,M,54,Family
24140,F,26,Enterprise
24141,F,34,Youth
24142,F,50,Enterprise
24143,M,59,Youth
24144,F,40,Youth
24145,M,70,Premium
24146,F,54,Youth
24147,M,25,Enterprise
24148,M,36,Premium
24149,F,49,Premium
24150,M,64,Youth
24151,F,58,Enterprise
24152,F,50,Premium
24153,M,32,Youth
24154,M,19,Family
24155,F,63,Family
24156,F,24,Enterprise
24157,M,25,Youth
24158,F,22,Youth
24159,M,49,Youth
24160,M,46,Family
24161,F,24,Premium
24162,F,57,Premium
24163,F,58,Premium
24164,M,25,Youth
24165,M,20,Premium
24166,M,37,Youth
24167,F,50,Youth
24168,F,38,Enterprise
24169,F,66,Youth
24170,F,28,Enterprise
24171,M,70,Youth
24172,F,49,Enterprise
24173,M,44,Youth
24174,M,29,Youth
24175,M,40,Youth
24176,F,34,Family
24177,M,64,Youth
24178,F,44,Premium
24179,M,28,Premium
24180,F,49,Family
24181,M,24,Premium
24182,F,52,Family
24183,F,59,Youth
24184,F,70,Enterprise
24185,F,20,Youth
24186,F,61,Family
24187,F,48,Family
24188,F,50,Premium
24189,M,56,Youth
24190,F,41,Youth
24191,M,61,Youth
24192,M,50,Premium
24193,M,26,Youth
24194,F,59,Enterprise
24195,F,45,Enterprise
24196,F,49,Enterprise
24197,M,27,Enterprise
24198,M,44,Premium
24199,F,62,Family
24200,F,66,Enterprise
24201,F,40,Enterprise
24202,M,39,Family
24203,F,51,Enterprise
24204,F,45,Enterprise
24205,F,60,Family
24206,F,50,Premium
24207,F,20,Premium
24208,F,19,Premium
24209,M,57,Youth
24210,F,66,Premium
24211,M,19,Family
24212,F,36,Enterprise
24213,F,22,Premium
24214,M,30,Enterprise
24215,M,57,Enterprise
24216,M,33,Premium
24217,F,67,Premium
24218,M,50,Premium
24219,M,69,Family
24220,M,35,Family
24221,M,40,Family
24222,M,54,Youth
24223,F,46,Family
24224,M,19,Family
24225,M,53,Enterprise
24226,M,56,Youth
24227,M,25,Family
24228,F,49,Family
24229,M,46,Family
24230,F,61,Premium
24231,F,26,Enterprise
24232,F,22,Youth
24233,M,66,Premium
24234,M,64,Premium
24235,M,34,Enterprise
24236,F,35,Youth
24237,M,48,Enterprise
24238,F,57,Enterprise
24239,F,18,Family
24240,M,70,Youth
24241,F,28,Youth
24242,F,21,Family
24243,M,19,Family
24244,M,41,Enterprise
24245,F,45,Premium
24246,M,59,Enterprise
24247,M,26,Enterprise
24248,M,36,Premium
24249,M,37,Family
24250,F,35,Family
24251,M,56,Enterprise
24252,F,29,Family
24253,F,54,Enterprise
24254,F,55,Family
24255,F,25,Family
24256,F,67,Premium
24257,F,18,Premium
24258,F,66,Enterprise
24259,F,22,Enterprise
24260,M,49,Premium
24261,F,43,Premium
24262,F,58,Family
24263,F,64,Youth
24264,M,69,Family
24265,M,53,Family
24266,M,62,Youth
24267,M,38,Enterprise
24268,F,24,Family
24269,M,38,Family
24270,F,50,Youth
24271,F,21,Youth
24272,F,38,Premium
24273,M,38,Family
24274,M,28,Family
24275,F,70,Premium
24276,M,32,Family
24277,M,45,Enterprise
24278,M,22,Enterprise
24279,M,64,Youth
24280,M,34,Enterprise
24281,F,21,Family
24282,M,62,Youth
24283,F,25,Premium
24284,F,47,Enterprise
24285,F,54,Enterprise
24286,F,45,Family
24287,M,60,Youth
24288,M,38,Premium
24289,M,45,Enterprise
24290,F,24,Premium
24291,M,19,Family
24292,F,28,Family
24293,F,23,Family
24294,M,64,Enterprise
24295,M,68,Enterprise
24296,F,47,Premium
24297,F,25,Family
24298,F,30,Premium
24299,F,55,Youth
24300,F,32,Enterprise
24301,M,41,Premium
24302,F,60,Family
24303,M,68,Premium
24304,M,50,Youth
24305,M,65,Premium
24306,F,20,Enterprise
24307,M,43,Premium
24308,F,61,Youth
24309,F,47,Enterprise
24310,M,49,Premium
24311,M,62,Youth
24312,M,54,Premium
24313,F,45,Youth
24314,F,61,Family
24315,F,59,Enterprise
24316,F,68,Family
24317,F,45,Premium
24318,M,19,Enterprise
24319,M,61,Youth
24320,F,31,Premium
24321,M,60,Premium
24322,F,34,Enterprise
24323,M,45,Family
24324,F,41,Family
24325,F,66,Youth
24326,M,33,Family
24327,M,49,Premium
24328,F,55,Youth
24329,M,38,Enterprise
24330,M,52,Premium
24331,M,53,Premium
24332,M,34,Enterprise
24333,F,46,Family
24334,F,62,Family
24335,F,66,Enterprise
24336,F,56,Enterprise
24337,F,58,Enterprise
24338,M,54,Premium
24339,F,64,Enterprise
24340,M,56,Premium
24341,M,20,Enterprise
24342,F,34,Family
24343,M,65,Enterprise
24344,M,33,Enterprise
24345,F,25,Premium
24346,F,20,Family
24347,M,19,Family
24348,F,33,Family
24349,F,44,Family
24350,M,60,Premium
24351,M,54,Enterprise
24352,F,51,Family
24353,F,20,Family
24354,M,36,Family
24355,F,64,Enterprise
24356,F,66,Family
24357,F,58,Youth
24358,F,69,Enterprise
24359,F,62,Youth
24360,M,62,Family
24361,M,24,Enterprise
24362,M,29,Premium
24363,M,42,Youth
24364,M,38,Enterprise
24365,F,46,Family
24366,F,51,Family
24367,F,66,Family
24368,M,69,Youth
24369,M,24,Family
24370,M,56,Premium
24371,M,38,Family
24372,F,59,Youth
24373,M,51,Youth
24374,M,19,Family
24375,F,36,Family
24376,M,39,Enterprise
24377,M,26,Enterprise
24378,M,45,Youth
24379,F,33,Enterprise
24380,M,61,Enterprise
24381,M,52,Premium
24382,M,50,Family
24383,M,22,Family
24384,F,55,Enterprise
24385,F,49,Enterprise
24386,F,68,Premium
24387,M,24,Family
24388,M,24,Enterprise
24389,F,62,Premium
24390,M,46,Premium
24391,M,62,Premium
24392,M,60,Premium
24393,F,48,Youth
24394,M,57,Youth
24395,F,39,Family
24396,M,53,Enterprise
24397,F,70,Premium
24398,F,48,Youth
24399,M,53,Youth
24400,F,66,Family
24401,M,23,Family
24402,M,18,Youth
24403,F,62,Family
24404,F,51,Enterprise
24405,M,31,Youth
24406,M,28,Youth
24407,F,49,Youth
24408,M,70,Enterprise
24409,F,26,Family
24410,M,48,Family
24411,F,28,Family
24412,F,51,Family
24413,M,57,Family
24414,M,48,Enterprise
24415,M,69,Enterprise
24416,F,62,Enterprise
24417,F,36,Premium
24418,F,39,Family
24419,F,37,Youth
24420,M,54,Enterprise
24421,M,67,Enterprise
24422,F,48,Youth
24423,M,18,Family
24424,F,23,Enterprise
24425,M,45,Family
24426,M,47,Family
24427,F,27,Youth
24428,F,21,Family
24429,M,20,Family
24430,M,53,Enterprise
24431,F,36,Enterprise
24432,F,62,Enterprise
24433,F,26,Enterprise
24434,M,31,Family
24435,F,20,Enterprise
24436,M,67,Premium
24437,F,18,Youth
24438,M,50,Youth
24439,M,20,Family
24440,F,59,Family
24441,M,36,Enterprise
24442,F,63,Enterprise
24443,F,33,Youth
24444,M,45,Family
24445,F,26,Premium
24446,M,46,Family
24447,M,68,Youth
24448,F,19,Family
24449,M,41,Family
24450,F,27,Enterprise
24451,F,54,Premium
24452,M,32,Family
24453,M,23,Family
24454,F,56,Family
24455,F,44,Family
24456,F,62,Enterprise
24457,M,61,Family
24458,F,33,Family
24459,F,34,Youth
24460,M,35,Premium
24461,M,27,Youth
24462,M,34,Youth
24463,M,33,Family
24464,M,26,Family
24465,M,39,Family
24466,F,55,Enterprise
24467,M,70,Enterprise
24468,M,24,Youth
24469,F,31,Premium
24470,F,57,Youth
24471,M,64,Enterprise
24472,F,40,Youth
24473,M,51,Youth
24474,M,21,Youth
24475,M,58,Youth
24476,M,62,Family
24477,M,62,Youth
24478,M,68,Family
24479,F,38,Family
24480,F,41,Youth
24481,F,18,Premium
24482,F,46,Youth
24483,M,62,Premium
24484,M,63,Family
24485,M,36,Family
24486,M,51,Youth
24487,M,33,Enterprise
24488,F,33,Premium
24489,M,56,Youth
24490,M,35,Family
24491,F,48,Family
24492,M,45,Premium
24493,F,34,Family
24494,F,41,Enterprise
24495,M,68,Family
24496,F,23,Youth
24497,F,27,Youth
24498,F,69,Youth
24499,M,48,Family
24500,M,29,Premium
24501,F,48,Premium
24502,M,49,Youth
24503,M,60,Premium
24504,M,35,Enterprise
24505,M,63,Youth
24506,M,66,Youth
24507,M,53,Youth
24508,M,62,Premium
24509,M,30,Enterprise
24510,F,34,Family
24511,M,61,Premium
24512,M,68,Family
24513,M,48,Enterprise
24514,F,19,Enterprise
24515,M,19,Youth
24516,F,70,Enterprise
24517,F,30,Family
24518,F,42,Youth
24519,F,39,Premium
24520,M,49,Enterprise
24521,F,39,Youth
24522,F,61,Enterprise
24523,M,37,Family
24524,F,67,Youth
24525,M,24,Youth
24526,M,23,Premium
24527,M,64,Premium
24528,M,19,Premium
24529,M,59,Premium
24530,M,60,Youth
24531,M,63,Premium
24532,F,45,Premium
24533,F,65,Family
24534,M,39,Family
24535,M,21,Premium
24536,M,63,Premium
24537,F,34,Premium
24538,M,34,Enterprise
24539,F,18,Premium
24540,M,24,Family
24541,M,33,Youth
24542,F,37,Premium
24543,F,45,Enterprise
24544,M,26,Premium
24545,M,42,Premium
24546,M,29,Family
24547,M,31,Family
24548,M,44,Family
24549,M,19,Premium
24550,F,54,Enterprise
24551,M,33,Family
24552,F,55,Family
24553,M,45,Family
24554,M,55,Premium
24555,M,31,Premium
24556,F,54,Family
24557,M,25,Youth
24558,M,23,Family
24559,M,37,Enterprise
24560,M,54,Enterprise
24561,M,18,Premium
24562,M,27,Family
24563,F,44,Family
24564,M,37,Youth
24565,F,68,Youth
24566,F,57,Premium
24567,F,54,Youth
24568,F,40,Family
24569,F,58,Premium
24570,M,64,Premium
24571,M,55,Family
24572,F,35,Enterprise
24573,F,19,Family
24574,M,54,Youth
24575,M,45,Premium
24576,M,52,Premium
24577,F,28,Enterprise
24578,F,70,Family
24579,F,45,Youth
24580,M,66,Enterprise
24581,M,47,Enterprise
24582,F,62,Premium
24583,F,52,Youth
24584,M,46,Family
24585,M,54,Youth
24586,F,65,Youth
24587,F,22,Premium
24588,M,59,Premium
24589,F,21,Enterprise
24590,M,29,Youth
24591,M,43,Premium
24592,M,65,Enterprise
24593,M,66,Enterprise
24594,F,32,Enterprise
24595,M,35,Family
24596,F,49,Family
24597,F,59,Family
24598,F,27,Family
24599,F,20,Premium
24600,F,31,Enterprise
24601,M,47,Enterprise
24602,F,67,Family
24603,F,46,Premium
24604,M,40,Youth
24605,F,43,Youth
24606,F,69,Family
24607,M,54,Family
24608,M,62,Premium
24609,F,25,Premium
24610,M,33,Youth
24611,M,35,Youth
24612,F,52,Premium
24613,F,18,Family
24614,M,45,Enterprise
24615,F,45,Youth
24616,F,35,Premium
24617,F,19,Family
24618,F,39,Family
24619,F,66,Enterprise
24620,M,35,Youth
24621,F,47,Youth
24622,F,47,Family
24623,F,65,Family
24624,F,34,Family
24625,F,40,Enterprise
24626,M,36,Premium
24627,F,20,Family
24628,F,62,Family
24629,F,42,Family
24630,M,60,Premium
24631,F,54,Enterprise
24632,M,48,Family
24633,M,46,Youth
24634,F,38,Enterprise
24635,M,18,Family
24636,F,38,Enterprise
24637,M,57,Enterprise
24638,M,47,Enterprise
24639,F,52,Family
24640,F,40,Enterprise
24641,F,37,Premium
24642,F,40,Premium
24643,M,44,Youth
24644,M,54,Premium
24645,M,68,Premium
24646,F,53,Premium
24647,M,69,Youth
24648,F,54,Enterprise
24649,M,47,Premium
24650,M,35,Youth
24651,M,69,Premium
24652,F,28,Youth
24653,F,19,Premium
24654,M,24,Premium
24655,F,25,Premium
24656,M,55,Premium
24657,F,45,Enterprise
24658,M,60,Youth
24659,M,67,Family
24660,M,64,Family
24661,M,70,Premium
24662,F,67,Family
24663,M,58,Family
24664,M,60,Youth
24665,M,61,Family
24666,F,36,Family
24667,F,24,Youth
24668,M,50,Premium
24669,M,40,Youth
24670,M,49,Enterprise
24671,M,53,Youth
24672,M,43,Enterprise
24673,M,44,Youth
24674,M,41,Premium
24675,F,34,Youth
24676,M,50,Family
24677,M,43,Family
24678,M,19,Enterprise
24679,F,41,Enterprise
24680,F,35,Premium
24681,F,28,Youth
24682,F,53,Family
24683,F,24,Enterprise
24684,F,49,Youth
24685,F,29,Premium
24686,F,25,Premium
24687,F,39,Enterprise
24688,M,56,Enterprise
24689,F,24,Youth
24690,M,31,Enterprise
24691,F,35,Enterprise
24692,M,63,Youth
24693,M,31,Family
24694,M,26,Premium
24695,F,45,Family
24696,M,64,Enterprise
24697,M,65,Family
24698,F,60,Family
24699,F,44,Family
24700,F,42,Family
24701,M,44,Youth
24702,F,26,Premium
24703,F,70,Enterprise
24704,M,18,Youth
24705,M,64,Youth
24706,F,68,Premium
24707,M,26,Premium
24708,F,28,Premium
24709,M,36,Premium
24710,F,50,Family
24711,M,40,Youth
24712,F,58,Premium
24713,F,42,Youth
24714,F,54,Family
24715,F,68,Youth
24716,F,51,Family
24717,M,37,Enterprise
24718,F,31,Premium
24719,F,44,Family
24720,F,37,Family
24721,F,48,Family
24722,M,49,Enterprise
24723,M,62,Youth
24724,F,20,Enterprise
24725,F,36,Family
24726,M,63,Premium
24727,M,40,Enterprise
24728,F,61,Family
24729,F,38,Youth
24730,F,25,Enterprise
24731,M,57,Family
24732,F,54,Youth
24733,M,68,Youth
24734,M,55,Family
24735,F,39,Youth
24736,M,19,Premium
24737,F,60,Premium
24738,F,49,Family
24739,M,62,Youth
24740,M,24,Youth
24741,M,41,Youth
24742,F,68,Enterprise
24743,M,23,Youth
24744,M,27,Youth
24745,F,36,Youth
24746,M,67,Enterprise
24747,F,22,Family
24748,F,55,Enterprise
24749,F,69,Youth
24750,F,30,Premium
24751,M,40,Family
24752,F,68,Family
24753,M,42,Enterprise
24754,F,52,Enterprise
24755,M,20,Premium
24756,M,61,Enterprise
24757,M,47,Enterprise
24758,M,55,Family
24759,M,38,Enterprise
24760,M,40,Youth
24761,M,42,Premium
24762,F,57,Family
24763,F,19,Family
24764,F,60,Family
24765,F,40,Youth
24766,M,34,Premium
24767,F,60,Premium
24768,M,39,Youth
24769,F,28,Youth
24770,F,40,Premium
24771,F,23,Enterprise
24772,M,67,Premium
24773,F,24,Family
24774,M,42,Enterprise
24775,M,58,Family
24776,M,47,Family
24777,M,36,Premium
24778,F,23,Family
24779,F,30,Premium
24780,M,54,Enterprise
24781,M,67,Premium
24782,M,54,Enterprise
24783,F,19,Youth
24784,M,55,Family
24785,F,46,Enterprise
24786,F,31,Family
24787,M,57,Family
24788,M,39,Youth
24789,M,52,Enterprise
24790,M,44,Premium
24791,F,22,Enterprise
24792,F,38,Family
24793,F,33,Family
24794,F,41,Premium
24795,F,34,Youth
24796,F,29,Family
24797,M,64,Youth
24798,M,52,Family
24799,M,21,Premium
24800,F,31,Enterprise
24801,F,38,Enterprise
24802,F,18,Youth
24803,F,38,Youth
24804,F,30,Enterprise
24805,M,54,Enterprise
24806,M,40,Youth
24807,M,36,Family
24808,F,64,Enterprise
24809,F,29,Enterprise
24810,M,21,Youth
24811,F,37,Premium
24812,M,58,Youth
24813,M,34,Premium
24814,M,48,Premium
24815,F,25,Family
24816,F,45,Enterprise
24817,M,32,Premium
24818,F,67,Premium
24819,F,60,Enterprise
24820,M,50,Premium
24821,M,25,Enterprise
24822,M,61,Premium
24823,F,54,Family
24824,M,40,Youth
24825,F,36,Youth
24826,M,54,Enterprise
24827,F,43,Family
24828,F,63,Premium
24829,M,33,Premium
24830,F,57,Youth
24831,F,28,Enterprise
24832,M,58,Premium
24833,F,32,Premium
24834,F,33,Enterprise
24835,M,63,Family
24836,M,49,Family
24837,F,48,Youth
24838,F,70,Premium
24839,M,52,Enterprise
24840,F,27,Enterprise
24841,M,28,Premium
24842,M,67,Premium
24843,F,65,Enterprise
24844,F,29,Youth
24845,F,36,Youth
24846,M,44,Youth
24847,F,43,Family
24848,M,39,Enterprise
24849,M,62,Youth
24850,F,18,Youth
24851,F,60,Premium
24852,F,69,Enterprise
24853,M,66,Premium
24854,M,39,Premium
24855,F,19,Premium
24856,M,24,Youth
24857,F,48,Enterprise
24858,M,53,Enterprise
24859,M,46,Premium
24860,M,68,Youth
24861,F,64,Enterprise
24862,M,59,Family
24863,F,44,Family
24864,M,19,Enterprise
24865,F,20,Youth
24866,F,34,Family
24867,F,62,Enterprise
24868,F,61,Premium
24869,F,64,Family
24870,F,46,Youth
24871,F,66,Youth
24872,M,38,Enterprise
24873,F,45,Family
24874,M,53,Youth
24875,F,60,Family
24876,F,20,Family
24877,M,40,Youth
24878,F,40,Youth
24879,M,57,Enterprise
24880,F,42,Premium
24881,M,61,Enterprise
24882,F,19,Premium
24883,M,45,Premium
24884,F,63,Youth
24885,F,21,Enterprise
24886,F,51,Youth
24887,M,65,Family
24888,F,62,Family
24889,F,44,Enterprise
24890,M,29,Youth
24891,M,21,Family
24892,M,31,Premium
24893,F,31,Premium
24894,F,51,Family
24895,M,47,Premium
24896,F,55,Premium
24897,F,33,Family
24898,M,48,Enterprise
24899,M,49,Premium
24900,M,52,Premium
24901,F,50,Family
24902,M,33,Youth
24903,M,27,Enterprise
24904,F,36,Premium
24905,M,61,Youth
24906,F,36,Enterprise
24907,M,60,Premium
24908,F,29,Youth
24909,M,44,Youth
24910,M,32,Premium
24911,F,19,Enterprise
24912,M,53,Enterprise
24913,M,65,Premium
24914,F,59,Family
24915,F,43,Youth
24916,F,31,Family
24917,F,30,Premium
24918,F,50,Family
24919,M,53,Enterprise
24920,F,54,Youth
24921,M,21,Family
24922,F,24,Premium
24923,M,54,Enterprise
24924,F,21,Premium
24925,F,51,Premium
24926,M,62,Youth
24927,F,24,Youth
24928,F,44,Premium
24929,F,68,Enterprise
24930,M,41,Premium
24931,M,18,Premium
24932,M,51,Youth
24933,M,28,Premium
24934,M,62,Enterprise
24935,M,34,Family
24936,F,34,Premium
24937,M,39,Enterprise
24938,M,63,Family
24939,M,51,Enterprise
24940,F,46,Family
24941,M,44,Premium
24942,M,54,Youth
24943,F,39,Premium
24944,F,40,Premium
24945,F,39,Family
24946,M,65,Youth
24947,M,29,Enterprise
24948,F,37,Youth
24949,F,60,Enterprise
24950,F,47,Premium
24951,M,65,Family
24952,M,33,Premium
24953,M,54,Premium
24954,M,63,Premium
24955,M,68,Family
24956,F,31,Enterprise
24957,M,68,Premium
24958,M,56,Premium
24959,F,50,Premium
24960,M,60,Youth
24961,F,42,Premium
24962,M,46,Enterprise
24963,F,21,Enterprise
24964,F,26,Premium
24965,M,18,Youth
24966,M,47,Enterprise
24967,F,22,Premium
24968,M,18,Premium
24969,F,18,Enterprise
24970,F,25,Enterprise
24971,M,43,Premium
24972,F,57,Premium
24973,F,34,Enterprise
24974,M,42,Premium
24975,M,45,Youth
24976,F,28,Youth
24977,M,29,Youth
24978,F,67,Enterprise
24979,M,47,Family
24980,F,31,Premium
24981,F,28,Youth
24982,M,57,Family
24983,M,43,Youth
24984,F,26,Premium
24985,M,31,Premium
24986,F,49,Youth
24987,M,68,Youth
24988,F,70,Premium
24989,M,44,Premium
24990,F,30,Family
24991,M,56,Family
24992,M,44,Premium
24993,M,18,Premium
24994,F,29,Youth
24995,F,70,Family
24996,F,27,Enterprise
24997,M,34,Enterprise
24998,F,55,Family
24999,F,29,Enterprise
25000,M,24,Premium
25001,F,41,Youth
25002,M,22,Enterprise
25003,M,36,Enterprise
25004,M,51,Youth
25005,F,32,Youth
25006,F,43,Premium
25007,M,28,Family
25008,F,68,Premium
25009,M,68,Premium
25010,F,41,Family
25011,F,40,Family
25012,F,19,Premium
25013,F,33,Family
25014,F,44,Family
25015,M,61,Family
25016,F,40,Youth
25017,M,20,Family
25018,M,51,Youth
25019,M,21,Premium
25020,F,26,Family
25021,F,25,Enterprise
25022,F,50,Enterprise
25023,M,23,Youth
25024,M,44,Enterprise
25025,M,29,Family
25026,F,28,Youth
25027,F,59,Youth
25028,F,42,Family
25029,M,57,Enterprise
25030,M,22,Premium
25031,M,51,Youth
25032,M,61,Family
25033,F,50,Family
25034,F,60,Enterprise
25035,F,49,Youth
25036,M,38,Family
25037,F,47,Youth
25038,F,51,Family
25039,M,33,Enterprise
25040,F,46,Family
25041,M,44,Family
25042,F,40,Youth
25043,M,22,Family
25044,F,52,Youth
25045,F,37,Premium
25046,F,42,Enterprise
25047,M,41,Premium
25048,M,70,Family
25049,F,40,Family
25050,M,61,Family
25051,M,42,Family
25052,F,42,Family
25053,M,66,Family
25054,M,27,Enterprise
25055,M,66,Youth
25056,M,40,Youth
25057,F,27,Family
25058,M,21,Enterprise
25059,F,43,Premium
25060,M,41,Family
25061,F,65,Enterprise
25062,M,54,Premium
25063,F,63,Family
25064,M,37,Enterprise
25065,F,51,Premium
25066,F,37,Family
25067,M,36,Family
25068,F,27,Family
25069,M,30,Youth
25070,F,44,Premium
25071,F,64,Enterprise
25072,M,68,Premium
25073,M,31,Family
25074,M,31,Premium
25075,F,40,Enterprise
25076,M,53,Premium
25077,M,39,Youth
25078,M,53,Premium
25079,F,70,Youth
25080,F,29,Premium
25081,F,55,Family
25082,M,51,Youth
25083,M,68,Youth
25084,F,26,Family
25085,M,58,Premium
25086,M,35,Premium
25087,F,26,Family
25088,F,26,Enterprise
25089,M,38,Enterprise
25090,F,18,Premium
25091,M,29,Enterprise
25092,F,54,Premium
25093,F,60,Youth
25094,M,20,Premium
25095,M,23,Family
25096,M,38,Youth
25097,F,62,Youth
25098,F,54,Youth
25099,F,25,Enterprise
25100,M,55,Youth
25101,M,30,Enterprise
25102,M,38,Premium
25103,F,42,Enterprise
25104,F,54,Youth
25105,F,49,Enterprise
25106,M,24,Youth
25107,M,49,Premium
25108,M,67,Premium
25109,F,38,Family
25110,F,31,Youth
25111,M,50,Family
25112,F,65,Youth
25113,M,46,Enterprise
25114,M,22,Premium
25115,F,64,Family
25116,F,18,Family
25117,M,25,Premium
25118,M,52,Youth
25119,M,35,Enterprise
25120,M,48,Enterprise
25121,M,32,Youth
25122,M,39,Premium
25123,M,68,Premium
25124,F,39,Premium
25125,F,50,Enterprise
25126,F,56,Premium
25127,F,29,Youth
25128,F,70,Youth
25129,F,55,Premium
25130,M,61,Family
25131,F,52,Family
25132,F,42,Premium
25133,M,40,Premium
25134,M,31,Youth
25135,M,29,Family
25136,M,46,Premium
25137,F,22,Family
25138,M,39,Family
25139,F,57,Enterprise
25140,F,29,Youth
25141,F,68,Enterprise
25142,M,67,Premium
25143,F,65,Premium
25144,F,34,Youth
25145,M,36,Youth
25146,M,35,Family
25147,F,46,Enterprise
25148,F,70,Family
25149,F,46,Premium
25150,F,27,Family
25151,M,49,Premium
25152,F,19,Family
25153,M,35,Youth
25154,M,61,Youth
25155,F,69,Enterprise
25156,M,27,Family
25157,F,50,Premium
25158,M,48,Enterprise
25159,M,38,Enterprise
25160,M,55,Family
25161,M,52,Premium
25162,F,52,Premium
25163,M,63,Youth
25164,F,65,Premium
25165,M,62,Enterprise
25166,M,66,Premium
25167,F,30,Family
25168,M,49,Premium
25169,M,56,Family
25170,F,24,Enterprise
25171,M,55,Enterprise
25172,M,27,Premium
25173,M,61,Enterprise
25174,F,50,Enterprise
25175,F,58,Premium
25176,M,36,Youth
25177,F,22,Youth
25178,M,18,Family
25179,F,19,Enterprise
25180,F,48,Enterprise
25181,M,47,Youth
25182,F,35,Family
25183,M,37,Family
25184,M,38,Family
25185,M,61,Premium
25186,F,21,Youth
25187,F,32,Premium
25188,F,55,Premium
25189,F,68,Family
25190,M,68,Enterprise
25191,M,70,Family
25192,M,28,Family
25193,F,59,Enterprise
25194,F,35,Youth
25195,F,57,Enterprise
25196,F,61,Enterprise
25197,F,23,Family
25198,M,56,Youth
25199,M,29,Family
25200,M,43,Youth
25201,M,36,Enterprise
25202,M,46,Family
25203,M,66,Family
25204,M,24,Enterprise
25205,F,44,Family
25206,M,66,Enterprise
25207,M,64,Premium
25208,F,20,Premium
25209,F,47,Enterprise
25210,M,60,Youth
25211,F,25,Youth
25212,M,48,Family
25213,M,27,Enterprise
25214,F,39,Enterprise
25215,M,39,Premium
25216,F,24,Family
25217,M,36,Family
25218,M,45,Family
25219,F,67,Family
25220,F,50,Family
25221,M,58,Youth
25222,M,54,Family
25223,F,46,Enterprise
25224,F,58,Family
25225,M,68,Youth
25226,M,63,Youth
25227,M,45,Youth
25228,F,22,Youth
25229,F,55,Enterprise
25230,M,33,Premium
25231,M,47,Youth
25232,M,66,Premium
25233,F,26,Youth
25234,F,28,Family
25235,M,19,Family
25236,F,55,Enterprise
25237,F,50,Family
25238,M,57,Enterprise
25239,M,24,Family
25240,F,32,Premium
25241,F,51,Premium
25242,F,64,Enterprise
25243,M,43,Family
25244,F,68,Youth
25245,M,49,Youth
25246,M,49,Youth
25247,M,37,Enterprise
25248,F,64,Family
25249,F,35,Premium
25250,M,49,Premium
25251,F,45,Youth
25252,M,26,Family
25253,F,23,Enterprise
25254,F,38,Premium
25255,F,18,Premium
25256,M,58,Premium
25257,F,58,Premium
25258,F,27,Family
25259,M,52,Premium
25260,F,54,Family
25261,F,32,Enterprise
25262,F,69,Premium
25263,M,23,Enterprise
25264,F,51,Enterprise
25265,F,60,Family
25266,M,43,Youth
25267,F,35,Premium
25268,F,37,Premium
25269,M,20,Premium
25270,M,56,Enterprise
25271,F,68,Family
25272,F,26,Family
25273,M,62,Enterprise
25274,M,41,Premium
25275,F,54,Premium
25276,F,43,Family
25277,F,46,Youth
25278,F,56,Premium
25279,M,63,Premium
25280,F,68,Youth
25281,M,51,Youth
25282,F,32,Premium
25283,M,52,Premium
25284,F,65,Enterprise
25285,M,27,Enterprise
25286,M,43,Family
25287,M,62,Premium
25288,M,64,Premium
25289,F,56,Family
25290,F,28,Youth
25291,M,70,Premium
25292,F,35,Youth
25293,M,26,Enterprise
25294,M,22,Family
25295,F,61,Premium
25296,F,51,Family
25297,F,26,Family
25298,F,39,Premium
25299,M,63,Premium
25300,M,44,Youth
25301,F,55,Family
25302,F,59,Premium
25303,F,34,Premium
25304,M,34,Youth
25305,F,32,Enterprise
25306,F,26,Youth
25307,M,45,Family
25308,F,21,Enterprise
25309,M,46,Youth
25310,M,23,Enterprise
25311,F,30,Enterprise
25312,F,51,Premium
25313,M,25,Youth
25314,F,65,Youth
25315,F,41,Family
25316,F,37,Family
25317,F,43,Premium
25318,M,54,Youth
25319,F,44,Enterprise
25320,M,21,Enterprise
25321,F,22,Premium
25322,F,57,Enterprise
25323,M,37,Family
25324,F,60,Premium
25325,F,51,Family
25326,M,36,Youth
25327,F,51,Enterprise
25328,F,60,Enterprise
25329,F,43,Premium
25330,F,24,Premium
25331,M,61,Premium
25332,M,35,Family
25333,F,57,Family
25334,M,67,Premium
25335,M,60,Premium
25336,F,26,Family
25337,M,70,Family
25338,F,46,Youth
25339,M,35,Family
25340,F,55,Family
25341,M,40,Family
25342,F,58,Family
25343,F,47,Enterprise
25344,F,66,Youth
25345,F,37,Premium
25346,M,29,Family
25347,M,47,Premium
25348,M,51,Youth
25349,F,44,Premium
25350,M,66,Youth
25351,M,49,Family
25352,M,64,Enterprise
25353,F,60,Youth
25354,F,36,Family
25355,F,27,Enterprise
25356,M,39,Youth
25357,M,43,Family
25358,F,54,Youth
25359,M,23,Premium
25360,M,69,Enterprise
25361,M,66,Enterprise
25362,M,63,Enterprise
25363,F,23,Family
25364,F,67,Family
25365,F,35,Youth
25366,F,32,Family
25367,F,40,Family
25368,M,36,Family
25369,F,64,Enterprise
25370,M,56,Family
25371,F,26,Youth
25372,M,21,Enterprise
25373,M,62,Enterprise
25374,F,70,Enterprise
25375,F,22,Youth
25376,F,54,Family
25377,M,61,Youth
25378,F,27,Family
25379,M,61,Youth
25380,M,49,Youth
25381,M,63,Enterprise
25382,M,53,Family
25383,F,23,Enterprise
25384,M,25,Premium
25385,M,56,Enterprise
25386,F,40,Youth
25387,M,44,Family
25388,M,64,Family
25389,F,23,Enterprise
25390,M,70,Youth
25391,F,39,Premium
25392,F,60,Youth
25393,F,38,Premium
25394,M,46,Premium
25395,F,67,Enterprise
25396,M,49,Youth
25397,F,33,Family
25398,F,58,Youth
25399,F,50,Premium
25400,F,32,Premium
25401,F,20,Enterprise
25402,F,57,Family
25403,M,62,Family
25404,F,43,Youth
25405,M,67,Family
25406,F,34,Premium
25407,F,59,Premium
25408,M,34,Family
25409,M,52,Premium
25410,M,35,Youth
25411,M,50,Family
25412,M,70,Family
25413,F,53,Premium
25414,F,21,Youth
25415,M,41,Youth
25416,F,28,Premium
25417,M,48,Enterprise
25418,F,46,Premium
25419,M,31,Enterprise
25420,F,24,Family
25421,M,28,Premium
25422,F,34,Enterprise
25423,F,28,Enterprise
25424,M,40,Family
25425,M,70,Premium
25426,F,70,Family
25427,M,68,Premium
25428,F,61,Premium
25429,F,63,Enterprise
25430,M,59,Family
25431,M,29,Enterprise
25432,M,54,Premium
25433,M,64,Family
25434,F,55,Youth
25435,F,60,Family
25436,M,47,Premium
25437,F,65,Premium
25438,F,33,Family
25439,M,42,Youth
25440,M,52,Youth
25441,F,41,Youth
25442,F,25,Premium
25443,M,29,Enterprise
25444,F,51,Family
25445,M,25,Family
25446,M,53,Family
25447,F,30,Youth
25448,M,53,Youth
25449,F,64,Enterprise
25450,M,58,Enterprise
25451,M,18,Family
25452,F,24,Premium
25453,F,26,Youth
25454,M,37,Premium
25455,F,46,Youth
25456,F,44,Family
25457,M,21,Enterprise
25458,F,50,Enterprise
25459,M,38,Family
25460,F,20,Family
25461,M,31,Youth
25462,M,63,Family
25463,F,39,Enterprise
25464,F,41,Premium
25465,F,63,Youth
25466,F,41,Enterprise
25467,M,49,Youth
25468,F,68,Family
25469,F,60,Premium
25470,F,69,Enterprise
25471,M,32,Premium
25472,M,67,Premium
25473,M,36,Premium
25474,M,18,Family
25475,M,31,Youth
25476,M,61,Youth
25477,M,51,Premium
25478,M,60,Enterprise
25479,M,34,Family
25480,F,45,Premium
25481,F,55,Premium
25482,F,27,Family
25483,M,35,Premium
25484,M,57,Youth
25485,F,45,Enterprise
25486,M,56,Youth
25487,F,63,Enterprise
25488,M,62,Youth
25489,F,37,Youth
25490,M,65,Premium
25491,F,40,Youth
25492,F,30,Family
25493,M,32,Enterprise
25494,F,25,Premium
25495,M,22,Family
25496,F,52,Youth
25497,M,67,Family
25498,F,53,Enterprise
25499,F,52,Family
25500,M,18,Family
25501,F,24,Enterprise
25502,F,40,Enterprise
25503,M,60,Enterprise
25504,M,46,Family
25505,M,61,Enterprise
25506,M,49,Enterprise
25507,M,43,Premium
25508,M,21,Enterprise
25509,F,30,Premium
25510,F,28,Family
25511,F,64,Youth
25512,M,68,Enterprise
25513,M,63,Youth
25514,F,19,Enterprise
25515,F,61,Family
25516,M,31,Family
25517,F,43,Family
25518,M,64,Family
25519,M,61,Enterprise
25520,M,63,Family
25521,M,61,Youth
25522,M,43,Youth
25523,F,61,Family
25524,F,69,Youth
25525,M,46,Family
25526,M,68,Youth
25527,F,20,Youth
25528,F,57,Family
25529,M,34,Premium
25530,M,27,Youth
25531,F,70,Family
25532,F,38,Enterprise
25533,M,66,Family
25534,F,43,Youth
25535,M,51,Enterprise
25536,F,64,Premium
25537,M,40,Youth
25538,M,66,Enterprise
25539,M,29,Enterprise
25540,F,59,Youth
25541,F,66,Youth
25542,M,53,Youth
25543,M,53,Youth
25544,M,65,Youth
25545,F,38,Youth
25546,M,23,Enterprise
25547,M,37,Enterprise
25548,M,55,Enterprise
25549,F,53,Enterprise
25550,M,41,Enterprise
25551,M,55,Enterprise
25552,F,53,Youth
25553,F,25,Youth
25554,M,38,Premium
25555,M,62,Premium
25556,F,66,Premium
25557,M,23,Enterprise
25558,F,61,Enterprise
25559,F,49,Family
25560,F,39,Youth
25561,F,28,Premium
25562,M,31,Enterprise
25563,F,37,Family
25564,M,64,Family
25565,M,46,Enterprise
25566,M,49,Premium
25567,M,41,Family
25568,F,33,Premium
25569,M,24,Enterprise
25570,F,65,Family
25571,M,51,Enterprise
25572,F,42,Premium
25573,M,27,Premium
25574,M,38,Enterprise
25575,F,65,Youth
25576,M,68,Family
25577,F,27,Premium
25578,M,31,Enterprise
25579,M,65,Premium
25580,M,62,Youth
25581,M,68,Premium
25582,F,22,Premium
25583,M,57,Premium
25584,M,37,Family
25585,M,67,Family
25586,M,31,Enterprise
25587,F,60,Enterprise
25588,F,45,Family
25589,M,19,Enterprise
25590,M,35,Premium
25591,F,67,Enterprise
25592,F,55,Premium
25593,M,66,Premium
25594,F,24,Enterprise
25595,M,23,Enterprise
25596,M,31,Premium
25597,F,65,Family
25598,F,33,Enterprise
25599,F,49,Enterprise
25600,M,65,Youth
25601,F,49,Enterprise
25602,M,69,Enterprise
25603,F,43,Premium
25604,F,61,Enterprise
25605,M,43,Youth
25606,F,63,Premium
25607,F,65,Enterprise
25608,F,70,Youth
25609,F,27,Youth
25610,M,39,Youth
25611,F,35,Premium
25612,M,66,Youth
25613,F,33,Enterprise
25614,F,62,Enterprise
25615,M,54,Youth
25616,F,45,Youth
25617,M,39,Enterprise
25618,F,69,Enterprise
25619,F,35,Premium
25620,M,22,Enterprise
25621,M,30,Premium
25622,M,70,Youth
25623,M,56,Youth
25624,F,64,Enterprise
25625,F,23,Premium
25626,F,41,Youth
25627,F,47,Enterprise
25628,M,62,Enterprise
25629,F,45,Family
25630,F,26,Youth
25631,M,36,Family
25632,M,58,Family
25633,M,61,Enterprise
25634,M,40,Youth
25635,M,28,Enterprise
25636,M,32,Premium
25637,M,46,Premium
25638,F,39,Family
25639,F,53,Youth
25640,M,19,Premium
25641,M,24,Youth
25642,M,18,Family
25643,M,24,Youth
25644,F,69,Enterprise
25645,M,21,Youth
25646,F,66,Premium
25647,M,38,Youth
25648,M,38,Enterprise
25649,M,58,Youth
25650,M,19,Family
25651,F,64,Enterprise
25652,F,58,Youth
25653,F,59,Premium
25654,F,44,Enterprise
25655,M,27,Youth
25656,F,23,Youth
25657,F,40,Enterprise
25658,F,39,Enterprise
25659,M,66,Enterprise
25660,F,42,Premium
25661,M,23,Family
25662,M,28,Family
25663,M,21,Premium
25664,F,70,Family
25665,F,48,Premium
25666,M,25,Enterprise
25667,F,68,Premium
25668,M,33,Enterprise
25669,F,48,Youth
25670,F,68,Enterprise
25671,M,50,Family
25672,F,33,Family
25673,M,34,Enterprise
25674,M,58,Enterprise
25675,M,61,Youth
25676,M,46,Youth
25677,F,49,Premium
25678,F,40,Youth
25679,M,20,Enterprise
25680,F,31,Premium
25681,M,48,Family
25682,F,37,Premium
25683,M,60,Family
25684,F,27,Enterprise
25685,F,36,Family
25686,M,20,Youth
25687,F,60,Enterprise
25688,F,51,Enterprise
25689,M,70,Youth
25690,F,63,Enterprise
25691,M,49,Youth
25692,F,68,Premium
25693,M,33,Premium
25694,M,29,Family
25695,F,45,Youth
25696,F,39,Premium
25697,M,20,Family
25698,F,42,Premium
25699,F,54,Youth
25700,M,34,Enterprise
25701,F,36,Premium
25702,M,67,Family
25703,F,29,Family
25704,F,48,Family
25705,M,53,Family
25706,M,26,Family
25707,F,42,Enterprise
25708,F,60,Youth
25709,F,37,Premium
25710,F,54,Enterprise
25711,F,64,Family
25712,M,45,Premium
25713,M,42,Enterprise
25714,F,36,Enterprise
25715,M,26,Youth
25716,F,35,Youth
25717,F,45,Family
25718,F,59,Youth
25719,M,38,Youth
25720,M,18,Youth
25721,F,66,Family
25722,M,28,Premium
25723,M,23,Enterprise
25724,M,64,Family
25725,M,44,Family
25726,F,62,Youth
25727,M,51,Enterprise
25728,M,65,Enterprise
25729,F,26,Family
25730,M,28,Family
25731,F,35,Premium
25732,M,48,Family
25733,F,30,Youth
25734,M,31,Youth
25735,F,46,Family
25736,F,35,Enterprise
25737,F,37,Premium
25738,M,54,Family
25739,M,45,Youth
25740,M,69,Premium
25741,M,48,Premium
25742,F,68,Family
25743,M,19,Family
25744,M,61,Youth
25745,M,25,Youth
25746,M,18,Premium
25747,F,34,Family
25748,M,70,Premium
25749,M,34,Premium
25750,F,24,Family
25751,F,47,Family
25752,M,57,Youth
25753,M,30,Premium
25754,M,33,Family
25755,F,25,Family
25756,F,21,Premium
25757,F,48,Premium
25758,M,26,Premium
25759,M,19,Premium
25760,F,47,Family
25761,M,20,Enterprise
25762,F,21,Premium
25763,F,39,Enterprise
25764,F,24,Family
25765,M,58,Youth
25766,F,66,Youth
25767,F,58,Family
25768,M,66,Youth
25769,F,31,Enterprise
25770,M,30,Family
25771,M,23,Enterprise
25772,F,26,Family
25773,F,70,Enterprise
25774,F,49,Youth
25775,M,56,Family
25776,M,31,Youth
25777,F,43,Youth
25778,M,52,Youth
25779,F,45,Premium
25780,F,27,Premium
25781,F,38,Enterprise
25782,M,33,Premium
25783,F,45,Premium
25784,F,44,Youth
25785,M,56,Family
25786,F,53,Family
25787,F,69,Premium
25788,F,42,Enterprise
25789,M,18,Premium
25790,F,55,Youth
25791,F,33,Enterprise
25792,F,59,Enterprise
25793,F,41,Youth
25794,F,64,Enterprise
25795,M,52,Premium
25796,F,34,Enterprise
25797,F,28,Youth
25798,F,27,Premium
25799,F,70,Youth
25800,F,49,Family
25801,F,52,Family
25802,F,55,Premium
25803,M,39,Premium
25804,M,18,Enterprise
25805,M,55,Youth
25806,M,43,Family
25807,F,61,Family
25808,F,60,Premium
25809,M,58,Enterprise
25810,F,26,Youth
25811,F,23,Premium
25812,F,38,Premium
25813,F,67,Premium
25814,F,23,Enterprise
25815,M,60,Youth
25816,F,28,Family
25817,M,59,Youth
25818,F,23,Premium
25819,M,47,Enterprise
25820,F,20,Youth
25821,F,32,Youth
25822,M,52,Family
25823,M,36,Family
25824,F,26,Family
25825,F,45,Youth
25826,M,45,Enterprise
25827,F,29,Family
25828,F,56,Enterprise
25829,M,31,Youth
25830,M,46,Premium
25831,F,27,Family
25832,F,21,Family
25833,M,35,Family
25834,F,44,Premium
25835,M,24,Family
25836,F,60,Family
25837,F,47,Family
25838,F,49,Enterprise
25839,M,26,Youth
25840,F,33,Enterprise
25841,F,28,Family
25842,F,67,Enterprise
25843,M,38,Family
25844,M,65,Premium
25845,M,40,Premium
25846,M,55,Premium
25847,F,59,Premium
25848,F,18,Premium
25849,M,63,Premium
25850,M,55,Family
25851,M,25,Youth
25852,F,62,Family
25853,F,32,Family
25854,F,22,Premium
25855,F,56,Youth
25856,M,39,Family
25857,M,18,Premium
25858,M,39,Youth
25859,M,70,Family
25860,M,57,Family
25861,M,28,Enterprise
25862,M,29,Family
25863,M,19,Family
25864,M,28,Family
25865,F,24,Family
25866,F,28,Enterprise
25867,M,59,Premium
25868,F,46,Enterprise
25869,F,24,Premium
25870,M,23,Family
25871,F,46,Family
25872,M,55,Family
25873,M,52,Youth
25874,M,38,Youth
25875,M,70,Family
25876,M,68,Premium
25877,F,22,Premium
25878,F,42,Youth
25879,M,53,Youth
25880,F,28,Enterprise
25881,M,22,Premium
25882,M,55,Premium
25883,M,55,Youth
25884,M,46,Youth
25885,F,44,Youth
25886,F,61,Premium
25887,F,18,Family
25888,F,60,Family
25889,F,56,Premium
25890,F,43,Premium
25891,F,58,Youth
25892,M,46,Youth
25893,M,29,Youth
25894,F,48,Family
25895,M,35,Youth
25896,F,33,Enterprise
25897,M,37,Enterprise
25898,F,32,Youth
25899,M,18,Premium
25900,F,39,Family
25901,F,26,Enterprise
25902,F,53,Youth
25903,F,25,Youth
25904,F,69,Premium
25905,M,52,Enterprise
25906,F,64,Youth
25907,M,49,Premium
25908,F,19,Enterprise
25909,F,47,Youth
25910,M,27,Enterprise
25911,F,55,Enterprise
25912,M,32,Premium
25913,M,35,Premium
25914,M,30,Family
25915,M,47,Premium
25916,M,29,Youth
25917,M,19,Enterprise
25918,F,67,Premium
25919,M,33,Enterprise
25920,M,65,Family
25921,F,63,Enterprise
25922,M,22,Premium
25923,F,56,Youth
25924,F,29,Youth
25925,F,24,Premium
25926,F,58,Family
25927,F,45,Premium
25928,M,66,Family
25929,M,24,Family
25930,M,43,Premium
25931,M,30,Family
25932,F,51,Enterprise
25933,F,61,Family
25934,F,63,Youth
25935,M,51,Youth
25936,M,43,Enterprise
25937,M,37,Premium
25938,F,29,Enterprise
25939,F,28,Premium
25940,M,28,Youth
25941,M,41,Enterprise
25942,F,22,Youth
25943,F,41,Family
25944,M,19,Youth
25945,F,62,Premium
25946,F,19,Family
25947,M,70,Youth
25948,M,64,Youth
25949,F,62,Youth
25950,M,24,Youth
25951,M,70,Premium
25952,M,50,Family
25953,F,26,Family
25954,M,39,Youth
25955,F,62,Premium
25956,M,22,Youth
25957,M,21,Family
25958,M,28,Enterprise
25959,F,34,Youth
25960,F,27,Family
25961,M,69,Premium
25962,M,47,Enterprise
25963,M,37,Family
25964,F,64,Premium
25965,M,24,Youth
25966,F,52,Youth
25967,M,18,Premium
25968,M,43,Youth
25969,M,64,Family
25970,M,60,Youth
25971,F,62,Premium
25972,M,47,Youth
25973,M,33,Premium
25974,M,61,Premium
25975,F,64,Family
25976,F,27,Youth
25977,F,69,Enterprise
25978,F,54,Premium
25979,F,65,Family
25980,F,68,Family
25981,F,30,Family
25982,F,62,Youth
25983,F,20,Premium
25984,F,70,Family
25985,M,55,Premium
25986,F,34,Family
25987,M,55,Family
25988,F,70,Youth
25989,M,33,Enterprise
25990,F,26,Enterprise
25991,F,61,Premium
25992,F,56,Premium
25993,F,37,Family
25994,M,60,Family
25995,M,50,Enterprise
25996,F,19,Enterprise
25997,F,57,Premium
25998,M,20,Youth
25999,M,26,Premium
26000,M,58,Enterprise
26001,M,62,Youth
26002,M,69,Premium
26003,M,66,Enterprise
26004,F,30,Enterprise
26005,M,21,Family
26006,F,27,Family
26007,F,22,Family
26008,F,58,Enterprise
26009,M,37,Family
26010,M,59,Enterprise
26011,F,19,Premium
26012,M,25,Youth
26013,M,23,Youth
26014,M,66,Youth
26015,M,46,Family
26016,F,21,Youth
26017,M,67,Youth
26018,M,58,Youth
26019,M,55,Enterprise
26020,M,45,Youth
26021,F,56,Family
26022,M,56,Youth
26023,M,27,Family
26024,M,40,Premium
26025,M,23,Enterprise
26026,M,28,Enterprise
26027,M,19,Premium
26028,M,67,Family
26029,M,54,Family
26030,M,61,Family
26031,M,50,Enterprise
26032,M,35,Youth
26033,F,39,Family
26034,F,49,Enterprise
26035,M,18,Youth
26036,F,68,Youth
26037,M,52,Enterprise
26038,F,34,Enterprise
26039,M,44,Enterprise
26040,F,46,Youth
26041,F,64,Family
26042,M,48,Family
26043,M,56,Family
26044,F,53,Premium
26045,F,59,Enterprise
26046,M,35,Enterprise
26047,M,69,Family
26048,M,18,Family
26049,F,65,Premium
26050,M,20,Enterprise
26051,F,58,Premium
26052,F,40,Enterprise
26053,M,21,Enterprise
26054,F,46,Enterprise
26055,F,33,Family
26056,M,45,Premium
26057,F,25,Family
26058,M,65,Family
26059,F,39,Family
26060,M,21,Family
26061,F,41,Family
26062,F,34,Youth
26063,M,25,Premium
26064,M,54,Premium
26065,F,39,Family
26066,M,54,Youth
26067,F,68,Youth
26068,M,38,Family
26069,M,35,Premium
26070,F,62,Premium
26071,M,51,Premium
26072,M,33,Enterprise
26073,F,23,Enterprise
26074,M,33,Family
26075,M,40,Premium
26076,F,37,Enterprise
26077,M,39,Family
26078,M,40,Family
26079,M,67,Family
26080,F,50,Enterprise
26081,M,46,Family
26082,M,43,Enterprise
26083,F,51,Enterprise
26084,M,44,Family
26085,F,21,Premium
26086,F,28,Enterprise
26087,F,59,Enterprise
26088,M,24,Youth
26089,M,60,Enterprise
26090,F,37,Youth
26091,F,66,Family
26092,F,55,Family
26093,M,21,Enterprise
26094,F,56,Premium
26095,M,66,Youth
26096,M,27,Enterprise
26097,F,60,Youth
26098,M,34,Youth
26099,F,25,Family
26100,F,65,Youth
26101,F,26,Premium
26102,F,50,Family
26103,F,34,Youth
26104,F,35,Enterprise
26105,M,48,Family
26106,F,26,Premium
26107,M,61,Youth
26108,M,32,Youth
26109,M,61,Premium
26110,F,37,Premium
26111,F,50,Youth
26112,M,67,Youth
26113,M,65,Premium
26114,F,45,Youth
26115,F,39,Youth
26116,F,18,Enterprise
26117,F,50,Enterprise
26118,F,53,Premium
26119,F,35,Family
26120,M,70,Enterprise
26121,F,37,Enterprise
26122,M,42,Family
26123,M,56,Family
26124,M,69,Youth
26125,F,27,Youth
26126,M,42,Premium
26127,F,40,Enterprise
26128,F,56,Enterprise
26129,M,61,Enterprise
26130,M,61,Family
26131,M,30,Premium
26132,F,21,Premium
26133,M,56,Enterprise
26134,F,59,Family
26135,F,60,Family
26136,M,61,Family
26137,M,50,Premium
26138,F,68,Family
26139,F,37,Enterprise
26140,F,31,Premium
26141,F,18,Enterprise
26142,M,21,Youth
26143,M,39,Youth
26144,M,63,Premium
26145,M,60,Enterprise
26146,M,44,Youth
26147,M,27,Premium
26148,M,43,Premium
26149,F,58,Youth
26150,F,64,Premium
26151,M,37,Premium
26152,M,22,Family
26153,M,67,Enterprise
26154,F,25,Premium
26155,M,60,Premium
26156,M,49,Family
26157,M,33,Youth
26158,M,70,Family
26159,F,18,Enterprise
26160,M,21,Youth
26161,F,51,Youth
26162,F,64,Premium
26163,M,59,Youth
26164,F,30,Premium
26165,M,52,Premium
26166,F,69,Enterprise
26167,F,25,Youth
26168,F,18,Enterprise
26169,F,50,Premium
26170,M,35,Premium
26171,F,67,Family
26172,F,68,Family
26173,F,42,Youth
26174,F,62,Youth
26175,M,52,Premium
26176,M,58,Premium
26177,M,32,Premium
26178,M,40,Youth
26179,M,25,Family
26180,F,55,Enterprise
26181,M,43,Youth
26182,F,44,Enterprise
26183,F,18,Youth
26184,M,51,Enterprise
26185,F,66,Enterprise
26186,F,20,Family
26187,F,31,Premium
26188,F,52,Youth
26189,F,48,Youth
26190,F,51,Youth
26191,M,50,Enterprise
26192,M,51,Family
26193,M,46,Family
26194,F,44,Family
26195,M,28,Youth
26196,F,46,Enterprise
26197,F,27,Youth
26198,M,58,Family
26199,M,58,Premium
26200,F,38,Premium
26201,F,32,Youth
26202,M,57,Youth
26203,F,59,Enterprise
26204,F,26,Premium
26205,F,64,Youth
26206,M,28,Family
26207,M,36,Enterprise
26208,F,45,Family
26209,M,57,Enterprise
26210,M,52,Enterprise
26211,F,38,Enterprise
26212,M,29,Youth
26213,F,49,Youth
26214,F,47,Family
26215,F,70,Premium
26216,M,55,Premium
26217,F,28,Youth
26218,M,66,Family
26219,F,46,Family
26220,F,66,Family
26221,F,56,Premium
26222,F,36,Premium
26223,F,44,Family
26224,F,52,Youth
26225,F,19,Premium
26226,F,23,Family
26227,F,58,Youth
26228,F,34,Premium
26229,M,64,Family
26230,M,50,Family
26231,F,64,Enterprise
26232,F,29,Youth
26233,F,67,Family
26234,M,62,Family
26235,F,21,Enterprise
26236,F,40,Family
26237,F,46,Family
26238,M,70,Premium
26239,F,19,Family
26240,M,44,Youth
26241,M,51,Family
26242,F,70,Enterprise
26243,M,24,Youth
26244,M,54,Youth
26245,M,56,Premium
26246,M,60,Family
26247,F,63,Family
26248,F,39,Youth
26249,M,40,Family
26250,F,61,Enterprise
26251,F,18,Family
26252,F,65,Youth
26253,M,26,Enterprise
26254,F,21,Enterprise
26255,M,61,Youth
26256,F,46,Premium
26257,F,21,Family
26258,F,50,Youth
26259,F,26,Family
26260,F,43,Youth
26261,F,63,Family
26262,M,30,Family
26263,M,28,Premium
26264,F,33,Family
26265,M,48,Family
26266,F,42,Family
26267,M,39,Premium
26268,M,60,Enterprise
26269,M,54,Premium
26270,F,58,Youth
26271,F,54,Premium
26272,F,62,Youth
26273,M,21,Family
26274,F,46,Youth
26275,F,35,Family
26276,M,54,Premium
26277,M,67,Youth
26278,F,57,Youth
26279,F,33,Family
26280,F,31,Youth
26281,M,22,Youth
26282,F,20,Youth
26283,F,39,Premium
26284,F,48,Youth
26285,M,23,Premium
26286,F,54,Family
26287,M,37,Youth
26288,F,61,Enterprise
26289,F,51,Family
26290,F,64,Youth
26291,F,51,Family
26292,M,23,Youth
26293,F,67,Enterprise
26294,M,25,Premium
26295,M,53,Premium
26296,F,63,Family
26297,M,52,Family
26298,F,44,Family
26299,M,67,Premium
26300,F,45,Youth
26301,M,35,Enterprise
26302,F,55,Premium
26303,F,42,Enterprise
26304,M,49,Enterprise
26305,F,69,Family
26306,M,36,Enterprise
26307,F,56,Premium
26308,F,32,Enterprise
26309,M,26,Premium
26310,M,66,Youth
26311,M,47,Youth
26312,F,54,Family
26313,F,40,Youth
26314,M,49,Family
26315,F,44,Family
26316,F,49,Enterprise
26317,F,37,Family
26318,F,39,Premium
26319,M,32,Enterprise
26320,M,50,Enterprise
26321,M,61,Premium
26322,M,62,Family
26323,F,42,Enterprise
26324,F,18,Youth
26325,M,39,Enterprise
26326,F,49,Premium
26327,F,24,Family
26328,M,20,Family
26329,M,59,Premium
26330,M,66,Youth
26331,M,33,Family
26332,M,49,Family
26333,M,37,Premium
26334,M,58,Enterprise
26335,M,28,Enterprise
26336,F,34,Youth
26337,M,69,Family
26338,M,61,Family
26339,M,19,Premium
26340,M,45,Enterprise
26341,F,24,Youth
26342,M,55,Premium
26343,M,33,Family
26344,M,61,Premium
26345,F,29,Family
26346,F,38,Youth
26347,F,45,Youth
26348,F,28,Family
26349,F,23,Family
26350,F,70,Premium
26351,F,70,Youth
26352,F,20,Enterprise
26353,M,23,Premium
26354,F,35,Enterprise
26355,F,37,Premium
26356,M,26,Enterprise
26357,F,32,Youth
26358,F,30,Premium
26359,F,49,Youth
26360,M,22,Youth
26361,M,57,Enterprise
26362,M,62,Youth
26363,F,45,Premium
26364,M,67,Youth
26365,M,37,Enterprise
26366,M,66,Family
26367,M,70,Enterprise
26368,F,27,Premium
26369,F,23,Enterprise
26370,M,68,Family
26371,M,28,Family
26372,F,60,Premium
26373,M,20,Premium
26374,M,53,Family
26375,M,35,Premium
26376,F,70,Family
26377,M,61,Family
26378,M,36,Family
26379,M,18,Youth
26380,F,51,Youth
26381,F,34,Premium
26382,F,37,Enterprise
26383,F,66,Family
26384,F,59,Family
26385,F,64,Youth
26386,M,50,Family
26387,M,37,Premium
26388,M,22,Enterprise
26389,M,43,Enterprise
26390,M,59,Family
26391,M,64,Enterprise
26392,F,51,Family
26393,M,38,Premium
26394,F,39,Youth
26395,F,69,Youth
26396,F,46,Enterprise
26397,F,53,Youth
26398,F,27,Premium
26399,F,51,Enterprise
26400,F,62,Premium
26401,F,70,Premium
26402,F,48,Enterprise
26403,M,58,Premium
26404,M,55,Youth
26405,F,60,Youth
26406,M,58,Youth
26407,F,61,Youth
26408,F,40,Enterprise
26409,F,44,Family
26410,M,42,Family
26411,F,37,Family
26412,M,51,Enterprise
26413,F,52,Enterprise
26414,M,62,Enterprise
26415,F,24,Premium
26416,F,42,Youth
26417,F,42,Family
26418,M,58,Premium
26419,F,26,Family
26420,M,63,Premium
26421,M,19,Premium
26422,F,67,Family
26423,M,47,Premium
26424,F,64,Enterprise
26425,M,64,Enterprise
26426,F,37,Family
26427,M,27,Enterprise
26428,F,53,Family
26429,M,63,Premium
26430,M,69,Enterprise
26431,M,49,Family
26432,M,49,Premium
26433,M,37,Youth
26434,M,58,Enterprise
26435,F,68,Premium
26436,F,66,Enterprise
26437,F,64,Enterprise
26438,F,52,Family
26439,F,61,Enterprise
26440,F,42,Premium
26441,M,19,Premium
26442,M,65,Family
26443,M,20,Youth
26444,F,39,Enterprise
26445,F,27,Family
26446,F,49,Family
26447,M,56,Enterprise
26448,F,40,Family
26449,F,22,Enterprise
26450,M,60,Premium
26451,M,47,Youth
26452,M,36,Premium
26453,M,66,Youth
26454,M,56,Premium
26455,F,20,Youth
26456,F,63,Youth
26457,F,24,Family
26458,F,62,Youth
26459,M,36,Premium
26460,F,29,Youth
26461,F,69,Premium
26462,M,63,Youth
26463,F,59,Premium
26464,F,48,Enterprise
26465,M,44,Premium
26466,F,33,Enterprise
26467,F,45,Family
26468,M,28,Premium
26469,F,62,Premium
26470,M,22,Youth
26471,F,42,Enterprise
26472,M,28,Enterprise
26473,F,50,Youth
26474,M,19,Family
26475,M,53,Family
26476,M,70,Enterprise
26477,F,61,Family
26478,M,62,Youth
26479,M,39,Youth
26480,F,53,Youth
26481,F,33,Family
26482,M,44,Youth
26483,M,19,Youth
26484,F,63,Enterprise
26485,F,58,Family
26486,M,18,Family
26487,F,21,Enterprise
26488,F,42,Premium
26489,M,60,Youth
26490,F,43,Enterprise
26491,F,54,Family
26492,M,22,Premium
26493,F,38,Premium
26494,M,68,Family
26495,M,46,Premium
26496,M,64,Family
26497,F,44,Youth
26498,F,40,Premium
26499,M,20,Family
26500,M,54,Premium
26501,F,50,Youth
26502,M,41,Family
26503,F,22,Family
26504,F,55,Premium
26505,F,44,Premium
26506,F,29,Enterprise
26507,F,56,Family
26508,M,22,Family
26509,M,51,Enterprise
26510,M,24,Youth
26511,F,61,Family
26512,M,38,Enterprise
26513,M,42,Premium
26514,F,46,Enterprise
26515,M,43,Youth
26516,F,46,Youth
26517,M,47,Enterprise
26518,F,21,Enterprise
26519,F,54,Premium
26520,M,60,Family
26521,M,50,Enterprise
26522,M,31,Family
26523,F,35,Enterprise
26524,M,28,Youth
26525,M,45,Enterprise
26526,F,51,Enterprise
26527,M,69,Family
26528,F,41,Enterprise
26529,F,50,Enterprise
26530,M,37,Family
26531,M,55,Youth
26532,F,58,Family
26533,F,56,Family
26534,F,70,Premium
26535,M,70,Enterprise
26536,M,35,Family
26537,M,31,Family
26538,M,39,Youth
26539,F,48,Youth
26540,M,46,Premium
26541,M,22,Premium
26542,M,64,Premium
26543,M,51,Family
26544,F,54,Family
26545,F,53,Family
26546,M,34,Premium
26547,F,46,Family
26548,F,52,Premium
26549,F,40,Family
26550,F,49,Youth
26551,M,32,Premium
26552,M,35,Family
26553,F,45,Youth
26554,M,50,Enterprise
26555,M,32,Youth
26556,M,52,Premium
26557,F,63,Enterprise
26558,F,51,Enterprise
26559,M,22,Youth
26560,M,33,Enterprise
26561,F,63,Youth
26562,M,40,Youth
26563,M,19,Youth
26564,F,37,Enterprise
26565,M,33,Premium
26566,F,38,Premium
26567,M,69,Premium
26568,F,47,Premium
26569,F,30,Enterprise
26570,F,44,Premium
26571,M,59,Youth
26572,F,62,Family
26573,M,67,Family
26574,M,56,Youth
26575,F,37,Premium
26576,M,28,Youth
26577,M,39,Youth
26578,M,39,Premium
26579,M,28,Youth
26580,M,55,Premium
26581,M,22,Family
26582,F,70,Enterprise
26583,M,21,Youth
26584,F,44,Youth
26585,M,68,Premium
26586,M,22,Enterprise
26587,F,51,Youth
26588,F,53,Premium
26589,F,38,Premium
26590,M,23,Youth
26591,M,18,Enterprise
26592,M,20,Youth
26593,M,65,Family
26594,F,39,Enterprise
26595,F,44,Family
26596,F,23,Premium
26597,F,68,Family
26598,M,25,Family
26599,M,66,Family
26600,F,70,Premium
26601,F,40,Premium
26602,M,28,Premium
26603,M,41,Family
26604,M,60,Family
26605,M,27,Youth
26606,F,42,Enterprise
26607,M,34,Enterprise
26608,F,19,Enterprise
26609,F,51,Family
26610,F,31,Enterprise
26611,F,45,Enterprise
26612,M,67,Youth
26613,M,25,Enterprise
26614,F,34,Premium
26615,M,59,Premium
26616,F,25,Youth
26617,F,33,Enterprise
26618,M,25,Family
26619,M,25,Youth
26620,M,49,Premium
26621,F,18,Family
26622,F,51,Premium
26623,F,42,Youth
26624,F,48,Family
26625,M,35,Youth
26626,F,57,Youth
26627,M,39,Youth
26628,M,28,Premium
26629,M,38,Family
26630,M,61,Youth
26631,F,58,Premium
26632,M,62,Family
26633,F,49,Enterprise
26634,M,36,Family
26635,F,69,Premium
26636,M,59,Premium
26637,F,59,Premium
26638,F,21,Enterprise
26639,M,35,Enterprise
26640,F,26,Family
26641,M,50,Premium
26642,M,67,Premium
26643,F,37,Premium
26644,F,64,Youth
26645,M,44,Enterprise
26646,M,56,Youth
26647,M,56,Enterprise
26648,M,19,Family
26649,F,41,Premium
26650,F,27,Enterprise
26651,F,61,Youth
26652,M,27,Family
26653,F,29,Family
26654,F,29,Youth
26655,F,63,Premium
26656,F,27,Premium
26657,M,38,Enterprise
26658,F,64,Youth
26659,F,50,Premium
26660,M,69,Premium
26661,F,32,Youth
26662,M,36,Youth
26663,F,67,Youth
26664,M,40,Family
26665,F,44,Premium
26666,M,67,Youth
26667,M,66,Youth
26668,M,50,Youth
26669,M,20,Youth
26670,M,26,Family
26671,F,20,Enterprise
26672,F,44,Family
26673,F,18,Family
26674,F,62,Enterprise
26675,M,31,Family
26676,F,30,Youth
26677,F,59,Premium
26678,F,65,Youth
26679,M,69,Premium
26680,M,23,Family
26681,M,50,Premium
26682,F,49,Enterprise
26683,F,29,Premium
26684,M,24,Family
26685,M,40,Enterprise
26686,M,55,Family
26687,M,24,Family
26688,M,56,Premium
26689,F,20,Youth
26690,F,34,Youth
26691,F,47,Youth
26692,F,19,Youth
26693,F,25,Premium
26694,M,41,Premium
26695,M,49,Youth
26696,F,59,Family
26697,F,67,Premium
26698,M,69,Youth
26699,F,59,Family
26700,M,19,Family
26701,M,37,Enterprise
26702,F,55,Premium
26703,M,49,Family
26704,M,35,Family
26705,F,64,Premium
26706,F,68,Enterprise
26707,F,31,Family
26708,F,48,Youth
26709,M,63,Youth
26710,F,29,Premium
26711,F,29,Enterprise
26712,F,28,Premium
26713,M,54,Youth
26714,F,49,Enterprise
26715,M,25,Premium
26716,F,30,Youth
26717,F,62,Family
26718,F,58,Enterprise
26719,M,30,Youth
26720,M,56,Youth
26721,M,49,Enterprise
26722,M,63,Family
26723,F,61,Enterprise
26724,F,21,Premium
26725,M,32,Family
26726,M,31,Premium
26727,M,58,Family
26728,M,26,Premium
26729,M,32,Youth
26730,M,54,Premium
26731,M,42,Family
26732,M,53,Youth
26733,F,39,Enterprise
26734,F,35,Premium
26735,M,52,Enterprise
26736,F,65,Family
26737,F,39,Youth
26738,F,48,Premium
26739,F,64,Enterprise
26740,M,35,Premium
26741,F,64,Enterprise
26742,M,50,Premium
26743,F,25,Enterprise
26744,F,18,Enterprise
26745,F,51,Youth
26746,M,53,Youth
26747,M,69,Youth
26748,M,54,Enterprise
26749,M,36,Premium
26750,F,35,Youth
26751,M,66,Premium
26752,F,21,Family
26753,F,46,Premium
26754,M,66,Family
26755,M,41,Youth
26756,M,66,Premium
26757,F,69,Youth
26758,M,29,Premium
26759,M,23,Enterprise
26760,M,55,Enterprise
26761,F,47,Youth
26762,M,65,Enterprise
26763,M,50,Family
26764,M,36,Family
26765,F,45,Enterprise
26766,M,45,Family
26767,F,45,Family
26768,M,66,Youth
26769,F,62,Family
26770,M,57,Enterprise
26771,F,26,Family
26772,F,46,Premium
26773,M,21,Premium
26774,F,27,Enterprise
26775,M,32,Premium
26776,F,27,Family
26777,F,68,Youth
26778,F,52,Youth
26779,F,23,Premium
26780,F,68,Youth
26781,F,23,Youth
26782,F,70,Family
26783,M,26,Family
26784,F,68,Enterprise
26785,M,55,Youth
26786,F,53,Youth
26787,M,36,Youth
26788,M,60,Premium
26789,F,36,Enterprise
26790,F,63,Youth
26791,F,59,Premium
26792,F,66,Enterprise
26793,F,52,Premium
26794,M,59,Youth
26795,M,42,Enterprise
26796,F,55,Youth
26797,M,32,Enterprise
26798,M,40,Enterprise
26799,F,53,Premium
26800,F,64,Family
26801,F,48,Youth
26802,M,56,Enterprise
26803,M,46,Enterprise
26804,F,20,Youth
26805,F,60,Enterprise
26806,F,19,Family
26807,F,65,Premium
26808,F,22,Youth
26809,M,52,Youth
26810,F,39,Youth
26811,F,62,Youth
26812,M,32,Premium
26813,F,18,Youth
26814,M,52,Family
26815,F,42,Youth
26816,F,37,Enterprise
26817,M,30,Premium
26818,M,53,Youth
26819,M,45,Youth
26820,F,49,Premium
26821,M,59,Family
26822,M,20,Premium
26823,M,42,Family
26824,F,27,Youth
26825,F,40,Enterprise
26826,M,63,Youth
26827,F,52,Family
26828,M,51,Youth
26829,M,48,Enterprise
26830,M,69,Youth
26831,F,59,Enterprise
26832,M,23,Youth
26833,F,19,Family
26834,F,24,Enterprise
26835,F,47,Enterprise
26836,F,29,Family
26837,F,47,Youth
26838,M,36,Enterprise
26839,F,52,Enterprise
26840,M,55,Family
26841,F,51,Enterprise
26842,F,39,Youth
26843,F,31,Enterprise
26844,M,62,Youth
26845,F,65,Family
26846,F,56,Premium
26847,F,31,Youth
26848,M,21,Premium
26849,M,39,Family
26850,M,31,Youth
26851,F,53,Enterprise
26852,F,20,Premium
26853,M,51,Enterprise
26854,M,53,Family
26855,M,51,Family
26856,F,29,Enterprise
26857,M,26,Enterprise
26858,M,70,Family
26859,F,38,Enterprise
26860,M,58,Family
26861,M,21,Family
26862,M,29,Youth
26863,M,52,Enterprise
26864,M,45,Premium
26865,F,50,Premium
26866,F,68,Premium
26867,M,41,Enterprise
26868,F,67,Family
26869,F,41,Family
26870,F,38,Youth
26871,M,70,Youth
26872,F,20,Premium
26873,M,45,Youth
26874,F,54,Family
26875,M,61,Youth
26876,F,37,Enterprise
26877,M,51,Enterprise
26878,F,25,Youth
26879,M,34,Premium
26880,M,64,Enterprise
26881,F,49,Youth
26882,M,49,Family
26883,M,27,Family
26884,F,58,Family
26885,M,41,Family
26886,M,48,Family
26887,M,58,Enterprise
26888,F,42,Youth
26889,F,38,Premium
26890,M,20,Enterprise
26891,M,55,Family
26892,M,23,Premium
26893,F,53,Youth
26894,F,36,Premium
26895,M,64,Youth
26896,F,43,Family
26897,F,28,Family
26898,M,61,Youth
26899,M,58,Family
26900,M,45,Family
26901,M,66,Family
26902,M,18,Premium
26903,M,37,Family
26904,F,30,Premium
26905,F,42,Family
26906,M,38,Premium
26907,F,27,Family
26908,F,21,Family
26909,M,47,Enterprise
26910,F,60,Enterprise
26911,M,26,Family
26912,F,57,Youth
26913,M,22,Premium
26914,F,53,Premium
26915,F,63,Premium
26916,M,31,Family
26917,M,70,Family
26918,M,24,Family
26919,F,40,Family
26920,M,52,Premium
26921,F,56,Enterprise
26922,F,21,Youth
26923,F,65,Premium
26924,M,24,Enterprise
26925,M,62,Youth
26926,M,37,Premium
26927,F,27,Youth
26928,F,66,Premium
26929,M,57,Enterprise
26930,M,45,Youth
26931,F,35,Premium
26932,M,57,Premium
26933,M,69,Youth
26934,F,59,Youth
26935,F,30,Youth
26936,M,68,Youth
26937,M,38,Youth
26938,M,28,Family
26939,F,41,Premium
26940,M,41,Family
26941,M,65,Family
26942,M,69,Premium
26943,F,63,Youth
26944,M,29,Youth
26945,F,36,Youth
26946,F,22,Enterprise
26947,F,29,Family
26948,F,61,Youth
26949,F,59,Enterprise
26950,F,68,Youth
26951,F,61,Family
26952,F,68,Family
26953,F,26,Youth
26954,F,41,Youth
26955,F,28,Premium
26956,F,36,Youth
26957,M,33,Family
26958,F,20,Family
26959,F,19,Enterprise
26960,F,45,Enterprise
26961,M,32,Youth
26962,F,57,Enterprise
26963,F,42,Youth
26964,F,42,Family
26965,M,34,Premium
26966,F,55,Family
26967,M,31,Premium
26968,M,70,Youth
26969,F,41,Youth
26970,M,29,Family
26971,M,45,Premium
26972,M,44,Family
26973,F,70,Youth
26974,F,34,Enterprise
26975,M,36,Enterprise
26976,M,40,Premium
26977,F,63,Family
26978,M,32,Family
26979,M,19,Youth
26980,F,29,Premium
26981,F,35,Youth
26982,M,44,Enterprise
26983,F,59,Premium
26984,F,36,Family
26985,F,62,Enterprise
26986,F,39,Premium
26987,M,44,Enterprise
26988,M,41,Family
26989,M,44,Enterprise
26990,M,67,Youth
26991,F,36,Enterprise
26992,M,53,Family
26993,F,49,Premium
26994,F,30,Enterprise
26995,M,33,Premium
26996,F,42,Premium
26997,M,20,Premium
26998,F,40,Youth
26999,F,50,Premium
27000,F,51,Premium
27001,F,32,Premium
27002,F,67,Youth
27003,F,43,Premium
27004,F,21,Youth
27005,F,60,Youth
27006,F,57,Premium
27007,M,28,Premium
27008,M,29,Enterprise
27009,F,48,Family
27010,F,58,Youth
27011,M,56,Family
27012,M,64,Family
27013,F,20,Family
27014,F,63,Enterprise
27015,F,58,Youth
27016,F,55,Premium
27017,F,37,Family
27018,M,21,Youth
27019,F,53,Youth
27020,F,38,Youth
27021,M,59,Premium
27022,M,47,Premium
27023,F,35,Family
27024,M,70,Family
27025,F,49,Premium
27026,M,55,Enterprise
27027,F,45,Youth
27028,F,37,Premium
27029,M,47,Premium
27030,F,64,Enterprise
27031,M,41,Enterprise
27032,F,52,Premium
27033,M,40,Family
27034,F,20,Family
27035,M,43,Premium
27036,F,39,Enterprise
27037,F,39,Premium
27038,F,20,Family
27039,M,45,Family
27040,F,20,Premium
27041,F,39,Premium
27042,M,31,Enterprise
27043,F,31,Youth
27044,F,52,Youth
27045,M,23,Family
27046,M,56,Family
27047,M,26,Enterprise
27048,M,67,Youth
27049,F,29,Enterprise
27050,M,26,Enterprise
27051,F,21,Family
27052,F,18,Family
27053,M,53,Premium
27054,M,28,Premium
27055,M,56,Enterprise
27056,F,57,Enterprise
27057,M,69,Enterprise
27058,F,35,Enterprise
27059,M,44,Youth
27060,F,30,Enterprise
27061,F,59,Family
27062,M,57,Enterprise
27063,F,53,Premium
27064,F,27,Youth
27065,M,27,Premium
27066,M,68,Enterprise
27067,F,33,Family
27068,M,53,Youth
27069,F,45,Premium
27070,M,35,Enterprise
27071,F,19,Enterprise
27072,F,21,Youth
27073,F,61,Premium
27074,F,47,Family
27075,M,40,Premium
27076,M,18,Family
27077,M,46,Premium
27078,M,18,Premium
27079,M,67,Family
27080,F,63,Family
27081,F,49,Premium
27082,M,42,Family
27083,F,41,Youth
27084,M,44,Enterprise
27085,F,31,Enterprise
27086,M,40,Premium
27087,M,20,Enterprise
27088,M,67,Enterprise
27089,F,31,Enterprise
27090,F,31,Youth
27091,F,47,Enterprise
27092,M,49,Family
27093,F,52,Enterprise
27094,M,25,Enterprise
27095,F,63,Family
27096,M,35,Family
27097,F,60,Youth
27098,F,64,Enterprise
27099,M,36,Youth
27100,M,50,Family
27101,M,63,Youth
27102,M,32,Youth
27103,F,25,Enterprise
27104,M,30,Family
27105,F,66,Youth
27106,M,25,Family
27107,M,22,Youth
27108,M,64,Premium
27109,F,65,Enterprise
27110,M,68,Premium
27111,M,62,Enterprise
27112,F,64,Enterprise
27113,F,55,Youth
27114,M,29,Premium
27115,F,20,Family
27116,F,27,Premium
27117,M,30,Youth
27118,M,43,Youth
27119,F,59,Youth
27120,M,22,Family
27121,F,59,Family
27122,F,55,Premium
27123,M,70,Family
27124,F,36,Youth
27125,F,45,Enterprise
27126,M,54,Family
27127,M,40,Enterprise
27128,M,55,Premium
27129,F,61,Premium
27130,F,57,Enterprise
27131,F,19,Enterprise
27132,F,62,Youth
27133,F,31,Family
27134,M,66,Family
27135,F,51,Youth
27136,M,44,Enterprise
27137,F,70,Premium
27138,F,20,Youth
27139,M,21,Youth
27140,F,30,Family
27141,M,52,Premium
27142,F,35,Youth
27143,M,20,Family
27144,M,46,Youth
27145,M,27,Enterprise
27146,F,45,Premium
27147,F,43,Family
27148,M,41,Family
27149,M,61,Premium
27150,F,68,Family
27151,M,38,Family
27152,M,63,Premium
27153,M,55,Youth
27154,F,25,Youth
27155,M,18,Family
27156,M,51,Premium
27157,F,60,Family
27158,M,50,Family
27159,M,50,Premium
27160,F,43,Youth
27161,M,19,Family
27162,F,25,Enterprise
27163,F,35,Family
27164,M,30,Premium
27165,F,69,Youth
27166,F,44,Premium
27167,F,36,Premium
27168,F,68,Youth
27169,M,63,Youth
27170,M,32,Family
27171,M,69,Youth
27172,M,35,Premium
27173,F,53,Enterprise
27174,M,30,Premium
27175,F,68,Enterprise
27176,F,54,Family
27177,F,40,Youth
27178,M,33,Family
27179,F,19,Enterprise
27180,M,32,Family
27181,M,40,Enterprise
27182,F,55,Family
27183,F,28,Enterprise
27184,F,37,Youth
27185,F,48,Youth
27186,F,49,Youth
27187,F,30,Youth
27188,M,43,Youth
27189,M,21,Premium
27190,M,38,Premium
27191,F,46,Premium
27192,F,25,Family
27193,M,47,Enterprise
27194,M,63,Enterprise
27195,F,68,Youth
27196,F,48,Enterprise
27197,M,20,Enterprise
27198,M,58,Youth
27199,M,54,Family
27200,M,22,Enterprise
27201,M,36,Youth
27202,M,25,Family
27203,M,41,Premium
27204,M,35,Enterprise
27205,M,40,Enterprise
27206,M,41,Youth
27207,F,51,Premium
27208,F,41,Enterprise
27209,M,63,Enterprise
27210,M,20,Premium
27211,M,62,Family
27212,F,28,Enterprise
27213,M,40,Premium
27214,M,48,Enterprise
27215,F,66,Enterprise
27216,F,62,Premium
27217,M,70,Family
27218,F,48,Youth
27219,F,38,Family
27220,M,49,Premium
27221,M,44,Premium
27222,F,52,Premium
27223,F,49,Family
27224,F,52,Enterprise
27225,F,30,Premium
27226,F,57,Family
27227,M,46,Enterprise
27228,F,55,Family
27229,M,42,Enterprise
27230,M,36,Premium
27231,F,45,Family
27232,M,62,Premium
27233,F,65,Youth
27234,M,50,Family
27235,M,55,Youth
27236,F,33,Enterprise
27237,M,19,Youth
27238,M,50,Premium
27239,M,69,Family
27240,F,18,Youth
27241,M,41,Premium
27242,M,62,Youth
27243,F,42,Premium
27244,F,26,Premium
27245,M,45,Premium
27246,F,33,Premium
27247,F,67,Family
27248,F,33,Youth
27249,M,34,Premium
27250,F,22,Family
27251,M,37,Family
27252,M,37,Youth
27253,F,63,Premium
27254,F,32,Family
27255,F,56,Youth
27256,F,35,Youth
27257,F,44,Premium
27258,F,31,Premium
27259,M,54,Youth
27260,M,46,Youth
27261,F,26,Premium
27262,F,23,Youth
27263,F,43,Premium
27264,M,60,Youth
27265,F,46,Enterprise
27266,M,31,Premium
27267,M,54,Premium
27268,F,67,Youth
27269,F,67,Family
27270,F,23,Enterprise
27271,F,60,Youth
27272,F,39,Premium
27273,M,48,Family
27274,M,62,Premium
27275,F,21,Family
27276,M,70,Premium
27277,F,41,Enterprise
27278,F,30,Family
27279,M,55,Premium
27280,F,68,Premium
27281,M,33,Enterprise
27282,M,40,Premium
27283,F,39,Youth
27284,F,30,Family
27285,F,35,Youth
27286,M,67,Enterprise
27287,M,27,Premium
27288,M,28,Enterprise
27289,F,32,Family
27290,M,67,Enterprise
27291,M,31,Youth
27292,M,20,Enterprise
27293,M,48,Youth
27294,F,68,Enterprise
27295,M,19,Premium
27296,M,41,Enterprise
27297,F,62,Family
27298,M,65,Enterprise
27299,F,40,Premium
27300,M,31,Premium
27301,M,69,Enterprise
27302,M,36,Family
27303,M,34,Premium
27304,F,68,Youth
27305,F,61,Youth
27306,M,19,Premium
27307,F,50,Premium
27308,F,23,Premium
27309,M,48,Family
27310,M,43,Premium
27311,M,42,Premium
27312,F,62,Premium
27313,F,31,Youth
27314,M,57,Enterprise
27315,M,59,Enterprise
27316,M,65,Enterprise
27317,M,55,Family
27318,M,30,Premium
27319,F,20,Premium
27320,M,50,Enterprise
27321,F,52,Premium
27322,F,44,Youth
27323,F,33,Premium
27324,F,27,Family
27325,F,23,Enterprise
27326,M,65,Premium
27327,F,22,Youth
27328,F,58,Youth
27329,F,60,Youth
27330,F,36,Enterprise
27331,M,44,Enterprise
27332,F,64,Youth
27333,F,37,Family
27334,F,44,Youth
27335,F,65,Premium
27336,M,18,Family
27337,M,19,Family
27338,F,50,Premium
27339,M,21,Youth
27340,F,65,Youth
27341,M,64,Family
27342,F,28,Family
27343,M,26,Enterprise
27344,M,66,Family
27345,F,40,Enterprise
27346,M,60,Enterprise
27347,M,47,Enterprise
27348,F,18,Premium
27349,M,56,Family
27350,M,40,Premium
27351,F,32,Family
27352,M,25,Premium
27353,M,51,Enterprise
27354,M,53,Youth
27355,F,25,Family
27356,F,34,Enterprise
27357,M,52,Family
27358,F,70,Youth
27359,M,49,Youth
27360,F,30,Youth
27361,F,59,Family
27362,M,45,Youth
27363,M,23,Premium
27364,F,55,Family
27365,M,47,Youth
27366,F,57,Youth
27367,M,70,Family
27368,M,42,Premium
27369,M,54,Youth
27370,M,27,Youth
27371,M,65,Enterprise
27372,M,45,Youth
27373,M,32,Enterprise
27374,F,37,Premium
27375,F,52,Premium
27376,F,46,Premium
27377,F,42,Youth
27378,M,46,Premium
27379,F,53,Enterprise
27380,M,48,Family
27381,F,21,Premium
27382,F,59,Youth
27383,M,37,Youth
27384,F,50,Enterprise
27385,F,32,Premium
27386,F,31,Enterprise
27387,M,24,Enterprise
27388,M,29,Youth
27389,F,38,Youth
27390,F,21,Family
27391,F,62,Enterprise
27392,F,50,Youth
27393,F,68,Enterprise
27394,F,52,Family
27395,M,58,Family
27396,M,64,Premium
27397,F,53,Premium
27398,F,25,Premium
27399,M,44,Youth
27400,F,58,Youth
27401,M,55,Youth
27402,M,23,Youth
27403,M,58,Family
27404,M,53,Family
27405,F,61,Premium
27406,M,37,Enterprise
27407,M,27,Enterprise
27408,M,23,Premium
27409,F,59,Premium
27410,M,40,Youth
27411,F,33,Youth
27412,F,45,Youth
27413,M,64,Enterprise
27414,F,45,Premium
27415,F,64,Youth
27416,F,31,Youth
27417,M,48,Family
27418,F,69,Youth
27419,F,35,Enterprise
27420,F,35,Premium
27421,M,64,Enterprise
27422,F,60,Premium
27423,F,67,Youth
27424,M,51,Family
27425,F,53,Premium
27426,M,57,Enterprise
27427,F,45,Enterprise
27428,F,44,Premium
27429,M,63,Enterprise
27430,M,35,Enterprise
27431,F,52,Youth
27432,M,67,Enterprise
27433,M,42,Enterprise
27434,M,51,Premium
27435,M,40,Enterprise
27436,F,35,Youth
27437,M,57,Enterprise
27438,M,70,Family
27439,M,18,Enterprise
27440,M,30,Enterprise
27441,F,67,Premium
27442,M,59,Premium
27443,F,31,Enterprise
27444,M,59,Youth
27445,M,45,Family
27446,M,34,Enterprise
27447,F,54,Youth
27448,F,35,Youth
27449,M,39,Youth
27450,M,59,Youth
27451,M,63,Family
27452,F,51,Youth
27453,M,33,Enterprise
27454,F,46,Youth
27455,F,45,Youth
27456,F,43,Family
27457,F,33,Family
27458,F,37,Family
27459,M,33,Family
27460,F,51,Enterprise
27461,F,18,Premium
27462,M,38,Enterprise
27463,F,52,Enterprise
27464,M,25,Premium
27465,M,58,Family
27466,F,63,Family
27467,M,39,Premium
27468,F,26,Youth
27469,F,39,Enterprise
27470,F,51,Family
27471,M,34,Youth
27472,M,31,Youth
27473,M,36,Premium
27474,F,18,Family
27475,M,23,Enterprise
27476,M,55,Youth
27477,M,52,Family
27478,M,65,Premium
27479,M,36,Youth
27480,F,42,Family
27481,F,25,Premium
27482,F,59,Youth
27483,M,31,Youth
27484,F,53,Enterprise
27485,M,53,Family
27486,F,60,Premium
27487,F,34,Premium
27488,F,38,Enterprise
27489,M,41,Enterprise
27490,M,68,Enterprise
27491,F,62,Family
27492,F,21,Family
27493,F,54,Family
27494,F,43,Youth
27495,F,32,Enterprise
27496,M,33,Enterprise
27497,M,50,Family
27498,M,45,Family
27499,F,18,Youth
27500,F,23,Family
27501,F,70,Premium
27502,F,42,Enterprise
27503,M,56,Premium
27504,F,39,Youth
27505,M,65,Family
27506,M,54,Family
27507,M,19,Family
27508,M,57,Premium
27509,M,69,Enterprise
27510,M,32,Youth
27511,F,44,Premium
27512,M,23,Family
27513,F,33,Family
27514,M,32,Premium
27515,M,26,Enterprise
27516,F,45,Youth
27517,F,32,Enterprise
27518,F,18,Youth
27519,M,51,Youth
27520,F,20,Premium
27521,F,49,Premium
27522,M,20,Family
27523,M,31,Youth
27524,M,68,Family
27525,F,63,Youth
27526,M,26,Enterprise
27527,F,30,Youth
27528,M,18,Youth
27529,M,67,Enterprise
27530,F,37,Premium
27531,F,35,Youth
27532,M,39,Enterprise
27533,M,25,Enterprise
27534,F,27,Enterprise
27535,M,54,Family
27536,F,24,Premium
27537,F,26,Youth
27538,F,21,Youth
27539,M,59,Family
27540,M,39,Premium
27541,M,52,Family
27542,M,41,Family
27543,F,43,Premium
27544,M,68,Enterprise
27545,F,33,Family
27546,M,32,Premium
27547,F,69,Youth
27548,M,54,Family
27549,F,52,Family
27550,F,69,Premium
27551,F,22,Enterprise
27552,F,42,Family
27553,M,28,Family
27554,M,65,Premium
27555,M,58,Family
27556,F,21,Family
27557,F,51,Family
27558,M,67,Youth
27559,F,47,Enterprise
27560,F,35,Youth
27561,M,18,Enterprise
27562,M,23,Youth
27563,F,63,Family
27564,F,42,Premium
27565,M,31,Premium
27566,M,57,Premium
27567,M,34,Youth
27568,F,39,Enterprise
27569,M,29,Enterprise
27570,M,60,Premium
27571,M,69,Premium
27572,M,40,Enterprise
27573,M,27,Family
27574,M,19,Youth
27575,M,27,Premium
27576,M,52,Youth
27577,F,32,Premium
27578,M,31,Enterprise
27579,F,65,Family
27580,M,55,Youth
27581,M,25,Family
27582,M,31,Family
27583,F,28,Enterprise
27584,F,40,Premium
27585,F,29,Family
27586,F,25,Enterprise
27587,F,30,Enterprise
27588,M,49,Enterprise
27589,M,43,Family
27590,M,41,Family
27591,F,66,Enterprise
27592,F,36,Premium
27593,M,65,Enterprise
27594,F,25,Youth
27595,F,69,Premium
27596,F,18,Premium
27597,F,19,Youth
27598,M,64,Youth
27599,F,35,Enterprise
27600,F,63,Premium
27601,F,41,Premium
27602,F,58,Family
27603,F,63,Youth
27604,F,26,Enterprise
27605,F,26,Premium
27606,F,36,Premium
27607,M,67,Enterprise
27608,M,66,Youth
27609,F,33,Premium
27610,M,32,Premium
27611,M,39,Family
27612,M,31,Premium
27613,M,28,Enterprise
27614,M,55,Family
27615,M,68,Youth
27616,M,62,Youth
27617,F,54,Premium
27618,F,55,Family
27619,M,62,Family
27620,M,24,Family
27621,M,19,Youth
27622,M,57,Premium
27623,M,37,Youth
27624,F,31,Youth
27625,F,38,Family
27626,F,24,Family
27627,F,68,Family
27628,F,60,Family
27629,M,49,Enterprise
27630,F,57,Enterprise
27631,M,66,Family
27632,M,40,Enterprise
27633,F,40,Family
27634,M,50,Family
27635,M,42,Premium
27636,M,50,Family
27637,M,67,Enterprise
27638,M,32,Premium
27639,F,27,Enterprise
27640,M,30,Premium
27641,M,50,Premium
27642,F,29,Family
27643,F,54,Youth
27644,F,38,Enterprise
27645,F,56,Family
27646,M,40,Family
27647,F,70,Enterprise
27648,M,49,Premium
27649,F,57,Premium
27650,F,70,Youth
27651,F,20,Youth
27652,F,18,Family
27653,F,70,Family
27654,F,26,Enterprise
27655,M,29,Youth
27656,M,30,Family
27657,F,53,Family
27658,F,36,Family
27659,M,42,Enterprise
27660,F,44,Enterprise
27661,M,26,Enterprise
27662,F,27,Enterprise
27663,M,39,Enterprise
27664,M,30,Family
27665,M,33,Youth
27666,M,25,Family
27667,M,61,Premium
27668,F,61,Premium
27669,M,25,Premium
27670,M,22,Premium
27671,F,70,Youth
27672,F,30,Enterprise
27673,M,59,Premium
27674,M,46,Family
27675,F,53,Family
27676,M,53,Premium
27677,M,32,Premium
27678,F,21,Family
27679,F,27,Enterprise
27680,M,42,Enterprise
27681,M,26,Premium
27682,M,27,Youth
27683,M,40,Family
27684,F,69,Youth
27685,F,54,Premium
27686,M,47,Premium
27687,F,67,Enterprise
27688,M,60,Enterprise
27689,M,26,Family
27690,M,38,Premium
27691,F,47,Premium
27692,M,34,Family
27693,F,42,Enterprise
27694,M,48,Youth
27695,M,48,Family
27696,F,37,Premium
27697,M,39,Enterprise
27698,M,49,Family
27699,M,45,Family
27700,F,64,Enterprise
27701,F,48,Premium
27702,F,44,Enterprise
27703,M,42,Family
27704,F,47,Youth
27705,F,26,Premium
27706,F,54,Youth
27707,F,48,Premium
27708,F,32,Youth
27709,F,18,Youth
27710,F,37,Enterprise
27711,M,31,Premium
27712,M,38,Premium
27713,M,19,Family
27714,F,60,Enterprise
27715,F,23,Family
27716,M,59,Family
27717,F,70,Enterprise
27718,F,47,Family
27719,F,63,Enterprise
27720,F,68,Youth
27721,M,26,Premium
27722,M,36,Youth
27723,F,40,Enterprise
27724,F,42,Enterprise
27725,F,28,Enterprise
27726,F,36,Family
27727,F,34,Premium
27728,M,41,Enterprise
27729,F,39,Youth
27730,M,32,Family
27731,F,30,Premium
27732,F,20,Enterprise
27733,F,44,Premium
27734,M,56,Family
27735,F,67,Youth
27736,F,53,Enterprise
27737,M,49,Premium
27738,M,37,Enterprise
27739,F,22,Youth
27740,M,48,Youth
27741,M,52,Family
27742,F,27,Premium
27743,M,52,Family
27744,M,27,Youth
27745,M,25,Family
27746,M,44,Youth
27747,M,62,Premium
27748,M,31,Enterprise
27749,F,69,Enterprise
27750,M,46,Premium
27751,M,52,Family
27752,F,34,Family
27753,M,32,Premium
27754,M,69,Family
27755,F,39,Premium
27756,F,22,Family
27757,M,28,Enterprise
27758,F,68,Enterprise
27759,F,59,Premium
27760,M,42,Youth
27761,M,41,Premium
27762,M,57,Family
27763,F,20,Premium
27764,F,64,Youth
27765,M,24,Enterprise
27766,F,24,Premium
27767,M,28,Family
27768,F,25,Youth
27769,F,63,Enterprise
27770,F,46,Premium
27771,M,67,Family
27772,F,65,Premium
27773,F,61,Family
27774,F,56,Enterprise
27775,M,51,Family
27776,M,56,Enterprise
27777,M,51,Premium
27778,F,24,Premium
27779,F,32,Enterprise
27780,F,18,Premium
27781,F,25,Youth
27782,M,54,Youth
27783,F,20,Youth
27784,M,24,Premium
27785,F,51,Family
27786,M,35,Enterprise
27787,M,49,Family
27788,F,33,Enterprise
27789,M,48,Family
27790,M,50,Premium
27791,M,53,Family
27792,M,41,Enterprise
27793,M,68,Youth
27794,M,39,Family
27795,M,42,Enterprise
27796,M,68,Family
27797,F,70,Youth
27798,M,28,Family
27799,M,57,Premium
27800,F,26,Youth
27801,M,68,Premium
27802,F,58,Family
27803,F,69,Enterprise
27804,F,39,Enterprise
27805,M,52,Enterprise
27806,F,37,Enterprise
27807,F,67,Youth
27808,F,31,Family
27809,M,63,Family
27810,M,48,Family
27811,F,18,Youth
27812,F,42,Family
27813,M,19,Youth
27814,F,22,Family
27815,M,19,Youth
27816,F,25,Premium
27817,M,67,Enterprise
27818,F,57,Youth
27819,M,67,Family
27820,M,24,Enterprise
27821,M,26,Premium
27822,M,67,Enterprise
27823,F,23,Family
27824,M,37,Family
27825,M,67,Enterprise
27826,M,52,Family
27827,M,62,Enterprise
27828,F,47,Family
27829,M,21,Enterprise
27830,M,29,Premium
27831,F,42,Family
27832,M,45,Youth
27833,M,18,Family
27834,F,22,Enterprise
27835,M,19,Premium
27836,F,46,Premium
27837,F,46,Enterprise
27838,F,21,Enterprise
27839,M,30,Family
27840,F,19,Enterprise
27841,M,46,Premium
27842,M,29,Premium
27843,M,37,Family
27844,M,44,Youth
27845,F,26,Premium
27846,M,66,Premium
27847,F,58,Enterprise
27848,F,19,Premium
27849,F,27,Youth
27850,F,35,Family
27851,M,41,Youth
27852,M,34,Enterprise
27853,M,61,Enterprise
27854,F,24,Youth
27855,F,51,Family
27856,M,27,Enterprise
27857,F,46,Enterprise
27858,M,39,Enterprise
27859,F,18,Enterprise
27860,M,45,Family
27861,M,47,Youth
27862,M,63,Family
27863,M,58,Enterprise
27864,M,69,Family
27865,F,55,Premium
27866,F,30,Enterprise
27867,F,64,Enterprise
27868,M,68,Family
27869,M,62,Premium
27870,F,56,Enterprise
27871,M,33,Youth
27872,F,36,Premium
27873,F,62,Youth
27874,F,21,Premium
27875,F,24,Youth
27876,F,29,Enterprise
27877,F,61,Premium
27878,M,48,Enterprise
27879,M,27,Enterprise
27880,F,36,Family
27881,M,20,Premium
27882,F,34,Youth
27883,M,70,Premium
27884,F,66,Youth
27885,F,51,Family
27886,M,47,Enterprise
27887,F,33,Family
27888,M,58,Youth
27889,M,22,Youth
27890,M,41,Enterprise
27891,F,34,Enterprise
27892,M,68,Enterprise
27893,F,50,Family
27894,F,57,Family
27895,F,69,Premium
27896,M,18,Premium
27897,F,56,Family
27898,F,60,Premium
27899,F,49,Premium
27900,F,47,Youth
27901,F,33,Premium
27902,F,36,Youth
27903,F,60,Youth
27904,M,20,Enterprise
27905,M,42,Enterprise
27906,F,21,Youth
27907,M,35,Premium
27908,F,51,Premium
27909,M,48,Family
27910,F,68,Enterprise
27911,M,23,Premium
27912,M,65,Youth
27913,F,21,Youth
27914,F,60,Family
27915,M,25,Premium
27916,F,21,Youth
27917,F,43,Family
27918,F,24,Enterprise
27919,M,30,Enterprise
27920,F,23,Enterprise
27921,F,50,Youth
27922,M,59,Enterprise
27923,F,44,Family
27924,M,48,Family
27925,M,63,Enterprise
27926,F,66,Enterprise
27927,M,60,Family
27928,M,62,Premium
27929,F,29,Youth
27930,M,37,Premium
27931,M,38,Enterprise
27932,F,64,Family
27933,F,48,Family
27934,F,67,Premium
27935,M,28,Enterprise
27936,F,31,Enterprise
27937,F,64,Family
27938,M,35,Premium
27939,M,33,Premium
27940,F,19,Premium
27941,F,18,Premium
27942,F,24,Enterprise
27943,M,63,Premium
27944,M,49,Premium
27945,F,66,Family
27946,F,67,Premium
27947,M,50,Youth
27948,M,34,Youth
27949,M,60,Enterprise
27950,F,40,Premium
27951,M,50,Family
27952,M,54,Family
27953,M,62,Premium
27954,M,43,Family
27955,M,39,Premium
27956,M,38,Premium
27957,F,57,Enterprise
27958,F,31,Enterprise
27959,F,27,Youth
27960,M,26,Premium
27961,M,59,Youth
27962,M,52,Enterprise
27963,M,43,Enterprise
27964,F,45,Premium
27965,M,27,Youth
27966,M,18,Youth
27967,M,60,Youth
27968,M,64,Family
27969,F,31,Premium
27970,M,63,Family
27971,M,33,Family
27972,M,34,Enterprise
27973,M,28,Enterprise
27974,M,42,Enterprise
27975,F,50,Enterprise
27976,M,64,Youth
27977,F,20,Family
27978,F,32,Enterprise
27979,M,35,Premium
27980,M,69,Enterprise
27981,F,36,Youth
27982,M,57,Premium
27983,F,59,Family
27984,M,31,Enterprise
27985,F,37,Youth
27986,F,52,Enterprise
27987,F,57,Enterprise
27988,M,19,Premium
27989,F,59,Enterprise
27990,F,51,Premium
27991,F,54,Enterprise
27992,M,59,Youth
27993,F,33,Family
27994,F,54,Premium
27995,M,65,Premium
27996,F,57,Premium
27997,M,70,Family
27998,F,23,Premium
27999,M,43,Family
28000,M,29,Family
28001,F,46,Family
28002,M,39,Premium
28003,F,43,Youth
28004,F,52,Enterprise
28005,F,18,Premium
28006,M,70,Youth
28007,F,33,Enterprise
28008,F,22,Family
28009,F,70,Family
28010,M,34,Youth
28011,F,52,Youth
28012,M,28,Family
28013,M,29,Family
28014,F,49,Premium
28015,M,48,Premium
28016,M,53,Enterprise
28017,F,32,Premium
28018,F,39,Family
28019,F,48,Enterprise
28020,M,29,Youth
28021,M,54,Enterprise
28022,F,38,Enterprise
28023,M,70,Enterprise
28024,F,56,Family
28025,M,67,Premium
28026,F,64,Family
28027,M,66,Premium
28028,F,21,Youth
28029,F,40,Premium
28030,F,19,Family
28031,F,33,Family
28032,M,42,Enterprise
28033,F,47,Enterprise
28034,M,20,Premium
28035,M,30,Family
28036,F,53,Youth
28037,F,47,Youth
28038,F,30,Premium
28039,F,49,Youth
28040,F,27,Family
28041,F,28,Premium
28042,M,28,Family
28043,F,42,Enterprise
28044,F,24,Family
28045,M,31,Enterprise
28046,M,39,Enterprise
28047,F,28,Youth
28048,F,61,Family
28049,F,49,Premium
28050,F,56,Enterprise
28051,F,60,Premium
28052,F,18,Premium
28053,M,33,Youth
28054,M,53,Family
28055,M,44,Enterprise
28056,M,32,Enterprise
28057,F,45,Enterprise
28058,F,46,Enterprise
28059,M,56,Premium
28060,F,21,Premium
28061,M,52,Family
28062,F,18,Enterprise
28063,F,41,Premium
28064,M,43,Youth
28065,F,26,Youth
28066,F,33,Family
28067,M,52,Family
28068,M,20,Enterprise
28069,M,22,Family
28070,F,45,Enterprise
28071,F,19,Enterprise
28072,F,58,Premium
28073,M,67,Youth
28074,M,54,Family
28075,F,50,Youth
28076,M,45,Youth
28077,M,37,Family
28078,F,33,Enterprise
28079,M,64,Enterprise
28080,M,36,Family
28081,M,67,Premium
28082,M,28,Family
28083,F,32,Youth
28084,M,47,Enterprise
28085,M,52,Youth
28086,F,32,Family
28087,F,56,Premium
28088,M,23,Family
28089,M,54,Youth
28090,M,41,Youth
28091,F,35,Enterprise
28092,F,33,Enterprise
28093,F,34,Enterprise
28094,M,29,Enterprise
28095,M,62,Premium
28096,F,56,Youth
28097,F,54,Youth
28098,F,52,Premium
28099,F,19,Family
28100,F,54,Enterprise
28101,F,23,Premium
28102,F,38,Premium
28103,F,26,Family
28104,M,54,Family
28105,M,49,Enterprise
28106,F,39,Premium
28107,F,46,Premium
28108,F,22,Family
28109,F,63,Family
28110,F,21,Enterprise
28111,F,23,Youth
28112,F,35,Youth
28113,M,42,Premium
28114,M,26,Enterprise
28115,F,51,Enterprise
28116,M,25,Youth
28117,F,67,Enterprise
28118,F,24,Premium
28119,M,19,Premium
28120,F,27,Family
28121,M,68,Enterprise
28122,F,25,Premium
28123,M,20,Premium
28124,M,33,Family
28125,F,36,Youth
28126,F,36,Enterprise
28127,F,33,Youth
28128,F,61,Family
28129,F,24,Enterprise
28130,F,68,Enterprise
28131,M,31,Enterprise
28132,M,66,Family
28133,M,41,Youth
28134,M,54,Enterprise
28135,F,36,Youth
28136,M,47,Premium
28137,F,69,Family
28138,M,40,Family
28139,F,64,Youth
28140,F,55,Premium
28141,F,52,Family
28142,M,27,Family
28143,M,55,Youth
28144,F,31,Youth
28145,F,69,Youth
28146,M,43,Family
28147,M,19,Youth
28148,M,61,Premium
28149,M,32,Enterprise
28150,M,63,Family
28151,F,51,Youth
28152,M,20,Premium
28153,F,38,Family
28154,F,22,Enterprise
28155,M,69,Family
28156,M,56,Enterprise
28157,F,68,Premium
28158,F,48,Youth
28159,F,26,Premium
28160,F,23,Premium
28161,F,49,Family
28162,M,67,Youth
28163,F,47,Premium
28164,F,31,Youth
28165,F,52,Enterprise
28166,F,62,Family
28167,F,68,Youth
28168,M,60,Premium
28169,M,52,Youth
28170,F,38,Youth
28171,F,48,Youth
28172,M,20,Family
28173,F,51,Enterprise
28174,F,23,Youth
28175,F,31,Enterprise
28176,M,25,Premium
28177,M,36,Youth
28178,F,68,Enterprise
28179,F,24,Youth
28180,F,58,Family
28181,M,64,Premium
28182,M,32,Enterprise
28183,F,35,Enterprise
28184,M,70,Youth
28185,M,58,Premium
28186,M,60,Family
28187,F,20,Youth
28188,F,21,Family
28189,M,40,Enterprise
28190,M,59,Premium
28191,M,60,Family
28192,M,21,Enterprise
28193,M,26,Premium
28194,M,42,Premium
28195,F,24,Premium
28196,F,29,Family
28197,F,21,Youth
28198,M,36,Enterprise
28199,M,20,Premium
28200,M,33,Family
28201,M,18,Premium
28202,F,45,Premium
28203,M,61,Premium
28204,M,33,Premium
28205,F,48,Premium
28206,F,70,Youth
28207,F,50,Youth
28208,F,41,Family
28209,F,46,Premium
28210,F,65,Premium
28211,F,66,Family
28212,F,22,Enterprise
28213,F,47,Youth
28214,M,25,Premium
28215,F,66,Youth
28216,F,70,Premium
28217,F,58,Enterprise
28218,F,58,Family
28219,F,50,Premium
28220,M,67,Enterprise
28221,F,53,Family
28222,F,44,Enterprise
28223,M,66,Premium
28224,F,61,Premium
28225,F,70,Youth
28226,M,36,Premium
28227,M,29,Enterprise
28228,F,31,Premium
28229,F,22,Family
28230,F,43,Family
28231,M,27,Youth
28232,M,26,Enterprise
28233,F,43,Youth
28234,M,19,Family
28235,F,30,Premium
28236,F,45,Enterprise
28237,M,50,Premium
28238,F,21,Youth
28239,F,26,Premium
28240,F,42,Premium
28241,F,27,Enterprise
28242,F,53,Family
28243,M,47,Family
28244,M,68,Premium
28245,M,26,Premium
28246,M,54,Family
28247,F,60,Youth
28248,F,51,Premium
28249,F,43,Enterprise
28250,M,57,Enterprise
28251,M,34,Family
28252,F,68,Family
28253,F,23,Enterprise
28254,F,64,Family
28255,F,50,Enterprise
28256,F,22,Premium
28257,M,62,Enterprise
28258,F,67,Youth
28259,M,20,Premium
28260,M,28,Enterprise
28261,M,19,Family
28262,M,70,Premium
28263,F,59,Premium
28264,M,48,Youth
28265,M,62,Youth
28266,F,41,Family
28267,F,51,Premium
28268,F,51,Premium
28269,M,60,Enterprise
28270,M,63,Youth
28271,F,27,Premium
28272,F,19,Family
28273,M,60,Enterprise
28274,M,69,Premium
28275,F,53,Family
28276,M,23,Premium
28277,F,60,Enterprise
28278,M,29,Youth
28279,M,35,Enterprise
28280,M,30,Enterprise
28281,M,32,Enterprise
28282,F,55,Enterprise
28283,F,23,Enterprise
28284,F,22,Enterprise
28285,F,65,Enterprise
28286,M,61,Premium
28287,F,29,Enterprise
28288,F,67,Premium
28289,F,36,Enterprise
28290,M,64,Youth
28291,M,24,Family
28292,F,30,Enterprise
28293,M,29,Family
28294,M,37,Family
28295,F,48,Enterprise
28296,F,26,Enterprise
28297,F,57,Family
28298,F,64,Premium
28299,M,44,Enterprise
28300,F,53,Premium
28301,F,24,Family
28302,F,60,Youth
28303,F,59,Youth
28304,M,55,Enterprise
28305,M,70,Premium
28306,M,46,Premium
28307,M,69,Family
28308,F,55,Enterprise
28309,M,56,Premium
28310,M,26,Enterprise
28311,F,68,Family
28312,F,60,Enterprise
28313,M,66,Youth
28314,F,33,Enterprise
28315,F,32,Youth
28316,M,60,Enterprise
28317,F,51,Premium
28318,F,35,Family
28319,F,69,Youth
28320,F,31,Family
28321,F,58,Premium
28322,F,40,Enterprise
28323,F,54,Family
28324,F,21,Youth
28325,F,31,Enterprise
28326,F,30,Family
28327,M,21,Premium
28328,M,55,Family
28329,M,36,Enterprise
28330,F,62,Family
28331,M,32,Enterprise
28332,F,48,Enterprise
28333,M,67,Enterprise
28334,F,41,Enterprise
28335,M,52,Premium
28336,F,57,Premium
28337,F,27,Family
28338,M,25,Premium
28339,M,57,Family
28340,F,48,Youth
28341,M,68,Enterprise
28342,F,25,Youth
28343,F,58,Family
28344,M,59,Family
28345,F,20,Youth
28346,M,38,Premium
28347,M,36,Enterprise
28348,M,27,Youth
28349,M,55,Premium
28350,M,30,Enterprise
28351,F,56,Enterprise
28352,M,55,Family
28353,F,22,Family
28354,F,54,Premium
28355,F,26,Youth
28356,F,22,Premium
28357,M,29,Premium
28358,M,36,Family
28359,M,41,Family
28360,M,50,Premium
28361,F,46,Youth
28362,M,18,Family
28363,M,59,Family
28364,F,63,Premium
28365,F,29,Premium
28366,F,55,Youth
28367,M,58,Family
28368,F,48,Enterprise
28369,M,38,Family
28370,M,43,Premium
28371,F,40,Family
28372,M,46,Youth
28373,F,64,Youth
28374,M,48,Family
28375,F,48,Youth
28376,M,28,Enterprise
28377,F,65,Youth
28378,F,57,Enterprise
28379,F,34,Premium
28380,M,36,Enterprise
28381,M,29,Family
28382,M,47,Family
28383,M,52,Family
28384,M,51,Family
28385,F,48,Premium
28386,F,30,Enterprise
28387,F,43,Premium
28388,M,33,Youth
28389,F,67,Family
28390,M,35,Family
28391,M,67,Enterprise
28392,F,50,Family
28393,M,19,Youth
28394,M,56,Enterprise
28395,M,37,Enterprise
28396,M,55,Enterprise
28397,M,52,Premium
28398,M,39,Enterprise
28399,M,36,Youth
28400,F,30,Enterprise
28401,F,47,Premium
28402,F,29,Enterprise
28403,F,56,Premium
28404,F,40,Premium
28405,F,22,Family
28406,F,64,Premium
28407,F,52,Family
28408,F,62,Family
28409,F,49,Enterprise
28410,M,33,Family
28411,F,67,Youth
28412,F,62,Enterprise
28413,M,31,Youth
28414,F,46,Family
28415,F,26,Enterprise
28416,F,20,Family
28417,M,67,Family
28418,M,68,Youth
28419,M,65,Enterprise
28420,M,50,Premium
28421,F,37,Youth
28422,M,62,Youth
28423,M,55,Family
28424,M,54,Premium
28425,M,69,Enterprise
28426,M,37,Enterprise
28427,F,63,Youth
28428,M,47,Enterprise
28429,F,36,Family
28430,F,30,Youth
28431,F,33,Premium
28432,M,31,Youth
28433,M,61,Youth
28434,F,30,Enterprise
28435,F,21,Enterprise
28436,F,44,Premium
28437,F,51,Youth
28438,M,36,Family
28439,M,33,Enterprise
28440,M,42,Youth
28441,M,59,Youth
28442,M,65,Youth
28443,M,43,Youth
28444,M,40,Youth
28445,F,26,Family
28446,M,21,Youth
28447,F,69,Youth
28448,F,35,Family
28449,M,34,Premium
28450,M,59,Youth
28451,M,57,Family
28452,F,58,Premium
28453,M,68,Youth
28454,F,38,Enterprise
28455,M,21,Premium
28456,M,19,Youth
28457,F,60,Enterprise
28458,M,22,Youth
28459,M,67,Youth
28460,F,54,Enterprise
28461,M,55,Enterprise
28462,F,64,Youth
28463,M,30,Youth
28464,M,32,Family
28465,M,70,Enterprise
28466,M,36,Premium
28467,M,39,Premium
28468,F,27,Premium
28469,M,30,Premium
28470,F,32,Premium
28471,F,61,Enterprise
28472,F,34,Premium
28473,M,26,Premium
28474,F,39,Enterprise
28475,F,54,Family
28476,M,52,Enterprise
28477,F,20,Youth
28478,M,24,Youth
28479,M,28,Premium
28480,M,22,Family
28481,M,28,Premium
28482,F,36,Premium
28483,F,20,Youth
28484,F,63,Premium
28485,M,22,Enterprise
28486,F,32,Family
28487,M,34,Family
28488,F,63,Premium
28489,M,53,Youth
28490,F,25,Family
28491,F,51,Youth
28492,F,45,Enterprise
28493,M,41,Enterprise
28494,F,54,Youth
28495,F,40,Youth
28496,F,53,Family
28497,F,27,Enterprise
28498,M,43,Enterprise
28499,M,69,Enterprise
28500,F,36,Premium
28501,M,27,Premium
28502,F,42,Youth
28503,F,22,Enterprise
28504,F,33,Family
28505,M,28,Family
28506,F,58,Enterprise
28507,F,28,Youth
28508,F,58,Youth
28509,M,45,Youth
28510,F,40,Enterprise
28511,F,46,Family
28512,F,48,Premium
28513,F,62,Family
28514,M,35,Premium
28515,M,30,Youth
28516,M,43,Premium
28517,F,61,Family
28518,F,27,Premium
28519,F,30,Youth
28520,M,59,Family
28521,F,62,Family
28522,M,63,Premium
28523,F,29,Premium
28524,F,19,Youth
28525,F,64,Family
28526,F,22,Premium
28527,F,24,Enterprise
28528,M,33,Premium
28529,F,21,Youth
28530,M,34,Enterprise
28531,F,33,Enterprise
28532,F,35,Enterprise
28533,M,46,Premium
28534,M,30,Premium
28535,F,38,Premium
28536,M,55,Youth
28537,F,25,Youth
28538,M,33,Premium
28539,M,34,Premium
28540,M,36,Youth
28541,M,53,Family
28542,M,32,Family
28543,F,31,Youth
28544,M,21,Enterprise
28545,M,60,Youth
28546,M,53,Enterprise
28547,F,59,Family
28548,M,34,Enterprise
28549,F,60,Enterprise
28550,M,69,Premium
28551,F,36,Youth
28552,M,45,Enterprise
28553,M,52,Enterprise
28554,F,57,Family
28555,M,23,Family
28556,M,46,Youth
28557,F,18,Enterprise
28558,F,48,Family
28559,M,63,Youth
28560,F,20,Premium
28561,F,62,Enterprise
28562,F,21,Enterprise
28563,F,38,Family
28564,M,19,Enterprise
28565,M,61,Youth
28566,M,36,Enterprise
28567,F,29,Enterprise
28568,M,51,Youth
28569,M,39,Youth
28570,F,65,Premium
28571,M,45,Family
28572,F,45,Premium
28573,F,61,Premium
28574,M,21,Family
28575,F,22,Enterprise
28576,M,22,Enterprise
28577,F,57,Youth
28578,F,25,Premium
28579,F,20,Premium
28580,F,43,Youth
28581,M,19,Enterprise
28582,M,36,Youth
28583,F,49,Family
28584,F,41,Premium
28585,F,40,Premium
28586,M,24,Family
28587,M,54,Youth
28588,M,58,Enterprise
28589,M,32,Enterprise
28590,F,29,Enterprise
28591,M,64,Enterprise
28592,M,27,Premium
28593,M,22,Family
28594,M,69,Enterprise
28595,M,26,Premium
28596,F,45,Enterprise
28597,M,43,Youth
28598,F,60,Youth
28599,F,46,Premium
28600,F,30,Enterprise
28601,F,35,Family
28602,M,28,Family
28603,M,36,Youth
28604,M,25,Premium
28605,F,32,Premium
28606,F,39,Youth
28607,M,67,Youth
28608,F,21,Youth
28609,M,40,Family
28610,M,26,Family
28611,M,25,Family
28612,M,41,Family
28613,M,63,Youth
28614,F,23,Family
28615,M,45,Family
28616,F,23,Family
28617,F,61,Enterprise
28618,M,52,Family
28619,M,20,Youth
28620,M,50,Family
28621,M,69,Youth
28622,F,64,Family
28623,M,23,Family
28624,F,66,Enterprise
28625,M,38,Youth
28626,M,39,Family
28627,M,52,Youth
28628,F,65,Enterprise
28629,M,41,Family
28630,F,54,Premium
28631,M,31,Premium
28632,F,50,Family
28633,M,70,Premium
28634,F,46,Premium
28635,M,26,Enterprise
28636,M,64,Youth
28637,F,48,Premium
28638,M,51,Youth
28639,F,52,Enterprise
28640,M,23,Enterprise
28641,M,49,Youth
28642,F,42,Enterprise
28643,M,56,Youth
28644,M,41,Family
28645,M,64,Family
28646,F,41,Family
28647,F,54,Premium
28648,F,50,Enterprise
28649,F,56,Family
28650,F,48,Enterprise
28651,F,21,Family
28652,F,54,Family
28653,M,22,Enterprise
28654,F,40,Enterprise
28655,M,42,Family
28656,M,60,Family
28657,F,26,Family
28658,F,43,Premium
28659,F,44,Family
28660,M,29,Premium
28661,F,55,Premium
28662,M,52,Premium
28663,F,25,Premium
28664,M,62,Premium
28665,M,33,Youth
28666,F,60,Premium
28667,F,51,Enterprise
28668,M,29,Family
28669,M,19,Family
28670,M,34,Family
28671,M,34,Youth
28672,F,53,Enterprise
28673,F,18,Youth
28674,F,52,Enterprise
28675,M,57,Premium
28676,M,25,Premium
28677,M,38,Enterprise
28678,M,31,Premium
28679,M,62,Family
28680,M,47,Enterprise
28681,M,53,Family
28682,M,57,Premium
28683,M,23,Family
28684,F,26,Family
28685,F,42,Premium
28686,M,28,Family
28687,M,26,Premium
28688,F,53,Youth
28689,M,29,Family
28690,F,69,Premium
28691,M,64,Youth
28692,F,39,Youth
28693,F,31,Youth
28694,M,18,Youth
28695,F,22,Family
28696,F,40,Family
28697,M,40,Premium
28698,M,48,Youth
28699,M,46,Youth
28700,M,47,Youth
28701,F,53,Family
28702,M,64,Youth
28703,F,32,Youth
28704,F,55,Family
28705,F,68,Family
28706,M,34,Premium
28707,M,67,Enterprise
28708,F,33,Enterprise
28709,M,29,Enterprise
28710,M,61,Premium
28711,M,70,Youth
28712,F,39,Premium
28713,F,60,Enterprise
28714,M,62,Enterprise
28715,M,41,Family
28716,F,59,Family
28717,F,42,Premium
28718,M,29,Enterprise
28719,M,24,Premium
28720,F,61,Premium
28721,M,18,Enterprise
28722,M,67,Family
28723,F,49,Youth
28724,F,61,Enterprise
28725,M,39,Premium
28726,F,26,Youth
28727,F,41,Family
28728,M,58,Family
28729,M,69,Family
28730,M,47,Family
28731,F,52,Premium
28732,M,69,Enterprise
28733,F,28,Family
28734,F,18,Premium
28735,F,19,Youth
28736,F,35,Premium
28737,M,67,Youth
28738,M,66,Youth
28739,F,39,Premium
28740,F,18,Youth
28741,M,50,Youth
28742,F,19,Enterprise
28743,F,25,Family
28744,M,48,Premium
28745,F,69,Family
28746,F,50,Premium
28747,F,29,Family
28748,F,67,Enterprise
28749,F,29,Premium
28750,F,25,Enterprise
28751,F,59,Enterprise
28752,F,60,Youth
28753,M,53,Youth
28754,M,31,Premium
28755,F,57,Enterprise
28756,F,47,Youth
28757,F,20,Youth
28758,M,60,Premium
28759,F,21,Youth
28760,F,70,Premium
28761,M,28,Youth
28762,F,18,Premium
28763,F,18,Enterprise
28764,M,64,Family
28765,F,63,Youth
28766,M,57,Family
28767,F,63,Youth
28768,F,19,Enterprise
28769,F,28,Enterprise
28770,F,28,Family
28771,M,19,Youth
28772,M,20,Enterprise
28773,F,48,Enterprise
28774,M,43,Family
28775,F,57,Premium
28776,F,48,Enterprise
28777,F,53,Youth
28778,M,19,Enterprise
28779,M,46,Enterprise
28780,F,41,Youth
28781,F,41,Premium
28782,M,48,Youth
28783,F,30,Enterprise
28784,M,27,Youth
28785,M,55,Enterprise
28786,F,47,Premium
28787,M,21,Enterprise
28788,F,45,Youth
28789,F,23,Enterprise
28790,M,66,Enterprise
28791,F,53,Enterprise
28792,M,33,Enterprise
28793,F,25,Youth
28794,M,52,Family
28795,F,58,Family
28796,F,38,Family
28797,M,63,Enterprise
28798,M,54,Family
28799,F,62,Youth
28800,F,33,Family
28801,M,60,Youth
28802,F,30,Premium
28803,F,40,Family
28804,M,66,Enterprise
28805,F,46,Premium
28806,F,40,Family
28807,F,34,Family
28808,M,20,Youth
28809,F,55,Premium
28810,F,37,Premium
28811,M,38,Family
28812,M,18,Youth
28813,M,59,Premium
28814,F,55,Premium
28815,F,42,Family
28816,M,49,Family
28817,F,38,Youth
28818,M,47,Family
28819,F,20,Youth
28820,M,59,Enterprise
28821,F,25,Family
28822,M,59,Youth
28823,F,67,Premium
28824,F,52,Enterprise
28825,F,27,Premium
28826,F,42,Premium
28827,F,60,Youth
28828,M,48,Family
28829,F,34,Premium
28830,M,33,Family
28831,M,69,Family
28832,F,26,Youth
28833,F,25,Enterprise
28834,F,32,Family
28835,M,48,Youth
28836,M,33,Enterprise
28837,M,35,Enterprise
28838,F,39,Family
28839,M,29,Premium
28840,M,66,Enterprise
28841,M,24,Enterprise
28842,F,63,Family
28843,F,26,Enterprise
28844,M,27,Enterprise
28845,F,20,Family
28846,M,64,Family
28847,F,28,Premium
28848,F,61,Premium
28849,M,66,Enterprise
28850,F,67,Enterprise
28851,F,36,Enterprise
28852,F,24,Youth
28853,M,56,Family
28854,F,64,Youth
28855,F,24,Family
28856,M,38,Premium
28857,M,29,Enterprise
28858,M,59,Family
28859,F,20,Enterprise
28860,M,45,Youth
28861,M,56,Youth
28862,M,69,Enterprise
28863,M,63,Family
28864,M,57,Youth
28865,M,19,Enterprise
28866,M,70,Premium
28867,F,24,Premium
28868,F,21,Youth
28869,F,49,Family
28870,M,52,Premium
28871,F,43,Youth
28872,M,43,Enterprise
28873,M,35,Enterprise
28874,F,19,Youth
28875,F,53,Premium
28876,M,28,Family
28877,F,20,Youth
28878,F,34,Premium
28879,F,40,Youth
28880,F,67,Family
28881,M,51,Family
28882,F,64,Youth
28883,M,21,Youth
28884,F,48,Youth
28885,F,32,Premium
28886,F,28,Enterprise
28887,M,23,Enterprise
28888,M,18,Youth
28889,F,60,Family
28890,F,39,Premium
28891,F,45,Family
28892,M,49,Youth
28893,F,65,Enterprise
28894,M,55,Premium
28895,F,66,Youth
28896,F,42,Youth
28897,M,48,Enterprise
28898,M,49,Premium
28899,M,22,Premium
28900,F,53,Enterprise
28901,F,42,Premium
28902,F,63,Premium
28903,M,59,Enterprise
28904,F,29,Premium
28905,M,33,Premium
28906,F,26,Family
28907,F,65,Premium
28908,M,23,Family
28909,M,66,Enterprise
28910,M,25,Enterprise
28911,F,38,Family
28912,F,62,Enterprise
28913,F,46,Youth
28914,M,59,Enterprise
28915,F,52,Family
28916,M,35,Youth
28917,M,40,Enterprise
28918,M,47,Youth
28919,F,49,Enterprise
28920,M,26,Family
28921,F,18,Youth
28922,F,54,Premium
28923,F,41,Youth
28924,M,21,Premium
28925,M,26,Enterprise
28926,F,51,Family
28927,F,48,Family
28928,M,19,Enterprise
28929,M,46,Youth
28930,F,57,Enterprise
28931,F,25,Premium
28932,M,62,Family
28933,M,25,Youth
28934,F,63,Premium
28935,M,50,Family
28936,M,65,Family
28937,F,53,Enterprise
28938,M,36,Family
28939,F,49,Premium
28940,F,26,Premium
28941,M,51,Enterprise
28942,M,34,Premium
28943,M,63,Youth
28944,M,33,Youth
28945,M,18,Enterprise
28946,F,39,Youth
28947,F,47,Premium
28948,M,57,Family
28949,M,50,Premium
28950,M,61,Premium
28951,F,59,Youth
28952,M,24,Family
28953,F,29,Enterprise
28954,F,52,Premium
28955,F,57,Family
28956,F,38,Enterprise
28957,M,63,Family
28958,F,56,Premium
28959,F,37,Family
28960,M,36,Premium
28961,F,34,Youth
28962,F,31,Premium
28963,M,46,Enterprise
28964,M,41,Family
28965,M,54,Premium
28966,F,30,Family
28967,M,37,Youth
28968,F,59,Family
28969,F,26,Family
28970,M,37,Premium
28971,M,54,Family
28972,F,23,Premium
28973,M,26,Premium
28974,F,46,Youth
28975,F,35,Enterprise
28976,M,53,Family
28977,F,21,Enterprise
28978,M,45,Family
28979,M,60,Youth
28980,F,68,Premium
28981,M,52,Family
28982,F,39,Premium
28983,M,67,Premium
28984,F,22,Premium
28985,F,63,Youth
28986,M,23,Enterprise
28987,F,62,Youth
28988,M,48,Enterprise
28989,M,31,Enterprise
28990,M,53,Premium
28991,M,51,Family
28992,M,52,Youth
28993,M,67,Family
28994,M,55,Enterprise
28995,F,26,Premium
28996,F,68,Enterprise
28997,M,20,Family
28998,M,39,Youth
28999,F,58,Enterprise
29000,F,69,Youth
29001,F,55,Premium
29002,F,36,Premium
29003,F,49,Enterprise
29004,M,27,Enterprise
29005,F,64,Youth
29006,M,34,Family
29007,F,69,Enterprise
29008,F,23,Enterprise
29009,M,49,Enterprise
29010,F,48,Premium
29011,M,52,Premium
29012,F,51,Youth
29013,F,40,Family
29014,F,68,Youth
29015,M,18,Premium
29016,F,31,Enterprise
29017,M,29,Youth
29018,M,39,Enterprise
29019,M,50,Premium
29020,F,67,Family
29021,M,58,Premium
29022,F,22,Premium
29023,M,67,Family
29024,F,42,Family
29025,M,61,Enterprise
29026,F,22,Premium
29027,F,56,Youth
29028,F,22,Premium
29029,F,64,Enterprise
29030,F,24,Youth
29031,M,56,Youth
29032,M,38,Enterprise
29033,F,29,Premium
29034,M,61,Premium
29035,M,27,Premium
29036,M,29,Premium
29037,M,35,Premium
29038,M,30,Family
29039,F,34,Youth
29040,F,28,Enterprise
29041,F,53,Family
29042,F,55,Youth
29043,F,43,Family
29044,F,58,Premium
29045,F,54,Youth
29046,F,33,Premium
29047,M,53,Enterprise
29048,M,65,Family
29049,M,67,Youth
29050,M,32,Premium
29051,M,20,Youth
29052,F,40,Family
29053,M,50,Family
29054,M,43,Youth
29055,M,62,Premium
29056,M,31,Premium
29057,M,18,Youth
29058,M,53,Family
29059,F,68,Enterprise
29060,F,60,Family
29061,M,45,Enterprise
29062,M,37,Youth
29063,M,63,Premium
29064,F,20,Youth
29065,M,70,Enterprise
29066,M,27,Family
29067,F,34,Enterprise
29068,M,57,Premium
29069,M,46,Enterprise
29070,M,27,Enterprise
29071,F,52,Enterprise
29072,M,46,Youth
29073,M,64,Family
29074,F,68,Premium
29075,M,56,Premium
29076,F,31,Youth
29077,M,54,Family
29078,M,57,Enterprise
29079,F,23,Enterprise
29080,F,38,Family
29081,F,63,Youth
29082,M,41,Premium
29083,F,59,Youth
29084,M,39,Family
29085,F,67,Enterprise
29086,M,70,Enterprise
29087,M,21,Youth
29088,M,52,Premium
29089,M,40,Enterprise
29090,F,58,Youth
29091,F,59,Youth
29092,F,54,Premium
29093,M,20,Premium
29094,F,34,Premium
29095,F,46,Enterprise
29096,F,23,Premium
29097,F,69,Family
29098,M,34,Enterprise
29099,M,69,Youth
29100,M,46,Youth
29101,M,18,Enterprise
29102,M,52,Premium
29103,M,54,Family
29104,M,70,Premium
29105,M,27,Premium
29106,F,60,Enterprise
29107,F,43,Enterprise
29108,M,41,Premium
29109,F,53,Premium
29110,M,52,Premium
29111,F,70,Youth
29112,M,58,Enterprise
29113,M,66,Youth
29114,F,36,Premium
29115,F,19,Family
29116,F,55,Enterprise
29117,M,69,Youth
29118,M,57,Enterprise
29119,M,38,Enterprise
29120,F,38,Enterprise
29121,M,64,Enterprise
29122,F,41,Family
29123,M,44,Youth
29124,F,25,Family
29125,F,21,Youth
29126,M,59,Family
29127,M,39,Premium
29128,M,42,Family
29129,F,55,Youth
29130,M,70,Premium
29131,F,49,Premium
29132,F,65,Enterprise
29133,M,25,Enterprise
29134,F,18,Youth
29135,M,41,Family
29136,M,21,Premium
29137,F,41,Premium
29138,M,20,Enterprise
29139,M,49,Family
29140,M,20,Family
29141,M,30,Enterprise
29142,F,41,Enterprise
29143,M,49,Youth
29144,F,63,Family
29145,F,24,Enterprise
29146,M,31,Premium
29147,F,60,Enterprise
29148,F,28,Youth
29149,F,48,Premium
29150,M,23,Premium
29151,M,49,Youth
29152,F,55,Premium
29153,F,20,Premium
29154,F,52,Premium
29155,F,69,Youth
29156,M,18,Family
29157,M,27,Enterprise
29158,F,19,Family
29159,F,58,Enterprise
29160,M,39,Premium
29161,F,60,Enterprise
29162,F,49,Premium
29163,M,50,Youth
29164,F,51,Enterprise
29165,M,68,Youth
29166,M,57,Family
29167,M,64,Family
29168,M,26,Enterprise
29169,F,67,Family
29170,M,25,Family
29171,F,24,Youth
29172,M,28,Youth
29173,F,61,Premium
29174,M,51,Youth
29175,M,49,Enterprise
29176,F,39,Family
29177,F,43,Family
29178,F,35,Youth
29179,M,54,Premium
29180,F,55,Enterprise
29181,M,47,Enterprise
29182,M,21,Premium
29183,M,44,Premium
29184,F,60,Enterprise
29185,F,20,Family
29186,M,54,Premium
29187,M,35,Family
29188,M,36,Enterprise
29189,M,36,Youth
29190,F,39,Family
29191,F,62,Family
29192,M,32,Premium
29193,M,64,Youth
29194,F,22,Premium
29195,M,30,Premium
29196,F,56,Family
29197,F,69,Youth
29198,M,21,Youth
29199,F,47,Premium
29200,F,43,Youth
29201,M,45,Premium
29202,M,43,Premium
29203,F,43,Enterprise
29204,M,56,Youth
29205,F,41,Enterprise
29206,M,20,Family
29207,F,54,Youth
29208,M,38,Premium
29209,F,48,Youth
29210,M,51,Family
29211,M,38,Family
29212,F,57,Youth
29213,M,46,Enterprise
29214,F,36,Enterprise
29215,M,29,Premium
29216,M,68,Enterprise
29217,F,39,Family
29218,M,54,Family
29219,F,18,Premium
29220,F,41,Youth
29221,M,53,Enterprise
29222,F,42,Family
29223,M,44,Enterprise
29224,F,67,Enterprise
29225,F,41,Premium
29226,F,51,Youth
29227,F,58,Enterprise
29228,F,66,Family
29229,F,39,Premium
29230,M,26,Enterprise
29231,F,28,Enterprise
29232,M,31,Youth
29233,F,54,Enterprise
29234,F,38,Enterprise
29235,M,45,Enterprise
29236,M,39,Family
29237,F,58,Enterprise
29238,M,70,Enterprise
29239,F,65,Premium
29240,M,56,Enterprise
29241,F,46,Youth
29242,F,38,Family
29243,F,53,Family
29244,F,48,Family
29245,M,63,Family
29246,F,51,Youth
29247,F,27,Family
29248,M,59,Enterprise
29249,F,65,Enterprise
29250,M,62,Premium
29251,F,62,Enterprise
29252,M,42,Premium
29253,F,45,Youth
29254,M,42,Family
29255,F,46,Family
29256,F,47,Family
29257,M,37,Premium
29258,M,33,Enterprise
29259,F,37,Youth
29260,M,37,Enterprise
29261,F,47,Family
29262,M,29,Family
29263,M,65,Enterprise
29264,M,26,Youth
29265,F,62,Youth
29266,F,55,Youth
29267,F,61,Family
29268,M,57,Enterprise
29269,F,20,Enterprise
29270,M,18,Family
29271,F,21,Family
29272,M,47,Youth
29273,M,56,Youth
29274,M,23,Premium
29275,M,25,Family
29276,F,60,Youth
29277,M,42,Youth
29278,M,45,Premium
29279,M,53,Family
29280,F,20,Family
29281,M,53,Youth
29282,M,28,Youth
29283,M,31,Family
29284,M,63,Enterprise
29285,M,49,Premium
29286,F,63,Enterprise
29287,M,64,Family
29288,M,21,Premium
29289,M,54,Youth
29290,M,36,Premium
29291,F,63,Enterprise
29292,F,62,Youth
29293,F,47,Enterprise
29294,F,67,Enterprise
29295,M,65,Family
29296,F,61,Family
29297,M,34,Youth
29298,M,39,Family
29299,F,48,Youth
29300,M,22,Family
29301,F,54,Enterprise
29302,F,55,Premium
29303,F,51,Enterprise
29304,M,41,Youth
29305,M,29,Family
29306,M,44,Youth
29307,F,67,Youth
29308,M,29,Family
29309,M,58,Family
29310,F,32,Premium
29311,F,46,Enterprise
29312,F,19,Premium
29313,M,31,Premium
29314,M,62,Premium
29315,F,32,Enterprise
29316,F,41,Youth
29317,F,25,Family
29318,M,53,Enterprise
29319,F,59,Youth
29320,M,61,Family
29321,M,58,Family
29322,M,69,Family
29323,F,26,Premium
29324,M,54,Enterprise
29325,F,63,Family
29326,F,38,Youth
29327,F,67,Premium
29328,M,61,Family
29329,F,54,Premium
29330,F,28,Enterprise
29331,F,33,Enterprise
29332,F,53,Premium
29333,M,30,Premium
29334,M,65,Enterprise
29335,F,63,Family
29336,F,60,Family
29337,F,25,Premium
29338,F,43,Family
29339,F,58,Family
29340,F,63,Enterprise
29341,M,31,Premium
29342,M,42,Youth
29343,F,51,Enterprise
29344,M,46,Youth
29345,F,60,Family
29346,M,44,Youth
29347,F,22,Family
29348,M,40,Enterprise
29349,M,31,Youth
29350,M,31,Enterprise
29351,F,67,Premium
29352,F,63,Enterprise
29353,F,60,Premium
29354,M,47,Premium
29355,M,45,Family
29356,F,50,Family
29357,F,47,Premium
29358,M,51,Enterprise
29359,F,63,Youth
29360,M,55,Enterprise
29361,F,24,Family
29362,M,69,Youth
29363,F,67,Youth
29364,M,59,Family
29365,F,38,Family
29366,F,43,Premium
29367,M,23,Enterprise
29368,M,68,Family
29369,M,58,Youth
29370,M,55,Enterprise
29371,M,51,Youth
29372,M,21,Premium
29373,M,37,Premium
29374,F,59,Youth
29375,F,56,Family
29376,F,31,Youth
29377,F,64,Premium
29378,F,61,Family
29379,M,53,Youth
29380,F,43,Premium
29381,F,70,Youth
29382,F,46,Family
29383,F,55,Family
29384,F,40,Premium
29385,M,67,Premium
29386,F,40,Enterprise
29387,F,22,Youth
29388,M,53,Premium
29389,M,46,Enterprise
29390,F,31,Premium
29391,M,48,Enterprise
29392,F,61,Premium
29393,F,61,Family
29394,F,52,Family
29395,M,52,Enterprise
29396,F,34,Family
29397,M,66,Youth
29398,F,48,Family
29399,F,58,Youth
29400,F,23,Enterprise
29401,M,67,Youth
29402,M,54,Enterprise
29403,M,48,Premium
29404,M,39,Premium
29405,F,56,Family
29406,M,46,Youth
29407,F,64,Enterprise
29408,M,69,Family
29409,F,63,Youth
29410,F,29,Enterprise
29411,M,57,Youth
29412,M,41,Enterprise
29413,M,35,Premium
29414,F,53,Youth
29415,M,31,Youth
29416,F,49,Premium
29417,F,19,Youth
29418,M,19,Enterprise
29419,M,43,Family
29420,M,34,Youth
29421,F,18,Youth
29422,M,66,Enterprise
29423,M,19,Enterprise
29424,M,63,Family
29425,F,67,Enterprise
29426,M,67,Youth
29427,F,52,Youth
29428,M,34,Youth
29429,M,32,Youth
29430,M,60,Enterprise
29431,M,21,Premium
29432,M,66,Youth
29433,F,21,Premium
29434,M,24,Family
29435,M,62,Youth
29436,M,20,Youth
29437,F,26,Family
29438,M,50,Family
29439,F,23,Family
29440,F,32,Enterprise
29441,F,45,Youth
29442,M,29,Family
29443,F,24,Family
29444,M,69,Youth
29445,F,41,Family
29446,M,66,Premium
29447,M,39,Youth
29448,M,66,Family
29449,M,41,Premium
29450,M,18,Enterprise
29451,M,54,Youth
29452,F,61,Youth
29453,F,47,Family
29454,M,31,Premium
29455,F,20,Enterprise
29456,F,62,Family
29457,F,32,Enterprise
29458,M,68,Premium
29459,M,64,Premium
29460,F,24,Enterprise
29461,M,58,Enterprise
29462,M,47,Youth
29463,M,30,Premium
29464,M,21,Premium
29465,M,70,Family
29466,F,41,Enterprise
29467,F,27,Youth
29468,F,21,Premium
29469,F,57,Youth
29470,M,55,Enterprise
29471,F,38,Family
29472,F,47,Premium
29473,F,27,Enterprise
29474,F,23,Premium
29475,M,41,Family
29476,M,46,Family
29477,M,60,Family
29478,F,53,Enterprise
29479,F,27,Premium
29480,F,19,Family
29481,F,23,Family
29482,F,38,Enterprise
29483,F,45,Youth
29484,M,27,Youth
29485,F,66,Premium
29486,M,61,Enterprise
29487,M,62,Premium
29488,M,24,Family
29489,M,38,Family
29490,M,50,Premium
29491,M,66,Enterprise
29492,M,34,Youth
29493,M,28,Youth
29494,F,51,Youth
29495,F,66,Family
29496,M,46,Youth
29497,M,55,Enterprise
29498,F,48,Youth
29499,F,28,Youth
29500,M,56,Family
29501,M,51,Premium
29502,F,20,Premium
29503,F,37,Family
29504,F,54,Youth
29505,M,60,Youth
29506,F,24,Youth
29507,M,60,Youth
29508,M,62,Youth
29509,F,68,Enterprise
29510,F,61,Youth
29511,F,27,Enterprise
29512,F,23,Enterprise
29513,F,46,Youth
29514,M,29,Premium
29515,F,66,Family
29516,M,48,Youth
29517,F,45,Enterprise
29518,M,36,Enterprise
29519,M,40,Enterprise
29520,F,53,Enterprise
29521,M,24,Enterprise
29522,F,41,Family
29523,M,36,Family
29524,M,58,Premium
29525,M,39,Premium
29526,M,19,Enterprise
29527,F,20,Family
29528,M,62,Youth
29529,M,53,Youth
29530,F,37,Family
29531,M,37,Youth
29532,F,70,Family
29533,M,40,Enterprise
29534,M,48,Youth
29535,F,63,Youth
29536,F,70,Youth
29537,F,50,Family
29538,M,64,Family
29539,M,38,Family
29540,M,34,Premium
29541,F,56,Premium
29542,M,45,Premium
29543,M,40,Premium
29544,F,58,Youth
29545,M,36,Youth
29546,M,41,Enterprise
29547,M,50,Enterprise
29548,F,46,Family
29549,F,32,Premium
29550,F,56,Enterprise
29551,M,19,Youth
29552,M,42,Youth
29553,M,26,Premium
29554,M,40,Premium
29555,F,39,Premium
29556,F,31,Enterprise
29557,M,24,Premium
29558,M,61,Youth
29559,M,29,Premium
29560,F,51,Premium
29561,M,40,Family
29562,F,60,Premium
29563,M,59,Premium
29564,F,32,Premium
29565,F,18,Enterprise
29566,F,23,Premium
29567,M,70,Youth
29568,F,34,Enterprise
29569,M,28,Youth
29570,F,65,Enterprise
29571,F,20,Premium
29572,F,62,Youth
29573,F,39,Enterprise
29574,F,69,Premium
29575,F,18,Family
29576,M,27,Enterprise
29577,F,50,Youth
29578,M,59,Enterprise
29579,M,57,Premium
29580,M,69,Enterprise
29581,M,61,Family
29582,M,21,Premium
29583,F,37,Family
29584,F,68,Youth
29585,F,55,Youth
29586,M,22,Premium
29587,F,21,Family
29588,F,23,Youth
29589,M,53,Premium
29590,F,60,Enterprise
29591,M,67,Family
29592,M,30,Youth
29593,F,62,Youth
29594,F,24,Enterprise
29595,M,69,Youth
29596,M,25,Family
29597,F,22,Enterprise
29598,F,28,Family
29599,F,68,Family
29600,M,45,Premium
29601,M,47,Youth
29602,M,50,Youth
29603,M,20,Family
29604,M,18,Premium
29605,F,43,Premium
29606,M,19,Family
29607,F,25,Youth
29608,F,19,Premium
29609,F,19,Youth
29610,M,25,Family
29611,F,61,Premium
29612,F,43,Youth
29613,M,54,Family
29614,F,46,Family
29615,F,43,Youth
29616,F,25,Premium
29617,M,48,Premium
29618,F,47,Enterprise
29619,M,19,Family
29620,F,66,Youth
29621,M,63,Family
29622,F,21,Youth
29623,F,64,Enterprise
29624,M,45,Family
29625,F,67,Enterprise
29626,M,21,Family
29627,F,32,Youth
29628,F,36,Enterprise
29629,M,57,Enterprise
29630,M,38,Premium
29631,M,51,Premium
29632,M,66,Family
29633,F,40,Family
29634,F,38,Enterprise
29635,F,70,Family
29636,M,31,Premium
29637,M,66,Family
29638,F,68,Enterprise
29639,F,47,Premium
29640,M,39,Family
29641,F,30,Premium
29642,F,21,Family
29643,M,69,Family
29644,F,24,Family
29645,F,68,Youth
29646,M,69,Enterprise
29647,F,31,Enterprise
29648,F,27,Enterprise
29649,F,59,Premium
29650,M,61,Enterprise
29651,F,26,Family
29652,F,63,Premium
29653,M,21,Family
29654,M,70,Youth
29655,M,38,Family
29656,F,28,Family
29657,F,46,Premium
29658,M,60,Family
29659,M,69,Enterprise
29660,F,28,Family
29661,F,25,Family
29662,F,24,Youth
29663,M,69,Youth
29664,F,69,Enterprise
29665,M,40,Enterprise
29666,F,50,Family
29667,F,62,Youth
29668,F,63,Premium
29669,F,63,Premium
29670,F,42,Youth
29671,F,28,Youth
29672,M,52,Premium
29673,F,23,Premium
29674,M,33,Youth
29675,F,24,Premium
29676,M,68,Family
29677,M,30,Family
29678,F,47,Enterprise
29679,F,65,Enterprise
29680,F,23,Premium
29681,M,53,Youth
29682,M,20,Youth
29683,F,61,Family
29684,F,31,Family
29685,F,50,Enterprise
29686,F,19,Family
29687,M,49,Youth
29688,F,61,Premium
29689,F,48,Family
29690,F,24,Youth
29691,F,25,Family
29692,M,54,Enterprise
29693,F,52,Youth
29694,F,66,Youth
29695,M,54,Family
29696,F,46,Youth
29697,M,69,Family
29698,M,64,Youth
29699,M,61,Enterprise
29700,M,22,Enterprise
29701,M,34,Family
29702,M,37,Youth
29703,M,54,Premium
29704,F,42,Premium
29705,F,18,Youth
29706,M,46,Youth
29707,F,65,Enterprise
29708,M,18,Family
29709,M,66,Youth
29710,M,57,Enterprise
29711,F,26,Premium
29712,F,59,Family
29713,F,37,Family
29714,M,54,Youth
29715,M,30,Youth
29716,F,25,Enterprise
29717,M,60,Premium
29718,M,41,Premium
29719,F,19,Family
29720,F,59,Youth
29721,F,61,Family
29722,M,68,Premium
29723,F,53,Enterprise
29724,M,47,Enterprise
29725,F,30,Family
29726,M,30,Premium
29727,M,32,Family
29728,M,59,Family
29729,M,47,Enterprise
29730,M,26,Family
29731,M,43,Enterprise
29732,M,25,Premium
29733,M,36,Premium
29734,M,34,Enterprise
29735,F,61,Enterprise
29736,M,58,Enterprise
29737,M,45,Youth
29738,F,60,Family
29739,M,64,Enterprise
29740,F,48,Enterprise
29741,M,25,Enterprise
29742,F,61,Premium
29743,M,38,Premium
29744,M,65,Premium
29745,F,60,Premium
29746,M,22,Premium
29747,M,49,Youth
29748,M,28,Enterprise
29749,F,48,Enterprise
29750,M,20,Family
29751,F,64,Family
29752,M,56,Premium
29753,F,35,Enterprise
29754,F,58,Family
29755,M,28,Enterprise
29756,F,62,Youth
29757,F,19,Enterprise
29758,F,30,Family
29759,F,27,Family
29760,M,58,Family
29761,F,42,Enterprise
29762,F,46,Enterprise
29763,F,47,Family
29764,M,26,Enterprise
29765,F,22,Family
29766,M,40,Premium
29767,M,37,Premium
29768,M,41,Youth
29769,F,60,Enterprise
29770,M,62,Enterprise
29771,F,59,Family
29772,F,39,Family
29773,F,35,Enterprise
29774,F,59,Youth
29775,F,22,Enterprise
29776,F,26,Premium
29777,M,64,Enterprise
29778,F,43,Family
29779,M,36,Family
29780,F,41,Premium
29781,M,34,Premium
29782,F,60,Family
29783,F,41,Youth
29784,F,52,Premium
29785,M,35,Youth
29786,M,50,Premium
29787,F,26,Enterprise
29788,M,62,Enterprise
29789,M,27,Family
29790,M,34,Premium
29791,F,41,Youth
29792,F,21,Premium
29793,M,36,Enterprise
29794,M,66,Family
29795,M,22,Premium
29796,M,22,Youth
29797,F,38,Premium
29798,F,45,Premium
29799,F,52,Youth
29800,M,38,Youth
29801,F,37,Premium
29802,M,69,Enterprise
29803,F,58,Enterprise
29804,M,64,Premium
29805,M,50,Family
29806,F,63,Youth
29807,M,47,Youth
29808,F,31,Youth
29809,M,53,Premium
29810,F,40,Premium
29811,F,29,Enterprise
29812,M,56,Family
29813,M,56,Premium
29814,F,36,Premium
29815,F,35,Youth
29816,M,49,Premium
29817,M,51,Family
29818,F,18,Youth
29819,F,53,Youth
29820,M,68,Family
29821,F,27,Premium
29822,F,21,Family
29823,M,69,Youth
29824,F,45,Premium
29825,F,23,Premium
29826,F,53,Premium
29827,F,52,Family
29828,F,20,Family
29829,F,57,Youth
29830,M,56,Premium
29831,M,22,Premium
29832,M,39,Family
29833,M,46,Premium
29834,F,64,Premium
29835,M,55,Family
29836,F,63,Premium
29837,M,67,Family
29838,F,62,Family
29839,F,58,Enterprise
29840,M,41,Premium
29841,M,46,Premium
29842,M,36,Enterprise
29843,F,38,Enterprise
29844,M,41,Youth
29845,F,69,Enterprise
29846,F,42,Enterprise
29847,F,49,Premium
29848,F,26,Family
29849,F,29,Family
29850,M,43,Premium
29851,M,39,Premium
29852,M,62,Premium
29853,M,42,Premium
29854,M,69,Premium
29855,F,37,Enterprise
29856,M,57,Premium
29857,M,44,Enterprise
29858,F,68,Family
29859,F,43,Youth
29860,F,63,Premium
29861,F,56,Premium
29862,M,45,Youth
29863,F,47,Youth
29864,M,43,Enterprise
29865,M,34,Family
29866,F,32,Youth
29867,M,57,Youth
29868,M,47,Premium
29869,M,32,Premium
29870,F,29,Enterprise
29871,F,45,Youth
29872,M,53,Premium
29873,M,43,Family
29874,F,52,Premium
29875,F,63,Family
29876,F,48,Enterprise
29877,M,55,Youth
29878,F,69,Family
29879,M,40,Enterprise
29880,F,49,Enterprise
29881,F,54,Enterprise
29882,F,52,Enterprise
29883,F,65,Enterprise
29884,M,59,Premium
29885,M,59,Enterprise
29886,M,53,Family
29887,F,59,Family
29888,M,68,Enterprise
29889,F,54,Family
29890,M,37,Premium
29891,M,41,Premium
29892,F,46,Family
29893,M,67,Family
29894,F,25,Family
29895,M,68,Premium
29896,M,70,Family
29897,M,19,Family
29898,M,48,Premium
29899,M,21,Enterprise
29900,M,66,Family
29901,M,39,Family
29902,M,68,Youth
29903,F,24,Youth
29904,F,48,Premium
29905,M,52,Premium
29906,M,23,Premium
29907,F,68,Enterprise
29908,F,35,Family
29909,F,57,Family
29910,F,28,Enterprise
29911,M,23,Youth
29912,F,41,Enterprise
29913,F,53,Enterprise
29914,F,57,Family
29915,M,30,Family
29916,M,53,Premium
29917,F,45,Premium
29918,F,39,Youth
29919,M,46,Youth
29920,M,27,Enterprise
29921,F,69,Enterprise
29922,M,70,Youth
29923,F,40,Premium
29924,M,51,Family
29925,F,18,Premium
29926,M,24,Youth
29927,M,46,Family
29928,M,55,Family
29929,F,46,Family
29930,F,39,Youth
29931,M,65,Youth
29932,M,53,Premium
29933,F,54,Enterprise
29934,M,47,Premium
29935,M,34,Family
29936,F,49,Premium
29937,F,51,Enterprise
29938,F,54,Premium
29939,F,60,Youth
29940,F,39,Family
29941,F,41,Premium
29942,M,24,Enterprise
29943,F,39,Family
29944,M,50,Premium
29945,M,51,Youth
29946,M,44,Enterprise
29947,F,22,Youth
29948,M,22,Family
29949,F,54,Premium
29950,M,66,Family
29951,F,28,Premium
29952,F,56,Youth
29953,M,46,Youth
29954,M,46,Premium
29955,F,48,Youth
29956,M,32,Premium
29957,F,25,Premium
29958,M,59,Enterprise
29959,M,65,Family
29960,M,44,Enterprise
29961,F,31,Family
29962,M,23,Youth
29963,F,54,Premium
29964,M,55,Family
29965,F,48,Enterprise
29966,M,38,Youth
29967,M,38,Enterprise
29968,M,69,Premium
29969,F,29,Youth
29970,M,52,Enterprise
29971,F,50,Family
29972,M,21,Premium
29973,F,55,Youth
29974,F,27,Enterprise
29975,M,24,Premium
29976,M,31,Youth
29977,F,59,Premium
29978,M,22,Premium
29979,M,40,Family
29980,F,38,Youth
29981,M,40,Premium
29982,F,38,Youth
29983,M,25,Premium
29984,F,41,Youth
29985,F,18,Family
29986,M,69,Premium
29987,M,54,Enterprise
29988,M,68,Premium
29989,M,30,Family
29990,M,64,Youth
29991,F,49,Family
29992,M,27,Youth
29993,M,20,Enterprise
29994,M,38,Enterprise
29995,F,52,Youth
29996,F,69,Youth
29997,M,30,Youth
29998,M,30,Enterprise
29999,F,25,Premium
30000,M,68,Family
30001,F,69,Enterprise
30002,M,65,Premium
30003,F,64,Family
30004,M,49,Youth
30005,M,50,Enterprise
30006,M,60,Enterprise
30007,M,64,Premium
30008,F,67,Family
30009,M,40,Premium
30010,M,57,Family
30011,F,40,Family
30012,M,25,Youth
30013,F,44,Premium
30014,F,55,Youth
30015,F,35,Youth
30016,M,39,Premium
30017,F,37,Family
30018,M,64,Youth
30019,F,55,Premium
30020,F,19,Family
30021,M,33,Youth
30022,M,20,Premium
30023,F,42,Youth
30024,M,66,Youth
30025,F,42,Premium
30026,F,36,Enterprise
30027,M,53,Family
30028,F,60,Family
30029,M,43,Premium
30030,F,49,Youth
30031,F,44,Premium
30032,M,47,Family
30033,M,33,Family
30034,M,35,Premium
30035,M,60,Youth
30036,M,57,Youth
30037,F,40,Enterprise
30038,F,39,Premium
30039,F,66,Youth
30040,M,47,Premium
30041,F,32,Family
30042,F,56,Family
30043,M,41,Enterprise
30044,F,44,Youth
30045,M,18,Family
30046,M,48,Enterprise
30047,F,50,Youth
30048,M,45,Enterprise
30049,F,54,Family
30050,M,35,Youth
30051,M,24,Premium
30052,M,52,Family
30053,F,67,Enterprise
30054,M,46,Youth
30055,F,49,Enterprise
30056,M,59,Youth
30057,M,20,Enterprise
30058,M,37,Family
30059,F,55,Enterprise
30060,F,44,Enterprise
30061,M,43,Family
30062,M,54,Family
30063,M,62,Family
30064,M,33,Enterprise
30065,F,36,Premium
30066,M,30,Premium
30067,M,18,Youth
30068,M,20,Family
30069,M,26,Premium
30070,F,44,Enterprise
30071,M,61,Enterprise
30072,F,67,Premium
30073,M,69,Enterprise
30074,M,31,Youth
30075,F,65,Family
30076,M,38,Youth
30077,F,39,Youth
30078,M,35,Enterprise
30079,F,44,Family
30080,F,68,Youth
30081,F,48,Enterprise
30082,M,34,Premium
30083,F,23,Family
30084,F,21,Family
30085,M,26,Family
30086,F,52,Enterprise
30087,M,35,Family
30088,M,48,Family
30089,M,29,Premium
30090,F,42,Family
30091,F,57,Premium
30092,F,54,Premium
30093,F,49,Family
30094,F,22,Family
30095,M,48,Family
30096,M,54,Enterprise
30097,F,49,Youth
30098,F,20,Premium
30099,M,33,Premium
30100,F,25,Family
30101,F,43,Family
30102,F,61,Premium
30103,M,31,Premium
30104,M,67,Youth
30105,F,59,Premium
30106,F,22,Premium
30107,M,32,Premium
30108,M,44,Premium
30109,M,50,Youth
30110,F,32,Premium
30111,F,23,Enterprise
30112,M,46,Family
30113,M,45,Premium
30114,M,34,Premium
30115,F,31,Enterprise
30116,F,58,Enterprise
30117,M,27,Family
30118,F,47,Family
30119,F,47,Enterprise
30120,M,58,Premium
30121,F,60,Youth
30122,M,22,Enterprise
30123,F,33,Enterprise
30124,M,70,Enterprise
30125,M,24,Youth
30126,F,44,Youth
30127,M,59,Premium
30128,F,37,Family
30129,M,36,Family
30130,F,60,Premium
30131,F,56,Enterprise
30132,F,68,Family
30133,M,58,Premium
30134,M,28,Youth
30135,M,39,Enterprise
30136,F,66,Premium
30137,M,47,Youth
30138,M,42,Premium
30139,F,31,Family
30140,F,25,Youth
30141,F,20,Family
30142,M,18,Family
30143,F,46,Family
30144,F,35,Premium
30145,F,59,Family
30146,M,49,Youth
30147,F,37,Enterprise
30148,F,49,Youth
30149,M,45,Family
30150,M,61,Premium
30151,M,67,Premium
30152,M,27,Enterprise
30153,F,58,Family
30154,F,19,Premium
30155,F,52,Enterprise
30156,M,24,Family
30157,F,56,Family
30158,M,40,Premium
30159,F,49,Family
30160,F,66,Enterprise
30161,F,53,Family
30162,F,46,Youth
30163,F,31,Enterprise
30164,M,24,Youth
30165,F,58,Youth
30166,F,38,Family
30167,M,49,Enterprise
30168,F,52,Youth
30169,M,28,Family
30170,M,26,Family
30171,M,32,Family
30172,F,18,Family
30173,F,36,Premium
30174,M,23,Family
30175,F,69,Family
30176,M,51,Youth
30177,F,54,Enterprise
30178,F,20,Enterprise
30179,M,19,Enterprise
30180,F,18,Premium
30181,F,28,Family
30182,F,46,Enterprise
30183,M,63,Youth
30184,F,37,Youth
30185,F,67,Youth
30186,M,66,Enterprise
30187,F,60,Youth
30188,M,32,Family
30189,M,63,Enterprise
30190,M,43,Premium
30191,F,36,Youth
30192,M,26,Premium
30193,F,32,Youth
30194,M,21,Youth
30195,F,65,Premium
30196,F,68,Enterprise
30197,F,32,Family
30198,F,31,Youth
30199,F,54,Enterprise
30200,F,24,Enterprise
30201,M,38,Premium
30202,F,35,Youth
30203,M,66,Youth
30204,F,43,Enterprise
30205,M,23,Enterprise
30206,F,66,Family
30207,M,59,Premium
30208,F,54,Family
30209,M,65,Family
30210,M,43,Family
30211,M,40,Family
30212,F,32,Family
30213,M,40,Youth
30214,F,55,Enterprise
30215,F,46,Youth
30216,M,62,Family
30217,M,25,Family
30218,M,19,Youth
30219,F,24,Enterprise
30220,M,70,Premium
30221,M,51,Premium
30222,M,70,Family
30223,F,66,Youth
30224,F,48,Enterprise
30225,M,28,Family
30226,F,55,Enterprise
30227,M,34,Premium
30228,F,32,Youth
30229,M,20,Family
30230,M,63,Premium
30231,F,51,Premium
30232,M,37,Enterprise
30233,F,39,Youth
30234,M,61,Youth
30235,F,43,Enterprise
30236,M,69,Premium
30237,M,43,Enterprise
30238,F,42,Youth
30239,F,57,Family
30240,F,41,Family
30241,M,49,Premium
30242,F,59,Premium
30243,F,44,Family
30244,F,26,Family
30245,F,39,Premium
30246,F,45,Youth
30247,M,55,Youth
30248,M,63,Family
30249,F,33,Family
30250,M,33,Premium
30251,F,24,Youth
30252,M,57,Youth
30253,M,63,Enterprise
30254,M,43,Enterprise
30255,M,47,Youth
30256,F,55,Youth
30257,F,37,Family
30258,M,61,Youth
30259,M,24,Premium
30260,F,27,Family
30261,F,47,Youth
30262,M,68,Enterprise
30263,F,43,Youth
30264,F,49,Family
30265,M,34,Family
30266,M,37,Family
30267,F,60,Youth
30268,M,26,Family
30269,F,67,Premium
30270,M,27,Youth
30271,M,70,Youth
30272,F,50,Family
30273,F,50,Enterprise
30274,F,38,Family
30275,M,52,Premium
30276,M,51,Premium
30277,F,70,Youth
30278,F,54,Enterprise
30279,F,30,Enterprise
30280,M,53,Family
30281,F,50,Enterprise
30282,F,39,Premium
30283,F,25,Enterprise
30284,M,56,Enterprise
30285,F,49,Youth
30286,F,39,Enterprise
30287,M,37,Enterprise
30288,M,18,Youth
30289,M,59,Youth
30290,M,27,Premium
30291,M,48,Enterprise
30292,F,52,Family
30293,F,68,Enterprise
30294,M,69,Enterprise
30295,M,46,Premium
30296,F,64,Premium
30297,M,33,Youth
30298,F,31,Youth
30299,F,33,Youth
30300,F,30,Youth
30301,F,23,Youth
30302,M,60,Family
30303,F,64,Enterprise
30304,M,61,Enterprise
30305,F,67,Youth
30306,F,18,Family
30307,M,18,Enterprise
30308,F,19,Family
30309,M,58,Family
30310,M,43,Youth
30311,M,61,Premium
30312,F,37,Premium
30313,F,51,Family
30314,F,61,Premium
30315,F,40,Youth
30316,M,52,Premium
30317,F,66,Premium
30318,F,49,Family
30319,F,57,Premium
30320,F,54,Premium
30321,M,54,Enterprise
30322,F,20,Family
30323,M,68,Youth
30324,M,40,Family
30325,M,41,Premium
30326,M,52,Family
30327,M,36,Family
30328,M,49,Enterprise
30329,M,45,Youth
30330,M,18,Premium
30331,F,52,Premium
30332,F,19,Youth
30333,M,44,Family
30334,M,19,Family
30335,M,56,Youth
30336,F,47,Enterprise
30337,M,36,Family
30338,M,37,Premium
30339,M,70,Family
30340,M,46,Family
30341,M,48,Youth
30342,F,40,Premium
30343,M,58,Premium
30344,M,29,Youth
30345,F,36,Youth
30346,F,62,Enterprise
30347,F,58,Premium
30348,F,51,Premium
30349,F,65,Youth
30350,M,22,Youth
30351,F,66,Premium
30352,F,32,Family
30353,F,21,Family
30354,M,62,Premium
30355,M,53,Family
30356,F,25,Enterprise
30357,M,19,Enterprise
30358,M,63,Premium
30359,F,37,Premium
30360,M,70,Family
30361,M,45,Youth
30362,M,47,Family
30363,M,54,Enterprise
30364,F,29,Enterprise
30365,M,62,Premium
30366,M,70,Family
30367,F,39,Youth
30368,M,63,Family
30369,F,22,Youth
30370,F,45,Family
30371,F,57,Youth
30372,F,25,Youth
30373,M,49,Family
30374,M,70,Premium
30375,F,38,Premium
30376,F,60,Family
30377,M,58,Premium
30378,F,45,Youth
30379,M,40,Youth
30380,F,42,Family
30381,F,34,Youth
30382,M,69,Enterprise
30383,F,59,Premium
30384,F,70,Enterprise
30385,M,24,Enterprise
30386,M,29,Youth
30387,F,29,Premium
30388,F,58,Youth
30389,M,19,Premium
30390,F,54,Premium
30391,F,57,Youth
30392,F,29,Family
30393,F,59,Family
30394,M,39,Premium
30395,M,68,Enterprise
30396,F,26,Youth
30397,F,62,Enterprise
30398,F,49,Premium
30399,M,59,Enterprise
30400,F,60,Youth
30401,F,27,Youth
30402,M,52,Enterprise
30403,F,32,Family
30404,M,43,Premium
30405,M,40,Youth
30406,M,58,Youth
30407,F,26,Family
30408,F,34,Premium
30409,M,25,Premium
30410,M,70,Enterprise
30411,F,43,Enterprise
30412,F,41,Premium
30413,F,31,Family
30414,F,35,Family
30415,M,26,Family
30416,M,28,Family
30417,M,29,Family
30418,M,25,Premium
30419,M,21,Enterprise
30420,M,58,Youth
30421,F,69,Youth
30422,M,65,Enterprise
30423,M,47,Family
30424,M,26,Family
30425,F,20,Premium
30426,F,50,Enterprise
30427,F,41,Enterprise
30428,F,18,Premium
30429,F,62,Enterprise
30430,F,45,Family
30431,M,19,Premium
30432,F,48,Premium
30433,M,70,Youth
30434,F,45,Youth
30435,M,52,Family
30436,M,50,Premium
30437,M,51,Family
30438,F,49,Family
30439,M,19,Family
30440,M,43,Enterprise
30441,M,45,Enterprise
30442,F,24,Enterprise
30443,F,26,Youth
30444,F,50,Enterprise
30445,F,59,Premium
30446,M,70,Family
30447,F,34,Enterprise
30448,M,55,Family
30449,M,49,Family
30450,M,63,Youth
30451,M,51,Enterprise
30452,F,50,Family
30453,M,59,Family
30454,F,37,Enterprise
30455,F,29,Premium
30456,F,55,Enterprise
30457,M,69,Youth
30458,M,18,Premium
30459,M,42,Family
30460,F,26,Youth
30461,F,54,Premium
30462,M,66,Enterprise
30463,F,62,Enterprise
30464,M,41,Enterprise
30465,F,20,Youth
30466,F,66,Premium
30467,F,46,Enterprise
30468,F,40,Youth
30469,F,42,Family
30470,M,37,Youth
30471,F,67,Enterprise
30472,F,35,Enterprise
30473,M,69,Premium
30474,F,28,Premium
30475,F,26,Enterprise
30476,F,35,Family
30477,M,26,Family
30478,M,69,Youth
30479,F,51,Family
30480,M,20,Enterprise
30481,M,40,Family
30482,M,52,Enterprise
30483,M,40,Youth
30484,M,19,Youth
30485,F,48,Premium
30486,F,58,Family
30487,M,35,Premium
30488,F,46,Family
30489,M,61,Enterprise
30490,M,38,Enterprise
30491,F,40,Enterprise
30492,M,58,Premium
30493,F,61,Enterprise
30494,M,44,Family
30495,F,23,Youth
30496,F,31,Premium
30497,F,23,Youth
30498,F,42,Family
30499,F,18,Youth
30500,F,18,Family
30501,M,51,Premium
30502,M,25,Family
30503,F,39,Youth
30504,F,36,Youth
30505,M,27,Youth
30506,M,20,Family
30507,F,22,Family
30508,M,55,Enterprise
30509,F,65,Family
30510,F,47,Premium
30511,M,39,Family
30512,M,31,Family
30513,F,65,Premium
30514,M,57,Enterprise
30515,M,44,Youth
30516,M,32,Family
30517,F,49,Youth
30518,M,66,Premium
30519,F,22,Family
30520,F,37,Youth
30521,F,56,Youth
30522,F,69,Enterprise
30523,F,59,Youth
30524,F,39,Enterprise
30525,F,56,Family
30526,F,70,Youth
30527,M,51,Youth
30528,F,43,Premium
30529,M,33,Family
30530,M,39,Enterprise
30531,F,25,Premium
30532,M,48,Premium
30533,F,38,Family
30534,M,19,Youth
30535,M,23,Premium
30536,F,18,Youth
30537,M,60,Youth
30538,F,20,Youth
30539,F,69,Enterprise
30540,F,39,Family
30541,F,32,Family
30542,M,60,Enterprise
30543,F,67,Family
30544,M,18,Youth
30545,M,28,Premium
30546,M,26,Family
30547,F,42,Enterprise
30548,M,31,Enterprise
30549,M,39,Premium
30550,M,44,Family
30551,M,62,Family
30552,F,65,Youth
30553,F,67,Family
30554,F,29,Premium
30555,F,39,Youth
30556,M,69,Youth
30557,M,59,Youth
30558,F,49,Enterprise
30559,F,31,Enterprise
30560,M,36,Enterprise
30561,F,66,Premium
30562,M,59,Premium
30563,M,49,Enterprise
30564,F,19,Premium
30565,F,63,Youth
30566,M,21,Premium
30567,M,70,Family
30568,F,70,Family
30569,F,30,Youth
30570,M,47,Youth
30571,M,30,Premium
30572,F,24,Family
30573,F,53,Youth
30574,F,29,Family
30575,F,49,Family
30576,M,47,Enterprise
30577,F,28,Family
30578,F,44,Family
30579,F,66,Enterprise
30580,F,53,Enterprise
30581,M,44,Youth
30582,M,48,Enterprise
30583,M,68,Youth
30584,F,51,Enterprise
30585,F,49,Premium
30586,M,46,Enterprise
30587,M,51,Youth
30588,F,50,Enterprise
30589,M,39,Family
30590,F,62,Enterprise
30591,F,25,Youth
30592,M,28,Family
30593,M,27,Premium
30594,M,66,Premium
30595,M,68,Youth
30596,F,43,Enterprise
30597,M,37,Premium
30598,F,51,Premium
30599,M,27,Youth
30600,M,61,Family
30601,F,61,Family
30602,F,37,Enterprise
30603,M,63,Youth
30604,M,47,Youth
30605,M,42,Premium
30606,F,31,Enterprise
30607,M,35,Youth
30608,M,20,Family
30609,F,27,Youth
30610,F,18,Enterprise
30611,M,43,Family
30612,F,70,Family
30613,M,47,Family
30614,M,52,Enterprise
30615,M,63,Youth
30616,F,56,Enterprise
30617,M,45,Youth
30618,M,42,Family
30619,F,69,Enterprise
30620,M,62,Youth
30621,F,69,Premium
30622,F,52,Family
30623,F,34,Premium
30624,M,43,Family
30625,M,70,Family
30626,M,62,Premium
30627,F,54,Youth
30628,F,67,Enterprise
30629,M,38,Youth
30630,F,45,Enterprise
30631,F,38,Premium
30632,M,34,Family
30633,F,30,Enterprise
30634,F,23,Premium
30635,F,54,Youth
30636,F,31,Premium
30637,F,31,Youth
30638,M,49,Youth
30639,F,56,Premium
30640,F,64,Family
30641,M,51,Family
30642,F,27,Family
30643,F,51,Premium
30644,F,33,Enterprise
30645,M,18,Family
30646,F,62,Enterprise
30647,M,36,Youth
30648,M,65,Enterprise
30649,F,62,Enterprise
30650,M,39,Premium
30651,F,29,Family
30652,F,35,Youth
30653,F,34,Premium
30654,M,42,Youth
30655,F,59,Premium
30656,M,63,Enterprise
30657,M,55,Youth
30658,F,61,Youth
30659,M,20,Enterprise
30660,F,70,Enterprise
30661,F,20,Family
30662,M,53,Youth
30663,F,24,Premium
30664,M,54,Enterprise
30665,F,59,Enterprise
30666,F,21,Premium
30667,M,37,Enterprise
30668,F,31,Enterprise
30669,M,26,Enterprise
30670,F,18,Youth
30671,M,29,Enterprise
30672,F,45,Enterprise
30673,F,47,Youth
30674,F,22,Enterprise
30675,M,43,Enterprise
30676,M,62,Youth
30677,M,21,Family
30678,M,23,Family
30679,F,64,Youth
30680,F,26,Premium
30681,M,60,Youth
30682,M,28,Premium
30683,F,54,Youth
30684,M,45,Premium
30685,F,61,Family
30686,F,65,Enterprise
30687,M,65,Premium
30688,F,26,Family
30689,F,38,Enterprise
30690,F,36,Enterprise
30691,F,68,Enterprise
30692,F,70,Family
30693,F,66,Family
30694,F,54,Youth
30695,F,21,Youth
30696,F,54,Family
30697,M,36,Youth
30698,M,31,Enterprise
30699,F,36,Enterprise
30700,F,36,Enterprise
30701,M,31,Youth
30702,M,63,Premium
30703,F,69,Family
30704,M,36,Family
30705,M,67,Enterprise
30706,F,63,Enterprise
30707,M,60,Youth
30708,M,51,Enterprise
30709,M,38,Youth
30710,M,43,Enterprise
30711,M,64,Enterprise
30712,F,29,Family
30713,F,34,Family
30714,M,22,Family
30715,M,35,Premium
30716,M,22,Youth
30717,F,29,Family
30718,F,36,Family
30719,F,50,Premium
30720,F,66,Youth
30721,M,62,Youth
30722,F,52,Family
30723,F,34,Premium
30724,M,25,Enterprise
30725,M,29,Premium
30726,M,61,Premium
30727,M,24,Enterprise
30728,F,45,Family
30729,F,66,Family
30730,M,40,Family
30731,F,66,Youth
30732,M,68,Family
30733,M,44,Premium
30734,F,36,Family
30735,F,66,Premium
30736,M,35,Youth
30737,F,64,Enterprise
30738,M,45,Youth
30739,F,38,Premium
30740,M,29,Enterprise
30741,F,65,Premium
30742,M,45,Family
30743,M,62,Enterprise
30744,M,26,Family
30745,F,51,Family
30746,M,44,Premium
30747,F,54,Youth
30748,F,28,Enterprise
30749,M,51,Enterprise
30750,F,61,Premium
30751,F,35,Enterprise
30752,M,69,Premium
30753,M,44,Premium
30754,F,68,Youth
30755,M,31,Premium
30756,F,38,Youth
30757,M,66,Family
30758,F,25,Premium
30759,M,44,Youth
30760,F,27,Premium
30761,M,23,Youth
30762,F,22,Premium
30763,M,47,Premium
30764,M,26,Enterprise
30765,F,42,Youth
30766,M,57,Youth
30767,M,28,Family
30768,M,58,Premium
30769,F,67,Youth
30770,F,52,Youth
30771,M,66,Family
30772,F,57,Family
30773,M,36,Youth
30774,M,54,Enterprise
30775,F,62,Family
30776,M,28,Premium
30777,F,67,Enterprise
30778,M,18,Enterprise
30779,M,46,Enterprise
30780,F,19,Premium
30781,M,37,Premium
30782,F,58,Premium
30783,M,51,Premium
30784,M,37,Family
30785,M,65,Enterprise
30786,M,46,Enterprise
30787,F,52,Youth
30788,F,54,Enterprise
30789,M,36,Youth
30790,M,21,Enterprise
30791,M,20,Premium
30792,M,41,Family
30793,M,31,Family
30794,M,56,Enterprise
30795,M,24,Premium
30796,F,27,Family
30797,F,22,Enterprise
30798,M,67,Family
30799,M,54,Youth
30800,M,20,Family
30801,M,37,Premium
30802,F,49,Premium
30803,F,35,Enterprise
30804,M,25,Enterprise
30805,F,44,Enterprise
30806,F,51,Youth
30807,F,46,Youth
30808,M,65,Premium
30809,F,47,Youth
30810,M,27,Enterprise
30811,F,70,Enterprise
30812,F,18,Family
30813,M,47,Family
30814,F,53,Family
30815,M,69,Youth
30816,F,41,Premium
30817,F,51,Enterprise
30818,M,30,Enterprise
30819,M,18,Enterprise
30820,M,26,Premium
30821,F,19,Premium
30822,F,42,Enterprise
30823,M,64,Premium
30824,M,65,Premium
30825,F,62,Family
30826,M,58,Family
30827,M,59,Premium
30828,F,56,Premium
30829,F,48,Family
30830,F,63,Premium
30831,M,56,Family
30832,M,48,Premium
30833,M,37,Youth
30834,F,43,Premium
30835,M,31,Enterprise
30836,F,31,Youth
30837,M,18,Family
30838,F,54,Premium
30839,M,30,Premium
30840,F,25,Family
30841,M,36,Family
30842,F,34,Premium
30843,M,26,Family
30844,M,61,Premium
30845,M,34,Enterprise
30846,F,48,Premium
30847,M,67,Youth
30848,F,61,Family
30849,F,24,Enterprise
30850,F,69,Family
30851,M,43,Family
30852,F,64,Youth
30853,F,18,Premium
30854,M,49,Premium
30855,M,65,Premium
30856,F,22,Enterprise
30857,M,31,Premium
30858,F,39,Youth
30859,M,33,Family
30860,M,64,Family
30861,M,26,Family
30862,F,29,Premium
30863,M,53,Youth
30864,M,57,Premium
30865,F,21,Youth
30866,F,70,Youth
30867,M,32,Premium
30868,F,53,Family
30869,F,19,Premium
30870,M,41,Family
30871,M,33,Family
30872,F,53,Premium
30873,F,63,Youth
30874,M,51,Premium
30875,M,23,Family
30876,F,67,Premium
30877,M,58,Youth
30878,F,29,Family
30879,M,38,Family
30880,F,47,Youth
30881,M,60,Youth
30882,F,52,Youth
30883,F,21,Family
30884,F,63,Enterprise
30885,M,31,Enterprise
30886,F,52,Family
30887,M,43,Youth
30888,F,33,Family
30889,F,40,Premium
30890,F,19,Enterprise
30891,M,59,Youth
30892,M,20,Family
30893,F,18,Family
30894,F,62,Premium
30895,F,44,Family
30896,F,26,Premium
30897,F,42,Family
30898,M,33,Premium
30899,F,21,Youth
30900,F,42,Premium
30901,F,49,Premium
30902,M,27,Youth
30903,M,40,Premium
30904,F,54,Enterprise
30905,M,56,Premium
30906,F,36,Youth
30907,F,54,Premium
30908,M,67,Enterprise
30909,M,28,Enterprise
30910,M,68,Youth
30911,M,48,Youth
30912,F,18,Enterprise
30913,M,38,Premium
30914,M,38,Youth
30915,M,57,Premium
30916,F,39,Enterprise
30917,M,51,Youth
30918,F,26,Premium
30919,F,32,Family
30920,F,18,Premium
30921,F,43,Youth
30922,F,41,Enterprise
30923,F,36,Family
30924,F,39,Enterprise
30925,F,38,Enterprise
30926,M,60,Premium
30927,F,56,Family
30928,M,64,Enterprise
30929,F,62,Family
30930,F,55,Family
30931,M,34,Youth
30932,M,69,Family
30933,M,61,Family
30934,M,55,Youth
30935,F,43,Premium
30936,F,22,Premium
30937,M,69,Enterprise
30938,F,40,Premium
30939,F,30,Premium
30940,F,31,Youth
30941,F,65,Premium
30942,F,38,Youth
30943,M,28,Enterprise
30944,F,47,Youth
30945,F,54,Youth
30946,M,62,Premium
30947,M,24,Enterprise
30948,F,57,Premium
30949,M,64,Family
30950,F,46,Youth
30951,M,47,Premium
30952,M,52,Premium
30953,M,52,Enterprise
30954,M,23,Premium
30955,M,30,Premium
30956,F,69,Youth
30957,M,36,Premium
30958,F,42,Youth
30959,M,47,Enterprise
30960,M,43,Family
30961,F,37,Premium
30962,F,22,Youth
30963,M,21,Premium
30964,M,48,Youth
30965,F,25,Premium
30966,F,59,Enterprise
30967,F,65,Premium
30968,F,49,Premium
30969,F,18,Enterprise
30970,F,46,Enterprise
30971,M,30,Family
30972,F,23,Family
30973,F,40,Family
30974,M,18,Family
30975,F,40,Youth
30976,M,22,Family
30977,F,58,Enterprise
30978,F,66,Family
30979,M,50,Enterprise
30980,M,52,Enterprise
30981,F,50,Premium
30982,F,56,Premium
30983,F,42,Youth
30984,M,35,Enterprise
30985,M,56,Youth
30986,M,55,Family
30987,F,41,Premium
30988,F,55,Enterprise
30989,M,66,Family
30990,M,24,Enterprise
30991,F,21,Premium
30992,F,67,Family
30993,F,36,Youth
30994,M,60,Youth
30995,F,37,Family
30996,F,52,Enterprise
30997,F,30,Family
30998,F,69,Youth
30999,M,25,Youth
31000,M,46,Family
31001,F,40,Youth
31002,M,29,Enterprise
31003,M,27,Youth
31004,F,21,Premium
31005,M,34,Enterprise
31006,M,25,Youth
31007,M,27,Family
31008,F,58,Premium
31009,M,52,Premium
31010,F,44,Enterprise
31011,F,54,Family
31012,F,49,Enterprise
31013,M,53,Family
31014,F,49,Enterprise
31015,F,52,Family
31016,F,59,Premium
31017,M,43,Youth
31018,M,52,Enterprise
31019,M,34,Enterprise
31020,F,56,Enterprise
31021,F,48,Family
31022,M,25,Enterprise
31023,M,55,Family
31024,F,47,Family
31025,M,37,Premium
31026,F,40,Family
31027,M,35,Enterprise
31028,F,33,Enterprise
31029,M,19,Premium
31030,F,48,Premium
31031,F,34,Youth
31032,M,68,Youth
31033,M,46,Premium
31034,M,49,Youth
31035,F,44,Premium
31036,F,37,Premium
31037,M,22,Enterprise
31038,F,44,Premium
31039,M,59,Youth
31040,M,66,Enterprise
31041,F,35,Enterprise
31042,M,62,Family
31043,M,36,Enterprise
31044,F,49,Youth
31045,M,25,Family
31046,F,46,Youth
31047,M,18,Enterprise
31048,F,31,Family
31049,M,59,Premium
31050,M,35,Enterprise
31051,F,50,Enterprise
31052,M,45,Premium
31053,M,22,Premium
31054,M,45,Premium
31055,M,58,Family
31056,F,44,Youth
31057,M,57,Premium
31058,F,23,Family
31059,F,30,Premium
31060,M,21,Premium
31061,F,47,Family
31062,M,37,Youth
31063,F,30,Family
31064,M,50,Youth
31065,M,52,Premium
31066,F,56,Family
31067,M,38,Enterprise
31068,M,42,Premium
31069,F,41,Premium
31070,M,40,Enterprise
31071,F,38,Enterprise
31072,F,67,Premium
31073,F,42,Premium
31074,M,52,Youth
31075,F,43,Youth
31076,F,21,Family
31077,M,36,Premium
31078,F,24,Family
31079,M,60,Family
31080,M,46,Family
31081,F,21,Premium
31082,F,48,Family
31083,M,40,Enterprise
31084,F,61,Family
31085,F,38,Family
31086,M,45,Premium
31087,M,38,Youth
31088,M,22,Enterprise
31089,M,24,Youth
31090,F,28,Youth
31091,M,30,Premium
31092,F,43,Enterprise
31093,F,52,Enterprise
31094,M,65,Youth
31095,F,61,Premium
31096,F,50,Enterprise
31097,M,26,Enterprise
31098,F,46,Youth
31099,F,68,Premium
31100,M,51,Youth
31101,M,39,Family
31102,F,21,Enterprise
31103,F,27,Enterprise
31104,M,55,Premium
31105,M,69,Youth
31106,F,44,Enterprise
31107,M,28,Youth
31108,M,63,Enterprise
31109,M,69,Premium
31110,M,56,Youth
31111,M,50,Enterprise
31112,F,48,Youth
31113,M,61,Enterprise
31114,M,36,Family
31115,M,21,Youth
31116,M,44,Family
31117,F,60,Premium
31118,F,46,Enterprise
31119,F,66,Family
31120,M,47,Enterprise
31121,M,60,Youth
31122,M,49,Premium
31123,F,19,Family
31124,M,59,Enterprise
31125,M,31,Premium
31126,M,60,Youth
31127,F,68,Youth
31128,F,29,Youth
31129,F,49,Family
31130,M,22,Enterprise
31131,M,70,Premium
31132,F,21,Enterprise
31133,M,20,Youth
31134,F,29,Youth
31135,M,48,Premium
31136,F,20,Family
31137,F,64,Youth
31138,M,46,Family
31139,F,30,Enterprise
31140,F,52,Youth
31141,M,35,Family
31142,M,34,Premium
31143,M,42,Enterprise
31144,F,68,Family
31145,F,59,Family
31146,M,41,Family
31147,F,28,Youth
31148,M,60,Enterprise
31149,F,30,Youth
31150,M,40,Enterprise
31151,M,55,Family
31152,F,48,Family
31153,M,19,Premium
31154,M,43,Enterprise
31155,M,46,Youth
31156,F,27,Youth
31157,M,43,Youth
31158,F,52,Premium
31159,M,65,Family
31160,M,20,Premium
31161,F,21,Enterprise
31162,M,50,Youth
31163,M,68,Premium
31164,F,18,Youth
31165,F,27,Enterprise
31166,F,18,Premium
31167,M,68,Enterprise
31168,F,57,Premium
31169,M,62,Enterprise
31170,F,46,Premium
31171,F,60,Family
31172,M,43,Premium
31173,M,49,Family
31174,F,59,Enterprise
31175,M,50,Family
31176,F,42,Enterprise
31177,F,46,Family
31178,F,45,Family
31179,M,69,Premium
31180,M,47,Enterprise
31181,F,59,Enterprise
31182,F,41,Premium
31183,M,35,Youth
31184,F,60,Youth
31185,F,56,Family
31186,F,61,Youth
31187,F,47,Enterprise
31188,F,38,Family
31189,M,51,Family
31190,M,28,Youth
31191,F,58,Enterprise
31192,F,54,Premium
31193,M,39,Premium
31194,M,54,Youth
31195,F,58,Youth
31196,F,38,Premium
31197,M,62,Youth
31198,F,23,Premium
31199,M,69,Family
31200,F,38,Enterprise
31201,M,53,Premium
31202,M,23,Family
31203,F,57,Family
31204,F,19,Enterprise
31205,F,59,Family
31206,F,68,Premium
31207,M,23,Youth
31208,M,68,Enterprise
31209,F,48,Family
31210,F,21,Youth
31211,M,54,Family
31212,F,19,Family
31213,F,27,Enterprise
31214,M,44,Family
31215,F,27,Premium
31216,M,70,Premium
31217,F,69,Family
31218,M,58,Family
31219,M,40,Enterprise
31220,F,22,Premium
31221,M,55,Family
31222,M,35,Premium
31223,F,52,Family
31224,M,66,Youth
31225,F,20,Premium
31226,F,69,Premium
31227,M,66,Family
31228,F,69,Premium
31229,F,33,Family
31230,F,43,Youth
31231,F,60,Family
31232,F,18,Premium
31233,F,55,Family
31234,F,27,Enterprise
31235,M,42,Premium
31236,F,34,Premium
31237,M,48,Family
31238,M,38,Enterprise
31239,F,22,Enterprise
31240,F,51,Family
31241,M,63,Youth
31242,F,35,Enterprise
31243,F,58,Premium
31244,F,18,Premium
31245,F,63,Family
31246,F,47,Enterprise
31247,M,58,Youth
31248,F,18,Youth
31249,M,65,Premium
31250,F,55,Youth
31251,F,20,Enterprise
31252,F,52,Family
31253,M,67,Family
31254,M,47,Youth
31255,M,21,Family
31256,F,62,Family
31257,F,67,Premium
31258,F,24,Family
31259,F,22,Youth
31260,F,19,Enterprise
31261,F,18,Premium
31262,M,48,Family
31263,M,70,Family
31264,F,54,Youth
31265,M,46,Youth
31266,M,52,Youth
31267,F,59,Premium
31268,F,68,Family
31269,F,43,Premium
31270,F,20,Youth
31271,F,34,Enterprise
31272,F,66,Premium
31273,M,23,Premium
31274,M,37,Premium
31275,F,66,Youth
31276,F,62,Enterprise
31277,F,69,Enterprise
31278,M,30,Premium
31279,M,34,Youth
31280,F,24,Family
31281,M,35,Enterprise
31282,M,30,Premium
31283,M,58,Youth
31284,M,46,Premium
31285,F,35,Family
31286,M,30,Premium
31287,M,55,Youth
31288,F,53,Youth
31289,F,50,Premium
31290,F,58,Family
31291,F,61,Youth
31292,F,68,Enterprise
31293,F,54,Premium
31294,F,58,Enterprise
31295,F,62,Family
31296,F,47,Youth
31297,M,46,Youth
31298,F,46,Youth
31299,M,50,Enterprise
31300,M,56,Enterprise
31301,M,34,Premium
31302,M,20,Family
31303,M,48,Family
31304,F,66,Enterprise
31305,M,53,Premium
31306,F,33,Family
31307,F,45,Premium
31308,F,32,Youth
31309,M,35,Enterprise
31310,F,20,Enterprise
31311,M,39,Premium
31312,F,70,Youth
31313,F,56,Premium
31314,M,51,Family
31315,F,45,Enterprise
31316,F,30,Youth
31317,F,49,Youth
31318,F,53,Family
31319,F,47,Enterprise
31320,F,61,Family
31321,F,26,Family
31322,M,34,Premium
31323,M,20,Enterprise
31324,F,39,Premium
31325,M,60,Youth
31326,F,69,Family
31327,M,58,Family
31328,F,22,Youth
31329,F,39,Enterprise
31330,M,58,Enterprise
31331,M,20,Youth
31332,F,33,Youth
31333,F,47,Premium
31334,F,19,Enterprise
31335,M,27,Family
31336,F,41,Premium
31337,M,53,Family
31338,F,58,Premium
31339,M,54,Enterprise
31340,F,69,Family
31341,M,19,Youth
31342,M,60,Youth
31343,M,43,Family
31344,F,69,Premium
31345,F,32,Youth
31346,M,60,Enterprise
31347,M,46,Family
31348,M,55,Youth
31349,M,22,Premium
31350,F,39,Enterprise
31351,F,24,Enterprise
31352,F,41,Enterprise
31353,F,41,Enterprise
31354,M,69,Premium
31355,F,69,Family
31356,F,44,Youth
31357,F,42,Premium
31358,M,63,Premium
31359,F,42,Youth
31360,F,27,Family
31361,F,67,Enterprise
31362,M,46,Premium
31363,M,62,Premium
31364,M,54,Youth
31365,F,63,Family
31366,M,21,Enterprise
31367,F,39,Family
31368,F,48,Family
31369,F,21,Enterprise
31370,F,24,Enterprise
31371,M,40,Youth
31372,M,36,Enterprise
31373,F,27,Premium
31374,F,68,Enterprise
31375,M,62,Enterprise
31376,M,47,Youth
31377,F,45,Family
31378,M,70,Youth
31379,M,45,Premium
31380,M,60,Family
31381,F,38,Enterprise
31382,F,38,Youth
31383,M,41,Enterprise
31384,F,53,Family
31385,M,31,Enterprise
31386,M,65,Family
31387,M,46,Family
31388,F,40,Premium
31389,F,49,Enterprise
31390,F,68,Family
31391,F,66,Youth
31392,F,31,Premium
31393,F,41,Enterprise
31394,M,57,Enterprise
31395,M,54,Family
31396,M,20,Enterprise
31397,F,38,Premium
31398,F,55,Enterprise
31399,F,52,Premium
31400,F,41,Youth
31401,F,48,Youth
31402,F,60,Family
31403,F,31,Family
31404,M,48,Premium
31405,M,66,Youth
31406,F,38,Premium
31407,M,40,Enterprise
31408,F,48,Enterprise
31409,M,26,Enterprise
31410,F,24,Family
31411,F,40,Enterprise
31412,F,36,Premium
31413,M,22,Premium
31414,F,59,Enterprise
31415,F,27,Youth
31416,M,64,Enterprise
31417,M,25,Premium
31418,F,69,Youth
31419,M,27,Family
31420,M,61,Premium
31421,M,22,Premium
31422,M,36,Premium
31423,F,51,Premium
31424,M,48,Premium
31425,M,28,Family
31426,F,40,Premium
31427,F,45,Family
31428,F,35,Premium
31429,F,22,Premium
31430,F,31,Premium
31431,F,62,Youth
31432,F,52,Premium
31433,F,18,Enterprise
31434,M,64,Enterprise
31435,F,28,Youth
31436,F,41,Family
31437,M,45,Youth
31438,M,26,Youth
31439,M,26,Enterprise
31440,M,34,Premium
31441,F,26,Premium
31442,F,65,Family
31443,F,25,Family
31444,M,44,Premium
31445,M,20,Enterprise
31446,F,23,Family
31447,M,20,Family
31448,M,40,Enterprise
31449,F,21,Family
31450,F,50,Enterprise
31451,F,60,Enterprise
31452,F,59,Enterprise
31453,M,45,Premium
31454,M,66,Youth
31455,M,21,Youth
31456,M,23,Youth
31457,F,61,Premium
31458,F,69,Family
31459,F,38,Family
31460,M,50,Enterprise
31461,M,65,Premium
31462,F,50,Enterprise
31463,M,53,Enterprise
31464,F,44,Enterprise
31465,M,36,Youth
31466,F,69,Premium
31467,F,54,Family
31468,M,55,Enterprise
31469,M,46,Youth
31470,M,22,Youth
31471,F,61,Enterprise
31472,M,37,Family
31473,M,30,Family
31474,F,34,Youth
31475,M,43,Family
31476,M,57,Youth
31477,F,48,Family
31478,F,57,Family
31479,M,26,Youth
31480,M,53,Youth
31481,F,35,Premium
31482,F,32,Family
31483,M,52,Premium
31484,F,27,Family
31485,F,20,Youth
31486,M,61,Youth
31487,M,53,Premium
31488,M,37,Enterprise
31489,M,69,Youth
31490,F,70,Enterprise
31491,F,68,Premium
31492,F,23,Premium
31493,M,19,Premium
31494,M,50,Family
31495,F,35,Youth
31496,M,63,Enterprise
31497,M,59,Youth
31498,M,70,Family
31499,F,54,Youth
31500,F,45,Premium
31501,M,33,Youth
31502,F,33,Family
31503,M,45,Family
31504,F,45,Youth
31505,M,59,Enterprise
31506,F,25,Premium
31507,M,28,Premium
31508,F,36,Enterprise
31509,F,37,Premium
31510,M,24,Premium
31511,F,55,Youth
31512,F,21,Premium
31513,M,40,Youth
31514,M,41,Premium
31515,M,22,Premium
31516,M,57,Premium
31517,F,27,Family
31518,F,58,Enterprise
31519,F,43,Youth
31520,M,34,Family
31521,F,68,Family
31522,F,27,Youth
31523,F,55,Premium
31524,F,58,Premium
31525,F,30,Premium
31526,F,56,Enterprise
31527,F,24,Premium
31528,M,52,Enterprise
31529,F,64,Youth
31530,F,45,Premium
31531,F,61,Premium
31532,F,31,Youth
31533,F,22,Premium
31534,M,38,Premium
31535,F,56,Enterprise
31536,M,67,Family
31537,F,65,Enterprise
31538,M,19,Enterprise
31539,F,58,Premium
31540,F,47,Family
31541,F,34,Enterprise
31542,F,18,Youth
31543,F,53,Enterprise
31544,M,62,Premium
31545,M,60,Family
31546,M,34,Premium
31547,F,42,Youth
31548,F,70,Enterprise
31549,F,68,Premium
31550,M,56,Youth
31551,F,44,Family
31552,M,53,Youth
31553,F,32,Enterprise
31554,M,46,Youth
31555,F,18,Enterprise
31556,F,30,Premium
31557,M,33,Premium
31558,F,27,Premium
31559,M,38,Youth
31560,F,58,Enterprise
31561,M,18,Family
31562,F,66,Enterprise
31563,F,26,Youth
31564,M,48,Premium
31565,F,58,Premium
31566,M,41,Youth
31567,F,47,Enterprise
31568,F,41,Enterprise
31569,M,21,Youth
31570,F,37,Youth
31571,M,34,Youth
31572,F,55,Enterprise
31573,F,42,Family
31574,M,31,Family
31575,M,68,Enterprise
31576,M,67,Enterprise
31577,F,31,Youth
31578,F,50,Premium
31579,M,57,Youth
31580,M,22,Family
31581,F,56,Family
31582,M,23,Premium
31583,M,34,Youth
31584,F,63,Enterprise
31585,M,57,Premium
31586,F,69,Family
31587,F,44,Family
31588,M,26,Enterprise
31589,M,42,Enterprise
31590,M,43,Youth
31591,F,56,Premium
31592,F,28,Premium
31593,M,56,Premium
31594,M,46,Enterprise
31595,F,35,Enterprise
31596,F,43,Premium
31597,F,62,Family
31598,F,64,Family
31599,M,68,Family
31600,F,29,Enterprise
31601,F,54,Premium
31602,M,53,Youth
31603,M,31,Premium
31604,M,60,Youth
31605,F,42,Enterprise
31606,F,29,Premium
31607,M,49,Enterprise
31608,F,37,Youth
31609,M,38,Youth
31610,F,35,Family
31611,M,43,Family
31612,M,68,Enterprise
31613,M,29,Enterprise
31614,M,26,Enterprise
31615,F,56,Premium
31616,M,35,Premium
31617,F,28,Premium
31618,F,64,Premium
31619,M,57,Youth
31620,F,68,Premium
31621,F,33,Family
31622,M,66,Family
31623,F,42,Youth
31624,M,32,Premium
31625,F,57,Youth
31626,M,46,Family
31627,F,65,Premium
31628,M,51,Enterprise
31629,M,51,Premium
31630,F,63,Youth
31631,M,56,Youth
31632,F,29,Youth
31633,F,62,Enterprise
31634,F,45,Enterprise
31635,F,37,Premium
31636,F,28,Enterprise
31637,M,59,Youth
31638,M,20,Premium
31639,M,45,Premium
31640,F,60,Premium
31641,M,61,Youth
31642,F,45,Premium
31643,M,25,Family
31644,F,41,Youth
31645,F,57,Premium
31646,F,21,Premium
31647,F,70,Family
31648,F,58,Family
31649,F,27,Youth
31650,M,57,Youth
31651,F,49,Premium
31652,M,55,Enterprise
31653,M,41,Enterprise
31654,F,42,Enterprise
31655,F,25,Enterprise
31656,F,53,Family
31657,M,31,Family
31658,M,40,Premium
31659,M,50,Enterprise
31660,F,50,Youth
31661,M,43,Family
31662,M,24,Youth
31663,M,22,Family
31664,F,38,Premium
31665,M,37,Premium
31666,F,63,Premium
31667,F,30,Enterprise
31668,M,59,Premium
31669,F,21,Premium
31670,F,37,Premium
31671,M,20,Premium
31672,F,62,Youth
31673,M,55,Family
31674,F,51,Premium
31675,M,62,Family
31676,M,26,Family
31677,F,39,Youth
31678,F,47,Enterprise
31679,F,65,Youth
31680,F,42,Enterprise
31681,F,36,Enterprise
31682,M,57,Enterprise
31683,F,70,Youth
31684,M,38,Family
31685,F,26,Enterprise
31686,F,61,Family
31687,F,30,Enterprise
31688,M,37,Premium
31689,M,26,Youth
31690,M,46,Family
31691,F,19,Family
31692,M,29,Enterprise
31693,F,26,Premium
31694,M,38,Premium
31695,M,64,Youth
31696,F,19,Enterprise
31697,M,41,Family
31698,M,18,Family
31699,F,68,Youth
31700,M,59,Youth
31701,M,56,Youth
31702,F,21,Premium
31703,F,55,Premium
31704,M,36,Premium
31705,M,69,Family
31706,M,62,Premium
31707,F,42,Enterprise
31708,M,52,Premium
31709,M,45,Youth
31710,M,50,Family
31711,M,67,Youth
31712,M,35,Family
31713,F,44,Youth
31714,M,37,Youth
31715,F,33,Family
31716,F,33,Youth
31717,F,38,Premium
31718,M,34,Enterprise
31719,M,21,Enterprise
31720,F,48,Enterprise
31721,M,46,Premium
31722,M,34,Youth
31723,F,31,Youth
31724,M,43,Enterprise
31725,M,35,Enterprise
31726,M,35,Premium
31727,F,31,Youth
31728,F,24,Enterprise
31729,M,22,Youth
31730,M,50,Family
31731,M,31,Youth
31732,M,49,Family
31733,M,23,Youth
31734,M,64,Premium
31735,F,31,Enterprise
31736,F,66,Youth
31737,F,67,Youth
31738,F,34,Family
31739,M,58,Enterprise
31740,M,66,Premium
31741,M,27,Youth
31742,M,66,Family
31743,F,51,Family
31744,M,30,Enterprise
31745,M,42,Family
31746,F,47,Premium
31747,M,46,Premium
31748,F,55,Family
31749,M,53,Enterprise
31750,M,32,Enterprise
31751,M,54,Family
31752,M,22,Premium
31753,F,49,Enterprise
31754,F,43,Youth
31755,F,49,Youth
31756,F,43,Youth
31757,M,70,Family
31758,M,37,Enterprise
31759,F,43,Youth
31760,F,60,Premium
31761,F,39,Enterprise
31762,M,50,Premium
31763,F,43,Enterprise
31764,M,35,Youth
31765,M,26,Enterprise
31766,F,67,Enterprise
31767,F,67,Premium
31768,F,49,Premium
31769,M,69,Premium
31770,F,32,Enterprise
31771,F,53,Youth
31772,M,42,Youth
31773,F,54,Youth
31774,M,70,Premium
31775,M,25,Family
31776,M,30,Youth
31777,M,58,Enterprise
31778,F,22,Family
31779,F,48,Enterprise
31780,M,62,Youth
31781,F,42,Youth
31782,F,26,Family
31783,M,59,Enterprise
31784,M,60,Family
31785,F,63,Family
31786,F,29,Enterprise
31787,F,64,Youth
31788,M,46,Premium
31789,F,39,Youth
31790,F,22,Premium
31791,F,43,Enterprise
31792,F,67,Family
31793,M,58,Youth
31794,F,59,Enterprise
31795,M,61,Family
31796,F,54,Family
31797,M,49,Youth
31798,F,41,Family
31799,M,47,Premium
31800,F,35,Premium
31801,F,62,Enterprise
31802,F,44,Premium
31803,M,46,Premium
31804,M,24,Premium
31805,F,52,Family
31806,M,25,Family
31807,F,34,Youth
31808,M,37,Family
31809,F,28,Family
31810,M,41,Family
31811,M,62,Enterprise
31812,F,53,Youth
31813,M,48,Family
31814,M,59,Family
31815,F,47,Enterprise
31816,M,61,Family
31817,F,37,Premium
31818,M,54,Family
31819,M,18,Youth
31820,M,66,Youth
31821,M,19,Premium
31822,F,32,Youth
31823,M,23,Youth
31824,M,32,Premium
31825,M,36,Enterprise
31826,F,54,Family
31827,M,31,Premium
31828,F,36,Family
31829,M,23,Enterprise
31830,M,19,Family
31831,F,47,Family
31832,F,40,Youth
31833,M,44,Enterprise
31834,F,27,Enterprise
31835,M,49,Enterprise
31836,M,48,Enterprise
31837,F,38,Enterprise
31838,F,22,Enterprise
31839,M,54,Family
31840,M,44,Family
31841,F,47,Youth
31842,M,49,Youth
31843,M,44,Enterprise
31844,M,61,Premium
31845,F,46,Youth
31846,M,63,Enterprise
31847,M,50,Family
31848,M,34,Youth
31849,M,55,Premium
31850,M,61,Family
31851,M,57,Enterprise
31852,M,57,Enterprise
31853,M,51,Family
31854,M,64,Enterprise
31855,F,27,Enterprise
31856,M,20,Youth
31857,F,53,Youth
31858,F,28,Youth
31859,M,57,Family
31860,F,67,Youth
31861,M,19,Enterprise
31862,F,22,Premium
31863,F,26,Family
31864,M,24,Youth
31865,F,50,Family
31866,M,32,Family
31867,M,60,Premium
31868,M,38,Premium
31869,M,65,Premium
31870,M,37,Premium
31871,F,20,Premium
31872,M,24,Youth
31873,F,40,Premium
31874,F,63,Premium
31875,M,34,Youth
31876,F,25,Enterprise
31877,F,40,Premium
31878,M,28,Enterprise
31879,M,67,Family
31880,M,54,Youth
31881,F,35,Family
31882,M,35,Youth
31883,F,28,Premium
31884,M,56,Youth
31885,F,31,Enterprise
31886,M,63,Enterprise
31887,M,49,Premium
31888,M,56,Enterprise
31889,M,70,Enterprise
31890,F,59,Premium
31891,M,31,Family
31892,M,41,Premium
31893,F,19,Youth
31894,F,19,Premium
31895,F,39,Enterprise
31896,M,61,Premium
31897,F,55,Enterprise
31898,F,28,Family
31899,M,30,Family
31900,F,32,Family
31901,F,25,Youth
31902,F,60,Youth
31903,M,20,Youth
31904,F,55,Enterprise
31905,M,27,Youth
31906,F,24,Family
31907,M,45,Youth
31908,M,67,Premium
31909,F,55,Enterprise
31910,F,36,Youth
31911,F,68,Family
31912,M,50,Youth
31913,M,63,Youth
31914,F,56,Enterprise
31915,F,41,Youth
31916,M,40,Enterprise
31917,M,50,Youth
31918,M,56,Premium
31919,F,66,Enterprise
31920,M,70,Youth
31921,M,51,Premium
31922,F,31,Premium
31923,F,66,Family
31924,F,69,Family
31925,M,23,Premium
31926,F,43,Family
31927,F,61,Youth
31928,F,61,Youth
31929,F,26,Youth
31930,F,54,Enterprise
31931,F,61,Enterprise
31932,F,44,Family
31933,M,64,Family
31934,M,20,Family
31935,F,33,Family
31936,F,20,Premium
31937,F,37,Enterprise
31938,F,57,Youth
31939,M,54,Youth
31940,F,59,Youth
31941,M,67,Enterprise
31942,F,63,Premium
31943,F,49,Premium
31944,M,60,Family
31945,M,44,Family
31946,M,58,Youth
31947,F,34,Premium
31948,F,23,Family
31949,M,21,Enterprise
31950,F,53,Premium
31951,F,37,Enterprise
31952,F,70,Family
31953,M,35,Enterprise
31954,M,66,Youth
31955,M,33,Premium
31956,M,37,Premium
31957,M,42,Youth
31958,F,54,Youth
31959,M,65,Premium
31960,F,22,Enterprise
31961,F,46,Family
31962,M,68,Family
31963,F,69,Premium
31964,M,33,Family
31965,F,50,Premium
31966,F,70,Enterprise
31967,M,69,Premium
31968,M,50,Premium
31969,M,44,Enterprise
31970,F,22,Family
31971,F,69,Enterprise
31972,F,69,Youth
31973,M,43,Youth
31974,M,27,Youth
31975,F,65,Enterprise
31976,F,40,Enterprise
31977,F,36,Family
31978,F,67,Premium
31979,M,50,Family
31980,F,57,Family
31981,F,20,Premium
31982,M,55,Family
31983,M,50,Youth
31984,F,66,Family
31985,F,65,Enterprise
31986,M,49,Premium
31987,M,58,Enterprise
31988,M,56,Premium
31989,M,34,Youth
31990,F,24,Family
31991,M,38,Youth
31992,F,59,Youth
31993,M,25,Enterprise
31994,M,34,Family
31995,F,54,Enterprise
31996,F,62,Youth
31997,M,29,Enterprise
31998,M,63,Enterprise
31999,F,20,Enterprise
32000,F,67,Youth
32001,F,19,Enterprise
32002,M,45,Premium
32003,F,34,Youth
32004,F,20,Family
32005,F,24,Enterprise
32006,M,62,Family
32007,F,25,Family
32008,F,32,Family
32009,F,37,Youth
32010,M,45,Family
32011,F,30,Family
32012,M,19,Enterprise
32013,M,58,Enterprise
32014,M,53,Youth
32015,M,36,Family
32016,M,49,Enterprise
32017,F,50,Youth
32018,M,50,Premium
32019,F,55,Youth
32020,M,53,Family
32021,F,46,Enterprise
32022,M,44,Youth
32023,F,33,Enterprise
32024,F,70,Family
32025,F,52,Youth
32026,F,51,Premium
32027,M,59,Enterprise
32028,F,51,Premium
32029,M,46,Premium
32030,F,24,Premium
32031,M,52,Premium
32032,M,58,Youth
32033,M,28,Youth
32034,M,64,Family
32035,M,51,Family
32036,M,41,Youth
32037,M,44,Family
32038,F,43,Enterprise
32039,F,50,Family
32040,F,52,Family
32041,M,22,Family
32042,F,43,Family
32043,M,21,Premium
32044,M,45,Youth
32045,M,39,Enterprise
32046,F,19,Enterprise
32047,F,63,Youth
32048,M,61,Premium
32049,F,70,Premium
32050,F,49,Family
32051,F,45,Enterprise
32052,M,60,Enterprise
32053,F,47,Youth
32054,M,57,Enterprise
32055,F,70,Premium
32056,F,49,Youth
32057,F,54,Enterprise
32058,M,20,Enterprise
32059,F,70,Youth
32060,F,31,Premium
32061,F,50,Youth
32062,M,40,Family
32063,F,54,Premium
32064,M,27,Premium
32065,F,26,Family
32066,F,30,Enterprise
32067,M,62,Youth
32068,F,22,Premium
32069,F,68,Premium
32070,F,49,Enterprise
32071,F,30,Enterprise
32072,F,57,Youth
32073,M,57,Enterprise
32074,F,60,Family
32075,F,56,Youth
32076,F,48,Enterprise
32077,F,53,Enterprise
32078,M,41,Youth
32079,F,35,Family
32080,F,23,Family
32081,M,48,Enterprise
32082,M,27,Premium
32083,F,35,Enterprise
32084,M,46,Premium
32085,M,23,Family
32086,F,49,Youth
32087,F,48,Family
32088,F,56,Youth
32089,F,19,Youth
32090,M,61,Enterprise
32091,M,21,Enterprise
32092,M,27,Youth
32093,F,60,Youth
32094,M,28,Premium
32095,F,48,Family
32096,F,62,Premium
32097,F,67,Enterprise
32098,F,68,Youth
32099,F,65,Family
32100,F,31,Family
32101,F,40,Premium
32102,M,64,Enterprise
32103,F,36,Family
32104,M,51,Family
32105,F,51,Family
32106,F,37,Family
32107,M,50,Enterprise
32108,F,46,Family
32109,F,35,Enterprise
32110,F,57,Premium
32111,M,47,Premium
32112,M,42,Family
32113,M,39,Family
32114,F,66,Youth
32115,M,18,Family
32116,M,36,Family
32117,F,64,Enterprise
32118,F,22,Premium
32119,F,31,Enterprise
32120,M,31,Enterprise
32121,M,50,Premium
32122,M,26,Youth
32123,F,63,Youth
32124,F,37,Family
32125,M,25,Enterprise
32126,M,37,Youth
32127,F,64,Enterprise
32128,F,53,Enterprise
32129,M,26,Family
32130,F,55,Premium
32131,F,29,Youth
32132,F,31,Enterprise
32133,F,26,Premium
32134,F,65,Premium
32135,F,61,Youth
32136,F,63,Enterprise
32137,M,24,Premium
32138,M,42,Premium
32139,M,43,Family
32140,F,29,Premium
32141,M,63,Enterprise
32142,F,34,Family
32143,F,24,Youth
32144,M,57,Youth
32145,F,18,Family
32146,F,65,Youth
32147,F,52,Enterprise
32148,F,63,Premium
32149,M,43,Enterprise
32150,F,52,Enterprise
32151,F,40,Enterprise
32152,M,20,Premium
32153,M,27,Family
32154,M,40,Youth
32155,M,18,Family
32156,F,56,Family
32157,F,35,Premium
32158,F,67,Enterprise
32159,M,64,Premium
32160,F,59,Family
32161,M,63,Enterprise
32162,M,29,Premium
32163,M,56,Premium
32164,F,45,Enterprise
32165,F,19,Premium
32166,F,55,Enterprise
32167,M,27,Youth
32168,M,30,Youth
32169,F,29,Youth
32170,M,68,Enterprise
32171,F,52,Youth
32172,M,21,Premium
32173,F,49,Enterprise
32174,F,61,Youth
32175,M,53,Enterprise
32176,F,55,Premium
32177,F,44,Youth
32178,M,55,Youth
32179,M,19,Premium
32180,M,46,Youth
32181,F,22,Premium
32182,M,51,Youth
32183,F,35,Enterprise
32184,F,62,Enterprise
32185,F,59,Youth
32186,M,18,Premium
32187,M,24,Premium
32188,M,52,Premium
32189,M,47,Enterprise
32190,F,63,Premium
32191,M,30,Family
32192,M,47,Premium
32193,F,47,Family
32194,M,24,Family
32195,F,35,Enterprise
32196,F,24,Family
32197,M,34,Family
32198,F,41,Enterprise
32199,F,65,Enterprise
32200,M,45,Youth
32201,M,18,Family
32202,F,61,Youth
32203,F,43,Enterprise
32204,F,62,Premium
32205,M,36,Youth
32206,F,27,Youth
32207,F,31,Youth
32208,F,37,Enterprise
32209,M,38,Family
32210,M,25,Premium
32211,F,26,Premium
32212,F,23,Premium
32213,M,64,Youth
32214,F,48,Family
32215,M,31,Enterprise
32216,M,36,Premium
32217,M,68,Youth
32218,F,52,Family
32219,M,69,Family
32220,F,61,Enterprise
32221,F,40,Youth
32222,M,48,Family
32223,F,21,Premium
32224,M,68,Youth
32225,F,39,Youth
32226,M,29,Premium
32227,F,60,Premium
32228,F,47,Premium
32229,M,59,Family
32230,M,60,Family
32231,M,47,Family
32232,F,37,Youth
32233,M,22,Youth
32234,M,20,Premium
32235,M,31,Enterprise
32236,M,25,Enterprise
32237,F,34,Family
32238,M,41,Premium
32239,M,25,Youth
32240,M,20,Enterprise
32241,M,54,Youth
32242,F,50,Enterprise
32243,M,63,Enterprise
32244,M,60,Premium
32245,M,69,Enterprise
32246,M,42,Premium
32247,F,38,Premium
32248,M,68,Youth
32249,F,41,Family
32250,M,48,Youth
32251,M,38,Family
32252,M,65,Premium
32253,F,33,Premium
32254,M,32,Youth
32255,M,25,Premium
32256,F,61,Family
32257,F,53,Premium
32258,F,36,Youth
32259,M,39,Enterprise
32260,M,21,Family
32261,M,67,Enterprise
32262,M,55,Family
32263,M,52,Family
32264,M,63,Family
32265,M,61,Family
32266,M,30,Youth
32267,F,64,Enterprise
32268,M,46,Family
32269,M,39,Premium
32270,F,23,Enterprise
32271,M,22,Family
32272,F,47,Family
32273,M,45,Premium
32274,F,56,Family
32275,F,55,Enterprise
32276,M,63,Enterprise
32277,M,41,Enterprise
32278,F,30,Premium
32279,M,21,Family
32280,M,54,Family
32281,F,26,Enterprise
32282,M,29,Family
32283,M,61,Premium
32284,M,51,Family
32285,M,60,Family
32286,M,25,Youth
32287,F,40,Premium
32288,M,55,Family
32289,F,37,Premium
32290,M,23,Enterprise
32291,F,49,Family
32292,M,63,Family
32293,M,62,Youth
32294,F,46,Family
32295,M,42,Youth
32296,M,67,Enterprise
32297,F,27,Youth
32298,F,45,Premium
32299,M,50,Premium
32300,M,36,Premium
32301,F,38,Family
32302,F,18,Premium
32303,M,49,Premium
32304,M,30,Enterprise
32305,F,27,Premium
32306,F,42,Family
32307,M,54,Family
32308,M,34,Premium
32309,M,40,Youth
32310,M,60,Youth
32311,F,67,Youth
32312,F,60,Enterprise
32313,M,41,Enterprise
32314,F,33,Enterprise
32315,F,27,Premium
32316,F,60,Premium
32317,M,24,Youth
32318,M,27,Enterprise
32319,M,67,Youth
32320,F,26,Premium
32321,M,25,Youth
32322,F,35,Premium
32323,F,56,Youth
32324,F,29,Enterprise
32325,M,38,Family
32326,F,30,Premium
32327,M,62,Enterprise
32328,F,68,Enterprise
32329,M,18,Premium
32330,F,24,Enterprise
32331,F,38,Youth
32332,M,26,Premium
32333,M,61,Enterprise
32334,M,50,Youth
32335,F,57,Youth
32336,F,67,Premium
32337,F,34,Youth
32338,M,58,Enterprise
32339,F,29,Premium
32340,F,66,Premium
32341,F,54,Premium
32342,M,37,Family
32343,F,36,Enterprise
32344,F,40,Premium
32345,M,57,Youth
32346,F,65,Family
32347,M,24,Youth
32348,M,27,Youth
32349,M,65,Enterprise
32350,M,36,Youth
32351,F,59,Premium
32352,F,25,Enterprise
32353,F,61,Enterprise
32354,M,33,Enterprise
32355,M,31,Youth
32356,M,47,Family
32357,F,28,Premium
32358,M,69,Enterprise
32359,F,48,Premium
32360,F,36,Family
32361,F,52,Youth
32362,M,27,Enterprise
32363,M,25,Youth
32364,F,69,Family
32365,F,32,Enterprise
32366,F,26,Premium
32367,M,45,Family
32368,M,37,Youth
32369,M,52,Enterprise
32370,M,23,Premium
32371,F,24,Premium
32372,M,55,Family
32373,M,37,Enterprise
32374,F,61,Youth
32375,M,57,Enterprise
32376,F,27,Enterprise
32377,M,27,Premium
32378,F,22,Family
32379,F,49,Youth
32380,F,18,Premium
32381,M,52,Enterprise
32382,F,63,Family
32383,M,59,Enterprise
32384,F,57,Enterprise
32385,M,31,Family
32386,M,39,Premium
32387,M,30,Enterprise
32388,M,42,Youth
32389,M,55,Family
32390,M,53,Youth
32391,M,58,Enterprise
32392,F,31,Family
32393,M,63,Youth
32394,M,44,Youth
32395,F,23,Enterprise
32396,F,26,Family
32397,M,63,Enterprise
32398,F,65,Youth
32399,M,58,Premium
32400,F,58,Enterprise
32401,F,20,Family
32402,F,42,Youth
32403,F,43,Youth
32404,F,22,Premium
32405,M,32,Premium
32406,M,64,Family
32407,M,56,Enterprise
32408,F,63,Youth
32409,F,25,Premium
32410,M,34,Family
32411,F,38,Family
32412,M,62,Family
32413,M,37,Family
32414,M,57,Enterprise
32415,M,53,Family
32416,F,23,Enterprise
32417,M,42,Enterprise
32418,F,20,Family
32419,M,38,Youth
32420,F,29,Youth
32421,F,29,Family
32422,M,42,Family
32423,M,37,Enterprise
32424,M,36,Premium
32425,M,45,Family
32426,F,25,Youth
32427,F,30,Enterprise
32428,F,64,Premium
32429,F,42,Family
32430,F,25,Youth
32431,F,42,Premium
32432,F,27,Enterprise
32433,M,60,Enterprise
32434,M,52,Family
32435,M,32,Family
32436,M,26,Family
32437,M,53,Premium
32438,M,63,Family
32439,F,39,Enterprise
32440,M,39,Youth
32441,F,70,Family
32442,M,28,Premium
32443,F,67,Enterprise
32444,F,69,Family
32445,F,38,Premium
32446,M,56,Premium
32447,F,60,Premium
32448,F,24,Premium
32449,F,39,Premium
32450,M,37,Premium
32451,F,32,Enterprise
32452,M,20,Premium
32453,M,18,Enterprise
32454,F,68,Enterprise
32455,F,63,Enterprise
32456,F,31,Enterprise
32457,M,51,Enterprise
32458,M,21,Enterprise
32459,F,66,Family
32460,F,40,Youth
32461,F,20,Family
32462,F,41,Premium
32463,M,43,Enterprise
32464,F,62,Family
32465,F,59,Enterprise
32466,M,35,Family
32467,M,43,Premium
32468,M,52,Enterprise
32469,F,23,Family
32470,F,53,Enterprise
32471,F,54,Youth
32472,M,35,Premium
32473,F,25,Enterprise
32474,F,41,Premium
32475,M,28,Premium
32476,M,56,Family
32477,F,35,Enterprise
32478,F,64,Premium
32479,M,40,Premium
32480,F,48,Enterprise
32481,M,37,Premium
32482,F,21,Family
32483,F,61,Youth
32484,F,27,Family
32485,M,51,Premium
32486,F,69,Enterprise
32487,F,26,Youth
32488,F,65,Enterprise
32489,F,62,Family
32490,F,21,Family
32491,F,64,Premium
32492,M,23,Family
32493,M,21,Family
32494,M,42,Family
32495,F,67,Premium
32496,M,42,Enterprise
32497,F,63,Premium
32498,F,67,Enterprise
32499,M,31,Enterprise
32500,F,23,Family
32501,F,20,Enterprise
32502,F,20,Family
32503,M,36,Youth
32504,F,23,Youth
32505,F,33,Enterprise
32506,M,51,Enterprise
32507,M,24,Premium
32508,M,53,Enterprise
32509,F,32,Premium
32510,F,18,Youth
32511,M,21,Youth
32512,F,61,Enterprise
32513,M,37,Premium
32514,M,36,Family
32515,M,27,Premium
32516,M,67,Family
32517,M,50,Youth
32518,F,52,Family
32519,M,50,Youth
32520,F,40,Enterprise
32521,M,66,Enterprise
32522,M,65,Enterprise
32523,F,28,Premium
32524,M,24,Premium
32525,M,54,Youth
32526,F,57,Enterprise
32527,F,24,Premium
32528,M,19,Youth
32529,M,36,Enterprise
32530,F,26,Family
32531,M,49,Youth
32532,M,65,Premium
32533,F,37,Enterprise
32534,F,44,Enterprise
32535,F,63,Family
32536,F,32,Youth
32537,M,37,Youth
32538,M,66,Youth
32539,M,29,Youth
32540,M,58,Youth
32541,F,19,Enterprise
32542,M,57,Family
32543,F,32,Family
32544,M,60,Enterprise
32545,M,47,Family
32546,M,31,Youth
32547,F,38,Youth
32548,F,38,Family
32549,F,32,Family
32550,M,27,Family
32551,F,36,Enterprise
32552,F,29,Premium
32553,F,19,Enterprise
32554,F,54,Youth
32555,M,43,Enterprise
32556,M,59,Family
32557,F,47,Premium
32558,F,34,Enterprise
32559,F,64,Enterprise
32560,F,26,Youth
32561,M,42,Enterprise
32562,M,62,Family
32563,M,61,Family
32564,F,24,Premium
32565,F,51,Premium
32566,F,36,Premium
32567,M,46,Premium
32568,M,46,Enterprise
32569,F,50,Premium
32570,M,26,Premium
32571,F,44,Enterprise
32572,F,30,Family
32573,M,24,Enterprise
32574,F,52,Youth
32575,F,18,Youth
32576,M,47,Premium
32577,F,36,Premium
32578,M,43,Enterprise
32579,F,41,Enterprise
32580,M,45,Enterprise
32581,F,64,Enterprise
32582,F,45,Youth
32583,M,45,Enterprise
32584,F,58,Enterprise
32585,F,27,Enterprise
32586,F,47,Enterprise
32587,F,55,Enterprise
32588,M,51,Family
32589,F,69,Family
32590,F,29,Enterprise
32591,F,59,Enterprise
32592,F,50,Premium
32593,M,46,Youth
32594,F,18,Youth
32595,F,40,Family
32596,F,48,Enterprise
32597,F,19,Enterprise
32598,F,69,Premium
32599,M,39,Enterprise
32600,M,38,Family
32601,M,58,Premium
32602,F,49,Premium
32603,F,41,Family
32604,M,52,Youth
32605,M,55,Enterprise
32606,F,28,Youth
32607,F,22,Family
32608,F,57,Premium
32609,M,27,Enterprise
32610,M,59,Premium
32611,M,48,Youth
32612,M,22,Premium
32613,F,54,Enterprise
32614,F,26,Youth
32615,F,55,Youth
32616,M,18,Enterprise
32617,F,28,Enterprise
32618,M,23,Family
32619,F,21,Enterprise
32620,F,20,Premium
32621,F,66,Premium
32622,F,38,Premium
32623,F,44,Premium
32624,F,26,Youth
32625,M,67,Premium
32626,F,58,Enterprise
32627,M,23,Family
32628,M,48,Enterprise
32629,F,66,Premium
32630,M,26,Premium
32631,F,47,Enterprise
32632,F,58,Youth
32633,M,28,Youth
32634,F,52,Youth
32635,M,50,Youth
32636,M,33,Family
32637,M,22,Premium
32638,F,30,Family
32639,F,62,Enterprise
32640,F,47,Enterprise
32641,F,62,Youth
32642,M,40,Premium
32643,M,36,Family
32644,M,50,Youth
32645,M,30,Family
32646,M,37,Premium
32647,M,39,Family
32648,M,45,Premium
32649,F,45,Family
32650,F,61,Family
32651,M,45,Youth
32652,M,25,Premium
32653,F,27,Youth
32654,M,61,Youth
32655,M,21,Family
32656,M,36,Family
32657,F,24,Enterprise
32658,M,55,Youth
32659,M,32,Enterprise
32660,M,38,Youth
32661,F,46,Youth
32662,F,68,Youth
32663,F,60,Family
32664,F,31,Enterprise
32665,M,55,Youth
32666,F,59,Youth
32667,M,62,Enterprise
32668,F,30,Enterprise
32669,M,38,Premium
32670,F,44,Youth
32671,F,53,Enterprise
32672,M,61,Family
32673,M,42,Youth
32674,F,31,Enterprise
32675,M,46,Family
32676,F,65,Premium
32677,M,23,Youth
32678,M,44,Premium
32679,M,20,Youth
32680,M,31,Enterprise
32681,M,61,Youth
32682,F,51,Enterprise
32683,F,21,Youth
32684,M,51,Family
32685,M,29,Family
32686,F,42,Youth
32687,M,27,Youth
32688,F,18,Premium
32689,F,36,Youth
32690,M,31,Family
32691,M,67,Youth
32692,F,61,Family
32693,F,50,Premium
32694,M,41,Family
32695,M,46,Enterprise
32696,M,69,Youth
32697,F,38,Family
32698,F,35,Enterprise
32699,F,47,Enterprise
32700,M,41,Family
32701,M,22,Enterprise
32702,M,50,Premium
32703,M,50,Premium
32704,M,18,Enterprise
32705,M,54,Enterprise
32706,F,57,Family
32707,M,23,Enterprise
32708,M,43,Enterprise
32709,M,18,Enterprise
32710,M,48,Enterprise
32711,F,69,Enterprise
32712,F,67,Youth
32713,M,45,Enterprise
32714,F,24,Family
32715,M,22,Enterprise
32716,F,64,Premium
32717,F,41,Premium
32718,M,21,Enterprise
32719,M,70,Youth
32720,F,34,Enterprise
32721,F,39,Youth
32722,M,61,Youth
32723,M,49,Family
32724,M,67,Family
32725,F,61,Premium
32726,M,66,Enterprise
32727,M,37,Premium
32728,F,28,Youth
32729,F,51,Enterprise
32730,F,54,Premium
32731,M,48,Premium
32732,F,54,Enterprise
32733,F,39,Family
32734,F,26,Family
32735,M,61,Premium
32736,F,34,Premium
32737,M,35,Premium
32738,F,68,Premium
32739,F,62,Family
32740,F,37,Enterprise
32741,M,69,Youth
32742,M,34,Youth
32743,M,59,Family
32744,F,39,Youth
32745,F,27,Enterprise
32746,F,27,Family
32747,F,62,Youth
32748,M,53,Youth
32749,M,51,Family
32750,F,67,Premium
32751,M,37,Youth
32752,M,60,Youth
32753,M,68,Family
32754,M,68,Youth
32755,F,22,Family
32756,M,52,Premium
32757,F,28,Family
32758,F,20,Youth
32759,M,56,Family
32760,M,24,Youth
32761,M,35,Premium
32762,M,69,Enterprise
32763,F,59,Premium
32764,F,33,Premium
32765,F,27,Premium
32766,M,27,Enterprise
32767,F,38,Youth
32768,M,38,Family
32769,F,51,Youth
32770,F,67,Enterprise
32771,M,39,Youth
32772,M,63,Youth
32773,F,54,Premium
32774,M,60,Youth
32775,F,70,Premium
32776,M,35,Enterprise
32777,F,25,Youth
32778,M,38,Youth
32779,M,30,Enterprise
32780,M,46,Youth
32781,F,61,Youth
32782,M,43,Premium
32783,F,18,Youth
32784,M,55,Premium
32785,F,55,Premium
32786,F,64,Premium
32787,F,66,Youth
32788,F,29,Family
32789,M,18,Enterprise
32790,M,51,Youth
32791,M,51,Family
32792,F,55,Youth
32793,F,53,Youth
32794,F,39,Youth
32795,M,54,Family
32796,M,29,Youth
32797,M,42,Youth
32798,M,20,Premium
32799,M,51,Enterprise
32800,F,31,Family
32801,M,53,Enterprise
32802,F,36,Family
32803,F,53,Premium
32804,F,53,Premium
32805,M,64,Youth
32806,F,50,Premium
32807,M,35,Youth
32808,M,23,Family
32809,F,50,Enterprise
32810,M,35,Family
32811,M,20,Family
32812,F,49,Enterprise
32813,M,22,Youth
32814,F,64,Youth
32815,M,19,Youth
32816,M,59,Enterprise
32817,F,30,Youth
32818,F,18,Family
32819,F,61,Enterprise
32820,M,60,Family
32821,M,41,Youth
32822,F,64,Premium
32823,F,63,Family
32824,F,27,Youth
32825,F,43,Enterprise
32826,M,51,Family
32827,M,37,Premium
32828,M,54,Youth
32829,M,63,Youth
32830,M,41,Enterprise
32831,M,25,Premium
32832,F,65,Youth
32833,F,61,Family
32834,F,38,Youth
32835,F,34,Enterprise
32836,F,37,Family
32837,M,37,Family
32838,F,54,Family
32839,F,29,Youth
32840,F,67,Premium
32841,F,43,Premium
32842,F,29,Premium
32843,F,44,Premium
32844,F,35,Premium
32845,M,57,Family
32846,F,33,Premium
32847,F,21,Premium
32848,F,39,Family
32849,F,34,Youth
32850,F,20,Premium
32851,M,27,Enterprise
32852,M,62,Premium
32853,F,57,Enterprise
32854,M,41,Enterprise
32855,F,59,Premium
32856,M,44,Enterprise
32857,M,52,Enterprise
32858,F,19,Premium
32859,F,57,Youth
32860,F,19,Premium
32861,F,60,Youth
32862,M,59,Family
32863,F,42,Youth
32864,F,54,Enterprise
32865,F,30,Enterprise
32866,F,44,Youth
32867,F,25,Youth
32868,F,49,Enterprise
32869,F,61,Enterprise
32870,M,61,Enterprise
32871,F,61,Premium
32872,M,18,Premium
32873,F,70,Family
32874,F,40,Youth
32875,F,44,Family
32876,F,60,Youth
32877,F,21,Youth
32878,M,46,Youth
32879,M,61,Enterprise
32880,M,21,Family
32881,M,39,Family
32882,F,40,Family
32883,M,46,Youth
32884,M,41,Family
32885,F,48,Family
32886,F,25,Youth
32887,F,54,Youth
32888,F,67,Enterprise
32889,F,61,Enterprise
32890,M,20,Youth
32891,M,70,Family
32892,M,28,Premium
32893,F,60,Enterprise
32894,M,31,Premium
32895,F,54,Family
32896,F,52,Enterprise
32897,F,37,Youth
32898,M,53,Youth
32899,F,21,Enterprise
32900,F,22,Family
32901,F,39,Family
32902,M,61,Enterprise
32903,M,27,Enterprise
32904,F,65,Enterprise
32905,F,26,Youth
32906,F,31,Family
32907,F,29,Premium
32908,F,37,Youth
32909,M,63,Family
32910,F,27,Premium
32911,F,64,Family
32912,F,34,Enterprise
32913,M,63,Premium
32914,F,38,Enterprise
32915,F,54,Youth
32916,F,50,Premium
32917,M,67,Premium
32918,M,48,Family
32919,M,67,Enterprise
32920,F,50,Family
32921,F,48,Premium
32922,F,41,Family
32923,F,55,Family
32924,F,54,Youth
32925,M,61,Youth
32926,M,50,Family
32927,M,44,Premium
32928,F,47,Youth
32929,M,21,Premium
32930,M,19,Enterprise
32931,F,39,Family
32932,F,52,Enterprise
32933,M,32,Family
32934,M,60,Enterprise
32935,M,23,Premium
32936,F,35,Enterprise
32937,F,28,Enterprise
32938,M,57,Premium
32939,M,42,Premium
32940,M,53,Enterprise
32941,M,45,Youth
32942,M,24,Enterprise
32943,M,23,Enterprise
32944,F,28,Enterprise
32945,M,69,Enterprise
32946,F,45,Youth
32947,F,45,Premium
32948,F,27,Premium
32949,F,26,Family
32950,F,27,Family
32951,F,22,Enterprise
32952,M,66,Premium
32953,F,55,Youth
32954,M,30,Youth
32955,F,66,Family
32956,F,48,Family
32957,F,61,Enterprise
32958,M,32,Enterprise
32959,F,49,Premium
32960,F,49,Enterprise
32961,M,45,Family
32962,F,62,Youth
32963,F,62,Youth
32964,M,25,Youth
32965,F,63,Enterprise
32966,F,48,Premium
32967,M,41,Family
32968,M,58,Youth
32969,M,66,Premium
32970,F,23,Enterprise
32971,F,39,Family
32972,M,51,Enterprise
32973,M,60,Family
32974,M,49,Family
32975,F,31,Youth
32976,M,40,Enterprise
32977,M,33,Family
32978,F,42,Family
32979,M,66,Enterprise
32980,M,26,Enterprise
32981,M,21,Premium
32982,M,28,Enterprise
32983,F,57,Enterprise
32984,F,65,Enterprise
32985,F,57,Youth
32986,F,29,Youth
32987,F,60,Premium
32988,M,34,Premium
32989,F,28,Youth
32990,M,56,Youth
32991,M,48,Family
32992,F,68,Family
32993,M,28,Enterprise
32994,M,60,Family
32995,F,70,Youth
32996,M,25,Youth
32997,F,18,Youth
32998,F,25,Enterprise
32999,M,52,Premium
33000,F,35,Premium
33001,F,32,Family
33002,F,61,Enterprise
33003,M,21,Premium
33004,M,50,Premium
33005,F,49,Enterprise
33006,M,69,Enterprise
33007,F,52,Premium
33008,M,26,Enterprise
33009,F,66,Family
33010,F,50,Family
33011,M,40,Premium
33012,M,40,Premium
33013,M,19,Premium
33014,M,46,Family
33015,F,52,Youth
33016,M,51,Family
33017,M,35,Premium
33018,F,35,Enterprise
33019,M,69,Premium
33020,F,22,Youth
33021,M,62,Enterprise
33022,M,58,Enterprise
33023,F,33,Enterprise
33024,M,55,Youth
33025,F,70,Enterprise
33026,M,26,Family
33027,M,25,Youth
33028,M,19,Youth
33029,M,52,Youth
33030,M,70,Enterprise
33031,F,29,Family
33032,M,49,Family
33033,F,34,Enterprise
33034,M,54,Youth
33035,M,20,Enterprise
33036,F,31,Premium
33037,M,21,Enterprise
33038,F,70,Family
33039,F,25,Premium
33040,F,54,Premium
33041,M,37,Enterprise
33042,F,21,Enterprise
33043,F,45,Enterprise
33044,F,49,Premium
33045,M,46,Family
33046,M,33,Enterprise
33047,M,70,Enterprise
33048,M,62,Family
33049,F,56,Youth
33050,M,52,Premium
33051,F,48,Youth
33052,M,44,Family
33053,F,18,Enterprise
33054,M,59,Premium
33055,F,66,Premium
33056,M,29,Enterprise
33057,F,51,Premium
33058,M,70,Family
33059,F,33,Enterprise
33060,F,23,Youth
33061,F,58,Enterprise
33062,M,33,Youth
33063,F,55,Premium
33064,M,32,Premium
33065,F,28,Youth
33066,F,36,Enterprise
33067,M,19,Enterprise
33068,M,19,Premium
33069,F,49,Enterprise
33070,M,52,Youth
33071,F,31,Youth
33072,F,65,Premium
33073,F,64,Enterprise
33074,M,60,Youth
33075,F,35,Youth
33076,F,27,Enterprise
33077,F,51,Family
33078,M,50,Family
33079,M,37,Enterprise
33080,M,30,Youth
33081,F,68,Youth
33082,M,52,Enterprise
33083,F,63,Family
33084,F,27,Youth
33085,F,68,Premium
33086,M,58,Family
33087,F,18,Enterprise
33088,F,59,Youth
33089,M,36,Youth
33090,F,22,Premium
33091,F,35,Youth
33092,M,34,Youth
33093,M,32,Enterprise
33094,M,37,Premium
33095,M,20,Premium
33096,M,47,Youth
33097,M,42,Enterprise
33098,M,27,Enterprise
33099,F,33,Premium
33100,F,30,Enterprise
33101,M,33,Enterprise
33102,F,59,Youth
33103,M,41,Youth
33104,M,29,Youth
33105,F,70,Premium
33106,F,70,Youth
33107,F,18,Youth
33108,F,28,Enterprise
33109,F,65,Premium
33110,F,54,Family
33111,M,20,Youth
33112,M,27,Family
33113,F,70,Enterprise
33114,F,42,Youth
33115,M,30,Youth
33116,F,28,Youth
33117,M,33,Youth
33118,M,62,Enterprise
33119,F,60,Youth
33120,M,31,Premium
33121,M,68,Youth
33122,F,53,Premium
33123,F,29,Premium
33124,F,44,Enterprise
33125,F,24,Family
33126,M,53,Family
33127,M,26,Premium
33128,M,53,Youth
33129,M,21,Youth
33130,F,63,Enterprise
33131,M,21,Premium
33132,M,28,Family
33133,M,55,Family
33134,M,62,Premium
33135,M,48,Family
33136,F,21,Enterprise
33137,M,47,Premium
33138,M,46,Family
33139,F,35,Premium
33140,F,56,Family
33141,M,66,Family
33142,M,22,Enterprise
33143,F,52,Family
33144,F,56,Youth
33145,F,70,Enterprise
33146,F,31,Enterprise
33147,F,55,Youth
33148,F,53,Enterprise
33149,M,51,Youth
33150,M,35,Youth
33151,M,43,Youth
33152,F,65,Youth
33153,M,61,Family
33154,F,46,Youth
33155,M,27,Premium
33156,M,51,Enterprise
33157,F,32,Premium
33158,M,36,Family
33159,F,70,Family
33160,M,57,Family
33161,F,18,Premium
33162,M,37,Premium
33163,F,20,Youth
33164,M,55,Family
33165,F,40,Premium
33166,M,21,Youth
33167,M,24,Youth
33168,F,19,Premium
33169,F,62,Premium
33170,M,35,Youth
33171,F,23,Enterprise
33172,F,22,Youth
33173,M,26,Family
33174,M,19,Youth
33175,M,32,Youth
33176,M,23,Enterprise
33177,M,25,Youth
33178,M,43,Youth
33179,M,30,Family
33180,M,54,Enterprise
33181,F,33,Premium
33182,F,56,Premium
33183,F,65,Premium
33184,M,35,Enterprise
33185,F,60,Enterprise
33186,M,41,Premium
33187,M,29,Youth
33188,F,67,Youth
33189,M,42,Family
33190,F,48,Premium
33191,M,47,Enterprise
33192,F,29,Premium
33193,M,66,Enterprise
33194,F,35,Family
33195,F,65,Enterprise
33196,F,57,Enterprise
33197,F,47,Youth
33198,M,56,Enterprise
33199,F,22,Enterprise
33200,F,66,Enterprise
33201,M,34,Enterprise
33202,F,65,Enterprise
33203,M,69,Family
33204,M,53,Family
33205,F,43,Enterprise
33206,F,59,Family
33207,F,52,Enterprise
33208,M,64,Enterprise
33209,M,55,Youth
33210,F,27,Enterprise
33211,M,50,Family
33212,F,48,Premium
33213,F,23,Premium
33214,F,52,Premium
33215,M,37,Premium
33216,F,21,Youth
33217,F,52,Premium
33218,M,55,Premium
33219,F,67,Family
33220,M,53,Family
33221,M,55,Family
33222,F,62,Family
33223,F,42,Enterprise
33224,F,45,Family
33225,F,20,Family
33226,M,57,Family
33227,F,18,Family
33228,M,21,Family
33229,M,22,Youth
33230,F,41,Premium
33231,F,60,Family
33232,M,55,Enterprise
33233,F,41,Enterprise
33234,F,19,Family
33235,F,31,Premium
33236,F,28,Enterprise
33237,M,37,Youth
33238,F,66,Enterprise
33239,M,19,Youth
33240,F,24,Premium
33241,F,47,Enterprise
33242,M,40,Youth
33243,M,60,Youth
33244,M,39,Enterprise
33245,F,45,Premium
33246,F,30,Premium
33247,F,54,Youth
33248,F,66,Youth
33249,F,34,Family
33250,F,34,Premium
33251,M,31,Enterprise
33252,M,47,Youth
33253,M,54,Family
33254,M,47,Youth
33255,M,69,Youth
33256,M,28,Family
33257,M,67,Family
33258,F,36,Family
33259,M,44,Family
33260,F,68,Enterprise
33261,M,35,Enterprise
33262,F,45,Enterprise
33263,M,48,Enterprise
33264,F,57,Family
33265,M,54,Family
33266,M,25,Family
33267,M,24,Premium
33268,F,50,Premium
33269,F,24,Enterprise
33270,M,57,Enterprise
33271,M,39,Enterprise
33272,F,39,Premium
33273,F,43,Family
33274,M,44,Youth
33275,F,66,Premium
33276,F,61,Youth
33277,M,22,Enterprise
33278,F,18,Premium
33279,F,38,Family
33280,M,41,Family
33281,F,31,Family
33282,F,43,Family
33283,F,38,Enterprise
33284,M,26,Premium
33285,F,68,Premium
33286,M,66,Youth
33287,M,59,Family
33288,F,30,Enterprise
33289,F,54,Youth
33290,M,52,Premium
33291,F,29,Youth
33292,M,32,Enterprise
33293,F,62,Enterprise
33294,M,42,Family
33295,M,36,Enterprise
33296,M,54,Premium
33297,F,45,Family
33298,M,68,Youth
33299,F,60,Premium
33300,M,20,Youth
33301,M,42,Premium
33302,M,46,Premium
33303,M,36,Family
33304,F,68,Premium
33305,F,54,Premium
33306,M,67,Family
33307,F,57,Premium
33308,F,63,Premium
33309,M,56,Youth
33310,M,23,Premium
33311,F,64,Youth
33312,F,60,Family
33313,F,30,Family
33314,M,69,Family
33315,F,28,Enterprise
33316,F,22,Youth
33317,M,52,Enterprise
33318,M,46,Youth
33319,M,29,Family
33320,M,59,Family
33321,M,50,Premium
33322,M,65,Family
33323,F,48,Youth
33324,M,63,Youth
33325,F,69,Enterprise
33326,M,57,Premium
33327,M,54,Enterprise
33328,F,25,Enterprise
33329,F,51,Family
33330,F,23,Premium
33331,F,34,Family
33332,M,29,Family
33333,F,30,Family
33334,M,26,Family
33335,M,61,Enterprise
33336,M,64,Youth
33337,F,32,Enterprise
33338,M,43,Enterprise
33339,F,58,Youth
33340,F,35,Family
33341,F,27,Premium
33342,M,65,Family
33343,F,46,Premium
33344,F,27,Premium
33345,F,32,Family
33346,M,28,Premium
33347,M,42,Premium
33348,M,31,Family
33349,M,66,Premium
33350,F,42,Premium
33351,M,36,Family
33352,M,68,Premium
33353,F,36,Enterprise
33354,M,25,Family
33355,F,64,Youth
33356,F,56,Youth
33357,M,23,Youth
33358,M,20,Family
33359,F,54,Enterprise
33360,M,68,Family
33361,F,47,Enterprise
33362,F,33,Family
33363,F,58,Family
33364,F,51,Enterprise
33365,M,33,Youth
33366,F,57,Youth
33367,F,39,Premium
33368,F,26,Enterprise
33369,M,38,Premium
33370,M,46,Youth
33371,M,18,Youth
33372,F,33,Enterprise
33373,F,54,Enterprise
33374,F,30,Enterprise
33375,F,70,Family
33376,F,47,Youth
33377,F,59,Youth
33378,F,22,Premium
33379,F,34,Enterprise
33380,M,24,Enterprise
33381,F,66,Youth
33382,M,37,Enterprise
33383,M,41,Premium
33384,F,41,Family
33385,F,40,Family
33386,M,67,Youth
33387,F,43,Family
33388,F,58,Enterprise
33389,F,52,Youth
33390,F,64,Enterprise
33391,F,62,Enterprise
33392,M,54,Youth
33393,M,57,Family
33394,M,55,Family
33395,M,26,Premium
33396,F,67,Youth
33397,F,26,Enterprise
33398,M,44,Youth
33399,F,67,Youth
33400,M,22,Enterprise
33401,F,31,Youth
33402,F,64,Youth
33403,F,51,Premium
33404,M,69,Youth
33405,F,48,Enterprise
33406,F,48,Enterprise
33407,F,46,Youth
33408,M,45,Premium
33409,M,19,Enterprise
33410,F,24,Enterprise
33411,M,22,Youth
33412,F,32,Youth
33413,F,25,Youth
33414,M,52,Youth
33415,M,64,Premium
33416,F,23,Family
33417,M,45,Enterprise
33418,F,48,Enterprise
33419,F,37,Family
33420,F,59,Premium
33421,M,43,Family
33422,F,30,Premium
33423,F,54,Youth
33424,M,50,Family
33425,F,33,Youth
33426,F,34,Family
33427,M,60,Family
33428,F,33,Youth
33429,F,46,Premium
33430,F,48,Family
33431,M,21,Family
33432,F,21,Enterprise
33433,F,42,Premium
33434,F,51,Youth
33435,F,58,Youth
33436,M,28,Enterprise
33437,M,44,Youth
33438,M,33,Enterprise
33439,F,23,Family
33440,F,58,Youth
33441,M,67,Youth
33442,M,31,Family
33443,F,35,Family
33444,M,24,Premium
33445,F,69,Family
33446,M,43,Family
33447,M,34,Family
33448,M,33,Family
33449,M,31,Enterprise
33450,F,65,Premium
33451,M,37,Premium
33452,F,64,Family
33453,M,21,Premium
33454,M,43,Family
33455,F,23,Youth
33456,M,29,Youth
33457,M,19,Family
33458,F,58,Family
33459,F,33,Family
33460,M,36,Premium
33461,M,47,Family
33462,F,18,Premium
33463,F,46,Youth
33464,F,57,Premium
33465,F,47,Family
33466,F,44,Family
33467,M,66,Family
33468,M,20,Youth
33469,F,25,Enterprise
33470,F,53,Premium
33471,F,46,Enterprise
33472,M,32,Family
33473,M,62,Enterprise
33474,F,44,Youth
33475,F,66,Family
33476,M,35,Family
33477,M,62,Youth
33478,F,61,Youth
33479,F,56,Enterprise
33480,F,60,Premium
33481,F,22,Youth
33482,M,35,Enterprise
33483,M,31,Enterprise
33484,M,68,Family
33485,M,23,Youth
33486,F,52,Family
33487,M,39,Family
33488,F,53,Family
33489,M,50,Enterprise
33490,M,48,Youth
33491,M,32,Family
33492,F,37,Youth
33493,F,44,Premium
33494,M,20,Youth
33495,M,36,Enterprise
33496,F,39,Youth
33497,M,26,Premium
33498,M,37,Youth
33499,F,69,Family
33500,M,27,Enterprise
33501,M,27,Family
33502,M,39,Enterprise
33503,F,38,Enterprise
33504,F,30,Premium
33505,M,55,Enterprise
33506,F,40,Youth
33507,M,70,Youth
33508,M,67,Youth
33509,M,41,Premium
33510,M,48,Premium
33511,F,42,Family
33512,M,64,Youth
33513,M,21,Youth
33514,M,70,Enterprise
33515,F,37,Youth
33516,F,58,Youth
33517,M,18,Premium
33518,F,52,Family
33519,M,35,Family
33520,F,48,Enterprise
33521,F,60,Youth
33522,F,42,Premium
33523,F,23,Family
33524,F,38,Family
33525,F,52,Premium
33526,F,42,Premium
33527,F,26,Premium
33528,F,61,Youth
33529,F,69,Enterprise
33530,M,65,Family
33531,M,46,Premium
33532,M,35,Enterprise
33533,F,19,Youth
33534,M,44,Premium
33535,F,67,Enterprise
33536,F,50,Enterprise
33537,F,66,Youth
33538,M,50,Enterprise
33539,F,18,Premium
33540,M,44,Youth
33541,F,48,Premium
33542,M,41,Family
33543,M,19,Premium
33544,M,55,Premium
33545,F,32,Enterprise
33546,M,24,Family
33547,F,25,Premium
33548,F,30,Family
33549,F,29,Enterprise
33550,F,26,Family
33551,F,55,Enterprise
33552,M,33,Family
33553,F,69,Family
33554,M,62,Family
33555,F,70,Premium
33556,F,30,Premium
33557,M,65,Youth
33558,M,24,Premium
33559,F,46,Family
33560,F,23,Family
33561,M,47,Enterprise
33562,M,53,Youth
33563,M,59,Enterprise
33564,F,68,Family
33565,F,21,Youth
33566,F,42,Youth
33567,M,25,Youth
33568,M,57,Family
33569,F,42,Family
33570,M,41,Premium
33571,M,18,Youth
33572,M,61,Premium
33573,F,62,Family
33574,M,56,Premium
33575,M,27,Premium
33576,M,57,Family
33577,M,69,Premium
33578,F,59,Premium
33579,M,25,Premium
33580,F,70,Family
33581,F,45,Youth
33582,M,25,Premium
33583,F,40,Youth
33584,M,61,Family
33585,M,19,Youth
33586,F,25,Youth
33587,F,19,Family
33588,M,26,Youth
33589,M,19,Enterprise
33590,M,26,Enterprise
33591,F,66,Youth
33592,F,25,Youth
33593,F,65,Enterprise
33594,F,49,Premium
33595,M,44,Enterprise
33596,M,40,Premium
33597,F,19,Enterprise
33598,M,58,Premium
33599,F,62,Enterprise
33600,F,43,Enterprise
33601,M,65,Family
33602,M,19,Premium
33603,M,44,Family
33604,F,70,Youth
33605,M,18,Enterprise
33606,M,62,Family
33607,M,37,Premium
33608,F,44,Enterprise
33609,F,21,Family
33610,M,64,Enterprise
33611,M,61,Family
33612,M,30,Youth
33613,M,20,Youth
33614,M,44,Youth
33615,M,22,Premium
33616,F,26,Premium
33617,M,48,Premium
33618,F,28,Premium
33619,F,52,Enterprise
33620,F,23,Enterprise
33621,M,62,Premium
33622,F,56,Family
33623,M,34,Family
33624,M,58,Youth
33625,F,51,Enterprise
33626,F,65,Enterprise
33627,F,48,Family
33628,M,50,Enterprise
33629,M,66,Premium
33630,M,30,Family
33631,F,31,Youth
33632,F,65,Family
33633,M,68,Youth
33634,F,50,Premium
33635,M,67,Enterprise
33636,M,18,Youth
33637,M,25,Youth
33638,M,69,Enterprise
33639,F,20,Family
33640,F,27,Family
33641,F,48,Premium
33642,F,62,Youth
33643,M,68,Enterprise
33644,M,18,Enterprise
33645,M,23,Youth
33646,M,36,Premium
33647,M,19,Premium
33648,F,48,Premium
33649,M,58,Youth
33650,F,44,Youth
33651,F,36,Family
33652,F,69,Family
33653,M,38,Family
33654,M,58,Enterprise
33655,M,56,Enterprise
33656,F,23,Youth
33657,F,31,Enterprise
33658,M,28,Youth
33659,F,27,Youth
33660,F,55,Enterprise
33661,M,53,Family
33662,F,20,Family
33663,M,62,Premium
33664,F,44,Premium
33665,F,20,Enterprise
33666,F,69,Youth
33667,F,42,Youth
33668,F,35,Youth
33669,M,49,Youth
33670,F,53,Premium
33671,F,39,Family
33672,M,32,Enterprise
33673,M,24,Enterprise
33674,F,67,Premium
33675,M,46,Youth
33676,M,24,Premium
33677,M,36,Family
33678,M,48,Family
33679,M,37,Premium
33680,M,41,Premium
33681,F,28,Enterprise
33682,F,26,Family
33683,M,69,Premium
33684,F,35,Enterprise
33685,M,54,Youth
33686,M,41,Youth
33687,F,30,Enterprise
33688,F,44,Youth
33689,M,29,Youth
33690,F,53,Family
33691,M,60,Family
33692,M,48,Enterprise
33693,F,37,Enterprise
33694,F,29,Enterprise
33695,M,60,Enterprise
33696,M,52,Enterprise
33697,M,61,Family
33698,F,65,Youth
33699,F,68,Enterprise
33700,M,37,Premium
33701,F,52,Family
33702,M,50,Youth
33703,F,32,Premium
33704,F,19,Premium
33705,M,39,Youth
33706,M,30,Youth
33707,M,66,Youth
33708,F,63,Enterprise
33709,M,40,Premium
33710,M,37,Enterprise
33711,F,37,Premium
33712,F,64,Family
33713,F,25,Premium
33714,M,70,Family
33715,M,52,Family
33716,F,34,Youth
33717,F,37,Enterprise
33718,M,40,Enterprise
33719,F,50,Premium
33720,M,38,Family
33721,M,49,Youth
33722,M,28,Premium
33723,M,63,Premium
33724,F,47,Family
33725,M,42,Youth
33726,M,58,Family
33727,M,34,Youth
33728,F,40,Family
33729,M,21,Youth
33730,M,66,Premium
33731,M,23,Enterprise
33732,F,26,Family
33733,M,29,Premium
33734,F,45,Enterprise
33735,F,33,Family
33736,M,29,Youth
33737,F,27,Family
33738,M,53,Enterprise
33739,F,40,Youth
33740,M,63,Family
33741,F,42,Family
33742,F,68,Enterprise
33743,M,27,Premium
33744,M,42,Premium
33745,F,38,Family
33746,M,38,Family
33747,F,51,Youth
33748,F,53,Enterprise
33749,M,39,Family
33750,M,48,Youth
33751,M,30,Enterprise
33752,F,33,Enterprise
33753,F,54,Family
33754,F,24,Enterprise
33755,F,37,Youth
33756,M,48,Youth
33757,F,19,Premium
33758,F,64,Youth
33759,F,61,Family
33760,F,39,Premium
33761,M,54,Enterprise
33762,M,38,Premium
33763,M,54,Premium
33764,F,59,Enterprise
33765,M,61,Youth
33766,M,38,Enterprise
33767,M,45,Premium
33768,M,62,Premium
33769,F,21,Youth
33770,M,51,Premium
33771,F,24,Premium
33772,F,50,Premium
33773,F,56,Premium
33774,M,58,Premium
33775,M,58,Family
33776,F,70,Family
33777,M,58,Enterprise
33778,M,20,Family
33779,F,20,Premium
33780,M,65,Family
33781,M,58,Premium
33782,M,48,Youth
33783,F,46,Enterprise
33784,M,19,Premium
33785,M,45,Premium
33786,F,57,Enterprise
33787,M,22,Family
33788,M,26,Enterprise
33789,M,35,Enterprise
33790,F,36,Youth
33791,F,52,Family
33792,M,41,Premium
33793,F,59,Youth
33794,F,52,Premium
33795,M,22,Enterprise
33796,F,59,Youth
33797,M,48,Family
33798,M,66,Enterprise
33799,F,19,Family
33800,M,59,Premium
33801,M,33,Family
33802,M,18,Enterprise
33803,F,25,Enterprise
33804,F,63,Premium
33805,F,42,Enterprise
33806,F,38,Youth
33807,M,19,Enterprise
33808,F,47,Youth
33809,F,42,Family
33810,F,67,Enterprise
33811,M,30,Youth
33812,F,34,Premium
33813,F,50,Premium
33814,F,61,Youth
33815,F,33,Premium
33816,F,27,Premium
33817,M,60,Family
33818,F,22,Youth
33819,M,57,Premium
33820,F,33,Family
33821,F,35,Youth
33822,F,18,Premium
33823,M,20,Family
33824,F,33,Family
33825,F,60,Enterprise
33826,M,39,Family
33827,M,29,Youth
33828,M,26,Premium
33829,F,34,Youth
33830,F,27,Premium
33831,M,30,Youth
33832,M,49,Premium
33833,F,55,Family
33834,F,64,Premium
33835,M,37,Premium
33836,F,36,Youth
33837,F,70,Family
33838,F,43,Enterprise
33839,F,28,Premium
33840,M,50,Youth
33841,F,60,Premium
33842,F,24,Family
33843,F,28,Enterprise
33844,M,52,Premium
33845,F,31,Enterprise
33846,F,60,Youth
33847,F,45,Family
33848,M,50,Family
33849,M,47,Youth
33850,M,30,Premium
33851,M,55,Youth
33852,M,35,Enterprise
33853,F,19,Premium
33854,M,23,Family
33855,F,42,Family
33856,F,64,Youth
33857,F,62,Premium
33858,F,20,Enterprise
33859,F,21,Family
33860,M,29,Youth
33861,F,32,Enterprise
33862,F,30,Family
33863,F,42,Enterprise
33864,F,31,Family
33865,F,33,Enterprise
33866,F,45,Youth
33867,F,70,Youth
33868,M,56,Enterprise
33869,M,67,Enterprise
33870,M,34,Family
33871,F,62,Premium
33872,M,55,Enterprise
33873,F,67,Enterprise
33874,M,69,Enterprise
33875,M,64,Premium
33876,M,70,Family
33877,M,54,Family
33878,M,28,Youth
33879,F,23,Family
33880,F,43,Youth
33881,F,36,Youth
33882,F,36,Family
33883,M,48,Premium
33884,F,69,Premium
33885,M,66,Family
33886,M,30,Premium
33887,M,43,Family
33888,F,22,Family
33889,M,46,Family
33890,M,57,Family
33891,M,40,Family
33892,M,59,Premium
33893,M,67,Enterprise
33894,F,40,Premium
33895,F,65,Family
33896,F,69,Youth
33897,M,67,Premium
33898,M,59,Family
33899,F,58,Enterprise
33900,F,27,Family
33901,F,54,Premium
33902,M,61,Enterprise
33903,M,63,Premium
33904,F,46,Enterprise
33905,M,53,Enterprise
33906,M,54,Family
33907,M,26,Premium
33908,M,70,Premium
33909,M,25,Youth
33910,M,46,Family
33911,M,44,Enterprise
33912,M,25,Youth
33913,M,51,Family
33914,M,55,Enterprise
33915,M,49,Enterprise
33916,M,46,Premium
33917,M,47,Youth
33918,F,48,Enterprise
33919,M,32,Premium
33920,F,37,Premium
33921,F,61,Youth
33922,F,67,Family
33923,F,49,Youth
33924,M,36,Youth
33925,M,68,Enterprise
33926,F,23,Family
33927,F,39,Enterprise
33928,F,57,Family
33929,M,28,Enterprise
33930,M,68,Family
33931,F,21,Family
33932,F,57,Family
33933,F,41,Enterprise
33934,M,53,Youth
33935,M,51,Family
33936,M,40,Enterprise
33937,M,26,Family
33938,F,60,Youth
33939,M,57,Enterprise
33940,M,54,Youth
33941,F,54,Enterprise
33942,F,64,Family
33943,F,37,Premium
33944,F,43,Youth
33945,F,58,Enterprise
33946,F,47,Youth
33947,M,56,Premium
33948,F,42,Youth
33949,M,59,Enterprise
33950,M,20,Family
33951,F,49,Premium
33952,F,24,Premium
33953,M,29,Enterprise
33954,M,19,Youth
33955,F,70,Premium
33956,F,58,Family
33957,M,63,Enterprise
33958,M,61,Youth
33959,M,46,Premium
33960,M,20,Youth
33961,M,46,Enterprise
33962,F,61,Family
33963,F,50,Family
33964,M,42,Family
33965,M,69,Enterprise
33966,F,70,Family
33967,M,52,Family
33968,F,50,Enterprise
33969,M,59,Enterprise
33970,M,22,Youth
33971,F,46,Family
33972,M,23,Premium
33973,M,30,Enterprise
33974,F,28,Enterprise
33975,M,18,Family
33976,M,59,Youth
33977,F,33,Premium
33978,F,42,Enterprise
33979,M,55,Premium
33980,M,70,Family
33981,F,58,Youth
33982,M,34,Premium
33983,M,68,Family
33984,M,33,Premium
33985,M,32,Youth
33986,M,52,Premium
33987,M,57,Youth
33988,F,46,Premium
33989,M,53,Family
33990,M,40,Premium
33991,M,23,Enterprise
33992,M,37,Youth
33993,M,24,Youth
33994,F,68,Family
33995,F,60,Premium
33996,M,51,Youth
33997,M,51,Youth
33998,F,55,Family
33999,F,27,Enterprise
34000,M,42,Premium
34001,M,19,Family
34002,F,19,Premium
34003,F,51,Youth
34004,M,63,Youth
34005,M,45,Premium
34006,M,65,Family
34007,M,33,Premium
34008,M,65,Youth
34009,F,36,Youth
34010,M,42,Enterprise
34011,M,57,Family
34012,F,31,Enterprise
34013,F,58,Youth
34014,F,62,Family
34015,M,22,Family
34016,M,27,Premium
34017,M,70,Family
34018,F,58,Youth
34019,F,34,Enterprise
34020,F,69,Family
34021,F,41,Enterprise
34022,F,23,Premium
34023,F,23,Premium
34024,M,30,Enterprise
34025,M,63,Premium
34026,M,57,Family
34027,F,65,Premium
34028,M,40,Youth
34029,M,52,Youth
34030,F,49,Youth
34031,F,53,Family
34032,F,60,Youth
34033,F,58,Enterprise
34034,F,48,Premium
34035,F,56,Premium
34036,F,46,Premium
34037,F,57,Enterprise
34038,F,19,Enterprise
34039,F,33,Youth
34040,F,25,Family
34041,F,58,Youth
34042,M,40,Enterprise
34043,F,36,Enterprise
34044,F,52,Premium
34045,M,68,Family
34046,F,47,Premium
34047,M,56,Enterprise
34048,F,54,Enterprise
34049,F,43,Enterprise
34050,M,34,Family
34051,M,49,Youth
34052,F,24,Family
34053,M,42,Premium
34054,M,25,Premium
34055,F,30,Premium
34056,M,23,Premium
34057,F,67,Premium
34058,F,44,Premium
34059,M,26,Premium
34060,M,29,Family
34061,F,53,Enterprise
34062,M,46,Premium
34063,F,45,Family
34064,F,54,Enterprise
34065,F,30,Enterprise
34066,F,23,Youth
34067,M,23,Youth
34068,M,42,Family
34069,M,67,Enterprise
34070,M,27,Premium
34071,F,67,Premium
34072,M,55,Youth
34073,M,31,Premium
34074,M,68,Enterprise
34075,F,22,Premium
34076,F,39,Enterprise
34077,M,22,Enterprise
34078,F,35,Enterprise
34079,F,70,Family
34080,M,28,Premium
34081,M,53,Enterprise
34082,M,70,Enterprise
34083,M,55,Family
34084,F,18,Premium
34085,M,24,Premium
34086,F,48,Family
34087,M,22,Youth
34088,F,50,Enterprise
34089,F,61,Family
34090,M,49,Family
34091,M,61,Premium
34092,M,37,Enterprise
34093,M,48,Youth
34094,F,54,Family
34095,F,70,Premium
34096,F,54,Enterprise
34097,M,61,Enterprise
34098,F,59,Enterprise
34099,F,50,Enterprise
34100,F,30,Premium
34101,F,38,Premium
34102,M,67,Premium
34103,F,34,Enterprise
34104,F,24,Premium
34105,M,27,Enterprise
34106,F,64,Family
34107,M,19,Youth
34108,M,49,Family
34109,F,37,Youth
34110,M,50,Premium
34111,M,22,Family
34112,M,24,Youth
34113,M,49,Premium
34114,F,36,Family
34115,M,23,Family
34116,M,47,Premium
34117,M,66,Youth
34118,F,25,Youth
34119,F,26,Enterprise
34120,F,61,Youth
34121,M,60,Enterprise
34122,F,37,Premium
34123,M,40,Youth
34124,M,55,Family
34125,M,40,Family
34126,M,51,Enterprise
34127,M,60,Premium
34128,F,26,Family
34129,M,34,Enterprise
34130,M,53,Youth
34131,M,23,Enterprise
34132,M,31,Youth
34133,M,69,Youth
34134,M,40,Youth
34135,M,34,Enterprise
34136,F,32,Youth
34137,F,47,Family
34138,M,41,Premium
34139,F,51,Enterprise
34140,F,45,Premium
34141,M,62,Family
34142,M,58,Youth
34143,F,69,Youth
34144,M,23,Premium
34145,M,50,Family
34146,M,55,Youth
34147,M,33,Family
34148,M,36,Enterprise
34149,M,55,Youth
34150,F,60,Youth
34151,F,59,Enterprise
34152,F,53,Enterprise
34153,F,57,Enterprise
34154,M,64,Premium
34155,M,58,Enterprise
34156,F,22,Enterprise
34157,F,63,Youth
34158,M,69,Premium
34159,M,29,Enterprise
34160,M,67,Youth
34161,F,66,Premium
34162,F,27,Premium
34163,F,55,Enterprise
34164,F,60,Premium
34165,M,55,Premium
34166,F,64,Enterprise
34167,F,32,Youth
34168,F,29,Family
34169,F,68,Youth
34170,M,23,Family
34171,M,61,Youth
34172,F,36,Premium
34173,F,46,Youth
34174,M,45,Premium
34175,M,41,Family
34176,M,50,Premium
34177,F,70,Youth
34178,F,33,Family
34179,M,36,Premium
34180,F,36,Premium
34181,M,42,Family
34182,M,29,Youth
34183,F,39,Youth
34184,F,57,Premium
34185,M,70,Premium
34186,M,54,Premium
34187,M,59,Enterprise
34188,M,35,Premium
34189,M,26,Family
34190,M,70,Youth
34191,F,66,Family
34192,F,56,Premium
34193,M,37,Enterprise
34194,M,43,Youth
34195,M,18,Enterprise
34196,F,40,Premium
34197,F,69,Enterprise
34198,M,22,Youth
34199,F,31,Enterprise
34200,F,50,Family
34201,F,49,Youth
34202,M,66,Youth
34203,F,56,Youth
34204,M,64,Family
34205,F,20,Youth
34206,F,58,Youth
34207,M,37,Family
34208,F,23,Youth
34209,F,38,Family
34210,F,65,Youth
34211,M,47,Enterprise
34212,F,34,Enterprise
34213,M,30,Enterprise
34214,F,25,Premium
34215,F,55,Youth
34216,M,48,Enterprise
34217,F,48,Enterprise
34218,M,60,Premium
34219,F,49,Youth
34220,F,19,Premium
34221,M,48,Premium
34222,F,45,Youth
34223,F,39,Premium
34224,M,61,Enterprise
34225,M,22,Enterprise
34226,M,67,Premium
34227,M,18,Family
34228,F,54,Family
34229,M,33,Enterprise
34230,F,47,Family
34231,F,61,Family
34232,F,59,Family
34233,M,24,Youth
34234,F,59,Enterprise
34235,M,52,Family
34236,M,22,Family
34237,M,50,Youth
34238,M,31,Premium
34239,M,39,Premium
34240,M,64,Enterprise
34241,M,28,Youth
34242,M,22,Family
34243,M,55,Premium
34244,M,58,Premium
34245,F,38,Youth
34246,M,61,Family
34247,M,65,Youth
34248,F,46,Family
34249,M,47,Premium
34250,F,45,Premium
34251,F,70,Family
34252,F,58,Enterprise
34253,F,67,Youth
34254,F,60,Family
34255,F,31,Enterprise
34256,M,20,Family
34257,F,29,Youth
34258,F,47,Enterprise
34259,F,19,Premium
34260,F,46,Family
34261,F,53,Enterprise
34262,M,61,Family
34263,M,51,Youth
34264,M,28,Youth
34265,M,50,Enterprise
34266,M,48,Family
34267,M,32,Family
34268,F,64,Family
34269,F,29,Youth
34270,F,55,Family
34271,F,53,Youth
34272,M,21,Enterprise
34273,M,62,Family
34274,M,60,Enterprise
34275,F,37,Enterprise
34276,F,22,Enterprise
34277,F,63,Youth
34278,F,40,Enterprise
34279,M,36,Youth
34280,M,54,Family
34281,F,23,Enterprise
34282,F,47,Enterprise
34283,F,55,Family
34284,F,52,Family
34285,M,44,Youth
34286,M,56,Youth
34287,F,62,Premium
34288,M,59,Premium
34289,F,68,Youth
34290,M,65,Enterprise
34291,F,25,Youth
34292,F,22,Enterprise
34293,F,33,Youth
34294,M,52,Youth
34295,M,48,Premium
34296,M,23,Youth
34297,M,24,Youth
34298,M,38,Premium
34299,M,45,Enterprise
34300,M,65,Enterprise
34301,F,55,Premium
34302,M,44,Family
34303,F,55,Youth
34304,M,41,Premium
34305,F,20,Youth
34306,M,53,Family
34307,M,43,Youth
34308,M,18,Youth
34309,M,29,Youth
34310,M,22,Enterprise
34311,M,67,Family
34312,M,60,Enterprise
34313,F,36,Youth
34314,M,64,Enterprise
34315,M,54,Enterprise
34316,M,56,Enterprise
34317,F,56,Youth
34318,M,45,Youth
34319,M,29,Family
34320,F,50,Youth
34321,M,22,Family
34322,M,42,Premium
34323,M,45,Youth
34324,F,60,Premium
34325,M,24,Enterprise
34326,F,24,Premium
34327,F,48,Family
34328,F,54,Family
34329,M,52,Premium
34330,M,51,Premium
34331,M,24,Enterprise
34332,F,41,Enterprise
34333,M,29,Family
34334,F,35,Enterprise
34335,M,23,Premium
34336,M,64,Enterprise
34337,M,38,Premium
34338,F,59,Youth
34339,M,22,Youth
34340,M,54,Youth
34341,M,43,Youth
34342,F,22,Enterprise
34343,F,51,Youth
34344,M,58,Youth
34345,F,30,Family
34346,F,49,Family
34347,F,43,Youth
34348,M,41,Enterprise
34349,F,23,Family
34350,M,47,Family
34351,M,37,Premium
34352,F,36,Family
34353,M,35,Premium
34354,F,57,Family
34355,F,57,Premium
34356,F,30,Youth
34357,F,41,Family
34358,M,49,Premium
34359,F,37,Premium
34360,M,48,Enterprise
34361,M,27,Family
34362,F,54,Premium
34363,M,34,Family
34364,F,43,Youth
34365,M,19,Premium
34366,F,58,Youth
34367,M,20,Premium
34368,M,64,Premium
34369,M,23,Enterprise
34370,F,67,Family
34371,F,43,Youth
34372,M,59,Enterprise
34373,M,44,Youth
34374,F,52,Youth
34375,M,61,Premium
34376,F,21,Youth
34377,M,58,Youth
34378,F,38,Premium
34379,F,28,Enterprise
34380,M,43,Enterprise
34381,F,41,Youth
34382,F,30,Premium
34383,F,45,Enterprise
34384,F,21,Youth
34385,F,59,Enterprise
34386,M,44,Family
34387,M,64,Enterprise
34388,M,66,Youth
34389,M,65,Enterprise
34390,M,46,Family
34391,F,47,Youth
34392,M,66,Premium
34393,F,59,Enterprise
34394,F,24,Premium
34395,M,57,Family
34396,M,52,Enterprise
34397,F,49,Youth
34398,M,30,Youth
34399,F,39,Enterprise
34400,M,65,Enterprise
34401,M,19,Family
34402,M,67,Youth
34403,F,34,Family
34404,F,18,Premium
34405,M,32,Youth
34406,F,60,Family
34407,F,32,Youth
34408,M,32,Premium
34409,M,29,Family
34410,M,61,Youth
34411,F,64,Premium
34412,M,46,Youth
34413,F,46,Family
34414,M,30,Premium
34415,F,45,Premium
34416,M,68,Premium
34417,M,36,Family
34418,M,65,Enterprise
34419,M,56,Family
34420,M,57,Premium
34421,F,70,Family
34422,M,64,Enterprise
34423,F,18,Enterprise
34424,F,69,Enterprise
34425,M,62,Youth
34426,M,24,Premium
34427,M,65,Premium
34428,M,62,Youth
34429,M,32,Youth
34430,F,68,Enterprise
34431,M,66,Youth
34432,F,59,Premium
34433,F,42,Youth
34434,F,33,Enterprise
34435,F,29,Premium
34436,F,56,Youth
34437,M,36,Premium
34438,F,31,Premium
34439,F,29,Premium
34440,F,28,Family
34441,M,53,Youth
34442,M,65,Youth
34443,M,46,Youth
34444,F,26,Premium
34445,F,38,Premium
34446,F,63,Premium
34447,F,67,Youth
34448,F,26,Enterprise
34449,M,44,Premium
34450,F,24,Enterprise
34451,F,34,Enterprise
34452,F,34,Family
34453,F,58,Enterprise
34454,M,47,Enterprise
34455,F,22,Youth
34456,M,54,Premium
34457,M,30,Enterprise
34458,F,42,Premium
34459,M,48,Family
34460,F,48,Enterprise
34461,M,54,Enterprise
34462,F,24,Premium
34463,M,45,Enterprise
34464,F,26,Family
34465,M,28,Family
34466,F,20,Premium
34467,F,58,Youth
34468,F,35,Family
34469,M,32,Youth
34470,F,70,Premium
34471,F,27,Premium
34472,M,66,Youth
34473,M,20,Enterprise
34474,M,53,Youth
34475,M,56,Premium
34476,F,20,Premium
34477,M,18,Enterprise
34478,F,55,Enterprise
34479,M,25,Premium
34480,F,62,Family
34481,M,42,Premium
34482,F,60,Youth
34483,M,54,Youth
34484,F,65,Family
34485,M,64,Premium
34486,M,36,Enterprise
34487,M,39,Family
34488,M,36,Premium
34489,F,53,Family
34490,F,64,Youth
34491,F,38,Family
34492,M,70,Enterprise
34493,M,59,Premium
34494,M,31,Enterprise
34495,F,27,Enterprise
34496,M,26,Enterprise
34497,M,60,Youth
34498,F,48,Youth
34499,M,70,Family
34500,F,65,Premium
34501,M,69,Enterprise
34502,F,39,Enterprise
34503,M,42,Family
34504,M,34,Enterprise
34505,F,30,Enterprise
34506,M,48,Family
34507,M,54,Youth
34508,F,68,Premium
34509,M,32,Family
34510,M,33,Youth
34511,F,58,Enterprise
34512,F,39,Family
34513,M,69,Family
34514,F,69,Premium
34515,M,31,Family
34516,M,54,Family
34517,M,69,Family
34518,M,63,Enterprise
34519,M,39,Premium
34520,F,30,Youth
34521,M,44,Family
34522,M,69,Enterprise
34523,F,68,Family
34524,M,32,Youth
34525,M,43,Enterprise
34526,M,48,Premium
34527,F,61,Family
34528,M,61,Premium
34529,F,21,Youth
34530,F,18,Youth
34531,F,19,Premium
34532,M,33,Family
34533,F,23,Enterprise
34534,F,37,Premium
34535,F,31,Enterprise
34536,M,23,Family
34537,M,60,Youth
34538,M,24,Youth
34539,M,36,Youth
34540,M,57,Family
34541,F,45,Enterprise
34542,M,25,Family
34543,M,55,Youth
34544,M,68,Youth
34545,M,52,Youth
34546,F,33,Enterprise
34547,F,53,Enterprise
34548,F,69,Enterprise
34549,F,33,Enterprise
34550,M,51,Family
34551,M,66,Enterprise
34552,F,55,Youth
34553,M,50,Premium
34554,F,39,Youth
34555,F,46,Youth
34556,M,54,Enterprise
34557,M,68,Enterprise
34558,F,70,Youth
34559,F,18,Youth
34560,F,66,Enterprise
34561,F,48,Youth
34562,M,61,Family
34563,F,48,Enterprise
34564,M,68,Family
34565,F,52,Premium
34566,M,62,Premium
34567,M,36,Enterprise
34568,M,36,Enterprise
34569,F,45,Family
34570,F,38,Youth
34571,M,24,Youth
34572,M,50,Youth
34573,M,62,Family
34574,F,42,Family
34575,F,58,Premium
34576,M,61,Youth
34577,F,44,Premium
34578,M,65,Youth
34579,F,19,Enterprise
34580,M,69,Enterprise
34581,F,29,Premium
34582,F,58,Youth
34583,M,61,Youth
34584,F,26,Family
34585,M,32,Youth
34586,F,32,Enterprise
34587,F,22,Family
34588,F,51,Youth
34589,F,18,Premium
34590,M,69,Enterprise
34591,M,53,Youth
34592,F,70,Enterprise
34593,M,50,Youth
34594,F,45,Youth
34595,M,26,Premium
34596,M,19,Enterprise
34597,M,18,Family
34598,F,23,Youth
34599,M,37,Enterprise
34600,M,48,Premium
34601,M,25,Enterprise
34602,M,28,Enterprise
34603,F,19,Premium
34604,F,62,Enterprise
34605,F,20,Premium
34606,M,48,Youth
34607,M,42,Premium
34608,M,23,Enterprise
34609,M,50,Youth
34610,M,60,Youth
34611,F,44,Family
34612,F,37,Family
34613,F,26,Enterprise
34614,F,40,Family
34615,F,64,Enterprise
34616,F,59,Family
34617,F,55,Family
34618,M,45,Enterprise
34619,M,70,Enterprise
34620,M,29,Family
34621,F,52,Family
34622,F,36,Premium
34623,F,64,Family
34624,F,63,Youth
34625,M,56,Premium
34626,M,39,Premium
34627,F,24,Premium
34628,F,67,Family
34629,F,34,Youth
34630,M,38,Premium
34631,F,53,Family
34632,M,64,Enterprise
34633,M,35,Premium
34634,M,61,Premium
34635,M,52,Premium
34636,F,63,Premium
34637,M,51,Youth
34638,M,25,Premium
34639,M,26,Premium
34640,M,65,Premium
34641,F,66,Family
34642,M,61,Family
34643,M,52,Family
34644,F,66,Youth
34645,F,47,Family
34646,F,38,Family
34647,F,24,Premium
34648,M,52,Enterprise
34649,F,67,Enterprise
34650,F,20,Premium
34651,F,50,Enterprise
34652,M,49,Premium
34653,F,48,Premium
34654,M,44,Youth
34655,M,59,Youth
34656,F,55,Family
34657,F,34,Enterprise
34658,F,24,Youth
34659,M,33,Youth
34660,M,20,Premium
34661,M,70,Family
34662,M,24,Enterprise
34663,M,50,Youth
34664,F,56,Youth
34665,F,48,Premium
34666,M,57,Family
34667,F,46,Enterprise
34668,M,27,Premium
34669,M,67,Enterprise
34670,F,20,Youth
34671,M,46,Enterprise
34672,M,44,Premium
34673,M,47,Family
34674,M,38,Premium
34675,F,63,Premium
34676,F,19,Premium
34677,F,37,Premium
34678,F,31,Family
34679,F,26,Family
34680,M,69,Enterprise
34681,M,62,Youth
34682,F,57,Premium
34683,F,68,Enterprise
34684,M,19,Youth
34685,F,27,Youth
34686,F,59,Youth
34687,F,21,Family
34688,F,52,Family
34689,M,31,Family
34690,M,28,Premium
34691,M,39,Family
34692,M,29,Youth
34693,M,51,Premium
34694,M,37,Premium
34695,M,60,Enterprise
34696,M,57,Premium
34697,M,47,Youth
34698,M,41,Enterprise
34699,F,18,Family
34700,M,21,Enterprise
34701,M,50,Family
34702,M,68,Premium
34703,F,46,Enterprise
34704,F,24,Youth
34705,F,21,Premium
34706,M,67,Family
34707,F,28,Premium
34708,F,58,Enterprise
34709,F,41,Youth
34710,F,58,Premium
34711,M,27,Enterprise
34712,F,45,Family
34713,M,56,Youth
34714,M,49,Enterprise
34715,F,54,Premium
34716,F,56,Youth
34717,M,50,Youth
34718,F,55,Family
34719,M,40,Enterprise
34720,M,27,Premium
34721,F,55,Enterprise
34722,F,43,Enterprise
34723,F,43,Family
34724,M,67,Enterprise
34725,F,21,Youth
34726,M,41,Premium
34727,F,43,Youth
34728,F,35,Premium
34729,F,38,Enterprise
34730,F,25,Family
34731,M,22,Youth
34732,F,59,Youth
34733,F,18,Family
34734,F,45,Family
34735,M,66,Youth
34736,M,60,Family
34737,F,19,Enterprise
34738,M,37,Youth
34739,F,26,Family
34740,F,25,Premium
34741,F,30,Enterprise
34742,M,61,Enterprise
34743,M,52,Family
34744,M,29,Premium
34745,F,21,Premium
34746,M,56,Premium
34747,F,60,Family
34748,M,22,Enterprise
34749,F,29,Family
34750,M,63,Family
34751,F,49,Premium
34752,F,53,Enterprise
34753,M,63,Enterprise
34754,M,24,Family
34755,M,35,Enterprise
34756,F,27,Premium
34757,F,67,Premium
34758,M,57,Enterprise
34759,F,42,Youth
34760,M,27,Premium
34761,M,56,Family
34762,F,33,Enterprise
34763,F,24,Family
34764,F,27,Family
34765,M,27,Enterprise
34766,F,21,Youth
34767,F,32,Premium
34768,F,65,Premium
34769,M,28,Enterprise
34770,M,27,Family
34771,F,62,Premium
34772,M,21,Family
34773,M,55,Youth
34774,M,53,Premium
34775,M,39,Premium
34776,M,64,Enterprise
34777,M,26,Family
34778,F,40,Family
34779,F,64,Youth
34780,F,67,Youth
34781,F,49,Family
34782,F,62,Enterprise
34783,F,63,Youth
34784,F,50,Premium
34785,F,27,Premium
34786,M,55,Family
34787,F,22,Family
34788,F,68,Enterprise
34789,M,48,Youth
34790,M,55,Family
34791,M,54,Family
34792,F,43,Premium
34793,F,58,Family
34794,M,26,Family
34795,M,32,Youth
34796,M,67,Family
34797,M,58,Family
34798,M,28,Family
34799,F,30,Family
34800,F,47,Enterprise
34801,M,20,Family
34802,M,26,Premium
34803,M,18,Youth
34804,F,68,Premium
34805,M,41,Family
34806,F,60,Premium
34807,M,66,Premium
34808,M,55,Youth
34809,M,70,Youth
34810,M,60,Enterprise
34811,M,68,Enterprise
34812,F,48,Family
34813,M,28,Premium
34814,M,55,Enterprise
34815,F,22,Premium
34816,F,47,Youth
34817,F,55,Youth
34818,F,55,Enterprise
34819,F,51,Youth
34820,M,41,Family
34821,F,68,Enterprise
34822,F,58,Family
34823,M,60,Enterprise
34824,M,26,Youth
34825,F,21,Youth
34826,M,70,Enterprise
34827,M,66,Enterprise
34828,F,35,Youth
34829,F,44,Family
34830,F,28,Enterprise
34831,M,41,Youth
34832,M,62,Premium
34833,M,34,Youth
34834,M,58,Premium
34835,M,50,Family
34836,F,28,Family
34837,F,62,Premium
34838,F,39,Premium
34839,F,25,Youth
34840,F,32,Premium
34841,M,67,Premium
34842,M,51,Youth
34843,M,57,Enterprise
34844,F,19,Premium
34845,M,21,Youth
34846,M,62,Family
34847,M,19,Enterprise
34848,F,18,Youth
34849,F,70,Family
34850,M,43,Youth
34851,M,45,Youth
34852,M,43,Youth
34853,M,54,Family
34854,M,68,Family
34855,M,61,Family
34856,M,28,Premium
34857,F,36,Youth
34858,F,53,Youth
34859,M,56,Family
34860,M,57,Premium
34861,M,35,Family
34862,F,32,Family
34863,M,48,Family
34864,M,49,Youth
34865,F,58,Premium
34866,M,64,Premium
34867,M,68,Enterprise
34868,M,35,Premium
34869,F,65,Youth
34870,F,47,Youth
34871,F,47,Enterprise
34872,F,62,Family
34873,F,65,Family
34874,F,58,Premium
34875,M,35,Premium
34876,M,34,Youth
34877,F,36,Enterprise
34878,M,59,Youth
34879,F,51,Family
34880,F,57,Youth
34881,F,32,Enterprise
34882,F,34,Premium
34883,M,43,Premium
34884,M,26,Premium
34885,F,40,Enterprise
34886,F,45,Family
34887,M,26,Enterprise
34888,M,49,Youth
34889,F,43,Premium
34890,M,21,Family
34891,F,65,Premium
34892,M,53,Family
34893,M,28,Youth
34894,F,23,Enterprise
34895,M,29,Enterprise
34896,F,23,Youth
34897,F,22,Enterprise
34898,F,66,Youth
34899,F,31,Enterprise
34900,F,68,Premium
34901,M,62,Enterprise
34902,M,22,Premium
34903,M,39,Family
34904,M,22,Family
34905,M,22,Enterprise
34906,M,70,Premium
34907,F,61,Enterprise
34908,F,31,Premium
34909,M,45,Family
34910,M,55,Enterprise
34911,F,20,Enterprise
34912,M,53,Premium
34913,F,34,Youth
34914,F,70,Enterprise
34915,F,53,Family
34916,M,25,Family
34917,F,18,Youth
34918,M,63,Enterprise
34919,F,58,Premium
34920,F,22,Enterprise
34921,F,66,Premium
34922,M,50,Premium
34923,F,26,Premium
34924,M,54,Premium
34925,M,40,Enterprise
34926,M,33,Youth
34927,M,55,Premium
34928,M,61,Youth
34929,F,42,Premium
34930,M,24,Family
34931,F,55,Enterprise
34932,M,68,Enterprise
34933,M,50,Premium
34934,F,19,Family
34935,F,27,Enterprise
34936,M,65,Youth
34937,M,57,Enterprise
34938,M,59,Premium
34939,F,20,Enterprise
34940,M,57,Family
34941,M,66,Premium
34942,F,26,Premium
34943,F,59,Premium
34944,F,62,Family
34945,F,51,Premium
34946,F,25,Premium
34947,F,50,Premium
34948,M,59,Family
34949,M,68,Premium
34950,M,20,Youth
34951,F,36,Enterprise
34952,F,19,Youth
34953,F,37,Enterprise
34954,M,49,Family
34955,F,33,Youth
34956,M,41,Premium
34957,F,20,Family
34958,F,45,Premium
34959,F,64,Premium
34960,M,24,Family
34961,F,40,Premium
34962,F,70,Youth
34963,F,26,Enterprise
34964,F,34,Enterprise
34965,M,42,Family
34966,M,52,Premium
34967,F,18,Family
34968,M,24,Youth
34969,F,33,Enterprise
34970,M,37,Family
34971,M,47,Family
34972,M,40,Family
34973,F,69,Youth
34974,M,41,Family
34975,M,53,Youth
34976,M,26,Family
34977,M,27,Enterprise
34978,M,20,Youth
34979,M,54,Youth
34980,M,33,Youth
34981,F,57,Enterprise
34982,F,66,Enterprise
34983,M,55,Enterprise
34984,F,23,Youth
34985,F,23,Premium
34986,F,64,Youth
34987,M,27,Premium
34988,F,21,Enterprise
34989,M,45,Premium
34990,F,52,Enterprise
34991,F,28,Youth
34992,F,27,Premium
34993,M,45,Youth
34994,M,32,Premium
34995,M,61,Enterprise
34996,F,37,Enterprise
34997,F,49,Youth
34998,M,36,Family
34999,M,63,Premium
35000,M,65,Youth
35001,F,34,Youth
35002,M,63,Premium
35003,F,39,Family
35004,M,65,Family
35005,F,39,Family
35006,F,51,Youth
35007,F,31,Family
35008,F,41,Premium
35009,F,18,Enterprise
35010,M,59,Family
35011,F,46,Premium
35012,M,43,Youth
35013,F,69,Youth
35014,F,43,Enterprise
35015,F,69,Family
35016,F,61,Enterprise
35017,F,50,Youth
35018,F,45,Family
35019,F,44,Premium
35020,M,20,Premium
35021,M,52,Family
35022,M,26,Enterprise
35023,M,26,Premium
35024,F,54,Premium
35025,F,43,Premium
35026,M,48,Family
35027,F,28,Premium
35028,M,46,Youth
35029,M,30,Premium
35030,F,66,Enterprise
35031,F,66,Premium
35032,F,43,Family
35033,F,65,Premium
35034,M,45,Youth
35035,M,40,Family
35036,F,46,Enterprise
35037,F,34,Enterprise
35038,F,70,Enterprise
35039,M,41,Premium
35040,M,56,Premium
35041,F,23,Enterprise
35042,M,18,Premium
35043,M,37,Enterprise
35044,M,28,Youth
35045,M,53,Family
35046,F,55,Premium
35047,F,58,Enterprise
35048,F,25,Family
35049,M,38,Youth
35050,F,53,Family
35051,M,40,Family
35052,M,60,Youth
35053,F,35,Family
35054,F,21,Family
35055,F,20,Premium
35056,M,65,Premium
35057,F,32,Family
35058,F,37,Premium
35059,F,18,Enterprise
35060,F,67,Youth
35061,F,34,Enterprise
35062,F,27,Premium
35063,M,52,Youth
35064,F,36,Family
35065,M,64,Youth
35066,F,57,Premium
35067,M,31,Family
35068,F,55,Youth
35069,M,45,Enterprise
35070,F,57,Family
35071,F,67,Enterprise
35072,F,37,Youth
35073,F,20,Family
35074,M,61,Youth
35075,M,70,Youth
35076,F,54,Family
35077,F,35,Enterprise
35078,F,55,Family
35079,F,63,Premium
35080,F,50,Family
35081,F,64,Family
35082,F,37,Family
35083,M,39,Premium
35084,M,45,Premium
35085,F,42,Premium
35086,F,50,Enterprise
35087,F,39,Enterprise
35088,F,45,Enterprise
35089,M,21,Family
35090,M,56,Premium
35091,M,18,Family
35092,F,34,Youth
35093,M,34,Premium
35094,F,21,Premium
35095,M,70,Premium
35096,F,57,Enterprise
35097,F,28,Premium
35098,F,62,Family
35099,M,41,Premium
35100,F,55,Youth
35101,M,45,Family
35102,M,40,Family
35103,M,19,Youth
35104,F,65,Youth
35105,F,28,Youth
35106,F,69,Premium
35107,M,28,Family
35108,M,24,Premium
35109,M,41,Youth
35110,M,54,Enterprise
35111,F,18,Family
35112,M,56,Youth
35113,F,49,Premium
35114,M,18,Youth
35115,M,38,Premium
35116,F,39,Family
35117,M,29,Premium
35118,F,70,Enterprise
35119,F,70,Family
35120,F,63,Premium
35121,M,51,Premium
35122,M,64,Youth
35123,M,39,Youth
35124,M,28,Premium
35125,M,70,Family
35126,M,35,Family
35127,F,26,Youth
35128,M,53,Premium
35129,F,19,Premium
35130,F,25,Premium
35131,F,66,Premium
35132,F,30,Premium
35133,M,21,Family
35134,F,67,Premium
35135,M,50,Family
35136,M,33,Premium
35137,F,27,Family
35138,F,45,Youth
35139,F,40,Premium
35140,M,33,Enterprise
35141,F,62,Premium
35142,M,22,Family
35143,F,29,Premium
35144,F,26,Youth
35145,F,42,Premium
35146,F,41,Premium
35147,F,38,Premium
35148,M,24,Premium
35149,F,44,Premium
35150,F,28,Youth
35151,F,65,Family
35152,M,41,Premium
35153,M,21,Enterprise
35154,M,66,Enterprise
35155,F,26,Youth
35156,F,25,Enterprise
35157,F,57,Enterprise
35158,M,31,Youth
35159,M,55,Youth
35160,M,68,Premium
35161,M,49,Enterprise
35162,F,34,Premium
35163,F,29,Enterprise
35164,M,60,Premium
35165,F,57,Premium
35166,F,60,Premium
35167,M,54,Youth
35168,M,23,Youth
35169,M,38,Family
35170,F,31,Youth
35171,F,46,Family
35172,M,54,Family
35173,F,25,Family
35174,F,25,Enterprise
35175,M,53,Family
35176,M,25,Family
35177,F,20,Youth
35178,M,29,Youth
35179,M,51,Enterprise
35180,F,66,Premium
35181,F,66,Family
35182,F,25,Family
35183,F,52,Enterprise
35184,M,39,Family
35185,F,28,Premium
35186,M,70,Enterprise
35187,M,42,Youth
35188,M,52,Premium
35189,F,22,Enterprise
35190,M,68,Premium
35191,F,40,Enterprise
35192,F,33,Family
35193,F,68,Premium
35194,F,62,Premium
35195,F,18,Premium
35196,M,47,Premium
35197,M,40,Premium
35198,M,39,Premium
35199,M,57,Premium
35200,M,56,Youth
35201,M,57,Youth
35202,M,18,Family
35203,M,68,Family
35204,F,40,Enterprise
35205,F,47,Premium
35206,F,64,Family
35207,F,58,Premium
35208,F,60,Youth
35209,F,54,Premium
35210,M,23,Premium
35211,F,28,Premium
35212,M,40,Youth
35213,M,47,Premium
35214,M,62,Enterprise
35215,F,44,Enterprise
35216,M,51,Enterprise
35217,M,66,Youth
35218,M,25,Premium
35219,F,61,Premium
35220,M,44,Premium
35221,F,23,Family
35222,M,30,Enterprise
35223,F,24,Youth
35224,F,42,Family
35225,F,61,Enterprise
35226,M,21,Youth
35227,M,23,Enterprise
35228,F,66,Enterprise
35229,M,67,Family
35230,M,49,Enterprise
35231,M,25,Enterprise
35232,M,26,Youth
35233,F,68,Enterprise
35234,F,53,Youth
35235,M,20,Youth
35236,F,44,Youth
35237,M,37,Premium
35238,M,41,Premium
35239,F,29,Premium
35240,M,48,Premium
35241,F,54,Family
35242,M,29,Enterprise
35243,M,52,Family
35244,M,64,Youth
35245,F,37,Premium
35246,M,52,Family
35247,F,63,Enterprise
35248,F,50,Enterprise
35249,M,24,Family
35250,M,58,Youth
35251,F,25,Family
35252,F,23,Enterprise
35253,M,25,Enterprise
35254,F,37,Premium
35255,F,37,Premium
35256,F,63,Enterprise
35257,F,27,Youth
35258,M,43,Premium
35259,M,48,Youth
35260,M,37,Family
35261,F,39,Premium
35262,F,42,Enterprise
35263,F,44,Premium
35264,F,64,Family
35265,M,47,Premium
35266,M,43,Premium
35267,M,20,Enterprise
35268,M,51,Enterprise
35269,F,50,Youth
35270,M,67,Youth
35271,F,48,Enterprise
35272,M,55,Youth
35273,F,21,Premium
35274,M,33,Enterprise
35275,M,24,Youth
35276,F,43,Youth
35277,F,58,Family
35278,F,41,Enterprise
35279,F,52,Enterprise
35280,M,22,Family
35281,F,41,Enterprise
35282,M,53,Family
35283,F,58,Premium
35284,F,69,Premium
35285,M,52,Youth
35286,F,31,Enterprise
35287,F,33,Premium
35288,M,29,Enterprise
35289,F,35,Enterprise
35290,F,31,Family
35291,M,31,Enterprise
35292,F,19,Premium
35293,M,59,Premium
35294,M,67,Youth
35295,M,63,Enterprise
35296,F,19,Youth
35297,F,57,Youth
35298,M,50,Youth
35299,M,57,Family
35300,M,19,Premium
35301,F,45,Premium
35302,F,45,Youth
35303,M,25,Youth
35304,F,50,Family
35305,F,18,Enterprise
35306,F,40,Premium
35307,F,20,Family
35308,F,45,Premium
35309,F,26,Youth
35310,M,63,Enterprise
35311,F,28,Premium
35312,M,57,Youth
35313,M,69,Premium
35314,M,23,Youth
35315,M,52,Youth
35316,M,43,Premium
35317,M,52,Enterprise
35318,M,43,Enterprise
35319,M,69,Youth
35320,M,22,Family
35321,F,38,Youth
35322,F,23,Youth
35323,F,59,Enterprise
35324,F,62,Enterprise
35325,M,46,Youth
35326,M,19,Enterprise
35327,M,25,Youth
35328,F,23,Enterprise
35329,M,68,Enterprise
35330,M,26,Enterprise
35331,F,56,Enterprise
35332,F,58,Enterprise
35333,F,30,Premium
35334,F,45,Family
35335,M,62,Youth
35336,F,27,Youth
35337,M,61,Enterprise
35338,M,26,Enterprise
35339,F,67,Family
35340,F,44,Enterprise
35341,M,39,Premium
35342,F,66,Youth
35343,M,33,Family
35344,F,59,Youth
35345,M,59,Enterprise
35346,F,25,Family
35347,M,19,Premium
35348,F,47,Enterprise
35349,M,39,Enterprise
35350,M,24,Enterprise
35351,M,53,Family
35352,M,70,Youth
35353,F,58,Enterprise
35354,M,59,Enterprise
35355,F,20,Enterprise
35356,F,27,Enterprise
35357,F,35,Premium
35358,F,64,Youth
35359,F,59,Family
35360,F,56,Family
35361,M,28,Youth
35362,F,34,Premium
35363,M,61,Family
35364,M,49,Enterprise
35365,F,64,Youth
35366,F,65,Youth
35367,F,26,Premium
35368,F,33,Youth
35369,F,35,Premium
35370,F,20,Youth
35371,F,20,Family
35372,M,30,Premium
35373,M,46,Premium
35374,M,53,Youth
35375,M,52,Family
35376,F,32,Youth
35377,M,34,Family
35378,F,20,Premium
35379,M,46,Family
35380,M,32,Premium
35381,F,49,Premium
35382,M,57,Family
35383,F,54,Youth
35384,M,46,Family
35385,F,41,Enterprise
35386,F,60,Youth
35387,F,22,Premium
35388,F,27,Family
35389,F,33,Youth
35390,M,58,Youth
35391,M,22,Premium
35392,M,48,Youth
35393,M,31,Family
35394,F,23,Youth
35395,F,65,Enterprise
35396,F,62,Family
35397,M,54,Family
35398,M,34,Youth
35399,M,68,Enterprise
35400,F,28,Family
35401,M,36,Premium
35402,F,34,Family
35403,M,66,Premium
35404,F,66,Premium
35405,F,54,Family
35406,M,41,Youth
35407,M,65,Premium
35408,M,60,Family
35409,M,49,Family
35410,F,30,Youth
35411,M,49,Family
35412,M,61,Enterprise
35413,M,45,Youth
35414,F,26,Youth
35415,M,68,Youth
35416,M,32,Premium
35417,M,36,Family
35418,M,27,Enterprise
35419,F,18,Enterprise
35420,F,23,Premium
35421,F,67,Family
35422,F,22,Premium
35423,F,18,Youth
35424,F,52,Enterprise
35425,M,62,Enterprise
35426,F,49,Youth
35427,F,26,Youth
35428,M,53,Enterprise
35429,F,30,Youth
35430,M,56,Premium
35431,F,46,Premium
35432,M,20,Family
35433,F,29,Family
35434,M,43,Enterprise
35435,M,35,Premium
35436,M,29,Family
35437,M,32,Enterprise
35438,F,46,Family
35439,F,19,Family
35440,M,30,Premium
35441,M,67,Youth
35442,M,48,Enterprise
35443,M,54,Youth
35444,M,41,Youth
35445,F,31,Family
35446,M,42,Premium
35447,M,52,Youth
35448,F,20,Youth
35449,M,32,Family
35450,M,20,Family
35451,F,60,Enterprise
35452,F,24,Premium
35453,F,33,Youth
35454,M,62,Premium
35455,F,40,Youth
35456,F,49,Family
35457,F,70,Youth
35458,M,65,Enterprise
35459,M,40,Enterprise
35460,F,52,Enterprise
35461,F,21,Enterprise
35462,F,40,Enterprise
35463,F,34,Premium
35464,M,66,Premium
35465,M,21,Enterprise
35466,M,28,Enterprise
35467,F,56,Youth
35468,F,62,Enterprise
35469,F,69,Premium
35470,F,44,Enterprise
35471,M,31,Youth
35472,M,64,Enterprise
35473,M,45,Premium
35474,M,37,Family
35475,M,61,Enterprise
35476,M,39,Premium
35477,M,34,Youth
35478,M,38,Youth
35479,F,20,Family
35480,M,45,Enterprise
35481,M,47,Premium
35482,M,48,Enterprise
35483,F,43,Enterprise
35484,M,21,Enterprise
35485,F,50,Family
35486,F,64,Youth
35487,M,34,Premium
35488,M,48,Premium
35489,F,50,Enterprise
35490,M,48,Youth
35491,F,66,Family
35492,M,28,Youth
35493,M,47,Enterprise
35494,F,67,Enterprise
35495,F,63,Family
35496,M,60,Family
35497,F,59,Premium
35498,F,52,Youth
35499,F,26,Youth
35500,F,45,Youth
35501,F,23,Enterprise
35502,M,37,Enterprise
35503,F,70,Youth
35504,F,29,Enterprise
35505,M,31,Enterprise
35506,F,20,Youth
35507,M,48,Family
35508,F,36,Youth
35509,M,24,Youth
35510,M,51,Enterprise
35511,M,45,Youth
35512,F,53,Youth
35513,M,24,Enterprise
35514,F,63,Youth
35515,F,47,Youth
35516,F,41,Enterprise
35517,F,40,Family
35518,F,21,Youth
35519,M,57,Premium
35520,M,20,Youth
35521,M,55,Premium
35522,F,70,Family
35523,F,66,Premium
35524,F,25,Family
35525,F,20,Enterprise
35526,F,42,Family
35527,M,41,Youth
35528,M,31,Enterprise
35529,F,23,Family
35530,M,70,Youth
35531,F,30,Premium
35532,M,52,Youth
35533,M,25,Family
35534,F,69,Youth
35535,M,64,Family
35536,F,68,Premium
35537,M,48,Family
35538,F,35,Family
35539,M,36,Youth
35540,M,21,Enterprise
35541,F,40,Enterprise
35542,M,26,Family
35543,F,27,Youth
35544,F,65,Youth
35545,F,42,Premium
35546,F,42,Youth
35547,F,68,Youth
35548,F,20,Family
35549,F,67,Premium
35550,M,48,Family
35551,F,57,Premium
35552,M,65,Enterprise
35553,F,31,Youth
35554,F,19,Enterprise
35555,F,48,Youth
35556,M,19,Premium
35557,F,70,Enterprise
35558,F,55,Enterprise
35559,F,44,Enterprise
35560,M,18,Youth
35561,F,28,Premium
35562,F,42,Youth
35563,M,64,Family
35564,M,42,Youth
35565,M,69,Enterprise
35566,M,37,Family
35567,M,24,Family
35568,M,22,Enterprise
35569,F,20,Family
35570,M,35,Enterprise
35571,M,38,Family
35572,M,68,Enterprise
35573,M,61,Youth
35574,M,49,Enterprise
35575,M,25,Enterprise
35576,F,23,Youth
35577,M,22,Enterprise
35578,F,19,Family
35579,M,43,Family
35580,M,21,Premium
35581,F,54,Enterprise
35582,M,40,Family
35583,M,60,Family
35584,M,35,Family
35585,F,19,Youth
35586,F,41,Premium
35587,M,44,Family
35588,M,42,Premium
35589,M,23,Youth
35590,M,49,Family
35591,M,59,Family
35592,M,33,Premium
35593,M,66,Premium
35594,F,44,Enterprise
35595,M,44,Premium
35596,F,31,Youth
35597,M,55,Youth
35598,M,54,Enterprise
35599,F,28,Youth
35600,M,50,Youth
35601,F,50,Premium
35602,F,65,Enterprise
35603,F,59,Premium
35604,F,60,Enterprise
35605,M,52,Youth
35606,F,42,Premium
35607,M,52,Enterprise
35608,F,31,Premium
35609,M,38,Family
35610,M,65,Youth
35611,M,59,Family
35612,M,38,Premium
35613,F,61,Family
35614,M,22,Youth
35615,F,69,Premium
35616,F,35,Family
35617,F,60,Youth
35618,M,47,Premium
35619,F,33,Youth
35620,M,55,Family
35621,M,26,Youth
35622,M,67,Youth
35623,M,65,Premium
35624,F,32,Youth
35625,F,44,Family
35626,F,23,Premium
35627,F,67,Enterprise
35628,M,41,Family
35629,M,58,Enterprise
35630,F,37,Premium
35631,M,24,Premium
35632,M,32,Enterprise
35633,F,46,Family
35634,F,53,Enterprise
35635,F,50,Enterprise
35636,F,37,Enterprise
35637,F,54,Family
35638,F,23,Premium
35639,F,45,Premium
35640,F,37,Youth
35641,M,64,Premium
35642,M,19,Family
35643,M,53,Enterprise
35644,M,26,Enterprise
35645,F,45,Family
35646,M,57,Premium
35647,F,59,Premium
35648,M,67,Youth
35649,M,63,Youth
35650,M,41,Youth
35651,M,38,Youth
35652,M,40,Family
35653,M,70,Family
35654,F,49,Youth
35655,M,53,Family
35656,F,65,Youth
35657,M,20,Enterprise
35658,M,66,Premium
35659,M,54,Enterprise
35660,M,55,Enterprise
35661,F,47,Premium
35662,F,55,Enterprise
35663,M,67,Family
35664,F,27,Enterprise
35665,F,41,Youth
35666,F,38,Family
35667,M,49,Family
35668,M,55,Premium
35669,M,35,Enterprise
35670,M,39,Enterprise
35671,F,70,Family
35672,F,33,Enterprise
35673,F,25,Enterprise
35674,M,42,Family
35675,M,57,Family
35676,M,21,Youth
35677,F,56,Premium
35678,M,50,Youth
35679,F,45,Family
35680,M,28,Family
35681,M,68,Youth
35682,F,44,Youth
35683,M,58,Enterprise
35684,M,21,Family
35685,M,66,Youth
35686,M,18,Enterprise
35687,F,43,Premium
35688,F,45,Youth
35689,M,64,Youth
35690,M,50,Enterprise
35691,F,46,Youth
35692,M,38,Youth
35693,F,32,Family
35694,M,27,Youth
35695,F,24,Youth
35696,M,47,Youth
35697,F,46,Family
35698,M,37,Family
35699,M,30,Family
35700,M,53,Family
35701,F,30,Premium
35702,M,21,Youth
35703,M,40,Family
35704,F,36,Enterprise
35705,F,26,Enterprise
35706,M,30,Youth
35707,F,35,Enterprise
35708,F,68,Enterprise
35709,M,41,Enterprise
35710,M,50,Premium
35711,F,18,Youth
35712,M,64,Youth
35713,M,63,Premium
35714,F,54,Family
35715,M,51,Premium
35716,F,31,Youth
35717,M,53,Premium
35718,M,39,Premium
35719,F,55,Family
35720,F,53,Enterprise
35721,M,42,Enterprise
35722,M,18,Family
35723,M,29,Premium
35724,M,21,Family
35725,M,64,Family
35726,M,42,Premium
35727,F,56,Family
35728,M,68,Premium
35729,F,41,Family
35730,M,70,Youth
35731,F,53,Enterprise
35732,M,28,Premium
35733,M,32,Enterprise
35734,M,35,Enterprise
35735,F,42,Enterprise
35736,M,52,Premium
35737,F,43,Family
35738,F,67,Enterprise
35739,M,65,Youth
35740,M,39,Premium
35741,F,61,Youth
35742,M,22,Youth
35743,M,23,Enterprise
35744,F,33,Youth
35745,F,61,Enterprise
35746,F,48,Enterprise
35747,M,50,Family
35748,F,38,Youth
35749,M,56,Youth
35750,M,38,Premium
35751,M,24,Youth
35752,M,23,Enterprise
35753,F,70,Enterprise
35754,F,59,Family
35755,F,23,Youth
35756,M,54,Youth
35757,F,36,Family
35758,M,47,Family
35759,M,68,Youth
35760,M,46,Premium
35761,M,50,Enterprise
35762,M,43,Premium
35763,M,67,Premium
35764,M,53,Family
35765,M,59,Family
35766,M,41,Premium
35767,M,27,Family
35768,M,47,Premium
35769,F,50,Enterprise
35770,F,66,Family
35771,F,54,Enterprise
35772,M,30,Youth
35773,M,44,Premium
35774,F,66,Enterprise
35775,M,41,Premium
35776,F,47,Youth
35777,M,51,Premium
35778,F,60,Enterprise
35779,M,43,Family
35780,F,24,Enterprise
35781,M,69,Premium
35782,M,70,Youth
35783,M,65,Youth
35784,M,61,Family
35785,M,29,Family
35786,M,29,Enterprise
35787,F,48,Youth
35788,M,37,Premium
35789,F,36,Premium
35790,F,44,Premium
35791,M,60,Youth
35792,F,56,Enterprise
35793,M,32,Youth
35794,F,24,Family
35795,M,66,Youth
35796,F,54,Youth
35797,M,26,Family
35798,F,20,Youth
35799,M,36,Premium
35800,M,60,Enterprise
35801,F,27,Enterprise
35802,M,33,Enterprise
35803,F,18,Family
35804,M,39,Family
35805,M,31,Youth
35806,F,49,Premium
35807,F,57,Family
35808,M,64,Family
35809,M,57,Family
35810,F,33,Premium
35811,F,46,Premium
35812,M,34,Enterprise
35813,F,18,Family
35814,F,46,Family
35815,M,33,Premium
35816,M,68,Enterprise
35817,F,57,Premium
35818,F,54,Family
35819,M,58,Premium
35820,M,41,Premium
35821,M,61,Premium
35822,M,65,Premium
35823,M,34,Premium
35824,M,22,Premium
35825,M,34,Family
35826,F,29,Youth
35827,M,67,Youth
35828,F,62,Enterprise
35829,M,19,Youth
35830,M,64,Family
35831,F,41,Premium
35832,F,34,Youth
35833,M,57,Family
35834,F,54,Enterprise
35835,F,33,Enterprise
35836,F,46,Youth
35837,M,53,Enterprise
35838,M,57,Youth
35839,F,25,Youth
35840,M,24,Youth
35841,M,19,Youth
35842,M,70,Youth
35843,M,64,Youth
35844,F,42,Enterprise
35845,M,69,Premium
35846,F,60,Family
35847,F,45,Youth
35848,F,43,Premium
35849,M,49,Enterprise
35850,M,43,Enterprise
35851,M,39,Youth
35852,F,21,Family
35853,M,31,Youth
35854,M,21,Premium
35855,F,50,Premium
35856,M,35,Enterprise
35857,M,31,Youth
35858,M,64,Enterprise
35859,M,61,Enterprise
35860,M,64,Family
35861,M,63,Premium
35862,M,44,Youth
35863,F,39,Youth
35864,M,32,Enterprise
35865,F,63,Family
35866,M,47,Enterprise
35867,M,70,Youth
35868,F,32,Premium
35869,F,68,Premium
35870,F,58,Premium
35871,M,41,Family
35872,F,22,Family
35873,F,60,Premium
35874,M,30,Family
35875,M,62,Family
35876,M,21,Premium
35877,F,57,Youth
35878,F,39,Youth
35879,M,32,Enterprise
35880,F,48,Youth
35881,F,68,Family
35882,M,68,Enterprise
35883,F,41,Enterprise
35884,F,54,Enterprise
35885,F,55,Premium
35886,M,20,Family
35887,F,60,Family
35888,M,23,Enterprise
35889,F,43,Premium
35890,M,24,Enterprise
35891,F,51,Family
35892,M,69,Premium
35893,M,25,Enterprise
35894,M,37,Youth
35895,M,57,Youth
35896,M,51,Youth
35897,F,64,Premium
35898,F,47,Premium
35899,M,42,Family
35900,M,59,Enterprise
35901,F,35,Youth
35902,F,21,Family
35903,F,23,Family
35904,M,38,Youth
35905,F,20,Enterprise
35906,F,54,Youth
35907,M,41,Youth
35908,F,47,Enterprise
35909,F,50,Enterprise
35910,M,63,Premium
35911,M,24,Family
35912,M,25,Youth
35913,F,30,Premium
35914,F,24,Youth
35915,F,60,Youth
35916,F,53,Youth
35917,F,26,Family
35918,M,46,Enterprise
35919,M,69,Enterprise
35920,F,33,Family
35921,M,59,Family
35922,F,41,Family
35923,M,61,Enterprise
35924,F,67,Premium
35925,F,28,Enterprise
35926,F,45,Premium
35927,M,49,Premium
35928,F,67,Premium
35929,F,64,Family
35930,F,62,Enterprise
35931,M,50,Enterprise
35932,M,58,Family
35933,F,34,Premium
35934,M,51,Premium
35935,M,56,Family
35936,F,46,Youth
35937,M,25,Youth
35938,M,22,Family
35939,M,34,Family
35940,M,63,Youth
35941,F,63,Youth
35942,M,70,Family
35943,F,56,Premium
35944,F,61,Family
35945,M,30,Youth
35946,M,65,Youth
35947,M,31,Premium
35948,M,66,Premium
35949,F,51,Family
35950,M,22,Premium
35951,M,46,Family
35952,M,37,Family
35953,M,68,Premium
35954,F,45,Enterprise
35955,M,30,Family
35956,F,64,Family
35957,M,67,Premium
35958,M,26,Youth
35959,M,18,Enterprise
35960,M,66,Youth
35961,F,68,Family
35962,F,56,Youth
35963,F,58,Premium
35964,M,27,Enterprise
35965,M,42,Youth
35966,F,51,Enterprise
35967,M,20,Youth
35968,F,30,Enterprise
35969,M,27,Premium
35970,M,64,Youth
35971,M,21,Youth
35972,M,40,Family
35973,M,50,Enterprise
35974,F,52,Youth
35975,M,27,Enterprise
35976,F,64,Family
35977,M,40,Premium
35978,F,19,Family
35979,M,41,Premium
35980,M,31,Premium
35981,M,69,Youth
35982,F,29,Youth
35983,M,52,Enterprise
35984,F,57,Premium
35985,M,64,Youth
35986,F,21,Premium
35987,F,35,Premium
35988,M,67,Family
35989,F,70,Enterprise
35990,F,34,Premium
35991,F,26,Enterprise
35992,M,48,Family
35993,F,69,Premium
35994,M,62,Enterprise
35995,M,64,Youth
35996,M,65,Enterprise
35997,F,23,Family
35998,F,58,Youth
35999,F,70,Youth
36000,F,18,Family
36001,M,36,Youth
36002,M,57,Family
36003,M,56,Premium
36004,M,40,Enterprise
36005,F,53,Youth
36006,F,19,Premium
36007,F,18,Youth
36008,M,34,Enterprise
36009,F,50,Premium
36010,F,53,Enterprise
36011,M,20,Premium
36012,M,18,Premium
36013,F,23,Premium
36014,M,42,Enterprise
36015,F,50,Premium
36016,M,28,Family
36017,M,33,Family
36018,M,63,Premium
36019,M,30,Enterprise
36020,M,22,Enterprise
36021,M,50,Youth
36022,M,51,Enterprise
36023,F,69,Premium
36024,F,52,Enterprise
36025,M,52,Premium
36026,M,31,Family
36027,F,55,Family
36028,M,53,Premium
36029,M,28,Youth
36030,F,45,Family
36031,F,68,Premium
36032,M,25,Enterprise
36033,F,70,Enterprise
36034,F,30,Enterprise
36035,F,33,Enterprise
36036,M,44,Premium
36037,F,54,Youth
36038,M,50,Family
36039,M,55,Enterprise
36040,M,46,Family
36041,F,60,Enterprise
36042,F,31,Enterprise
36043,M,52,Family
36044,M,67,Enterprise
36045,F,32,Premium
36046,M,29,Premium
36047,F,37,Premium
36048,M,56,Premium
36049,M,24,Premium
36050,F,41,Family
36051,M,69,Enterprise
36052,M,28,Youth
36053,F,24,Enterprise
36054,F,26,Youth
36055,M,35,Youth
36056,M,70,Youth
36057,M,46,Premium
36058,M,23,Family
36059,M,52,Enterprise
36060,M,29,Family
36061,F,69,Premium
36062,M,57,Youth
36063,M,53,Enterprise
36064,F,61,Enterprise
36065,M,46,Enterprise
36066,M,61,Youth
36067,M,34,Family
36068,F,27,Youth
36069,M,39,Youth
36070,M,37,Enterprise
36071,M,31,Enterprise
36072,F,36,Enterprise
36073,F,24,Family
36074,F,24,Enterprise
36075,M,41,Enterprise
36076,M,41,Family
36077,M,41,Enterprise
36078,M,42,Premium
36079,F,34,Youth
36080,M,67,Enterprise
36081,F,42,Youth
36082,M,67,Youth
36083,F,37,Enterprise
36084,F,57,Youth
36085,F,36,Premium
36086,F,28,Family
36087,M,50,Family
36088,F,23,Enterprise
36089,F,46,Premium
36090,M,64,Family
36091,M,26,Youth
36092,M,42,Youth
36093,F,40,Family
36094,F,35,Premium
36095,M,31,Premium
36096,F,58,Enterprise
36097,F,43,Youth
36098,F,46,Enterprise
36099,F,20,Enterprise
36100,M,46,Family
36101,F,19,Enterprise
36102,M,50,Family
36103,F,24,Youth
36104,F,63,Enterprise
36105,M,64,Enterprise
36106,F,36,Enterprise
36107,M,27,Premium
36108,F,28,Premium
36109,F,48,Enterprise
36110,F,20,Enterprise
36111,M,46,Youth
36112,M,59,Family
36113,M,21,Family
36114,M,44,Premium
36115,M,47,Premium
36116,F,41,Family
36117,F,54,Enterprise
36118,M,26,Enterprise
36119,F,20,Premium
36120,M,57,Family
36121,M,25,Youth
36122,M,66,Enterprise
36123,F,59,Youth
36124,M,32,Enterprise
36125,M,54,Family
36126,F,41,Enterprise
36127,F,53,Family
36128,M,49,Premium
36129,M,70,Premium
36130,M,52,Family
36131,M,24,Enterprise
36132,M,20,Youth
36133,F,32,Enterprise
36134,F,30,Enterprise
36135,F,43,Enterprise
36136,F,47,Enterprise
36137,F,35,Enterprise
36138,F,34,Youth
36139,F,18,Premium
36140,M,32,Enterprise
36141,F,70,Youth
36142,M,65,Youth
36143,M,50,Family
36144,F,47,Family
36145,F,68,Family
36146,M,27,Family
36147,F,65,Enterprise
36148,F,62,Premium
36149,M,50,Family
36150,F,47,Enterprise
36151,F,66,Enterprise
36152,M,69,Enterprise
36153,M,51,Youth
36154,F,58,Family
36155,F,47,Premium
36156,M,65,Family
36157,M,58,Enterprise
36158,M,51,Premium
36159,M,57,Premium
36160,M,21,Enterprise
36161,M,67,Enterprise
36162,F,28,Family
36163,F,63,Family
36164,F,57,Enterprise
36165,M,29,Premium
36166,F,61,Enterprise
36167,M,57,Premium
36168,M,68,Family
36169,F,38,Enterprise
36170,M,40,Youth
36171,F,32,Youth
36172,M,62,Family
36173,F,69,Family
36174,M,35,Youth
36175,M,63,Youth
36176,F,53,Family
36177,F,44,Enterprise
36178,F,53,Family
36179,M,68,Enterprise
36180,M,61,Family
36181,F,24,Youth
36182,F,46,Family
36183,M,26,Family
36184,F,25,Enterprise
36185,M,44,Premium
36186,M,52,Enterprise
36187,M,58,Enterprise
36188,F,40,Youth
36189,F,43,Family
36190,F,61,Family
36191,F,43,Enterprise
36192,F,44,Premium
36193,F,58,Family
36194,M,46,Youth
36195,M,44,Family
36196,F,23,Family
36197,M,45,Enterprise
36198,M,18,Family
36199,F,61,Premium
36200,M,32,Premium
36201,F,62,Youth
36202,M,26,Enterprise
36203,F,58,Premium
36204,M,58,Premium
36205,M,43,Family
36206,F,67,Premium
36207,F,64,Family
36208,M,66,Family
36209,M,37,Family
36210,M,19,Family
36211,F,30,Family
36212,M,46,Premium
36213,M,67,Enterprise
36214,F,31,Enterprise
36215,F,28,Enterprise
36216,F,46,Youth
36217,M,27,Youth
36218,M,68,Family
36219,M,29,Family
36220,M,53,Enterprise
36221,F,41,Youth
36222,F,70,Premium
36223,M,65,Enterprise
36224,F,36,Youth
36225,M,62,Youth
36226,F,69,Family
36227,M,54,Family
36228,M,23,Enterprise
36229,F,30,Youth
36230,F,59,Premium
36231,M,20,Youth
36232,M,43,Youth
36233,F,30,Enterprise
36234,M,50,Family
36235,F,29,Youth
36236,M,60,Enterprise
36237,M,42,Premium
36238,M,26,Premium
36239,M,68,Family
36240,M,39,Youth
36241,F,49,Premium
36242,M,63,Premium
36243,M,24,Enterprise
36244,M,55,Premium
36245,F,52,Enterprise
36246,F,20,Premium
36247,F,59,Family
36248,M,63,Enterprise
36249,M,33,Family
36250,M,42,Family
36251,F,53,Family
36252,M,21,Youth
36253,F,69,Enterprise
36254,F,29,Premium
36255,F,67,Enterprise
36256,M,48,Premium
36257,F,37,Youth
36258,F,34,Premium
36259,F,56,Premium
36260,F,61,Family
36261,F,66,Enterprise
36262,M,62,Family
36263,F,38,Premium
36264,F,63,Family
36265,F,34,Premium
36266,F,18,Enterprise
36267,F,51,Family
36268,F,57,Premium
36269,M,30,Enterprise
36270,F,68,Family
36271,M,54,Youth
36272,M,67,Youth
36273,M,66,Premium
36274,F,68,Youth
36275,M,43,Premium
36276,M,37,Premium
36277,M,54,Premium
36278,F,22,Youth
36279,M,25,Family
36280,M,62,Premium
36281,F,68,Youth
36282,M,65,Enterprise
36283,F,45,Premium
36284,M,55,Youth
36285,M,20,Premium
36286,F,24,Premium
36287,F,45,Enterprise
36288,F,51,Premium
36289,M,40,Enterprise
36290,M,69,Family
36291,M,37,Enterprise
36292,F,63,Family
36293,M,64,Premium
36294,F,61,Enterprise
36295,M,57,Youth
36296,M,46,Premium
36297,F,42,Family
36298,F,22,Premium
36299,F,58,Enterprise
36300,M,47,Premium
36301,F,36,Family
36302,F,46,Premium
36303,M,41,Youth
36304,F,45,Premium
36305,F,31,Premium
36306,F,53,Premium
36307,M,60,Premium
36308,M,24,Premium
36309,M,40,Family
36310,F,51,Family
36311,M,64,Enterprise
36312,M,55,Family
36313,F,53,Youth
36314,M,54,Family
36315,M,50,Enterprise
36316,M,60,Family
36317,F,65,Enterprise
36318,F,28,Youth
36319,M,31,Youth
36320,F,36,Premium
36321,F,20,Enterprise
36322,F,23,Family
36323,M,42,Enterprise
36324,F,44,Enterprise
36325,M,40,Enterprise
36326,M,39,Enterprise
36327,F,70,Premium
36328,M,24,Youth
36329,M,52,Premium
36330,F,66,Youth
36331,F,35,Youth
36332,F,20,Family
36333,F,68,Family
36334,M,44,Enterprise
36335,F,46,Youth
36336,M,49,Family
36337,F,60,Enterprise
36338,M,57,Premium
36339,F,45,Family
36340,F,52,Premium
36341,M,67,Enterprise
36342,M,38,Premium
36343,M,41,Family
36344,F,34,Premium
36345,M,70,Family
36346,F,26,Enterprise
36347,F,18,Enterprise
36348,F,27,Family
36349,M,42,Premium
36350,F,60,Family
36351,F,20,Premium
36352,M,53,Youth
36353,F,26,Family
36354,F,58,Premium
36355,M,65,Enterprise
36356,F,46,Family
36357,M,66,Enterprise
36358,F,62,Enterprise
36359,M,21,Youth
36360,F,61,Enterprise
36361,M,51,Premium
36362,F,52,Enterprise
36363,M,55,Premium
36364,M,34,Premium
36365,F,28,Premium
36366,M,41,Enterprise
36367,F,48,Premium
36368,F,49,Premium
36369,M,22,Family
36370,F,53,Youth
36371,F,35,Youth
36372,F,28,Family
36373,M,52,Enterprise
36374,F,21,Youth
36375,F,45,Enterprise
36376,M,22,Premium
36377,M,51,Enterprise
36378,F,25,Premium
36379,F,41,Family
36380,M,49,Youth
36381,M,56,Enterprise
36382,F,48,Premium
36383,M,64,Premium
36384,M,34,Enterprise
36385,M,35,Enterprise
36386,M,22,Premium
36387,M,34,Enterprise
36388,F,34,Youth
36389,F,27,Family
36390,F,68,Youth
36391,F,37,Family
36392,F,26,Enterprise
36393,M,32,Enterprise
36394,F,27,Family
36395,M,47,Youth
36396,F,35,Premium
36397,F,38,Family
36398,M,28,Youth
36399,F,61,Youth
36400,M,45,Enterprise
36401,M,34,Family
36402,M,28,Youth
36403,F,58,Family
36404,M,45,Premium
36405,M,36,Premium
36406,M,51,Youth
36407,M,32,Premium
36408,F,62,Youth
36409,M,41,Premium
36410,M,19,Youth
36411,F,65,Enterprise
36412,F,51,Youth
36413,F,37,Family
36414,M,50,Enterprise
36415,F,26,Premium
36416,M,61,Premium
36417,M,59,Family
36418,M,47,Youth
36419,F,31,Enterprise
36420,F,40,Youth
36421,F,22,Premium
36422,M,51,Family
36423,M,30,Youth
36424,M,68,Enterprise
36425,F,63,Premium
36426,M,62,Family
36427,F,45,Enterprise
36428,F,32,Youth
36429,F,40,Family
36430,F,28,Youth
36431,M,20,Family
36432,M,62,Enterprise
36433,F,24,Enterprise
36434,F,55,Enterprise
36435,M,35,Premium
36436,M,18,Youth
36437,M,37,Enterprise
36438,M,61,Premium
36439,M,18,Family
36440,F,53,Premium
36441,M,62,Enterprise
36442,F,65,Family
36443,F,67,Family
36444,M,40,Youth
36445,F,35,Family
36446,M,53,Premium
36447,F,43,Youth
36448,F,65,Family
36449,F,23,Youth
36450,F,59,Premium
36451,M,61,Family
36452,M,40,Youth
36453,M,39,Family
36454,M,63,Enterprise
36455,F,42,Family
36456,M,24,Youth
36457,M,50,Youth
36458,F,28,Youth
36459,F,20,Youth
36460,F,50,Youth
36461,M,32,Enterprise
36462,F,41,Family
36463,F,69,Enterprise
36464,M,67,Family
36465,M,45,Premium
36466,M,29,Youth
36467,F,38,Youth
36468,M,68,Enterprise
36469,M,48,Family
36470,F,48,Family
36471,M,21,Premium
36472,M,21,Family
36473,F,57,Youth
36474,F,25,Youth
36475,F,58,Family
36476,M,54,Premium
36477,M,59,Family
36478,F,65,Enterprise
36479,F,31,Enterprise
36480,F,42,Enterprise
36481,F,63,Enterprise
36482,F,21,Family
36483,F,23,Premium
36484,F,54,Youth
36485,F,70,Premium
36486,F,70,Enterprise
36487,M,31,Enterprise
36488,M,18,Youth
36489,M,45,Enterprise
36490,M,25,Youth
36491,F,68,Enterprise
36492,M,58,Family
36493,M,47,Enterprise
36494,M,24,Premium
36495,M,60,Premium
36496,F,58,Premium
36497,F,46,Premium
36498,M,50,Family
36499,F,68,Family
36500,M,25,Family
36501,F,45,Youth
36502,M,54,Enterprise
36503,F,38,Enterprise
36504,M,56,Youth
36505,F,46,Enterprise
36506,M,57,Family
36507,M,34,Premium
36508,M,25,Youth
36509,F,21,Premium
36510,F,67,Enterprise
36511,F,25,Family
36512,F,40,Youth
36513,M,22,Enterprise
36514,M,55,Family
36515,M,60,Family
36516,M,29,Youth
36517,F,62,Family
36518,M,18,Family
36519,M,55,Youth
36520,M,60,Family
36521,F,58,Youth
36522,F,61,Family
36523,F,69,Youth
36524,F,19,Youth
36525,F,59,Family
36526,M,53,Enterprise
36527,M,62,Enterprise
36528,F,21,Youth
36529,F,36,Premium
36530,M,69,Family
36531,M,45,Enterprise
36532,F,53,Enterprise
36533,M,55,Family
36534,M,42,Enterprise
36535,M,42,Youth
36536,M,50,Family
36537,F,31,Youth
36538,M,27,Enterprise
36539,F,29,Youth
36540,F,34,Youth
36541,M,19,Enterprise
36542,M,50,Youth
36543,F,50,Youth
36544,M,26,Family
36545,M,40,Family
36546,M,20,Premium
36547,F,42,Family
36548,F,50,Youth
36549,F,70,Family
36550,F,43,Youth
36551,F,32,Family
36552,F,38,Enterprise
36553,F,69,Youth
36554,F,20,Family
36555,M,64,Premium
36556,F,52,Family
36557,M,70,Enterprise
36558,M,39,Family
36559,M,64,Premium
36560,M,63,Premium
36561,M,63,Premium
36562,F,24,Premium
36563,M,43,Enterprise
36564,M,44,Premium
36565,M,21,Premium
36566,M,31,Enterprise
36567,F,52,Enterprise
36568,M,61,Youth
36569,F,70,Premium
36570,F,67,Youth
36571,F,38,Youth
36572,M,56,Enterprise
36573,F,44,Youth
36574,M,38,Enterprise
36575,M,65,Premium
36576,F,31,Enterprise
36577,M,68,Enterprise
36578,F,54,Premium
36579,M,49,Premium
36580,F,34,Premium
36581,F,53,Youth
36582,F,46,Enterprise
36583,F,54,Family
36584,M,25,Family
36585,M,61,Youth
36586,M,68,Premium
36587,M,24,Youth
36588,F,68,Enterprise
36589,M,40,Premium
36590,F,68,Youth
36591,M,35,Family
36592,F,56,Family
36593,M,26,Enterprise
36594,F,41,Enterprise
36595,F,40,Family
36596,M,38,Family
36597,M,38,Premium
36598,M,43,Premium
36599,M,31,Premium
36600,F,36,Enterprise
36601,M,46,Family
36602,F,35,Youth
36603,M,55,Enterprise
36604,M,54,Youth
36605,M,34,Enterprise
36606,M,42,Enterprise
36607,F,23,Premium
36608,F,48,Premium
36609,F,61,Youth
36610,F,70,Premium
36611,M,27,Premium
36612,M,59,Enterprise
36613,M,69,Premium
36614,F,70,Premium
36615,M,56,Premium
36616,F,65,Family
36617,M,40,Enterprise
36618,F,66,Enterprise
36619,F,46,Youth
36620,F,18,Family
36621,F,57,Premium
36622,F,26,Enterprise
36623,M,36,Premium
36624,F,54,Family
36625,F,70,Family
36626,M,54,Premium
36627,F,67,Premium
36628,M,43,Family
36629,F,25,Youth
36630,M,26,Enterprise
36631,M,19,Youth
36632,M,69,Family
36633,F,57,Family
36634,M,60,Youth
36635,F,19,Enterprise
36636,F,68,Enterprise
36637,F,58,Premium
36638,M,18,Premium
36639,M,51,Youth
36640,F,20,Enterprise
36641,F,66,Enterprise
36642,F,20,Family
36643,M,40,Premium
36644,F,23,Youth
36645,M,65,Youth
36646,F,26,Youth
36647,M,57,Enterprise
36648,F,34,Family
36649,F,48,Youth
36650,M,45,Premium
36651,M,20,Family
36652,F,19,Family
36653,F,28,Family
36654,F,64,Youth
36655,F,42,Enterprise
36656,M,68,Premium
36657,F,70,Enterprise
36658,M,28,Youth
36659,M,41,Enterprise
36660,M,52,Premium
36661,F,44,Youth
36662,F,69,Premium
36663,M,56,Family
36664,F,38,Youth
36665,F,47,Premium
36666,F,34,Family
36667,M,36,Family
36668,M,62,Premium
36669,F,38,Youth
36670,F,31,Premium
36671,M,56,Youth
36672,F,59,Enterprise
36673,F,58,Enterprise
36674,M,24,Premium
36675,M,44,Family
36676,M,49,Enterprise
36677,F,18,Premium
36678,M,48,Premium
36679,F,21,Youth
36680,M,28,Premium
36681,M,53,Premium
36682,F,42,Premium
36683,M,37,Enterprise
36684,M,35,Premium
36685,M,27,Youth
36686,M,61,Family
36687,M,21,Family
36688,F,69,Youth
36689,F,39,Premium
36690,M,68,Enterprise
36691,F,47,Enterprise
36692,M,70,Premium
36693,F,38,Enterprise
36694,M,52,Youth
36695,M,67,Enterprise
36696,F,52,Premium
36697,M,40,Enterprise
36698,M,50,Youth
36699,M,69,Premium
36700,F,37,Family
36701,F,47,Premium
36702,M,45,Family
36703,M,64,Premium
36704,F,56,Youth
36705,F,23,Family
36706,M,60,Premium
36707,M,69,Premium
36708,M,59,Premium
36709,F,64,Family
36710,M,47,Enterprise
36711,M,20,Family
36712,M,56,Youth
36713,F,64,Youth
36714,M,28,Enterprise
36715,M,44,Premium
36716,F,31,Enterprise
36717,M,34,Youth
36718,F,43,Family
36719,F,43,Youth
36720,F,51,Family
36721,M,31,Youth
36722,M,70,Youth
36723,F,49,Enterprise
36724,M,69,Youth
36725,M,47,Youth
36726,M,53,Family
36727,F,40,Enterprise
36728,F,35,Premium
36729,M,64,Youth
36730,F,39,Family
36731,F,39,Youth
36732,F,66,Youth
36733,F,53,Premium
36734,F,20,Youth
36735,F,44,Enterprise
36736,F,46,Enterprise
36737,M,56,Enterprise
36738,F,48,Enterprise
36739,F,66,Youth
36740,M,29,Premium
36741,M,34,Enterprise
36742,F,25,Premium
36743,F,70,Enterprise
36744,M,69,Premium
36745,F,56,Enterprise
36746,M,24,Enterprise
36747,F,23,Premium
36748,F,65,Family
36749,M,36,Enterprise
36750,F,68,Enterprise
36751,F,35,Enterprise
36752,F,45,Family
36753,M,70,Premium
36754,M,31,Family
36755,F,18,Family
36756,F,49,Youth
36757,F,58,Youth
36758,M,23,Family
36759,M,41,Family
36760,F,19,Premium
36761,M,36,Enterprise
36762,F,40,Enterprise
36763,F,45,Premium
36764,M,38,Family
36765,F,69,Enterprise
36766,F,50,Family
36767,F,57,Youth
36768,M,46,Family
36769,F,26,Youth
36770,F,51,Family
36771,F,55,Youth
36772,M,34,Family
36773,F,29,Enterprise
36774,M,38,Family
36775,F,56,Enterprise
36776,F,18,Enterprise
36777,F,50,Enterprise
36778,M,65,Enterprise
36779,M,61,Premium
36780,M,57,Enterprise
36781,F,38,Youth
36782,F,64,Premium
36783,F,33,Youth
36784,F,59,Enterprise
36785,M,65,Family
36786,F,39,Youth
36787,M,20,Enterprise
36788,M,45,Premium
36789,M,34,Premium
36790,M,42,Family
36791,F,39,Premium
36792,M,27,Enterprise
36793,M,35,Youth
36794,M,59,Premium
36795,F,24,Enterprise
36796,F,49,Youth
36797,M,56,Premium
36798,F,19,Family
36799,F,69,Family
36800,M,18,Family
36801,M,69,Enterprise
36802,F,53,Youth
36803,M,49,Enterprise
36804,M,69,Family
36805,F,55,Premium
36806,F,25,Enterprise
36807,F,28,Enterprise
36808,F,43,Youth
36809,M,39,Premium
36810,F,62,Youth
36811,F,43,Youth
36812,F,25,Youth
36813,M,34,Youth
36814,M,59,Family
36815,M,43,Youth
36816,M,66,Youth
36817,F,27,Enterprise
36818,F,58,Family
36819,F,26,Premium
36820,F,69,Premium
36821,F,59,Premium
36822,F,41,Premium
36823,M,31,Enterprise
36824,M,37,Family
36825,M,35,Family
36826,M,70,Enterprise
36827,F,46,Youth
36828,F,32,Premium
36829,M,29,Enterprise
36830,F,48,Family
36831,F,24,Enterprise
36832,F,70,Family
36833,M,35,Youth
36834,F,24,Enterprise
36835,M,59,Premium
36836,M,37,Enterprise
36837,M,62,Enterprise
36838,M,41,Premium
36839,M,66,Family
36840,F,46,Family
36841,F,68,Youth
36842,F,58,Family
36843,F,36,Youth
36844,F,63,Premium
36845,M,51,Premium
36846,F,56,Premium
36847,F,56,Youth
36848,M,58,Enterprise
36849,F,48,Premium
36850,M,68,Enterprise
36851,F,56,Premium
36852,F,56,Enterprise
36853,M,38,Youth
36854,M,48,Family
36855,M,63,Family
36856,M,25,Enterprise
36857,M,59,Family
36858,M,43,Premium
36859,F,23,Enterprise
36860,M,20,Premium
36861,F,18,Youth
36862,M,39,Family
36863,M,56,Youth
36864,M,47,Enterprise
36865,F,33,Youth
36866,F,37,Enterprise
36867,F,47,Family
36868,M,52,Premium
36869,M,61,Enterprise
36870,M,52,Family
36871,F,40,Family
36872,F,67,Youth
36873,M,67,Family
36874,F,59,Enterprise
36875,M,38,Premium
36876,F,33,Family
36877,M,27,Enterprise
36878,F,54,Youth
36879,F,36,Premium
36880,M,65,Youth
36881,F,60,Premium
36882,F,26,Family
36883,M,41,Youth
36884,M,60,Family
36885,F,52,Family
36886,M,19,Family
36887,M,37,Youth
36888,M,70,Premium
36889,F,62,Youth
36890,F,44,Premium
36891,F,55,Premium
36892,M,54,Premium
36893,F,18,Youth
36894,F,47,Enterprise
36895,F,46,Family
36896,F,68,Family
36897,F,29,Youth
36898,F,27,Enterprise
36899,F,37,Premium
36900,F,67,Premium
36901,F,55,Enterprise
36902,F,28,Premium
36903,M,52,Premium
36904,F,21,Youth
36905,F,49,Family
36906,M,63,Enterprise
36907,M,22,Enterprise
36908,M,36,Family
36909,M,18,Enterprise
36910,M,30,Family
36911,M,18,Youth
36912,M,45,Youth
36913,F,33,Enterprise
36914,M,29,Enterprise
36915,M,28,Enterprise
36916,F,42,Premium
36917,F,57,Premium
36918,M,55,Premium
36919,F,27,Youth
36920,M,30,Family
36921,F,55,Enterprise
36922,F,20,Premium
36923,F,36,Family
36924,F,69,Premium
36925,F,34,Enterprise
36926,F,64,Family
36927,F,29,Youth
36928,M,36,Enterprise
36929,M,50,Family
36930,F,64,Premium
36931,M,61,Youth
36932,M,44,Youth
36933,M,40,Youth
36934,F,65,Youth
36935,F,42,Family
36936,F,32,Family
36937,F,48,Enterprise
36938,F,66,Family
36939,M,65,Enterprise
36940,F,54,Premium
36941,F,34,Family
36942,F,69,Youth
36943,F,19,Youth
36944,F,56,Family
36945,M,38,Premium
36946,F,61,Youth
36947,M,66,Premium
36948,M,35,Youth
36949,M,58,Family
36950,M,25,Premium
36951,M,59,Enterprise
36952,M,43,Enterprise
36953,M,44,Premium
36954,M,21,Family
36955,M,53,Family
36956,F,45,Enterprise
36957,F,37,Premium
36958,M,54,Youth
36959,F,58,Youth
36960,M,30,Youth
36961,M,27,Enterprise
36962,F,54,Youth
36963,M,68,Enterprise
36964,M,68,Premium
36965,F,34,Family
36966,M,52,Family
36967,F,69,Premium
36968,M,33,Youth
36969,M,40,Premium
36970,M,55,Enterprise
36971,F,47,Enterprise
36972,F,62,Premium
36973,M,23,Family
36974,F,45,Family
36975,M,57,Enterprise
36976,M,45,Family
36977,M,31,Family
36978,M,22,Youth
36979,F,19,Premium
36980,F,18,Family
36981,M,60,Youth
36982,F,57,Enterprise
36983,M,56,Family
36984,F,52,Enterprise
36985,M,50,Premium
36986,F,69,Youth
36987,F,51,Enterprise
36988,M,57,Enterprise
36989,M,52,Premium
36990,M,48,Enterprise
36991,F,34,Enterprise
36992,F,61,Family
36993,M,31,Family
36994,F,35,Family
36995,M,49,Family
36996,M,45,Enterprise
36997,M,58,Premium
36998,F,28,Premium
36999,F,53,Youth
37000,M,66,Enterprise
37001,M,43,Enterprise
37002,M,24,Family
37003,M,63,Premium
37004,M,29,Youth
37005,M,60,Premium
37006,M,63,Enterprise
37007,M,59,Enterprise
37008,M,55,Youth
37009,F,40,Youth
37010,M,25,Family
37011,F,30,Enterprise
37012,M,21,Premium
37013,F,35,Youth
37014,F,44,Premium
37015,F,53,Premium
37016,F,19,Enterprise
37017,M,20,Premium
37018,M,40,Premium
37019,F,23,Youth
37020,M,36,Family
37021,M,27,Family
37022,F,70,Youth
37023,M,38,Youth
37024,F,57,Youth
37025,M,21,Youth
37026,M,45,Premium
37027,F,58,Premium
37028,M,62,Family
37029,F,32,Family
37030,F,61,Premium
37031,M,55,Youth
37032,M,69,Enterprise
37033,M,59,Enterprise
37034,F,41,Premium
37035,F,24,Family
37036,M,33,Enterprise
37037,F,29,Youth
37038,M,59,Premium
37039,F,32,Premium
37040,F,33,Family
37041,F,24,Family
37042,F,35,Youth
37043,M,50,Premium
37044,F,34,Enterprise
37045,F,52,Family
37046,F,21,Enterprise
37047,M,21,Youth
37048,F,55,Youth
37049,M,46,Enterprise
37050,F,22,Youth
37051,M,20,Premium
37052,M,21,Family
37053,F,30,Premium
37054,F,68,Enterprise
37055,F,29,Enterprise
37056,M,32,Family
37057,F,18,Enterprise
37058,F,66,Enterprise
37059,F,47,Enterprise
37060,M,66,Youth
37061,F,26,Youth
37062,M,63,Enterprise
37063,F,26,Premium
37064,M,34,Family
37065,F,58,Enterprise
37066,M,56,Premium
37067,M,35,Youth
37068,F,40,Family
37069,F,35,Enterprise
37070,F,66,Family
37071,F,18,Enterprise
37072,M,59,Youth
37073,F,48,Enterprise
37074,F,55,Enterprise
37075,F,44,Youth
37076,F,25,Family
37077,M,60,Family
37078,M,44,Family
37079,F,68,Premium
37080,F,53,Family
37081,M,54,Premium
37082,M,59,Youth
37083,F,70,Premium
37084,F,24,Enterprise
37085,M,35,Enterprise
37086,M,31,Family
37087,M,40,Family
37088,M,29,Family
37089,M,36,Premium
37090,M,51,Enterprise
37091,M,70,Premium
37092,F,22,Enterprise
37093,F,48,Family
37094,M,63,Youth
37095,F,44,Family
37096,M,26,Family
37097,M,34,Family
37098,M,31,Enterprise
37099,M,58,Youth
37100,F,43,Premium
37101,M,49,Enterprise
37102,M,49,Family
37103,M,31,Youth
37104,F,66,Youth
37105,F,41,Premium
37106,M,44,Enterprise
37107,F,62,Family
37108,F,60,Premium
37109,F,66,Enterprise
37110,M,60,Youth
37111,M,30,Youth
37112,F,23,Premium
37113,F,66,Youth
37114,M,43,Family
37115,M,41,Youth
37116,M,66,Family
37117,F,29,Premium
37118,M,43,Youth
37119,F,43,Enterprise
37120,F,65,Youth
37121,M,42,Enterprise
37122,M,28,Family
37123,M,69,Youth
37124,F,37,Enterprise
37125,M,31,Family
37126,M,20,Premium
37127,M,70,Youth
37128,F,41,Family
37129,F,62,Family
37130,F,37,Youth
37131,M,27,Enterprise
37132,F,22,Youth
37133,M,30,Youth
37134,F,36,Enterprise
37135,F,56,Family
37136,M,26,Youth
37137,M,43,Enterprise
37138,F,69,Premium
37139,F,67,Youth
37140,F,34,Youth
37141,M,19,Youth
37142,M,55,Premium
37143,F,27,Enterprise
37144,M,51,Family
37145,F,60,Enterprise
37146,F,69,Enterprise
37147,F,25,Family
37148,F,20,Premium
37149,F,68,Family
37150,F,61,Family
37151,M,58,Premium
37152,F,42,Family
37153,F,52,Family
37154,F,21,Youth
37155,M,69,Enterprise
37156,F,42,Enterprise
37157,M,47,Youth
37158,M,66,Enterprise
37159,F,49,Youth
37160,F,57,Youth
37161,F,43,Family
37162,F,64,Premium
37163,F,32,Premium
37164,F,58,Enterprise
37165,F,38,Youth
37166,M,18,Premium
37167,F,67,Enterprise
37168,M,31,Premium
37169,M,24,Family
37170,F,62,Premium
37171,F,59,Premium
37172,M,60,Family
37173,M,36,Youth
37174,F,28,Premium
37175,F,59,Youth
37176,F,54,Enterprise
37177,M,66,Enterprise
37178,M,69,Youth
37179,F,27,Family
37180,F,49,Family
37181,F,42,Family
37182,M,48,Enterprise
37183,F,59,Enterprise
37184,F,27,Enterprise
37185,F,65,Premium
37186,F,19,Enterprise
37187,M,69,Youth
37188,F,66,Premium
37189,F,44,Family
37190,F,48,Youth
37191,F,67,Premium
37192,F,47,Enterprise
37193,M,43,Youth
37194,F,61,Family
37195,M,45,Enterprise
37196,M,23,Enterprise
37197,M,25,Enterprise
37198,F,51,Enterprise
37199,M,46,Youth
37200,M,66,Family
37201,M,19,Enterprise
37202,F,21,Family
37203,M,46,Enterprise
37204,M,67,Enterprise
37205,F,42,Premium
37206,M,47,Premium
37207,M,46,Premium
37208,F,23,Premium
37209,M,24,Youth
37210,M,62,Premium
37211,M,51,Family
37212,M,46,Family
37213,F,37,Enterprise
37214,M,48,Family
37215,M,21,Family
37216,M,60,Enterprise
37217,F,65,Youth
37218,F,21,Enterprise
37219,F,48,Premium
37220,F,50,Premium
37221,M,50,Youth
37222,M,57,Family
37223,F,68,Premium
37224,F,59,Family
37225,F,26,Enterprise
37226,M,66,Premium
37227,F,21,Family
37228,F,59,Enterprise
37229,F,53,Family
37230,F,42,Family
37231,M,57,Family
37232,F,27,Youth
37233,M,58,Premium
37234,M,65,Enterprise
37235,F,48,Premium
37236,M,27,Premium
37237,F,68,Enterprise
37238,M,48,Youth
37239,M,29,Premium
37240,F,67,Enterprise
37241,F,26,Family
37242,M,22,Enterprise
37243,M,33,Premium
37244,F,60,Youth
37245,M,28,Family
37246,M,65,Family
37247,M,34,Youth
37248,F,36,Youth
37249,F,43,Youth
37250,F,40,Enterprise
37251,F,24,Enterprise
37252,F,30,Premium
37253,F,48,Enterprise
37254,F,41,Enterprise
37255,M,55,Premium
37256,M,54,Youth
37257,M,70,Family
37258,F,49,Enterprise
37259,F,29,Youth
37260,M,52,Enterprise
37261,M,60,Premium
37262,M,39,Family
37263,F,65,Enterprise
37264,F,36,Premium
37265,F,21,Premium
37266,M,62,Family
37267,M,36,Enterprise
37268,M,36,Enterprise
37269,M,18,Premium
37270,M,46,Enterprise
37271,F,25,Enterprise
37272,M,33,Family
37273,M,42,Youth
37274,M,18,Enterprise
37275,F,30,Premium
37276,M,32,Family
37277,F,32,Youth
37278,F,62,Youth
37279,F,53,Enterprise
37280,M,65,Enterprise
37281,F,39,Youth
37282,F,46,Youth
37283,M,30,Premium
37284,M,45,Premium
37285,F,28,Youth
37286,M,48,Family
37287,F,18,Youth
37288,M,28,Premium
37289,F,32,Premium
37290,F,47,Enterprise
37291,F,34,Family
37292,M,22,Youth
37293,F,18,Premium
37294,M,18,Premium
37295,F,53,Premium
37296,M,49,Enterprise
37297,F,58,Enterprise
37298,F,67,Youth
37299,M,30,Enterprise
37300,M,39,Premium
37301,F,31,Youth
37302,M,65,Enterprise
37303,M,67,Youth
37304,F,32,Youth
37305,M,60,Enterprise
37306,M,63,Premium
37307,F,48,Youth
37308,F,18,Youth
37309,M,30,Enterprise
37310,F,48,Youth
37311,F,52,Premium
37312,F,20,Family
37313,F,37,Family
37314,F,48,Youth
37315,M,45,Family
37316,F,24,Family
37317,F,68,Enterprise
37318,M,40,Premium
37319,M,26,Premium
37320,M,30,Enterprise
37321,F,41,Enterprise
37322,F,28,Family
37323,M,26,Premium
37324,F,57,Premium
37325,M,42,Enterprise
37326,M,37,Youth
37327,M,54,Youth
37328,F,46,Youth
37329,M,31,Premium
37330,M,47,Premium
37331,F,48,Premium
37332,F,51,Youth
37333,M,64,Enterprise
37334,M,19,Premium
37335,M,70,Enterprise
37336,F,58,Premium
37337,M,59,Premium
37338,M,47,Premium
37339,F,35,Youth
37340,F,61,Youth
37341,F,19,Youth
37342,M,52,Family
37343,F,61,Premium
37344,F,24,Youth
37345,M,40,Enterprise
37346,F,28,Family
37347,M,30,Enterprise
37348,F,65,Premium
37349,F,48,Premium
37350,F,28,Enterprise
37351,F,27,Youth
37352,M,20,Youth
37353,F,45,Enterprise
37354,M,24,Premium
37355,F,36,Enterprise
37356,M,26,Family
37357,F,63,Family
37358,M,33,Youth
37359,M,51,Premium
37360,F,65,Enterprise
37361,M,22,Youth
37362,M,23,Enterprise
37363,F,52,Family
37364,F,44,Enterprise
37365,M,19,Family
37366,F,64,Enterprise
37367,M,52,Premium
37368,F,31,Family
37369,M,38,Youth
37370,F,70,Family
37371,M,50,Family
37372,F,37,Premium
37373,F,33,Youth
37374,F,28,Family
37375,F,47,Premium
37376,M,62,Youth
37377,F,43,Enterprise
37378,F,51,Youth
37379,F,64,Enterprise
37380,M,21,Enterprise
37381,M,40,Family
37382,F,43,Youth
37383,M,56,Premium
37384,F,65,Enterprise
37385,F,33,Family
37386,M,52,Family
37387,F,30,Family
37388,M,19,Enterprise
37389,F,58,Family
37390,M,25,Family
37391,F,65,Enterprise
37392,M,56,Family
37393,F,50,Youth
37394,F,22,Youth
37395,M,70,Family
37396,M,46,Premium
37397,M,62,Youth
37398,F,33,Youth
37399,F,62,Enterprise
37400,M,44,Youth
37401,M,65,Premium
37402,F,34,Enterprise
37403,M,47,Family
37404,F,26,Premium
37405,M,62,Youth
37406,M,47,Youth
37407,F,35,Enterprise
37408,M,52,Family
37409,F,35,Family
37410,F,42,Enterprise
37411,M,23,Youth
37412,M,46,Family
37413,F,60,Youth
37414,M,19,Enterprise
37415,F,56,Family
37416,M,34,Enterprise
37417,F,21,Youth
37418,M,70,Premium
37419,M,39,Enterprise
37420,F,56,Youth
37421,M,29,Premium
37422,M,25,Enterprise
37423,F,44,Youth
37424,M,24,Youth
37425,F,66,Family
37426,M,39,Youth
37427,M,28,Youth
37428,F,18,Family
37429,M,69,Premium
37430,F,37,Youth
37431,F,37,Family
37432,M,23,Premium
37433,M,56,Youth
37434,F,58,Enterprise
37435,M,24,Premium
37436,F,28,Premium
37437,M,63,Premium
37438,M,38,Premium
37439,M,53,Premium
37440,M,21,Family
37441,M,63,Youth
37442,F,23,Enterprise
37443,F,69,Enterprise
37444,F,64,Enterprise
37445,M,19,Enterprise
37446,M,27,Youth
37447,M,27,Premium
37448,F,63,Youth
37449,M,36,Enterprise
37450,M,18,Youth
37451,F,27,Premium
37452,F,20,Enterprise
37453,M,26,Premium
37454,F,27,Premium
37455,M,30,Enterprise
37456,M,47,Enterprise
37457,F,20,Enterprise
37458,F,28,Youth
37459,M,19,Enterprise
37460,F,29,Youth
37461,F,39,Youth
37462,F,26,Premium
37463,M,44,Youth
37464,F,21,Premium
37465,F,31,Premium
37466,F,20,Youth
37467,F,70,Premium
37468,F,44,Youth
37469,F,61,Premium
37470,F,44,Enterprise
37471,F,43,Youth
37472,F,68,Enterprise
37473,F,37,Youth
37474,M,53,Youth
37475,M,25,Premium
37476,M,47,Family
37477,F,22,Family
37478,M,61,Family
37479,M,25,Enterprise
37480,F,60,Family
37481,M,68,Enterprise
37482,M,50,Enterprise
37483,M,62,Family
37484,F,41,Youth
37485,M,19,Family
37486,M,55,Youth
37487,F,32,Family
37488,F,47,Youth
37489,M,70,Enterprise
37490,M,36,Youth
37491,M,55,Premium
37492,M,54,Premium
37493,M,19,Premium
37494,F,54,Premium
37495,M,39,Enterprise
37496,M,29,Family
37497,F,52,Family
37498,F,42,Premium
37499,M,65,Enterprise
37500,F,39,Youth
37501,F,28,Family
37502,M,62,Enterprise
37503,M,45,Youth
37504,F,55,Enterprise
37505,F,21,Youth
37506,M,57,Premium
37507,M,43,Family
37508,M,69,Family
37509,M,37,Enterprise
37510,F,27,Premium
37511,M,29,Enterprise
37512,F,37,Family
37513,M,65,Enterprise
37514,M,48,Family
37515,F,20,Youth
37516,M,56,Youth
37517,F,25,Enterprise
37518,F,23,Premium
37519,M,69,Premium
37520,F,47,Enterprise
37521,F,51,Family
37522,F,48,Youth
37523,F,18,Enterprise
37524,F,52,Enterprise
37525,F,42,Enterprise
37526,M,54,Enterprise
37527,F,48,Premium
37528,M,37,Enterprise
37529,F,37,Family
37530,F,51,Enterprise
37531,F,36,Family
37532,F,53,Youth
37533,M,54,Enterprise
37534,M,28,Family
37535,F,57,Family
37536,M,66,Enterprise
37537,F,36,Family
37538,M,39,Enterprise
37539,M,54,Enterprise
37540,F,64,Family
37541,F,60,Premium
37542,F,49,Enterprise
37543,M,20,Family
37544,F,21,Premium
37545,M,30,Youth
37546,F,47,Premium
37547,M,53,Premium
37548,M,57,Youth
37549,M,43,Youth
37550,M,25,Family
37551,F,18,Family
37552,M,54,Family
37553,F,51,Premium
37554,F,53,Family
37555,M,57,Enterprise
37556,M,47,Premium
37557,F,56,Youth
37558,M,30,Enterprise
37559,F,36,Premium
37560,F,24,Enterprise
37561,F,47,Premium
37562,M,58,Enterprise
37563,F,47,Premium
37564,M,43,Family
37565,M,33,Youth
37566,F,68,Youth
37567,M,34,Enterprise
37568,M,32,Family
37569,M,19,Premium
37570,F,51,Premium
37571,M,32,Premium
37572,F,62,Family
37573,M,34,Premium
37574,M,57,Youth
37575,M,48,Youth
37576,F,30,Premium
37577,F,61,Youth
37578,M,42,Premium
37579,F,48,Premium
37580,F,52,Enterprise
37581,F,50,Family
37582,F,55,Enterprise
37583,M,33,Youth
37584,M,39,Family
37585,F,66,Youth
37586,M,59,Premium
37587,F,38,Enterprise
37588,M,26,Enterprise
37589,M,61,Premium
37590,F,30,Enterprise
37591,F,66,Premium
37592,M,65,Youth
37593,M,26,Premium
37594,M,60,Family
37595,M,51,Youth
37596,M,31,Family
37597,M,51,Enterprise
37598,M,26,Premium
37599,F,28,Youth
37600,F,36,Youth
37601,M,32,Youth
37602,F,64,Premium
37603,M,34,Youth
37604,F,37,Premium
37605,M,68,Enterprise
37606,F,51,Youth
37607,F,36,Premium
37608,F,52,Enterprise
37609,F,54,Premium
37610,M,66,Youth
37611,F,63,Youth
37612,M,37,Youth
37613,F,20,Youth
37614,M,28,Youth
37615,M,31,Premium
37616,F,52,Youth
37617,F,59,Family
37618,F,21,Youth
37619,F,60,Premium
37620,F,46,Enterprise
37621,M,66,Family
37622,F,52,Enterprise
37623,M,44,Youth
37624,F,43,Youth
37625,M,58,Family
37626,M,70,Youth
37627,F,68,Youth
37628,F,61,Family
37629,M,46,Family
37630,F,49,Family
37631,M,52,Family
37632,F,34,Premium
37633,F,31,Family
37634,M,37,Youth
37635,M,23,Enterprise
37636,F,70,Enterprise
37637,M,37,Premium
37638,F,41,Youth
37639,M,27,Family
37640,M,64,Premium
37641,M,30,Youth
37642,F,20,Premium
37643,M,37,Premium
37644,M,63,Youth
37645,M,53,Premium
37646,M,29,Premium
37647,M,47,Enterprise
37648,M,22,Premium
37649,M,41,Youth
37650,M,53,Youth
37651,F,35,Family
37652,M,35,Premium
37653,M,46,Premium
37654,F,36,Premium
37655,M,51,Family
37656,F,25,Youth
37657,F,28,Enterprise
37658,F,46,Enterprise
37659,M,21,Premium
37660,M,48,Premium
37661,M,33,Family
37662,M,57,Family
37663,F,65,Enterprise
37664,F,70,Family
37665,M,37,Enterprise
37666,F,27,Enterprise
37667,F,43,Family
37668,F,63,Enterprise
37669,F,38,Youth
37670,M,69,Family
37671,M,35,Family
37672,M,19,Enterprise
37673,F,51,Enterprise
37674,M,59,Premium
37675,F,64,Family
37676,M,69,Enterprise
37677,F,61,Youth
37678,F,29,Enterprise
37679,F,70,Family
37680,F,63,Enterprise
37681,F,45,Premium
37682,M,50,Family
37683,F,65,Enterprise
37684,M,56,Youth
37685,M,40,Family
37686,M,22,Enterprise
37687,F,41,Enterprise
37688,F,19,Premium
37689,M,53,Enterprise
37690,M,53,Enterprise
37691,F,58,Enterprise
37692,M,49,Premium
37693,M,22,Family
37694,F,47,Premium
37695,F,43,Family
37696,M,20,Enterprise
37697,M,70,Family
37698,F,56,Premium
37699,M,31,Enterprise
37700,M,32,Family
37701,F,43,Family
37702,M,26,Family
37703,M,27,Premium
37704,M,55,Youth
37705,F,70,Youth
37706,M,58,Family
37707,F,50,Youth
37708,M,38,Youth
37709,M,53,Enterprise
37710,M,51,Premium
37711,F,23,Youth
37712,F,59,Premium
37713,M,58,Enterprise
37714,M,34,Enterprise
37715,M,65,Family
37716,F,49,Premium
37717,F,50,Family
37718,M,47,Family
37719,F,26,Premium
37720,F,67,Youth
37721,F,42,Premium
37722,M,55,Premium
37723,M,30,Premium
37724,M,40,Enterprise
37725,M,49,Youth
37726,F,61,Family
37727,M,67,Premium
37728,F,35,Youth
37729,M,54,Premium
37730,M,45,Family
37731,M,37,Family
37732,M,45,Enterprise
37733,M,69,Premium
37734,M,27,Premium
37735,F,59,Youth
37736,F,56,Enterprise
37737,M,68,Youth
37738,M,44,Premium
37739,F,67,Enterprise
37740,M,19,Enterprise
37741,M,30,Enterprise
37742,F,42,Youth
37743,M,46,Enterprise
37744,M,21,Enterprise
37745,M,65,Enterprise
37746,M,54,Enterprise
37747,M,29,Family
37748,M,20,Enterprise
37749,M,36,Premium
37750,M,43,Family
37751,M,21,Youth
37752,F,21,Premium
37753,F,35,Family
37754,F,22,Family
37755,F,18,Family
37756,M,39,Family
37757,M,48,Family
37758,F,68,Family
37759,F,58,Enterprise
37760,M,23,Youth
37761,M,28,Enterprise
37762,F,24,Youth
37763,F,64,Family
37764,F,23,Premium
37765,F,67,Enterprise
37766,M,30,Premium
37767,F,62,Enterprise
37768,F,48,Premium
37769,M,62,Premium
37770,M,63,Family
37771,M,66,Enterprise
37772,M,63,Youth
37773,M,53,Premium
37774,M,31,Enterprise
37775,F,38,Youth
37776,F,23,Premium
37777,M,60,Youth
37778,M,31,Youth
37779,M,33,Premium
37780,F,25,Youth
37781,M,25,Youth
37782,F,29,Youth
37783,M,28,Family
37784,F,37,Enterprise
37785,M,39,Family
37786,M,35,Premium
37787,F,18,Enterprise
37788,M,70,Enterprise
37789,F,49,Premium
37790,M,27,Youth
37791,F,51,Premium
37792,F,70,Enterprise
37793,F,29,Premium
37794,F,25,Premium
37795,F,67,Premium
37796,F,63,Youth
37797,M,42,Youth
37798,F,54,Enterprise
37799,F,23,Youth
37800,F,42,Enterprise
37801,M,43,Family
37802,F,48,Enterprise
37803,F,51,Premium
37804,M,63,Youth
37805,F,49,Youth
37806,M,33,Family
37807,M,65,Enterprise
37808,F,38,Family
37809,F,23,Youth
37810,F,36,Youth
37811,F,26,Premium
37812,M,51,Family
37813,M,60,Family
37814,F,24,Enterprise
37815,F,18,Enterprise
37816,F,40,Premium
37817,F,52,Enterprise
37818,M,24,Youth
37819,F,40,Family
37820,M,45,Enterprise
37821,M,44,Enterprise
37822,F,28,Youth
37823,M,37,Family
37824,F,44,Family
37825,F,63,Premium
37826,F,51,Premium
37827,M,52,Youth
37828,F,41,Youth
37829,M,19,Youth
37830,M,29,Premium
37831,F,52,Premium
37832,M,34,Youth
37833,F,46,Enterprise
37834,M,32,Family
37835,M,35,Family
37836,M,34,Youth
37837,F,69,Youth
37838,F,29,Enterprise
37839,F,70,Enterprise
37840,F,51,Enterprise
37841,F,68,Premium
37842,F,59,Youth
37843,F,65,Enterprise
37844,F,44,Youth
37845,F,49,Family
37846,F,18,Enterprise
37847,M,25,Premium
37848,M,23,Family
37849,M,38,Youth
37850,M,55,Youth
37851,M,40,Youth
37852,F,63,Youth
37853,F,28,Family
37854,F,27,Premium
37855,F,46,Family
37856,M,60,Youth
37857,F,55,Family
37858,F,70,Premium
37859,F,49,Premium
37860,M,28,Premium
37861,M,57,Family
37862,F,47,Youth
37863,M,63,Premium
37864,M,62,Youth
37865,F,59,Premium
37866,M,56,Family
37867,M,49,Enterprise
37868,M,18,Premium
37869,F,20,Family
37870,F,43,Youth
37871,M,57,Enterprise
37872,F,32,Family
37873,M,36,Youth
37874,F,49,Premium
37875,F,31,Premium
37876,M,26,Enterprise
37877,M,37,Premium
37878,F,57,Youth
37879,M,63,Family
37880,M,60,Premium
37881,M,32,Family
37882,F,69,Youth
37883,M,69,Premium
37884,F,21,Family
37885,F,60,Family
37886,M,68,Enterprise
37887,F,22,Family
37888,M,49,Family
37889,F,57,Family
37890,M,50,Youth
37891,F,36,Premium
37892,F,41,Enterprise
37893,M,37,Youth
37894,M,25,Family
37895,F,56,Premium
37896,M,61,Family
37897,M,37,Enterprise
37898,M,55,Enterprise
37899,F,50,Premium
37900,M,68,Premium
37901,F,60,Enterprise
37902,F,32,Youth
37903,F,26,Family
37904,M,37,Enterprise
37905,M,68,Youth
37906,M,59,Family
37907,F,51,Family
37908,M,27,Youth
37909,F,42,Enterprise
37910,M,23,Enterprise
37911,M,33,Youth
37912,M,30,Enterprise
37913,F,39,Enterprise
37914,F,59,Family
37915,M,34,Enterprise
37916,F,70,Premium
37917,M,50,Enterprise
37918,M,35,Enterprise
37919,F,20,Enterprise
37920,F,20,Enterprise
37921,M,60,Enterprise
37922,M,58,Enterprise
37923,F,49,Enterprise
37924,M,66,Enterprise
37925,F,37,Premium
37926,M,32,Family
37927,M,67,Premium
37928,M,66,Family
37929,F,29,Youth
37930,F,70,Premium
37931,F,48,Youth
37932,F,65,Enterprise
37933,M,67,Premium
37934,F,22,Premium
37935,F,43,Youth
37936,M,45,Youth
37937,M,27,Youth
37938,F,58,Enterprise
37939,M,38,Enterprise
37940,M,38,Enterprise
37941,M,36,Family
37942,F,52,Enterprise
37943,F,22,Premium
37944,M,49,Enterprise
37945,M,49,Premium
37946,F,21,Enterprise
37947,F,41,Enterprise
37948,F,25,Enterprise
37949,M,22,Premium
37950,F,26,Youth
37951,M,40,Family
37952,F,19,Enterprise
37953,F,49,Youth
37954,M,64,Enterprise
37955,M,63,Youth
37956,M,66,Youth
37957,F,23,Youth
37958,F,21,Premium
37959,M,29,Youth
37960,M,38,Premium
37961,F,31,Youth
37962,M,64,Enterprise
37963,M,35,Youth
37964,M,63,Premium
37965,M,42,Family
37966,F,27,Premium
37967,F,26,Family
37968,M,68,Enterprise
37969,F,42,Enterprise
37970,F,46,Enterprise
37971,F,19,Family
37972,F,26,Enterprise
37973,F,29,Youth
37974,F,70,Family
37975,F,29,Youth
37976,F,59,Enterprise
37977,M,28,Premium
37978,M,53,Premium
37979,F,63,Enterprise
37980,M,18,Enterprise
37981,F,49,Enterprise
37982,M,43,Family
37983,F,42,Premium
37984,F,70,Youth
37985,F,28,Enterprise
37986,M,46,Family
37987,M,28,Youth
37988,F,41,Youth
37989,F,36,Youth
37990,F,23,Family
37991,F,38,Family
37992,M,28,Youth
37993,F,29,Youth
37994,F,58,Youth
37995,F,57,Family
37996,F,33,Youth
37997,M,48,Youth
37998,F,19,Family
37999,F,49,Enterprise
38000,M,48,Youth
38001,M,20,Family
38002,F,27,Enterprise
38003,M,41,Family
38004,F,20,Youth
38005,M,50,Youth
38006,F,33,Premium
38007,F,41,Enterprise
38008,M,43,Enterprise
38009,M,43,Enterprise
38010,M,56,Family
38011,F,29,Premium
38012,F,62,Premium
38013,M,58,Youth
38014,M,61,Youth
38015,M,63,Enterprise
38016,M,43,Youth
38017,M,36,Family
38018,F,37,Enterprise
38019,F,51,Enterprise
38020,M,20,Family
38021,F,30,Enterprise
38022,F,29,Youth
38023,M,50,Family
38024,M,32,Family
38025,F,41,Premium
38026,F,37,Youth
38027,F,60,Premium
38028,F,29,Family
38029,F,20,Enterprise
38030,M,21,Premium
38031,F,36,Family
38032,M,21,Enterprise
38033,F,18,Family
38034,F,18,Enterprise
38035,M,44,Family
38036,F,20,Family
38037,M,51,Youth
38038,F,47,Premium
38039,F,30,Enterprise
38040,F,28,Family
38041,M,37,Enterprise
38042,M,29,Enterprise
38043,F,52,Youth
38044,F,58,Enterprise
38045,M,38,Premium
38046,F,50,Premium
38047,F,33,Enterprise
38048,F,47,Youth
38049,F,55,Enterprise
38050,F,40,Premium
38051,F,32,Enterprise
38052,F,42,Youth
38053,F,64,Family
38054,F,49,Premium
38055,M,65,Enterprise
38056,F,44,Enterprise
38057,M,30,Family
38058,M,33,Family
38059,M,37,Family
38060,M,19,Family
38061,M,60,Youth
38062,M,32,Family
38063,F,43,Youth
38064,M,35,Premium
38065,F,28,Premium
38066,F,50,Youth
38067,F,45,Premium
38068,F,40,Premium
38069,M,66,Family
38070,F,23,Family
38071,F,58,Enterprise
38072,M,19,Family
38073,M,23,Enterprise
38074,M,60,Enterprise
38075,F,32,Enterprise
38076,M,45,Premium
38077,F,47,Family
38078,M,41,Premium
38079,M,53,Family
38080,M,37,Family
38081,F,28,Youth
38082,F,23,Family
38083,M,51,Premium
38084,M,48,Family
38085,F,35,Enterprise
38086,M,31,Premium
38087,F,57,Family
38088,M,36,Enterprise
38089,M,64,Family
38090,M,44,Family
38091,M,20,Family
38092,M,45,Youth
38093,F,26,Enterprise
38094,M,69,Enterprise
38095,M,66,Family
38096,F,37,Youth
38097,F,43,Family
38098,F,27,Enterprise
38099,M,31,Enterprise
38100,F,38,Premium
38101,M,70,Enterprise
38102,F,23,Youth
38103,M,43,Family
38104,M,68,Family
38105,M,19,Youth
38106,M,25,Youth
38107,M,70,Youth
38108,F,49,Premium
38109,F,24,Family
38110,M,47,Youth
38111,F,62,Premium
38112,F,61,Family
38113,M,68,Family
38114,M,64,Youth
38115,M,62,Family
38116,M,60,Family
38117,F,69,Premium
38118,F,61,Premium
38119,M,69,Youth
38120,M,25,Family
38121,M,34,Family
38122,M,25,Family
38123,F,22,Premium
38124,M,23,Youth
38125,F,50,Family
38126,M,32,Premium
38127,F,46,Family
38128,M,56,Youth
38129,M,22,Youth
38130,M,64,Family
38131,M,29,Family
38132,M,25,Premium
38133,M,47,Youth
38134,M,22,Enterprise
38135,M,26,Youth
38136,M,27,Enterprise
38137,F,53,Family
38138,M,58,Youth
38139,F,49,Premium
38140,F,18,Enterprise
38141,M,35,Enterprise
38142,M,51,Premium
38143,F,46,Youth
38144,M,56,Premium
38145,F,61,Youth
38146,M,36,Youth
38147,M,56,Family
38148,M,39,Family
38149,F,24,Youth
38150,F,49,Family
38151,M,46,Enterprise
38152,F,55,Enterprise
38153,F,53,Enterprise
38154,F,56,Youth
38155,M,21,Family
38156,F,62,Premium
38157,F,51,Family
38158,F,54,Youth
38159,M,57,Enterprise
38160,M,35,Youth
38161,F,40,Premium
38162,M,27,Premium
38163,M,37,Youth
38164,M,63,Enterprise
38165,M,36,Premium
38166,F,20,Family
38167,F,69,Premium
38168,F,66,Youth
38169,M,54,Youth
38170,F,29,Enterprise
38171,F,47,Youth
38172,F,20,Family
38173,F,65,Family
38174,M,63,Enterprise
38175,F,26,Youth
38176,F,34,Family
38177,M,35,Youth
38178,M,33,Premium
38179,F,54,Premium
38180,F,52,Family
38181,M,48,Family
38182,M,36,Family
38183,M,65,Youth
38184,F,40,Family
38185,M,30,Youth
38186,M,65,Family
38187,M,67,Premium
38188,F,70,Premium
38189,F,20,Enterprise
38190,F,51,Youth
38191,F,58,Enterprise
38192,M,39,Youth
38193,F,29,Premium
38194,F,36,Premium
38195,F,35,Family
38196,M,35,Enterprise
38197,M,42,Premium
38198,F,31,Family
38199,M,64,Youth
38200,M,39,Family
38201,M,29,Family
38202,M,23,Youth
38203,M,45,Enterprise
38204,M,28,Enterprise
38205,M,49,Enterprise
38206,F,24,Family
38207,F,44,Family
38208,M,43,Premium
38209,M,52,Premium
38210,M,47,Enterprise
38211,F,68,Family
38212,F,59,Premium
38213,M,22,Family
38214,M,59,Youth
38215,M,69,Youth
38216,M,63,Enterprise
38217,F,21,Youth
38218,F,68,Family
38219,M,30,Youth
38220,M,30,Family
38221,M,52,Youth
38222,M,40,Premium
38223,M,19,Premium
38224,F,69,Family
38225,F,54,Premium
38226,M,20,Youth
38227,M,31,Youth
38228,M,22,Enterprise
38229,F,60,Premium
38230,F,30,Family
38231,F,58,Youth
38232,F,19,Youth
38233,M,67,Family
38234,M,26,Enterprise
38235,F,33,Enterprise
38236,F,63,Family
38237,F,56,Premium
38238,F,56,Youth
38239,M,43,Enterprise
38240,M,33,Premium
38241,M,44,Family
38242,F,19,Premium
38243,F,55,Youth
38244,F,51,Premium
38245,F,34,Premium
38246,M,19,Premium
38247,M,57,Enterprise
38248,F,56,Youth
38249,F,35,Youth
38250,M,34,Youth
38251,F,36,Enterprise
38252,F,30,Family
38253,M,70,Family
38254,M,57,Youth
38255,F,44,Youth
38256,F,21,Family
38257,M,64,Youth
38258,F,33,Premium
38259,F,60,Family
38260,M,30,Premium
38261,F,18,Premium
38262,M,52,Youth
38263,M,69,Premium
38264,F,48,Youth
38265,M,62,Youth
38266,M,55,Youth
38267,F,42,Enterprise
38268,M,31,Family
38269,F,58,Premium
38270,M,43,Family
38271,M,64,Enterprise
38272,M,42,Family
38273,M,61,Enterprise
38274,M,35,Premium
38275,M,39,Premium
38276,M,64,Enterprise
38277,F,43,Enterprise
38278,M,53,Family
38279,F,28,Youth
38280,F,23,Premium
38281,F,69,Family
38282,F,24,Enterprise
38283,F,51,Family
38284,M,59,Premium
38285,M,40,Premium
38286,M,44,Premium
38287,M,57,Premium
38288,F,43,Enterprise
38289,M,33,Enterprise
38290,M,39,Youth
38291,F,49,Youth
38292,M,48,Family
38293,F,41,Youth
38294,F,67,Enterprise
38295,F,41,Enterprise
38296,F,57,Youth
38297,M,50,Enterprise
38298,F,22,Youth
38299,M,34,Family
38300,M,70,Enterprise
38301,F,23,Premium
38302,M,21,Enterprise
38303,M,27,Premium
38304,F,30,Family
38305,F,44,Premium
38306,M,32,Premium
38307,M,55,Premium
38308,F,20,Youth
38309,F,18,Family
38310,F,38,Family
38311,F,32,Enterprise
38312,M,48,Premium
38313,M,48,Youth
38314,F,63,Enterprise
38315,M,18,Premium
38316,F,62,Youth
38317,F,38,Youth
38318,F,39,Enterprise
38319,F,70,Family
38320,F,68,Premium
38321,F,54,Enterprise
38322,M,42,Family
38323,M,34,Youth
38324,M,39,Premium
38325,F,50,Family
38326,F,29,Enterprise
38327,M,26,Premium
38328,M,52,Youth
38329,M,22,Premium
38330,F,37,Premium
38331,M,18,Youth
38332,F,41,Premium
38333,F,24,Enterprise
38334,F,58,Premium
38335,F,46,Youth
38336,F,42,Family
38337,M,50,Enterprise
38338,M,67,Premium
38339,F,64,Enterprise
38340,M,43,Enterprise
38341,M,25,Youth
38342,M,55,Youth
38343,F,61,Enterprise
38344,F,56,Premium
38345,M,33,Enterprise
38346,F,24,Family
38347,F,55,Enterprise
38348,M,18,Enterprise
38349,M,18,Youth
38350,M,27,Youth
38351,M,39,Enterprise
38352,M,43,Family
38353,M,32,Premium
38354,F,61,Enterprise
38355,M,53,Youth
38356,M,61,Premium
38357,F,58,Youth
38358,M,19,Family
38359,F,26,Youth
38360,F,69,Family
38361,F,18,Family
38362,F,65,Youth
38363,M,42,Family
38364,M,60,Youth
38365,F,45,Premium
38366,F,53,Youth
38367,M,37,Youth
38368,F,56,Family
38369,M,64,Enterprise
38370,M,35,Premium
38371,F,70,Enterprise
38372,F,35,Family
38373,M,69,Enterprise
38374,F,25,Youth
38375,F,59,Enterprise
38376,F,30,Premium
38377,M,55,Youth
38378,M,59,Family
38379,F,36,Premium
38380,M,32,Youth
38381,F,59,Premium
38382,M,54,Youth
38383,F,69,Family
38384,M,19,Premium
38385,M,31,Youth
38386,M,28,Premium
38387,M,65,Enterprise
38388,M,41,Premium
38389,M,62,Youth
38390,M,45,Enterprise
38391,M,40,Youth
38392,M,50,Enterprise
38393,M,34,Family
38394,M,34,Enterprise
38395,M,26,Family
38396,M,28,Youth
38397,F,43,Enterprise
38398,M,42,Family
38399,M,67,Youth
38400,F,66,Premium
38401,M,53,Youth
38402,F,27,Premium
38403,F,67,Family
38404,M,55,Enterprise
38405,F,53,Family
38406,M,55,Family
38407,M,33,Youth
38408,F,44,Enterprise
38409,M,53,Premium
38410,M,19,Youth
38411,M,34,Family
38412,F,28,Youth
38413,M,49,Family
38414,M,51,Enterprise
38415,F,50,Premium
38416,M,39,Premium
38417,M,27,Enterprise
38418,M,46,Premium
38419,M,38,Youth
38420,F,63,Enterprise
38421,M,27,Family
38422,F,33,Premium
38423,M,37,Premium
38424,F,49,Youth
38425,M,53,Youth
38426,M,57,Family
38427,M,26,Premium
38428,M,62,Family
38429,F,60,Youth
38430,M,61,Premium
38431,M,61,Youth
38432,M,27,Youth
38433,F,50,Enterprise
38434,M,58,Premium
38435,M,50,Premium
38436,F,63,Family
38437,F,26,Family
38438,M,68,Family
38439,F,18,Youth
38440,M,41,Youth
38441,F,23,Enterprise
38442,F,61,Youth
38443,F,36,Premium
38444,M,50,Youth
38445,F,57,Family
38446,F,63,Family
38447,M,54,Premium
38448,M,23,Enterprise
38449,F,31,Youth
38450,M,65,Enterprise
38451,F,20,Youth
38452,M,64,Premium
38453,M,38,Enterprise
38454,M,33,Youth
38455,M,24,Premium
38456,F,25,Family
38457,M,53,Enterprise
38458,M,57,Youth
38459,F,63,Premium
38460,M,46,Family
38461,F,20,Family
38462,F,62,Family
38463,F,70,Family
38464,F,63,Family
38465,M,63,Family
38466,F,23,Family
38467,F,67,Youth
38468,F,38,Premium
38469,F,39,Premium
38470,M,42,Enterprise
38471,M,26,Family
38472,F,34,Premium
38473,F,56,Enterprise
38474,F,39,Family
38475,F,20,Enterprise
38476,M,29,Enterprise
38477,F,49,Youth
38478,F,29,Enterprise
38479,F,35,Youth
38480,M,61,Premium
38481,M,36,Premium
38482,F,49,Family
38483,F,34,Family
38484,F,67,Premium
38485,M,34,Enterprise
38486,F,69,Youth
38487,F,69,Premium
38488,F,44,Youth
38489,F,60,Youth
38490,F,37,Family
38491,F,44,Premium
38492,F,55,Premium
38493,M,51,Youth
38494,F,49,Premium
38495,M,32,Enterprise
38496,F,44,Premium
38497,F,67,Family
38498,M,39,Youth
38499,M,50,Family
38500,M,41,Youth
38501,M,37,Family
38502,F,53,Youth
38503,M,68,Family
38504,F,60,Family
38505,F,55,Youth
38506,M,31,Premium
38507,M,46,Premium
38508,F,40,Youth
38509,M,49,Enterprise
38510,M,41,Premium
38511,M,23,Family
38512,F,57,Enterprise
38513,M,35,Family
38514,M,49,Family
38515,F,48,Enterprise
38516,M,33,Youth
38517,F,35,Youth
38518,F,37,Enterprise
38519,F,22,Premium
38520,M,53,Premium
38521,M,67,Family
38522,M,38,Youth
38523,F,44,Enterprise
38524,M,48,Youth
38525,M,48,Premium
38526,M,21,Enterprise
38527,M,57,Family
38528,F,61,Family
38529,F,54,Premium
38530,F,43,Premium
38531,F,70,Youth
38532,F,63,Youth
38533,F,38,Youth
38534,F,62,Family
38535,M,70,Youth
38536,M,50,Enterprise
38537,F,27,Premium
38538,F,56,Premium
38539,F,48,Premium
38540,M,29,Youth
38541,F,65,Enterprise
38542,M,58,Premium
38543,M,34,Enterprise
38544,M,42,Family
38545,M,25,Premium
38546,M,35,Enterprise
38547,M,64,Family
38548,M,25,Enterprise
38549,F,49,Family
38550,M,44,Family
38551,M,53,Youth
38552,M,67,Youth
38553,F,31,Enterprise
38554,M,25,Premium
38555,F,18,Family
38556,M,42,Youth
38557,F,20,Youth
38558,F,47,Enterprise
38559,M,30,Enterprise
38560,F,51,Youth
38561,M,69,Youth
38562,M,21,Youth
38563,M,36,Youth
38564,F,26,Enterprise
38565,M,35,Youth
38566,F,23,Premium
38567,M,68,Youth
38568,M,39,Premium
38569,F,33,Family
38570,M,45,Premium
38571,F,47,Enterprise
38572,M,56,Enterprise
38573,M,55,Family
38574,F,30,Family
38575,M,68,Enterprise
38576,F,45,Youth
38577,M,27,Family
38578,F,30,Youth
38579,F,32,Enterprise
38580,M,60,Family
38581,M,39,Enterprise
38582,F,37,Premium
38583,M,26,Youth
38584,F,64,Youth
38585,F,38,Premium
38586,M,46,Family
38587,F,33,Family
38588,M,67,Premium
38589,F,36,Family
38590,M,57,Premium
38591,F,50,Enterprise
38592,M,57,Enterprise
38593,F,47,Youth
38594,F,69,Family
38595,F,49,Family
38596,F,40,Youth
38597,M,55,Youth
38598,M,18,Youth
38599,F,34,Premium
38600,M,69,Enterprise
38601,M,45,Enterprise
38602,F,37,Family
38603,F,44,Family
38604,M,59,Premium
38605,M,41,Youth
38606,M,64,Youth
38607,M,61,Family
38608,M,55,Family
38609,M,24,Enterprise
38610,F,22,Youth
38611,M,42,Family
38612,M,55,Premium
38613,F,30,Family
38614,F,56,Youth
38615,M,35,Family
38616,M,50,Youth
38617,F,60,Family
38618,F,60,Premium
38619,M,65,Family
38620,M,55,Family
38621,F,69,Enterprise
38622,M,65,Youth
38623,M,45,Family
38624,M,62,Enterprise
38625,F,43,Family
38626,F,48,Youth
38627,F,37,Enterprise
38628,M,56,Family
38629,M,25,Enterprise
38630,F,52,Youth
38631,M,30,Enterprise
38632,F,67,Family
38633,M,49,Enterprise
38634,M,25,Family
38635,F,40,Premium
38636,M,47,Enterprise
38637,M,52,Premium
38638,M,21,Enterprise
38639,M,49,Family
38640,F,36,Family
38641,F,21,Enterprise
38642,M,34,Enterprise
38643,F,55,Enterprise
38644,F,37,Youth
38645,M,53,Youth
38646,F,31,Premium
38647,M,35,Family
38648,F,48,Youth
38649,F,70,Family
38650,F,32,Premium
38651,F,66,Enterprise
38652,F,38,Youth
38653,F,30,Enterprise
38654,F,42,Youth
38655,F,58,Enterprise
38656,F,23,Enterprise
38657,F,51,Premium
38658,F,48,Premium
38659,M,21,Enterprise
38660,F,44,Premium
38661,F,42,Youth
38662,M,63,Enterprise
38663,M,50,Premium
38664,M,46,Family
38665,F,24,Premium
38666,F,43,Enterprise
38667,M,45,Youth
38668,M,47,Enterprise
38669,F,24,Enterprise
38670,M,18,Family
38671,M,54,Premium
38672,M,32,Premium
38673,M,47,Premium
38674,F,24,Premium
38675,M,63,Youth
38676,M,63,Enterprise
38677,M,42,Premium
38678,F,35,Premium
38679,F,46,Family
38680,M,32,Family
38681,F,60,Premium
38682,M,68,Family
38683,F,45,Family
38684,M,69,Enterprise
38685,F,64,Enterprise
38686,M,52,Premium
38687,M,61,Youth
38688,M,39,Enterprise
38689,F,33,Family
38690,F,63,Enterprise
38691,M,23,Enterprise
38692,M,27,Enterprise
38693,F,40,Enterprise
38694,F,39,Family
38695,F,32,Premium
38696,F,60,Youth
38697,M,58,Premium
38698,M,44,Premium
38699,F,43,Premium
38700,M,26,Enterprise
38701,M,41,Enterprise
38702,F,43,Youth
38703,F,23,Family
38704,M,34,Enterprise
38705,M,42,Youth
38706,F,37,Youth
38707,F,60,Enterprise
38708,F,67,Youth
38709,M,39,Enterprise
38710,M,65,Family
38711,F,22,Enterprise
38712,M,63,Enterprise
38713,M,60,Youth
38714,M,44,Premium
38715,M,51,Enterprise
38716,F,66,Enterprise
38717,M,64,Family
38718,M,58,Youth
38719,M,48,Premium
38720,M,68,Family
38721,M,40,Family
38722,F,24,Enterprise
38723,F,65,Family
38724,F,68,Enterprise
38725,M,63,Youth
38726,M,38,Family
38727,F,48,Enterprise
38728,F,45,Family
38729,M,24,Enterprise
38730,F,65,Family
38731,M,54,Youth
38732,F,22,Youth
38733,M,36,Family
38734,F,67,Youth
38735,M,20,Youth
38736,M,61,Premium
38737,M,60,Youth
38738,F,20,Family
38739,F,59,Enterprise
38740,M,58,Family
38741,M,56,Enterprise
38742,M,19,Family
38743,F,37,Youth
38744,F,25,Premium
38745,F,41,Youth
38746,M,48,Enterprise
38747,M,47,Family
38748,M,41,Enterprise
38749,M,47,Youth
38750,F,49,Family
38751,F,31,Premium
38752,M,59,Family
38753,F,39,Premium
38754,M,41,Youth
38755,M,34,Premium
38756,M,25,Youth
38757,M,38,Family
38758,M,49,Youth
38759,F,26,Youth
38760,F,27,Youth
38761,F,53,Enterprise
38762,F,18,Premium
38763,M,65,Family
38764,M,62,Youth
38765,F,55,Family
38766,F,62,Enterprise
38767,M,64,Family
38768,M,20,Enterprise
38769,F,63,Youth
38770,M,55,Enterprise
38771,M,60,Premium
38772,F,21,Enterprise
38773,M,46,Premium
38774,M,68,Enterprise
38775,M,45,Family
38776,F,66,Enterprise
38777,M,52,Family
38778,M,25,Premium
38779,M,57,Premium
38780,M,54,Youth
38781,F,19,Family
38782,M,59,Enterprise
38783,F,55,Family
38784,F,60,Youth
38785,F,48,Youth
38786,M,59,Premium
38787,F,63,Youth
38788,F,31,Premium
38789,F,53,Premium
38790,F,58,Youth
38791,M,54,Premium
38792,F,64,Enterprise
38793,F,52,Premium
38794,M,70,Youth
38795,M,44,Enterprise
38796,M,36,Family
38797,M,60,Premium
38798,M,18,Premium
38799,M,30,Enterprise
38800,F,57,Youth
38801,F,58,Enterprise
38802,F,43,Premium
38803,M,50,Youth
38804,M,70,Family
38805,F,38,Youth
38806,F,61,Premium
38807,F,48,Family
38808,M,44,Premium
38809,M,58,Enterprise
38810,F,28,Premium
38811,F,60,Youth
38812,F,51,Family
38813,M,47,Family
38814,M,60,Enterprise
38815,M,65,Family
38816,M,41,Premium
38817,F,24,Youth
38818,F,63,Family
38819,M,53,Premium
38820,M,56,Enterprise
38821,M,63,Premium
38822,M,38,Enterprise
38823,F,18,Premium
38824,F,38,Enterprise
38825,M,42,Enterprise
38826,F,22,Premium
38827,F,49,Enterprise
38828,F,70,Enterprise
38829,M,49,Premium
38830,F,40,Premium
38831,F,30,Youth
38832,M,64,Youth
38833,F,63,Enterprise
38834,F,47,Youth
38835,M,32,Enterprise
38836,F,18,Youth
38837,F,30,Family
38838,F,46,Youth
38839,F,42,Family
38840,F,65,Enterprise
38841,F,20,Premium
38842,M,36,Youth
38843,F,62,Youth
38844,F,65,Premium
38845,F,35,Premium
38846,F,46,Youth
38847,F,43,Enterprise
38848,M,48,Youth
38849,F,21,Youth
38850,F,49,Youth
38851,F,65,Family
38852,F,62,Premium
38853,M,41,Enterprise
38854,F,37,Premium
38855,F,43,Youth
38856,F,53,Premium
38857,F,46,Youth
38858,M,30,Premium
38859,F,48,Family
38860,F,54,Youth
38861,M,26,Enterprise
38862,F,21,Enterprise
38863,M,61,Enterprise
38864,M,47,Youth
38865,M,48,Premium
38866,F,64,Enterprise
38867,M,28,Family
38868,M,66,Youth
38869,M,48,Youth
38870,M,24,Premium
38871,M,52,Family
38872,F,20,Family
38873,F,45,Enterprise
38874,M,70,Youth
38875,M,31,Family
38876,M,48,Enterprise
38877,M,67,Premium
38878,F,64,Enterprise
38879,F,45,Family
38880,M,46,Premium
38881,F,19,Youth
38882,M,50,Youth
38883,F,44,Enterprise
38884,M,51,Premium
38885,F,67,Family
38886,M,42,Family
38887,M,21,Enterprise
38888,M,62,Premium
38889,M,58,Family
38890,F,32,Premium
38891,M,25,Premium
38892,M,22,Enterprise
38893,F,42,Enterprise
38894,F,49,Family
38895,F,38,Premium
38896,F,36,Family
38897,F,24,Premium
38898,M,61,Premium
38899,M,61,Premium
38900,M,23,Enterprise
38901,F,59,Enterprise
38902,M,50,Family
38903,M,47,Youth
38904,M,33,Enterprise
38905,M,53,Enterprise
38906,F,50,Premium
38907,M,51,Family
38908,M,63,Family
38909,F,49,Premium
38910,M,56,Premium
38911,M,46,Premium
38912,M,20,Family
38913,F,56,Youth
38914,M,59,Family
38915,F,21,Enterprise
38916,M,26,Enterprise
38917,F,52,Premium
38918,M,54,Youth
38919,F,62,Youth
38920,F,51,Youth
38921,M,33,Youth
38922,M,63,Youth
38923,M,27,Enterprise
38924,M,40,Enterprise
38925,F,45,Premium
38926,F,29,Enterprise
38927,M,23,Enterprise
38928,F,66,Enterprise
38929,M,44,Youth
38930,M,42,Premium
38931,M,41,Premium
38932,M,62,Youth
38933,F,56,Enterprise
38934,M,45,Enterprise
38935,M,48,Youth
38936,F,51,Enterprise
38937,M,66,Premium
38938,M,59,Premium
38939,M,47,Youth
38940,F,57,Premium
38941,F,33,Youth
38942,M,31,Premium
38943,F,32,Youth
38944,M,50,Youth
38945,M,39,Enterprise
38946,F,39,Enterprise
38947,F,35,Youth
38948,F,41,Enterprise
38949,F,53,Family
38950,M,65,Family
38951,F,23,Enterprise
38952,M,45,Enterprise
38953,F,59,Family
38954,F,53,Premium
38955,M,21,Premium
38956,F,23,Family
38957,M,57,Family
38958,F,54,Premium
38959,F,18,Enterprise
38960,M,49,Premium
38961,F,59,Premium
38962,M,57,Youth
38963,M,56,Enterprise
38964,M,56,Youth
38965,M,30,Premium
38966,M,39,Premium
38967,F,46,Youth
38968,M,60,Youth
38969,F,33,Enterprise
38970,M,57,Premium
38971,M,61,Family
38972,F,58,Youth
38973,F,48,Enterprise
38974,F,52,Premium
38975,F,45,Premium
38976,F,42,Premium
38977,M,29,Family
38978,M,43,Youth
38979,M,29,Family
38980,M,36,Premium
38981,F,56,Enterprise
38982,F,40,Premium
38983,F,51,Enterprise
38984,F,44,Family
38985,F,21,Family
38986,F,57,Youth
38987,F,69,Youth
38988,F,57,Enterprise
38989,M,39,Youth
38990,F,46,Premium
38991,M,53,Family
38992,F,20,Youth
38993,M,34,Youth
38994,F,58,Premium
38995,F,43,Family
38996,F,20,Youth
38997,M,37,Enterprise
38998,M,50,Family
38999,F,66,Family
39000,M,27,Family
39001,F,69,Premium
39002,M,30,Premium
39003,M,34,Enterprise
39004,F,21,Enterprise
39005,F,22,Youth
39006,M,64,Youth
39007,M,65,Family
39008,M,66,Family
39009,F,43,Family
39010,F,28,Enterprise
39011,F,41,Enterprise
39012,M,31,Youth
39013,M,23,Family
39014,M,21,Enterprise
39015,F,53,Enterprise
39016,F,19,Family
39017,F,62,Premium
39018,M,30,Premium
39019,M,32,Youth
39020,M,49,Enterprise
39021,F,37,Family
39022,F,36,Enterprise
39023,F,33,Family
39024,M,57,Youth
39025,M,68,Premium
39026,M,62,Family
39027,F,56,Premium
39028,M,50,Enterprise
39029,F,51,Youth
39030,M,61,Premium
39031,M,36,Premium
39032,M,57,Family
39033,F,40,Family
39034,M,33,Premium
39035,M,57,Family
39036,M,35,Family
39037,M,26,Youth
39038,F,27,Youth
39039,M,70,Enterprise
39040,F,69,Premium
39041,F,32,Family
39042,F,67,Enterprise
39043,F,26,Premium
39044,M,45,Youth
39045,M,51,Enterprise
39046,F,29,Youth
39047,F,23,Youth
39048,M,31,Youth
39049,M,18,Premium
39050,M,37,Family
39051,M,67,Family
39052,F,20,Youth
39053,M,66,Premium
39054,M,30,Youth
39055,M,43,Premium
39056,M,57,Youth
39057,F,68,Family
39058,F,51,Youth
39059,M,30,Family
39060,M,56,Youth
39061,M,49,Premium
39062,M,23,Family
39063,M,43,Enterprise
39064,M,31,Premium
39065,F,48,Enterprise
39066,F,43,Enterprise
39067,M,62,Family
39068,F,48,Enterprise
39069,F,67,Family
39070,F,18,Enterprise
39071,F,38,Premium
39072,M,38,Family
39073,F,19,Enterprise
39074,F,36,Premium
39075,F,46,Youth
39076,M,67,Youth
39077,M,19,Enterprise
39078,F,47,Premium
39079,M,18,Enterprise
39080,M,47,Premium
39081,F,70,Youth
39082,F,39,Premium
39083,F,44,Premium
39084,F,64,Premium
39085,F,57,Youth
39086,M,52,Family
39087,M,43,Premium
39088,F,19,Enterprise
39089,F,35,Enterprise
39090,M,44,Premium
39091,M,28,Premium
39092,F,58,Family
39093,M,32,Enterprise
39094,M,18,Premium
39095,F,60,Enterprise
39096,M,58,Family
39097,M,66,Premium
39098,M,70,Premium
39099,F,25,Family
39100,F,38,Enterprise
39101,F,65,Enterprise
39102,M,44,Premium
39103,F,36,Youth
39104,F,63,Premium
39105,F,67,Youth
39106,F,47,Enterprise
39107,F,23,Enterprise
39108,M,28,Enterprise
39109,F,18,Premium
39110,M,28,Premium
39111,M,43,Enterprise
39112,M,61,Family
39113,M,43,Youth
39114,F,64,Youth
39115,M,69,Premium
39116,M,33,Youth
39117,F,70,Family
39118,M,36,Youth
39119,F,53,Family
39120,M,30,Youth
39121,M,40,Enterprise
39122,M,69,Premium
39123,F,19,Enterprise
39124,F,58,Youth
39125,M,23,Premium
39126,M,26,Youth
39127,M,42,Family
39128,F,60,Premium
39129,F,52,Youth
39130,M,42,Premium
39131,M,36,Enterprise
39132,M,41,Premium
39133,M,52,Family
39134,M,40,Youth
39135,M,39,Family
39136,F,20,Youth
39137,F,41,Premium
39138,F,55,Enterprise
39139,M,68,Premium
39140,M,24,Premium
39141,F,65,Premium
39142,M,37,Enterprise
39143,F,20,Premium
39144,M,47,Youth
39145,F,32,Youth
39146,F,52,Youth
39147,M,63,Family
39148,F,32,Premium
39149,M,22,Premium
39150,M,63,Youth
39151,F,51,Premium
39152,M,20,Enterprise
39153,F,60,Premium
39154,F,47,Enterprise
39155,M,62,Enterprise
39156,F,69,Premium
39157,M,51,Enterprise
39158,M,39,Youth
39159,F,31,Premium
39160,M,24,Premium
39161,M,58,Family
39162,F,21,Premium
39163,F,25,Family
39164,F,22,Youth
39165,M,51,Youth
39166,F,63,Premium
39167,M,37,Enterprise
39168,F,28,Enterprise
39169,F,53,Premium
39170,F,34,Enterprise
39171,M,32,Enterprise
39172,F,21,Premium
39173,M,56,Youth
39174,M,37,Youth
39175,F,52,Premium
39176,F,59,Enterprise
39177,M,32,Youth
39178,F,50,Enterprise
39179,F,67,Youth
39180,F,29,Family
39181,M,41,Youth
39182,M,37,Family
39183,M,61,Family
39184,F,57,Premium
39185,F,20,Enterprise
39186,F,31,Youth
39187,M,55,Family
39188,F,50,Family
39189,M,31,Premium
39190,M,58,Premium
39191,M,51,Premium
39192,M,48,Family
39193,F,64,Youth
39194,F,55,Youth
39195,F,63,Family
39196,M,54,Youth
39197,M,50,Enterprise
39198,M,65,Premium
39199,F,43,Enterprise
39200,M,66,Youth
39201,F,60,Youth
39202,F,49,Youth
39203,F,61,Enterprise
39204,M,67,Enterprise
39205,F,62,Youth
39206,M,58,Premium
39207,M,53,Youth
39208,F,43,Family
39209,M,56,Family
39210,M,51,Enterprise
39211,F,36,Family
39212,M,59,Family
39213,F,28,Youth
39214,M,44,Youth
39215,F,45,Enterprise
39216,F,26,Family
39217,F,18,Youth
39218,M,53,Family
39219,F,60,Premium
39220,F,66,Enterprise
39221,F,52,Family
39222,M,63,Enterprise
39223,M,28,Enterprise
39224,M,36,Youth
39225,M,38,Premium
39226,F,50,Family
39227,F,53,Youth
39228,M,57,Family
39229,F,31,Youth
39230,M,29,Premium
39231,M,51,Family
39232,M,31,Youth
39233,M,41,Youth
39234,F,58,Family
39235,M,34,Premium
39236,F,52,Youth
39237,F,61,Youth
39238,F,64,Premium
39239,M,23,Premium
39240,F,23,Family
39241,M,20,Enterprise
39242,F,49,Family
39243,M,54,Youth
39244,F,51,Family
39245,F,35,Youth
39246,F,33,Family
39247,M,59,Youth
39248,M,40,Family
39249,F,29,Youth
39250,M,28,Premium
39251,M,63,Premium
39252,F,53,Premium
39253,F,24,Premium
39254,M,32,Youth
39255,F,54,Premium
39256,F,61,Youth
39257,M,68,Premium
39258,F,26,Premium
39259,F,18,Youth
39260,M,23,Enterprise
39261,M,30,Enterprise
39262,M,22,Family
39263,M,39,Enterprise
39264,F,65,Family
39265,M,40,Family
39266,M,40,Premium
39267,M,50,Youth
39268,M,49,Youth
39269,M,64,Enterprise
39270,M,32,Premium
39271,M,56,Enterprise
39272,M,70,Youth
39273,F,47,Premium
39274,F,55,Family
39275,F,49,Enterprise
39276,F,56,Family
39277,M,33,Family
39278,M,57,Family
39279,M,20,Premium
39280,M,44,Premium
39281,M,65,Premium
39282,F,21,Enterprise
39283,F,38,Youth
39284,F,70,Premium
39285,M,39,Youth
39286,F,58,Youth
39287,M,58,Youth
39288,F,63,Premium
39289,F,29,Family
39290,F,49,Enterprise
39291,F,27,Family
39292,M,32,Youth
39293,F,49,Youth
39294,M,47,Premium
39295,F,29,Youth
39296,M,49,Premium
39297,M,58,Youth
39298,F,37,Youth
39299,M,52,Family
39300,M,58,Family
39301,M,21,Enterprise
39302,M,38,Premium
39303,M,55,Youth
39304,F,27,Youth
39305,F,37,Youth
39306,F,36,Premium
39307,M,70,Enterprise
39308,F,65,Enterprise
39309,M,26,Youth
39310,F,24,Premium
39311,M,40,Enterprise
39312,F,50,Family
39313,F,58,Enterprise
39314,M,29,Family
39315,M,32,Youth
39316,M,64,Family
39317,F,57,Enterprise
39318,M,62,Enterprise
39319,M,57,Family
39320,F,28,Youth
39321,M,64,Premium
39322,M,59,Family
39323,M,46,Family
39324,M,47,Premium
39325,F,22,Family
39326,M,45,Family
39327,F,18,Premium
39328,M,53,Family
39329,M,34,Youth
39330,M,64,Family
39331,M,32,Premium
39332,F,67,Premium
39333,F,32,Premium
39334,F,40,Youth
39335,M,27,Youth
39336,M,19,Enterprise
39337,M,54,Youth
39338,F,32,Enterprise
39339,F,26,Premium
39340,M,50,Premium
39341,M,52,Family
39342,F,44,Premium
39343,M,39,Enterprise
39344,M,43,Family
39345,M,49,Family
39346,M,51,Youth
39347,F,46,Youth
39348,F,41,Premium
39349,M,55,Premium
39350,M,48,Enterprise
39351,M,35,Premium
39352,F,62,Family
39353,F,70,Premium
39354,M,26,Youth
39355,M,36,Family
39356,M,60,Enterprise
39357,F,69,Premium
39358,M,45,Enterprise
39359,F,43,Enterprise
39360,M,66,Enterprise
39361,M,44,Youth
39362,M,21,Enterprise
39363,F,28,Enterprise
39364,M,52,Family
39365,F,62,Family
39366,M,49,Premium
39367,F,39,Premium
39368,F,39,Premium
39369,F,26,Youth
39370,M,64,Family
39371,M,49,Enterprise
39372,F,43,Premium
39373,M,30,Enterprise
39374,M,39,Premium
39375,M,56,Premium
39376,F,32,Family
39377,M,44,Enterprise
39378,F,39,Premium
39379,M,45,Premium
39380,F,29,Youth
39381,F,19,Premium
39382,F,37,Youth
39383,M,26,Enterprise
39384,M,22,Youth
39385,M,20,Family
39386,F,35,Family
39387,F,18,Premium
39388,M,67,Premium
39389,F,58,Family
39390,F,19,Premium
39391,M,40,Enterprise
39392,M,32,Premium
39393,M,57,Enterprise
39394,M,58,Youth
39395,M,35,Enterprise
39396,F,68,Enterprise
39397,F,43,Family
39398,M,50,Enterprise
39399,F,29,Premium
39400,F,35,Youth
39401,M,58,Youth
39402,M,46,Youth
39403,F,62,Enterprise
39404,M,65,Youth
39405,F,60,Premium
39406,F,54,Premium
39407,F,70,Youth
39408,F,26,Family
39409,M,59,Enterprise
39410,M,36,Premium
39411,F,38,Enterprise
39412,F,53,Family
39413,M,58,Premium
39414,F,28,Family
39415,M,33,Youth
39416,M,69,Enterprise
39417,M,45,Youth
39418,F,36,Enterprise
39419,F,64,Enterprise
39420,M,21,Premium
39421,F,52,Youth
39422,M,22,Premium
39423,M,66,Enterprise
39424,M,42,Youth
39425,M,46,Family
39426,F,36,Youth
39427,F,31,Family
39428,F,28,Premium
39429,M,46,Enterprise
39430,M,26,Youth
39431,M,57,Family
39432,F,55,Premium
39433,F,61,Family
39434,M,19,Enterprise
39435,M,20,Youth
39436,M,62,Premium
39437,M,30,Premium
39438,M,50,Family
39439,M,43,Enterprise
39440,M,36,Youth
39441,F,60,Enterprise
39442,M,65,Premium
39443,F,58,Enterprise
39444,M,28,Enterprise
39445,M,46,Enterprise
39446,F,64,Family
39447,F,24,Youth
39448,F,18,Premium
39449,M,50,Premium
39450,M,34,Enterprise
39451,M,43,Family
39452,M,29,Youth
39453,F,63,Premium
39454,M,69,Youth
39455,F,19,Premium
39456,M,27,Enterprise
39457,F,43,Premium
39458,M,70,Enterprise
39459,M,68,Youth
39460,F,23,Family
39461,F,23,Enterprise
39462,M,28,Enterprise
39463,M,41,Family
39464,M,57,Premium
39465,M,38,Premium
39466,M,58,Enterprise
39467,F,27,Enterprise
39468,F,29,Enterprise
39469,F,23,Youth
39470,F,49,Premium
39471,M,62,Youth
39472,F,34,Premium
39473,F,22,Premium
39474,M,31,Enterprise
39475,M,51,Enterprise
39476,M,65,Youth
39477,F,33,Enterprise
39478,F,18,Enterprise
39479,M,42,Premium
39480,F,67,Premium
39481,F,61,Enterprise
39482,M,20,Family
39483,F,19,Enterprise
39484,F,26,Enterprise
39485,M,49,Premium
39486,F,30,Family
39487,M,66,Youth
39488,M,51,Premium
39489,F,37,Youth
39490,F,56,Youth
39491,M,42,Family
39492,F,62,Premium
39493,F,47,Enterprise
39494,M,48,Youth
39495,F,30,Youth
39496,F,20,Youth
39497,F,34,Youth
39498,F,35,Premium
39499,M,41,Premium
39500,F,55,Youth
39501,M,19,Youth
39502,F,18,Youth
39503,F,70,Family
39504,F,58,Youth
39505,M,65,Family
39506,M,25,Youth
39507,M,57,Premium
39508,F,67,Premium
39509,F,34,Premium
39510,M,48,Premium
39511,F,34,Premium
39512,M,34,Family
39513,F,65,Premium
39514,M,33,Youth
39515,M,61,Premium
39516,F,67,Enterprise
39517,M,66,Enterprise
39518,M,42,Family
39519,M,68,Family
39520,F,41,Youth
39521,M,33,Family
39522,M,23,Youth
39523,F,57,Enterprise
39524,F,50,Family
39525,F,46,Premium
39526,M,40,Enterprise
39527,F,34,Premium
39528,F,28,Enterprise
39529,M,30,Enterprise
39530,M,38,Enterprise
39531,M,53,Youth
39532,F,39,Premium
39533,F,53,Family
39534,F,19,Youth
39535,M,65,Youth
39536,M,56,Family
39537,M,58,Enterprise
39538,F,66,Enterprise
39539,F,20,Enterprise
39540,F,40,Youth
39541,M,23,Family
39542,M,30,Premium
39543,M,58,Enterprise
39544,F,67,Enterprise
39545,M,18,Family
39546,F,38,Youth
39547,F,45,Premium
39548,F,24,Enterprise
39549,F,30,Youth
39550,M,47,Enterprise
39551,F,66,Premium
39552,F,29,Premium
39553,M,34,Enterprise
39554,F,51,Youth
39555,M,21,Premium
39556,M,42,Family
39557,F,51,Family
39558,F,51,Youth
39559,M,22,Youth
39560,F,28,Youth
39561,F,40,Premium
39562,M,63,Youth
39563,F,24,Enterprise
39564,M,18,Youth
39565,M,43,Enterprise
39566,M,70,Premium
39567,F,31,Premium
39568,M,39,Premium
39569,F,64,Youth
39570,M,44,Youth
39571,F,68,Family
39572,F,63,Premium
39573,M,41,Premium
39574,M,57,Enterprise
39575,M,31,Premium
39576,F,58,Enterprise
39577,M,65,Family
39578,M,31,Enterprise
39579,F,33,Family
39580,F,24,Enterprise
39581,M,67,Youth
39582,F,42,Family
39583,F,18,Youth
39584,M,47,Family
39585,M,52,Family
39586,M,59,Enterprise
39587,M,70,Enterprise
39588,F,35,Youth
39589,M,56,Family
39590,M,57,Family
39591,F,55,Family
39592,F,66,Youth
39593,F,51,Family
39594,M,28,Family
39595,M,52,Youth
39596,M,58,Enterprise
39597,F,57,Enterprise
39598,F,19,Premium
39599,F,69,Youth
39600,F,22,Enterprise
39601,F,69,Enterprise
39602,M,49,Youth
39603,F,44,Youth
39604,F,38,Family
39605,F,25,Family
39606,M,41,Family
39607,M,19,Enterprise
39608,F,43,Premium
39609,M,66,Premium
39610,F,62,Family
39611,M,35,Premium
39612,F,24,Premium
39613,M,29,Family
39614,F,34,Enterprise
39615,M,19,Youth
39616,M,33,Enterprise
39617,F,39,Youth
39618,F,30,Premium
39619,F,47,Premium
39620,M,48,Enterprise
39621,F,56,Family
39622,M,19,Premium
39623,M,58,Enterprise
39624,M,40,Family
39625,M,26,Enterprise
39626,M,28,Premium
39627,M,33,Enterprise
39628,F,32,Premium
39629,F,26,Youth
39630,F,54,Family
39631,M,46,Enterprise
39632,M,44,Family
39633,F,50,Family
39634,M,55,Premium
39635,F,40,Youth
39636,F,31,Enterprise
39637,F,70,Family
39638,M,66,Premium
39639,F,48,Premium
39640,M,22,Family
39641,M,33,Youth
39642,F,40,Family
39643,F,28,Family
39644,F,65,Premium
39645,M,51,Youth
39646,M,32,Premium
39647,F,40,Youth
39648,F,70,Enterprise
39649,F,33,Premium
39650,F,33,Youth
39651,M,20,Premium
39652,F,66,Premium
39653,F,63,Enterprise
39654,M,25,Enterprise
39655,M,69,Family
39656,F,40,Premium
39657,M,24,Enterprise
39658,F,67,Family
39659,F,59,Youth
39660,F,40,Premium
39661,F,58,Youth
39662,M,47,Youth
39663,M,61,Youth
39664,F,31,Family
39665,M,70,Enterprise
39666,F,42,Youth
39667,F,57,Enterprise
39668,F,70,Enterprise
39669,F,23,Youth
39670,F,52,Family
39671,M,37,Family
39672,F,61,Youth
39673,M,25,Premium
39674,M,50,Enterprise
39675,F,27,Family
39676,M,67,Youth
39677,F,24,Family
39678,M,54,Enterprise
39679,M,50,Family
39680,F,27,Enterprise
39681,M,39,Premium
39682,M,19,Family
39683,F,22,Enterprise
39684,F,53,Premium
39685,M,50,Family
39686,F,51,Youth
39687,F,49,Family
39688,F,64,Enterprise
39689,M,57,Enterprise
39690,M,25,Youth
39691,M,61,Enterprise
39692,M,59,Youth
39693,M,18,Premium
39694,F,47,Premium
39695,F,46,Premium
39696,M,26,Family
39697,F,40,Family
39698,M,52,Youth
39699,M,20,Premium
39700,F,46,Enterprise
39701,F,61,Youth
39702,M,19,Youth
39703,F,64,Premium
39704,F,55,Family
39705,F,70,Premium
39706,F,44,Family
39707,M,48,Family
39708,M,41,Enterprise
39709,M,29,Youth
39710,F,58,Youth
39711,M,43,Premium
39712,F,42,Premium
39713,M,45,Youth
39714,F,62,Family
39715,F,51,Enterprise
39716,F,67,Premium
39717,M,27,Enterprise
39718,M,30,Youth
39719,M,24,Family
39720,F,27,Youth
39721,F,26,Youth
39722,F,33,Youth
39723,M,37,Premium
39724,M,31,Youth
39725,F,50,Premium
39726,M,50,Premium
39727,M,18,Family
39728,M,55,Premium
39729,M,37,Premium
39730,F,62,Youth
39731,F,52,Youth
39732,F,28,Family
39733,F,30,Premium
39734,M,44,Premium
39735,F,34,Family
39736,M,42,Enterprise
39737,F,51,Premium
39738,F,55,Enterprise
39739,F,43,Family
39740,M,26,Family
39741,F,36,Youth
39742,F,67,Premium
39743,M,42,Premium
39744,F,26,Family
39745,F,57,Premium
39746,M,27,Premium
39747,M,54,Youth
39748,M,18,Premium
39749,M,44,Premium
39750,M,27,Enterprise
39751,F,52,Premium
39752,F,27,Premium
39753,M,33,Youth
39754,M,53,Family
39755,M,56,Youth
39756,F,28,Premium
39757,M,38,Youth
39758,F,48,Enterprise
39759,F,18,Premium
39760,F,18,Enterprise
39761,M,40,Family
39762,M,61,Premium
39763,F,59,Premium
39764,M,20,Premium
39765,M,27,Family
39766,M,58,Family
39767,M,37,Premium
39768,F,30,Family
39769,M,43,Youth
39770,F,21,Enterprise
39771,F,25,Enterprise
39772,M,58,Premium
39773,M,62,Premium
39774,F,61,Enterprise
39775,F,34,Enterprise
39776,F,29,Youth
39777,M,67,Premium
39778,M,20,Family
39779,M,69,Family
39780,M,67,Enterprise
39781,F,43,Enterprise
39782,F,50,Youth
39783,F,49,Premium
39784,F,18,Enterprise
39785,F,42,Premium
39786,F,30,Enterprise
39787,F,18,Youth
39788,F,54,Premium
39789,M,41,Family
39790,F,20,Enterprise
39791,M,68,Family
39792,M,20,Premium
39793,M,33,Youth
39794,F,41,Enterprise
39795,M,47,Youth
39796,M,42,Premium
39797,M,55,Family
39798,M,30,Enterprise
39799,M,22,Premium
39800,M,33,Enterprise
39801,M,59,Family
39802,F,26,Family
39803,M,67,Family
39804,M,33,Family
39805,M,46,Youth
39806,M,29,Enterprise
39807,F,41,Youth
39808,F,18,Enterprise
39809,M,51,Family
39810,F,55,Youth
39811,F,68,Premium
39812,M,40,Premium
39813,M,43,Premium
39814,M,67,Family
39815,F,56,Enterprise
39816,M,48,Enterprise
39817,F,50,Enterprise
39818,M,20,Family
39819,M,39,Family
39820,M,45,Enterprise
39821,M,47,Youth
39822,M,31,Family
39823,M,59,Family
39824,M,43,Youth
39825,F,53,Family
39826,M,25,Family
39827,M,63,Premium
39828,M,39,Enterprise
39829,F,57,Enterprise
39830,F,21,Family
39831,M,47,Family
39832,F,63,Youth
39833,M,68,Enterprise
39834,M,61,Family
39835,M,25,Premium
39836,M,28,Youth
39837,F,69,Premium
39838,F,19,Premium
39839,F,69,Enterprise
39840,F,20,Family
39841,M,49,Youth
39842,F,41,Enterprise
39843,M,36,Family
39844,M,61,Enterprise
39845,M,55,Enterprise
39846,F,56,Family
39847,F,61,Youth
39848,F,65,Premium
39849,M,34,Youth
39850,M,22,Premium
39851,F,43,Youth
39852,M,57,Premium
39853,F,70,Premium
39854,F,46,Premium
39855,M,60,Family
39856,F,27,Family
39857,M,31,Enterprise
39858,F,51,Family
39859,M,20,Family
39860,M,31,Premium
39861,F,42,Youth
39862,F,66,Premium
39863,M,21,Enterprise
39864,F,24,Family
39865,F,27,Family
39866,F,65,Enterprise
39867,M,20,Family
39868,M,45,Youth
39869,F,39,Youth
39870,F,30,Premium
39871,F,45,Family
39872,M,38,Family
39873,M,60,Enterprise
39874,M,64,Premium
39875,F,46,Family
39876,F,70,Youth
39877,M,47,Youth
39878,F,34,Premium
39879,M,63,Youth
39880,F,35,Family
39881,M,28,Premium
39882,F,41,Youth
39883,M,57,Family
39884,M,66,Enterprise
39885,F,27,Family
39886,F,48,Enterprise
39887,M,48,Premium
39888,M,22,Premium
39889,F,70,Enterprise
39890,F,51,Premium
39891,M,50,Premium
39892,F,35,Enterprise
39893,F,35,Youth
39894,M,44,Family
39895,M,41,Premium
39896,M,48,Family
39897,M,55,Premium
39898,M,50,Premium
39899,M,41,Premium
39900,M,41,Premium
39901,M,29,Family
39902,F,47,Premium
39903,M,55,Enterprise
39904,F,50,Premium
39905,F,33,Family
39906,F,53,Premium
39907,M,62,Family
39908,F,36,Family
39909,M,63,Enterprise
39910,F,27,Enterprise
39911,M,35,Enterprise
39912,M,20,Youth
39913,M,68,Premium
39914,M,24,Premium
39915,M,63,Premium
39916,F,63,Enterprise
39917,M,36,Family
39918,F,44,Premium
39919,M,25,Premium
39920,M,33,Youth
39921,F,63,Youth
39922,M,53,Youth
39923,F,70,Youth
39924,F,18,Enterprise
39925,F,21,Premium
39926,M,35,Premium
39927,M,26,Family
39928,F,48,Premium
39929,M,27,Youth
39930,F,66,Premium
39931,F,70,Premium
39932,F,48,Enterprise
39933,M,55,Enterprise
39934,F,27,Youth
39935,M,64,Enterprise
39936,M,61,Premium
39937,M,39,Youth
39938,M,65,Youth
39939,F,23,Family
39940,M,52,Enterprise
39941,F,52,Family
39942,F,57,Premium
39943,F,42,Premium
39944,M,40,Premium
39945,F,20,Youth
39946,M,53,Family
39947,M,24,Enterprise
39948,M,50,Family
39949,M,67,Youth
39950,F,35,Enterprise
39951,F,34,Youth
39952,M,49,Premium
39953,F,35,Family
39954,F,21,Premium
39955,M,41,Family
39956,M,67,Enterprise
39957,F,25,Youth
39958,M,46,Youth
39959,M,52,Enterprise
39960,M,53,Enterprise
39961,M,61,Youth
39962,F,22,Youth
39963,F,28,Family
39964,F,45,Enterprise
39965,F,66,Enterprise
39966,F,29,Enterprise
39967,M,43,Youth
39968,M,34,Enterprise
39969,F,31,Enterprise
39970,F,49,Youth
39971,F,34,Premium
39972,F,55,Premium
39973,F,46,Family
39974,F,43,Enterprise
39975,M,64,Enterprise
39976,F,58,Premium
39977,F,70,Enterprise
39978,F,66,Family
39979,M,70,Youth
39980,M,25,Youth
39981,F,48,Premium
39982,M,24,Youth
39983,F,55,Enterprise
39984,M,64,Enterprise
39985,M,33,Premium
39986,F,51,Youth
39987,M,60,Premium
39988,F,39,Enterprise
39989,F,43,Enterprise
39990,M,37,Enterprise
39991,F,49,Premium
39992,M,69,Enterprise
39993,F,36,Youth
39994,M,63,Youth
39995,M,43,Enterprise
39996,F,40,Premium
39997,M,44,Youth
39998,F,69,Premium
39999,M,58,Family
40000,F,27,Enterprise
40001,M,34,Family
40002,F,22,Premium
40003,M,20,Youth
40004,M,25,Enterprise
40005,M,30,Family
40006,M,33,Premium
40007,F,46,Family
40008,M,63,Premium
40009,F,37,Premium
40010,F,26,Youth
40011,M,22,Enterprise
40012,M,23,Enterprise
40013,F,63,Youth
40014,M,30,Enterprise
40015,F,60,Family
40016,M,68,Youth
40017,F,56,Family
40018,F,65,Enterprise
40019,M,42,Enterprise
40020,M,62,Youth
40021,M,61,Family
40022,F,33,Enterprise
40023,F,65,Enterprise
40024,F,66,Family
40025,F,18,Family
40026,M,27,Enterprise
40027,F,26,Premium
40028,M,40,Enterprise
40029,F,33,Premium
40030,F,34,Premium
40031,F,39,Family
40032,M,29,Youth
40033,F,57,Family
40034,M,28,Premium
40035,F,55,Youth
40036,F,40,Youth
40037,F,65,Family
40038,M,36,Premium
40039,F,30,Youth
40040,M,48,Enterprise
40041,M,27,Family
40042,F,43,Youth
40043,F,49,Family
40044,F,59,Premium
40045,M,31,Enterprise
40046,F,18,Premium
40047,M,37,Youth
40048,F,52,Premium
40049,F,21,Premium
40050,M,34,Enterprise
40051,F,27,Family
40052,M,62,Youth
40053,F,25,Youth
40054,M,56,Family
40055,F,70,Family
40056,M,70,Enterprise
40057,M,53,Enterprise
40058,M,67,Premium
40059,M,41,Premium
40060,F,53,Family
40061,F,29,Family
40062,M,49,Enterprise
40063,M,44,Enterprise
40064,M,33,Youth
40065,M,18,Enterprise
40066,M,36,Premium
40067,F,62,Premium
40068,M,19,Premium
40069,F,35,Family
40070,F,48,Family
40071,F,65,Premium
40072,M,63,Youth
40073,M,57,Youth
40074,M,62,Youth
40075,M,22,Enterprise
40076,M,28,Premium
40077,F,67,Enterprise
40078,M,35,Youth
40079,F,69,Premium
40080,F,19,Premium
40081,M,55,Enterprise
40082,F,55,Premium
40083,F,37,Premium
40084,M,36,Family
40085,M,21,Enterprise
40086,F,42,Youth
40087,M,38,Youth
40088,F,61,Youth
40089,M,51,Premium
40090,M,19,Premium
40091,F,37,Family
40092,F,69,Enterprise
40093,F,52,Family
40094,M,31,Youth
40095,F,52,Family
40096,F,24,Premium
40097,M,44,Family
40098,F,41,Youth
40099,M,46,Family
40100,M,54,Youth
40101,M,21,Youth
40102,F,23,Family
40103,M,19,Premium
40104,M,35,Premium
40105,M,54,Enterprise
40106,F,37,Family
40107,M,20,Enterprise
40108,F,37,Family
40109,M,29,Youth
40110,F,33,Family
40111,M,29,Premium
40112,M,66,Family
40113,M,26,Enterprise
40114,F,61,Youth
40115,F,50,Enterprise
40116,M,59,Youth
40117,M,51,Enterprise
40118,F,51,Enterprise
40119,F,66,Premium
40120,M,50,Youth
40121,M,48,Youth
40122,M,60,Premium
40123,M,39,Enterprise
40124,M,45,Youth
40125,M,60,Enterprise
40126,M,28,Family
40127,M,32,Enterprise
40128,F,24,Premium
40129,F,24,Premium
40130,F,19,Family
40131,M,65,Youth
40132,F,52,Family
40133,F,57,Premium
40134,M,23,Enterprise
40135,M,59,Family
40136,F,34,Family
40137,M,33,Youth
40138,F,53,Family
40139,M,60,Youth
40140,F,43,Premium
40141,F,57,Family
40142,M,53,Enterprise
40143,F,61,Premium
40144,F,59,Youth
40145,M,23,Family
40146,M,63,Enterprise
40147,M,24,Youth
40148,F,69,Family
40149,F,68,Youth
40150,F,33,Youth
40151,M,21,Youth
40152,F,66,Family
40153,F,20,Youth
40154,M,43,Premium
40155,F,44,Premium
40156,F,62,Youth
40157,M,33,Family
40158,M,39,Enterprise
40159,M,31,Premium
40160,M,25,Youth
40161,F,47,Enterprise
40162,M,61,Family
40163,M,49,Family
40164,F,56,Youth
40165,M,41,Family
40166,F,54,Enterprise
40167,M,21,Enterprise
40168,F,35,Enterprise
40169,M,19,Enterprise
40170,F,56,Premium
40171,M,67,Youth
40172,M,55,Youth
40173,M,61,Youth
40174,F,64,Youth
40175,F,52,Enterprise
40176,F,35,Family
40177,F,32,Family
40178,M,37,Family
40179,M,23,Premium
40180,M,29,Family
40181,F,26,Enterprise
40182,M,40,Family
40183,F,34,Family
40184,F,31,Family
40185,F,63,Premium
40186,M,53,Youth
40187,F,26,Enterprise
40188,M,18,Premium
40189,M,59,Youth
40190,F,22,Premium
40191,F,47,Family
40192,F,35,Premium
40193,F,58,Family
40194,M,60,Premium
40195,M,67,Family
40196,F,31,Enterprise
40197,M,19,Premium
40198,F,52,Family
40199,M,37,Enterprise
40200,M,56,Family
40201,F,37,Youth
40202,F,54,Family
40203,M,70,Enterprise
40204,M,40,Youth
40205,F,22,Youth
40206,F,46,Premium
40207,M,36,Family
40208,M,42,Family
40209,F,23,Youth
40210,F,24,Youth
40211,M,56,Youth
40212,F,25,Youth
40213,F,59,Premium
40214,F,65,Youth
40215,M,58,Family
40216,F,49,Enterprise
40217,M,59,Enterprise
40218,M,23,Youth
40219,F,29,Youth
40220,M,64,Youth
40221,M,23,Premium
40222,M,68,Enterprise
40223,M,41,Youth
40224,M,36,Youth
40225,M,43,Premium
40226,F,28,Family
40227,F,48,Youth
40228,F,39,Family
40229,F,39,Premium
40230,M,32,Family
40231,F,28,Youth
40232,M,33,Enterprise
40233,M,70,Youth
40234,F,69,Premium
40235,F,53,Family
40236,F,36,Premium
40237,F,43,Enterprise
40238,M,51,Premium
40239,F,43,Enterprise
40240,M,65,Premium
40241,F,26,Family
40242,M,59,Enterprise
40243,F,70,Youth
40244,M,49,Family
40245,M,22,Premium
40246,M,64,Enterprise
40247,M,37,Youth
40248,F,45,Premium
40249,F,58,Enterprise
40250,F,37,Family
40251,F,61,Enterprise
40252,M,22,Premium
40253,F,36,Family
40254,M,68,Enterprise
40255,M,69,Enterprise
40256,M,45,Enterprise
40257,M,33,Family
40258,F,63,Family
40259,M,61,Enterprise
40260,F,67,Premium
40261,F,44,Premium
40262,F,61,Premium
40263,M,19,Premium
40264,F,49,Youth
40265,M,19,Premium
40266,M,35,Enterprise
40267,F,29,Premium
40268,F,53,Family
40269,F,50,Youth
40270,F,67,Family
40271,F,59,Premium
40272,M,32,Enterprise
40273,M,32,Youth
40274,M,25,Youth
40275,F,42,Youth
40276,F,63,Enterprise
40277,F,70,Youth
40278,M,51,Premium
40279,M,52,Enterprise
40280,F,21,Youth
40281,F,30,Family
40282,M,35,Premium
40283,F,66,Enterprise
40284,F,40,Youth
40285,M,36,Family
40286,M,56,Family
40287,F,58,Youth
40288,F,40,Premium
40289,M,68,Enterprise
40290,F,39,Youth
40291,M,45,Enterprise
40292,F,33,Enterprise
40293,F,69,Youth
40294,M,45,Enterprise
40295,F,47,Enterprise
40296,M,31,Family
40297,M,52,Youth
40298,F,66,Youth
40299,F,63,Enterprise
40300,F,63,Enterprise
40301,F,23,Premium
40302,F,57,Family
40303,M,26,Youth
40304,F,25,Enterprise
40305,F,33,Premium
40306,F,28,Enterprise
40307,F,57,Youth
40308,M,42,Premium
40309,M,37,Enterprise
40310,M,44,Youth
40311,M,37,Youth
40312,M,46,Youth
40313,M,55,Youth
40314,M,61,Youth
40315,F,20,Premium
40316,F,65,Family
40317,M,19,Enterprise
40318,M,32,Premium
40319,F,55,Enterprise
40320,M,38,Premium
40321,M,35,Youth
40322,F,57,Family
40323,F,21,Youth
40324,M,62,Youth
40325,M,69,Premium
40326,M,38,Premium
40327,M,55,Family
40328,M,65,Enterprise
40329,F,68,Youth
40330,M,64,Family
40331,F,20,Family
40332,M,19,Youth
40333,M,50,Family
40334,F,50,Premium
40335,F,47,Enterprise
40336,M,29,Family
40337,M,43,Family
40338,M,35,Youth
40339,F,69,Family
40340,F,32,Family
40341,F,49,Youth
40342,F,49,Family
40343,M,50,Youth
40344,M,18,Premium
40345,M,62,Family
40346,F,24,Premium
40347,F,53,Premium
40348,F,45,Premium
40349,F,35,Premium
40350,M,51,Youth
40351,M,68,Premium
40352,F,55,Enterprise
40353,M,40,Youth
40354,M,37,Family
40355,M,39,Youth
40356,M,69,Enterprise
40357,F,51,Premium
40358,M,48,Family
40359,F,51,Youth
40360,F,20,Premium
40361,M,70,Premium
40362,M,68,Youth
40363,F,24,Family
40364,F,23,Enterprise
40365,F,32,Youth
40366,M,47,Family
40367,F,23,Premium
40368,F,48,Premium
40369,F,64,Enterprise
40370,M,31,Premium
40371,M,62,Enterprise
40372,M,51,Premium
40373,F,51,Family
40374,M,32,Enterprise
40375,F,33,Family
40376,M,29,Youth
40377,F,64,Premium
40378,F,55,Family
40379,M,35,Premium
40380,F,36,Premium
40381,M,34,Enterprise
40382,F,61,Family
40383,M,67,Enterprise
40384,F,55,Enterprise
40385,F,36,Youth
40386,M,35,Enterprise
40387,M,47,Youth
40388,M,37,Family
40389,M,70,Premium
40390,F,56,Family
40391,F,54,Family
40392,M,57,Premium
40393,F,27,Youth
40394,M,66,Youth
40395,F,27,Youth
40396,F,53,Enterprise
40397,M,30,Youth
40398,F,55,Premium
40399,M,58,Family
40400,M,37,Youth
40401,M,54,Youth
40402,F,22,Youth
40403,F,60,Enterprise
40404,M,50,Premium
40405,M,60,Youth
40406,F,55,Youth
40407,F,45,Enterprise
40408,F,57,Family
40409,M,58,Premium
40410,F,36,Enterprise
40411,F,68,Enterprise
40412,F,46,Premium
40413,F,68,Enterprise
40414,M,26,Family
40415,M,61,Youth
40416,M,63,Premium
40417,M,61,Youth
40418,M,19,Youth
40419,M,42,Enterprise
40420,M,21,Enterprise
40421,F,62,Premium
40422,M,45,Youth
40423,M,34,Enterprise
40424,F,66,Premium
40425,F,42,Enterprise
40426,F,34,Premium
40427,M,27,Premium
40428,M,55,Youth
40429,F,64,Youth
40430,M,70,Family
40431,M,32,Family
40432,M,36,Family
40433,F,66,Youth
40434,M,53,Family
40435,M,47,Youth
40436,F,18,Family
40437,M,28,Youth
40438,M,42,Enterprise
40439,F,33,Enterprise
40440,M,64,Youth
40441,F,36,Youth
40442,M,22,Youth
40443,M,44,Youth
40444,F,41,Premium
40445,F,70,Enterprise
40446,M,35,Youth
40447,M,30,Family
40448,M,40,Enterprise
40449,M,25,Premium
40450,F,52,Youth
40451,M,40,Premium
40452,F,30,Premium
40453,M,66,Family
40454,F,18,Youth
40455,F,26,Family
40456,F,61,Premium
40457,F,44,Family
40458,F,52,Enterprise
40459,M,31,Premium
40460,M,41,Premium
40461,M,25,Enterprise
40462,F,53,Youth
40463,M,45,Youth
40464,F,42,Family
40465,M,64,Premium
40466,F,54,Family
40467,M,38,Family
40468,F,36,Premium
40469,F,28,Youth
40470,M,35,Enterprise
40471,M,32,Premium
40472,M,38,Enterprise
40473,M,31,Family
40474,F,61,Enterprise
40475,F,57,Premium
40476,F,39,Premium
40477,M,48,Enterprise
40478,F,21,Family
40479,F,29,Enterprise
40480,F,58,Youth
40481,M,63,Family
40482,M,32,Premium
40483,M,43,Enterprise
40484,F,39,Enterprise
40485,F,60,Premium
40486,F,59,Premium
40487,F,33,Premium
40488,M,41,Enterprise
40489,M,38,Youth
40490,M,52,Family
40491,M,22,Family
40492,M,53,Premium
40493,F,28,Youth
40494,F,59,Youth
40495,M,31,Enterprise
40496,F,55,Youth
40497,F,57,Enterprise
40498,F,19,Premium
40499,M,51,Family
40500,M,31,Youth
40501,M,26,Enterprise
40502,F,37,Family
40503,F,25,Enterprise
40504,M,23,Family
40505,M,24,Premium
40506,M,19,Enterprise
40507,F,28,Youth
40508,M,24,Youth
40509,M,27,Enterprise
40510,M,36,Family
40511,F,24,Premium
40512,F,66,Enterprise
40513,F,34,Family
40514,M,31,Premium
40515,F,37,Enterprise
40516,M,64,Enterprise
40517,F,39,Youth
40518,M,62,Youth
40519,M,34,Premium
40520,F,40,Family
40521,F,33,Youth
40522,F,26,Youth
40523,M,26,Youth
40524,F,61,Family
40525,F,27,Enterprise
40526,F,59,Premium
40527,M,22,Youth
40528,M,57,Family
40529,F,58,Premium
40530,M,63,Enterprise
40531,F,43,Premium
40532,F,35,Enterprise
40533,M,47,Family
40534,F,33,Youth
40535,M,57,Premium
40536,M,41,Youth
40537,F,41,Youth
40538,F,50,Enterprise
40539,M,43,Family
40540,F,66,Family
40541,M,70,Youth
40542,F,44,Family
40543,F,28,Premium
40544,M,21,Youth
40545,F,54,Premium
40546,M,24,Youth
40547,F,62,Premium
40548,M,44,Family
40549,M,54,Youth
40550,F,29,Family
40551,M,42,Family
40552,M,20,Family
40553,M,31,Enterprise
40554,F,70,Family
40555,F,66,Family
40556,M,33,Enterprise
40557,F,31,Enterprise
40558,F,68,Enterprise
40559,M,37,Youth
40560,M,49,Enterprise
40561,F,47,Youth
40562,F,50,Premium
40563,F,66,Youth
40564,M,40,Family
40565,F,24,Premium
40566,F,59,Youth
40567,F,18,Enterprise
40568,M,35,Enterprise
40569,F,35,Premium
40570,F,39,Enterprise
40571,M,31,Family
40572,M,54,Enterprise
40573,F,56,Enterprise
40574,F,27,Family
40575,M,35,Enterprise
40576,F,66,Family
40577,F,19,Family
40578,M,25,Premium
40579,M,39,Enterprise
40580,F,37,Enterprise
40581,M,65,Enterprise
40582,F,31,Premium
40583,M,54,Youth
40584,M,69,Family
40585,M,70,Youth
40586,M,41,Family
40587,F,52,Enterprise
40588,M,35,Family
40589,F,26,Premium
40590,F,62,Youth
40591,F,59,Enterprise
40592,M,24,Family
40593,F,42,Enterprise
40594,F,60,Youth
40595,F,55,Youth
40596,F,54,Family
40597,F,68,Enterprise
40598,F,35,Family
40599,M,26,Youth
40600,F,20,Premium
40601,M,37,Enterprise
40602,F,46,Enterprise
40603,F,25,Youth
40604,F,64,Enterprise
40605,F,26,Family
40606,M,38,Enterprise
40607,M,48,Family
40608,F,26,Family
40609,M,30,Youth
40610,F,26,Premium
40611,M,54,Premium
40612,M,25,Family
40613,M,65,Family
40614,F,25,Enterprise
40615,M,52,Youth
40616,M,50,Premium
40617,F,25,Premium
40618,M,60,Family
40619,F,19,Family
40620,M,34,Premium
40621,M,42,Youth
40622,M,32,Family
40623,F,51,Family
40624,F,69,Enterprise
40625,F,40,Enterprise
40626,M,57,Family
40627,F,31,Family
40628,M,70,Premium
40629,M,68,Family
40630,M,29,Premium
40631,F,41,Youth
40632,M,18,Family
40633,F,33,Youth
40634,M,26,Enterprise
40635,F,55,Youth
40636,M,26,Enterprise
40637,M,55,Enterprise
40638,M,36,Enterprise
40639,F,46,Youth
40640,M,36,Youth
40641,M,33,Youth
40642,M,47,Youth
40643,M,70,Youth
40644,F,54,Premium
40645,F,40,Youth
40646,F,51,Premium
40647,M,70,Enterprise
40648,M,26,Youth
40649,F,30,Youth
40650,M,47,Youth
40651,M,45,Premium
40652,F,48,Youth
40653,F,36,Youth
40654,F,53,Premium
40655,F,58,Enterprise
40656,F,70,Premium
40657,M,57,Youth
40658,M,24,Premium
40659,F,36,Family
40660,F,68,Enterprise
40661,F,40,Enterprise
40662,F,43,Premium
40663,F,53,Enterprise
40664,F,62,Family
40665,M,36,Enterprise
40666,F,52,Premium
40667,F,31,Youth
40668,F,23,Enterprise
40669,M,25,Family
40670,F,30,Premium
40671,M,63,Premium
40672,M,18,Youth
40673,M,25,Youth
40674,F,27,Family
40675,F,38,Family
40676,F,25,Family
40677,F,20,Premium
40678,F,48,Enterprise
40679,M,44,Premium
40680,M,61,Youth
40681,M,51,Youth
40682,F,26,Family
40683,M,34,Family
40684,F,47,Youth
40685,F,28,Youth
40686,F,50,Family
40687,M,19,Premium
40688,M,58,Family
40689,M,25,Enterprise
40690,M,56,Family
40691,M,37,Premium
40692,F,49,Youth
40693,F,33,Premium
40694,F,55,Enterprise
40695,F,40,Family
40696,M,30,Enterprise
40697,F,38,Premium
40698,F,32,Premium
40699,M,70,Premium
40700,F,67,Family
40701,F,29,Youth
40702,F,49,Enterprise
40703,F,39,Premium
40704,M,47,Premium
40705,F,51,Premium
40706,M,19,Premium
40707,F,40,Premium
40708,M,63,Youth
40709,F,36,Enterprise
40710,F,21,Family
40711,F,42,Premium
40712,F,67,Enterprise
40713,F,63,Family
40714,M,58,Family
40715,M,45,Family
40716,F,27,Family
40717,F,64,Premium
40718,F,62,Premium
40719,M,55,Youth
40720,F,67,Family
40721,M,19,Premium
40722,M,44,Premium
40723,M,67,Youth
40724,M,63,Premium
40725,M,69,Family
40726,F,63,Family
40727,F,29,Premium
40728,M,20,Family
40729,F,38,Premium
40730,F,40,Premium
40731,F,30,Premium
40732,F,33,Family
40733,M,70,Enterprise
40734,F,44,Enterprise
40735,F,40,Family
40736,M,56,Youth
40737,F,45,Youth
40738,F,55,Family
40739,F,27,Youth
40740,M,30,Family
40741,F,27,Enterprise
40742,M,54,Youth
40743,F,24,Family
40744,F,59,Family
40745,F,32,Family
40746,F,23,Premium
40747,M,26,Premium
40748,M,32,Enterprise
40749,M,26,Family
40750,M,70,Youth
40751,F,65,Family
40752,M,45,Family
40753,M,42,Enterprise
40754,M,56,Youth
40755,M,26,Youth
40756,F,37,Enterprise
40757,F,34,Youth
40758,F,38,Enterprise
40759,F,52,Enterprise
40760,M,33,Family
40761,F,48,Family
40762,F,38,Premium
40763,M,52,Enterprise
40764,F,42,Enterprise
40765,M,68,Premium
40766,F,64,Family
40767,M,24,Enterprise
40768,F,54,Youth
40769,M,67,Premium
40770,F,52,Premium
40771,F,41,Premium
40772,M,18,Enterprise
40773,M,50,Youth
40774,M,68,Enterprise
40775,M,39,Enterprise
40776,M,59,Family
40777,M,33,Family
40778,M,36,Premium
40779,M,18,Family
40780,F,50,Enterprise
40781,M,70,Premium
40782,M,26,Family
40783,F,60,Enterprise
40784,M,26,Family
40785,F,61,Family
40786,M,69,Family
40787,M,38,Youth
40788,M,26,Premium
40789,F,32,Family
40790,F,32,Enterprise
40791,M,40,Premium
40792,M,25,Premium
40793,F,46,Family
40794,M,30,Premium
40795,F,18,Premium
40796,F,41,Enterprise
40797,M,48,Youth
40798,F,50,Premium
40799,F,62,Premium
40800,M,47,Family
40801,M,24,Premium
40802,F,60,Family
40803,M,43,Family
40804,M,39,Enterprise
40805,M,49,Family
40806,F,51,Premium
40807,M,28,Family
40808,F,49,Premium
40809,F,54,Premium
40810,M,45,Family
40811,M,37,Premium
40812,F,67,Premium
40813,F,53,Premium
40814,M,38,Youth
40815,F,54,Enterprise
40816,M,42,Youth
40817,F,58,Enterprise
40818,M,38,Enterprise
40819,M,26,Premium
40820,M,31,Enterprise
40821,F,25,Youth
40822,F,38,Premium
40823,F,20,Family
40824,F,40,Premium
40825,M,60,Enterprise
40826,M,19,Family
40827,M,42,Enterprise
40828,F,29,Premium
40829,F,57,Youth
40830,M,52,Family
40831,F,40,Enterprise
40832,F,46,Premium
40833,F,57,Youth
40834,F,44,Premium
40835,F,56,Youth
40836,F,64,Enterprise
40837,M,28,Family
40838,M,31,Youth
40839,F,19,Enterprise
40840,F,23,Family
40841,M,41,Youth
40842,F,34,Family
40843,M,58,Youth
40844,F,31,Premium
40845,F,40,Enterprise
40846,M,63,Family
40847,F,31,Family
40848,F,61,Premium
40849,F,54,Enterprise
40850,F,35,Family
40851,M,68,Enterprise
40852,F,21,Enterprise
40853,M,19,Family
40854,M,38,Youth
40855,M,20,Premium
40856,F,32,Enterprise
40857,F,50,Youth
40858,F,47,Family
40859,M,67,Youth
40860,M,64,Enterprise
40861,F,43,Youth
40862,F,30,Premium
40863,F,28,Enterprise
40864,F,53,Youth
40865,F,52,Enterprise
40866,F,34,Family
40867,M,47,Enterprise
40868,M,34,Premium
40869,M,53,Enterprise
40870,F,40,Family
40871,F,46,Family
40872,F,35,Premium
40873,F,38,Family
40874,M,68,Enterprise
40875,M,40,Youth
40876,M,46,Premium
40877,M,23,Enterprise
40878,M,34,Family
40879,F,69,Family
40880,M,69,Enterprise
40881,M,62,Family
40882,F,65,Premium
40883,F,56,Premium
40884,F,41,Youth
40885,M,47,Family
40886,M,21,Premium
40887,F,64,Premium
40888,M,62,Enterprise
40889,M,47,Youth
40890,F,47,Youth
40891,M,28,Family
40892,F,62,Premium
40893,M,68,Premium
40894,F,64,Premium
40895,M,33,Family
40896,M,42,Enterprise
40897,F,52,Enterprise
40898,F,66,Youth
40899,F,66,Family
40900,F,47,Family
40901,F,19,Youth
40902,M,65,Enterprise
40903,M,18,Premium
40904,F,48,Enterprise
40905,M,62,Enterprise
40906,F,19,Family
40907,M,51,Family
40908,M,69,Family
40909,F,59,Family
40910,M,44,Family
40911,F,56,Youth
40912,F,60,Premium
40913,F,49,Enterprise
40914,M,30,Family
40915,M,41,Family
40916,F,62,Family
40917,M,43,Premium
40918,M,65,Youth
40919,F,32,Premium
40920,F,70,Premium
40921,M,56,Youth
40922,M,22,Family
40923,M,49,Premium
40924,M,66,Premium
40925,M,59,Family
40926,F,53,Family
40927,M,48,Family
40928,F,23,Family
40929,M,64,Enterprise
40930,F,48,Family
40931,F,47,Premium
40932,M,41,Family
40933,F,27,Family
40934,F,54,Enterprise
40935,M,20,Premium
40936,F,62,Premium
40937,F,68,Premium
40938,F,40,Premium
40939,F,39,Enterprise
40940,M,29,Youth
40941,F,70,Family
40942,M,23,Family
40943,F,69,Premium
40944,M,32,Family
40945,F,41,Youth
40946,F,63,Enterprise
40947,F,50,Youth
40948,F,22,Premium
40949,F,32,Youth
40950,F,41,Family
40951,F,28,Premium
40952,M,32,Family
40953,M,40,Premium
40954,M,52,Youth
40955,F,41,Premium
40956,F,42,Enterprise
40957,M,20,Premium
40958,F,25,Family
40959,F,45,Premium
40960,M,67,Family
40961,M,34,Family
40962,F,30,Enterprise
40963,F,27,Premium
40964,M,58,Youth
40965,F,70,Family
40966,F,44,Enterprise
40967,F,40,Enterprise
40968,F,43,Enterprise
40969,F,25,Youth
40970,F,60,Enterprise
40971,M,43,Premium
40972,M,45,Premium
40973,M,56,Premium
40974,M,60,Premium
40975,M,32,Family
40976,M,24,Enterprise
40977,M,30,Family
40978,F,55,Enterprise
40979,M,36,Family
40980,M,61,Premium
40981,F,65,Youth
40982,F,42,Youth
40983,M,29,Family
40984,F,33,Family
40985,F,31,Family
40986,F,57,Premium
40987,M,36,Youth
40988,F,26,Youth
40989,F,48,Youth
40990,F,68,Family
40991,M,49,Youth
40992,M,24,Family
40993,F,57,Premium
40994,F,69,Premium
40995,F,32,Youth
40996,M,67,Premium
40997,F,64,Family
40998,M,48,Family
40999,F,46,Premium
41000,F,48,Family
41001,F,25,Enterprise
41002,M,67,Youth
41003,F,34,Family
41004,M,25,Premium
41005,F,59,Youth
41006,M,41,Youth
41007,M,18,Youth
41008,F,36,Premium
41009,M,31,Youth
41010,F,70,Youth
41011,F,23,Youth
41012,F,66,Enterprise
41013,M,48,Premium
41014,F,25,Enterprise
41015,M,40,Enterprise
41016,M,53,Family
41017,F,70,Family
41018,F,50,Enterprise
41019,F,34,Enterprise
41020,M,44,Family
41021,F,33,Family
41022,F,69,Youth
41023,M,49,Youth
41024,M,44,Enterprise
41025,M,67,Premium
41026,M,50,Youth
41027,F,46,Premium
41028,M,50,Premium
41029,M,57,Enterprise
41030,F,19,Family
41031,F,50,Youth
41032,F,47,Premium
41033,M,69,Family
41034,F,24,Premium
41035,F,52,Enterprise
41036,F,18,Family
41037,F,57,Youth
41038,F,66,Family
41039,M,58,Enterprise
41040,F,27,Enterprise
41041,M,38,Enterprise
41042,F,37,Youth
41043,F,62,Enterprise
41044,M,21,Enterprise
41045,F,20,Premium
41046,F,44,Premium
41047,M,67,Family
41048,F,70,Family
41049,F,70,Enterprise
41050,M,51,Family
41051,M,32,Enterprise
41052,F,48,Premium
41053,F,44,Enterprise
41054,F,35,Enterprise
41055,M,19,Premium
41056,M,70,Family
41057,F,34,Family
41058,M,66,Premium
41059,F,67,Premium
41060,M,49,Youth
41061,F,26,Premium
41062,F,30,Family
41063,M,19,Family
41064,F,25,Premium
41065,F,60,Premium
41066,F,49,Family
41067,F,37,Enterprise
41068,F,57,Premium
41069,M,21,Youth
41070,M,47,Family
41071,M,52,Enterprise
41072,M,59,Premium
41073,M,27,Enterprise
41074,M,51,Premium
41075,F,49,Enterprise
41076,M,44,Enterprise
41077,F,18,Enterprise
41078,M,39,Enterprise
41079,F,54,Premium
41080,F,48,Enterprise
41081,M,34,Enterprise
41082,M,57,Premium
41083,F,22,Family
41084,M,31,Enterprise
41085,F,42,Family
41086,F,35,Youth
41087,F,30,Youth
41088,M,19,Youth
41089,F,39,Family
41090,F,22,Family
41091,F,54,Enterprise
41092,M,55,Premium
41093,F,31,Family
41094,M,19,Premium
41095,M,33,Enterprise
41096,F,18,Family
41097,F,66,Enterprise
41098,F,58,Enterprise
41099,F,29,Premium
41100,M,20,Premium
41101,F,37,Family
41102,F,34,Youth
41103,M,24,Enterprise
41104,M,37,Premium
41105,F,48,Premium
41106,F,63,Premium
41107,M,35,Family
41108,M,70,Youth
41109,F,22,Enterprise
41110,M,41,Youth
41111,F,46,Premium
41112,M,67,Family
41113,F,61,Premium
41114,F,53,Premium
41115,M,21,Youth
41116,F,45,Youth
41117,F,50,Youth
41118,F,33,Premium
41119,M,38,Premium
41120,F,57,Premium
41121,F,33,Premium
41122,F,34,Youth
41123,F,32,Family
41124,F,46,Premium
41125,F,23,Enterprise
41126,M,31,Family
41127,M,67,Family
41128,M,61,Family
41129,M,49,Premium
41130,M,30,Enterprise
41131,F,25,Youth
41132,F,23,Youth
41133,M,44,Youth
41134,F,70,Enterprise
41135,F,29,Enterprise
41136,M,23,Youth
41137,M,60,Enterprise
41138,F,69,Premium
41139,M,24,Enterprise
41140,M,40,Premium
41141,F,47,Youth
41142,F,19,Family
41143,M,26,Enterprise
41144,F,23,Premium
41145,M,67,Premium
41146,F,30,Youth
41147,M,60,Family
41148,F,69,Family
41149,M,23,Enterprise
41150,F,23,Youth
41151,F,20,Premium
41152,M,69,Premium
41153,F,53,Premium
41154,M,66,Youth
41155,M,21,Family
41156,M,31,Premium
41157,M,37,Enterprise
41158,M,32,Youth
41159,M,37,Premium
41160,F,53,Enterprise
41161,F,54,Premium
41162,F,60,Enterprise
41163,M,57,Youth
41164,M,38,Youth
41165,M,60,Family
41166,M,40,Premium
41167,M,36,Youth
41168,F,37,Premium
41169,F,63,Youth
41170,F,70,Premium
41171,F,48,Family
41172,M,25,Premium
41173,F,30,Family
41174,M,22,Premium
41175,F,19,Premium
41176,F,43,Family
41177,M,49,Family
41178,M,19,Enterprise
41179,F,64,Youth
41180,M,69,Family
41181,M,54,Family
41182,M,65,Family
41183,M,51,Youth
41184,M,70,Premium
41185,M,48,Family
41186,M,18,Youth
41187,F,58,Youth
41188,M,41,Youth
41189,M,69,Premium
41190,F,67,Youth
41191,M,22,Premium
41192,M,47,Enterprise
41193,F,39,Enterprise
41194,F,41,Enterprise
41195,F,27,Enterprise
41196,F,55,Enterprise
41197,M,64,Premium
41198,F,27,Youth
41199,F,42,Premium
41200,M,47,Family
41201,F,23,Enterprise
41202,M,64,Premium
41203,F,64,Family
41204,M,27,Family
41205,F,59,Premium
41206,M,40,Youth
41207,M,46,Premium
41208,F,30,Premium
41209,M,46,Enterprise
41210,F,64,Enterprise
41211,F,69,Enterprise
41212,F,21,Enterprise
41213,M,59,Youth
41214,M,26,Family
41215,M,43,Enterprise
41216,F,55,Enterprise
41217,F,21,Enterprise
41218,M,34,Youth
41219,F,18,Youth
41220,M,54,Youth
41221,F,45,Family
41222,M,40,Family
41223,M,62,Premium
41224,M,40,Premium
41225,M,68,Enterprise
41226,M,44,Premium
41227,F,40,Family
41228,F,24,Family
41229,F,24,Enterprise
41230,F,35,Premium
41231,M,40,Premium
41232,F,69,Youth
41233,M,30,Enterprise
41234,F,37,Premium
41235,M,51,Enterprise
41236,M,28,Youth
41237,M,57,Family
41238,F,69,Premium
41239,F,22,Youth
41240,M,40,Premium
41241,F,63,Premium
41242,M,18,Enterprise
41243,M,32,Enterprise
41244,M,34,Enterprise
41245,F,21,Enterprise
41246,M,29,Enterprise
41247,M,36,Family
41248,M,25,Premium
41249,M,51,Youth
41250,M,43,Enterprise
41251,F,53,Premium
41252,M,38,Premium
41253,M,56,Youth
41254,F,21,Family
41255,M,49,Family
41256,F,53,Family
41257,M,25,Enterprise
41258,M,53,Enterprise
41259,M,56,Family
41260,F,51,Premium
41261,M,64,Youth
41262,M,69,Family
41263,M,22,Premium
41264,M,20,Youth
41265,M,39,Premium
41266,M,56,Enterprise
41267,F,52,Premium
41268,M,27,Youth
41269,F,68,Enterprise
41270,F,27,Family
41271,M,47,Family
41272,M,66,Family
41273,F,55,Enterprise
41274,M,67,Enterprise
41275,M,49,Enterprise
41276,F,58,Family
41277,F,36,Family
41278,M,31,Enterprise
41279,F,18,Youth
41280,F,43,Youth
41281,F,55,Family
41282,M,47,Premium
41283,M,51,Family
41284,F,35,Premium
41285,M,45,Premium
41286,M,22,Premium
41287,F,25,Family
41288,F,48,Premium
41289,M,22,Enterprise
41290,F,35,Premium
41291,F,23,Enterprise
41292,M,24,Premium
41293,F,63,Family
41294,F,62,Family
41295,F,58,Premium
41296,M,37,Family
41297,F,20,Enterprise
41298,M,69,Enterprise
41299,F,18,Family
41300,F,41,Premium
41301,M,43,Youth
41302,M,50,Enterprise
41303,F,66,Youth
41304,F,52,Premium
41305,F,56,Enterprise
41306,F,23,Premium
41307,F,64,Enterprise
41308,M,69,Enterprise
41309,M,38,Premium
41310,M,55,Enterprise
41311,M,45,Family
41312,F,44,Youth
41313,M,65,Youth
41314,M,64,Family
41315,M,30,Family
41316,F,44,Premium
41317,F,36,Enterprise
41318,F,54,Enterprise
41319,M,39,Youth
41320,M,47,Enterprise
41321,F,54,Premium
41322,M,58,Enterprise
41323,F,39,Youth
41324,M,50,Premium
41325,F,52,Youth
41326,M,65,Premium
41327,F,55,Premium
41328,F,20,Youth
41329,M,51,Premium
41330,M,62,Youth
41331,M,60,Premium
41332,F,38,Family
41333,M,60,Youth
41334,F,51,Enterprise
41335,F,69,Youth
41336,M,70,Enterprise
41337,M,68,Family
41338,M,34,Enterprise
41339,M,40,Family
41340,F,30,Youth
41341,M,64,Family
41342,M,44,Premium
41343,F,21,Enterprise
41344,F,58,Family
41345,F,66,Premium
41346,F,35,Youth
41347,M,31,Premium
41348,M,57,Premium
41349,F,50,Premium
41350,M,31,Enterprise
41351,F,30,Family
41352,M,61,Enterprise
41353,M,35,Enterprise
41354,M,63,Premium
41355,M,52,Family
41356,F,18,Family
41357,M,32,Premium
41358,F,56,Youth
41359,F,35,Premium
41360,F,29,Premium
41361,M,69,Enterprise
41362,F,56,Youth
41363,F,29,Family
41364,F,66,Premium
41365,F,33,Enterprise
41366,M,45,Family
41367,F,22,Family
41368,M,30,Premium
41369,M,26,Enterprise
41370,F,35,Enterprise
41371,F,42,Enterprise
41372,F,63,Youth
41373,F,47,Youth
41374,F,45,Enterprise
41375,F,46,Youth
41376,M,65,Youth
41377,F,66,Enterprise
41378,M,25,Youth
41379,M,62,Family
41380,M,21,Youth
41381,F,46,Enterprise
41382,M,66,Enterprise
41383,M,23,Enterprise
41384,M,44,Youth
41385,F,68,Youth
41386,M,43,Family
41387,M,34,Enterprise
41388,F,38,Youth
41389,M,62,Premium
41390,F,21,Enterprise
41391,M,37,Premium
41392,M,67,Premium
41393,F,46,Family
41394,F,41,Enterprise
41395,M,33,Premium
41396,M,36,Premium
41397,M,70,Premium
41398,M,50,Family
41399,F,52,Enterprise
41400,M,63,Enterprise
41401,F,23,Family
41402,M,43,Family
41403,F,57,Enterprise
41404,M,49,Enterprise
41405,F,56,Enterprise
41406,M,59,Enterprise
41407,M,58,Premium
41408,M,22,Enterprise
41409,F,59,Premium
41410,M,40,Youth
41411,F,44,Premium
41412,M,52,Youth
41413,F,63,Family
41414,M,50,Family
41415,M,66,Youth
41416,M,20,Enterprise
41417,M,37,Enterprise
41418,M,53,Youth
41419,F,64,Premium
41420,F,47,Family
41421,F,39,Enterprise
41422,M,51,Family
41423,F,36,Youth
41424,F,39,Youth
41425,M,19,Premium
41426,F,65,Enterprise
41427,M,52,Family
41428,F,47,Youth
41429,M,66,Premium
41430,F,31,Family
41431,M,70,Family
41432,M,35,Premium
41433,F,26,Enterprise
41434,F,32,Premium
41435,F,38,Youth
41436,M,41,Youth
41437,M,18,Youth
41438,F,48,Premium
41439,F,65,Enterprise
41440,M,52,Youth
41441,F,22,Enterprise
41442,F,19,Family
41443,F,32,Youth
41444,M,55,Enterprise
41445,F,58,Premium
41446,F,70,Family
41447,F,33,Family
41448,F,56,Youth
41449,M,46,Premium
41450,M,23,Enterprise
41451,M,46,Enterprise
41452,M,35,Youth
41453,M,40,Youth
41454,M,21,Youth
41455,M,33,Youth
41456,F,30,Youth
41457,F,18,Family
41458,F,65,Family
41459,M,61,Family
41460,M,56,Premium
41461,M,65,Premium
41462,M,61,Enterprise
41463,M,45,Youth
41464,M,42,Premium
41465,F,69,Premium
41466,M,53,Enterprise
41467,M,50,Enterprise
41468,F,29,Enterprise
41469,F,24,Premium
41470,F,48,Premium
41471,M,29,Youth
41472,F,53,Premium
41473,M,40,Family
41474,F,64,Premium
41475,F,65,Premium
41476,F,47,Youth
41477,F,53,Family
41478,F,67,Enterprise
41479,F,28,Enterprise
41480,F,21,Premium
41481,M,56,Premium
41482,F,26,Family
41483,F,31,Enterprise
41484,M,30,Enterprise
41485,M,56,Enterprise
41486,F,56,Family
41487,F,67,Family
41488,M,36,Youth
41489,F,34,Youth
41490,M,37,Enterprise
41491,F,51,Youth
41492,M,43,Enterprise
41493,M,37,Enterprise
41494,M,39,Family
41495,M,55,Family
41496,F,40,Family
41497,M,66,Enterprise
41498,F,49,Youth
41499,M,38,Enterprise
41500,F,32,Premium
41501,F,53,Premium
41502,F,19,Enterprise
41503,M,32,Premium
41504,F,34,Youth
41505,M,67,Premium
41506,F,25,Enterprise
41507,F,54,Youth
41508,F,66,Enterprise
41509,F,49,Enterprise
41510,M,41,Family
41511,F,36,Family
41512,M,21,Enterprise
41513,M,27,Enterprise
41514,F,53,Enterprise
41515,M,23,Youth
41516,M,43,Youth
41517,F,50,Enterprise
41518,M,30,Family
41519,M,19,Family
41520,M,62,Premium
41521,F,70,Youth
41522,F,28,Family
41523,F,40,Premium
41524,M,45,Family
41525,M,20,Family
41526,M,39,Youth
41527,F,61,Enterprise
41528,F,62,Family
41529,M,69,Premium
41530,M,59,Family
41531,M,69,Youth
41532,F,31,Family
41533,M,64,Family
41534,F,47,Family
41535,F,45,Youth
41536,F,55,Family
41537,F,56,Premium
41538,F,52,Premium
41539,F,70,Youth
41540,F,52,Youth
41541,M,33,Youth
41542,F,37,Enterprise
41543,M,43,Premium
41544,F,47,Premium
41545,F,35,Premium
41546,M,34,Family
41547,F,55,Enterprise
41548,M,26,Family
41549,F,69,Enterprise
41550,F,70,Youth
41551,F,49,Youth
41552,M,38,Family
41553,M,51,Family
41554,M,22,Family
41555,F,62,Youth
41556,M,68,Premium
41557,F,60,Youth
41558,F,56,Enterprise
41559,F,25,Family
41560,F,41,Premium
41561,M,65,Family
41562,M,35,Premium
41563,F,34,Family
41564,F,59,Premium
41565,M,57,Family
41566,F,62,Family
41567,M,34,Youth
41568,M,34,Enterprise
41569,M,48,Family
41570,M,64,Enterprise
41571,M,61,Enterprise
41572,F,62,Youth
41573,F,58,Youth
41574,F,56,Youth
41575,F,24,Enterprise
41576,F,18,Premium
41577,M,37,Youth
41578,M,41,Enterprise
41579,M,27,Youth
41580,F,36,Family
41581,F,36,Youth
41582,M,51,Family
41583,M,25,Enterprise
41584,M,23,Youth
41585,F,54,Youth
41586,F,52,Enterprise
41587,M,32,Enterprise
41588,F,21,Family
41589,M,24,Family
41590,F,24,Youth
41591,F,24,Enterprise
41592,M,23,Premium
41593,M,66,Family
41594,F,33,Family
41595,M,41,Premium
41596,M,70,Family
41597,M,56,Enterprise
41598,M,44,Premium
41599,F,39,Youth
41600,M,54,Enterprise
41601,F,38,Enterprise
41602,M,40,Enterprise
41603,M,24,Premium
41604,M,51,Enterprise
41605,M,30,Family
41606,M,18,Enterprise
41607,M,23,Family
41608,F,24,Youth
41609,M,45,Premium
41610,F,27,Youth
41611,M,37,Enterprise
41612,M,23,Family
41613,F,69,Premium
41614,F,67,Enterprise
41615,M,46,Family
41616,F,31,Youth
41617,F,65,Enterprise
41618,M,36,Youth
41619,M,64,Premium
41620,M,47,Enterprise
41621,F,53,Premium
41622,M,70,Premium
41623,M,21,Family
41624,F,51,Youth
41625,F,36,Premium
41626,F,55,Enterprise
41627,M,32,Family
41628,F,63,Youth
41629,M,56,Premium
41630,F,37,Family
41631,F,49,Premium
41632,M,41,Enterprise
41633,M,33,Family
41634,M,52,Premium
41635,M,24,Enterprise
41636,F,45,Family
41637,F,52,Family
41638,M,63,Enterprise
41639,F,52,Youth
41640,F,42,Premium
41641,M,70,Premium
41642,F,46,Youth
41643,F,58,Youth
41644,M,34,Youth
41645,M,24,Youth
41646,F,46,Family
41647,F,20,Youth
41648,F,27,Enterprise
41649,M,35,Family
41650,F,53,Youth
41651,M,18,Enterprise
41652,F,48,Youth
41653,M,27,Family
41654,F,45,Youth
41655,M,31,Enterprise
41656,M,55,Premium
41657,M,43,Premium
41658,M,21,Enterprise
41659,F,45,Enterprise
41660,F,35,Premium
41661,M,19,Premium
41662,F,36,Enterprise
41663,M,39,Family
41664,F,49,Enterprise
41665,F,20,Youth
41666,M,18,Enterprise
41667,M,53,Premium
41668,F,29,Family
41669,F,39,Premium
41670,M,37,Youth
41671,M,32,Premium
41672,F,44,Premium
41673,F,38,Family
41674,F,54,Family
41675,M,39,Family
41676,M,51,Youth
41677,M,44,Premium
41678,M,45,Enterprise
41679,F,67,Premium
41680,M,49,Family
41681,M,34,Youth
41682,M,59,Premium
41683,M,31,Premium
41684,M,56,Family
41685,M,42,Youth
41686,M,66,Premium
41687,F,44,Premium
41688,F,48,Enterprise
41689,M,19,Enterprise
41690,M,37,Enterprise
41691,F,58,Family
41692,M,66,Premium
41693,M,37,Enterprise
41694,F,66,Family
41695,M,39,Enterprise
41696,M,57,Enterprise
41697,F,63,Youth
41698,F,64,Premium
41699,F,37,Enterprise
41700,F,59,Enterprise
41701,F,24,Youth
41702,F,68,Youth
41703,M,48,Youth
41704,F,57,Family
41705,M,47,Premium
41706,F,27,Family
41707,F,49,Family
41708,F,21,Enterprise
41709,M,19,Family
41710,M,47,Youth
41711,F,40,Family
41712,M,32,Family
41713,M,51,Enterprise
41714,M,38,Youth
41715,M,35,Enterprise
41716,M,61,Family
41717,M,48,Youth
41718,F,18,Youth
41719,F,68,Family
41720,F,33,Youth
41721,M,36,Family
41722,F,26,Premium
41723,M,64,Enterprise
41724,M,53,Youth
41725,F,31,Premium
41726,F,66,Enterprise
41727,F,46,Premium
41728,M,35,Premium
41729,F,66,Premium
41730,M,69,Premium
41731,M,47,Premium
41732,F,51,Family
41733,M,45,Family
41734,F,69,Enterprise
41735,M,50,Enterprise
41736,M,63,Enterprise
41737,M,27,Youth
41738,M,22,Premium
41739,F,46,Premium
41740,M,20,Youth
41741,F,40,Youth
41742,F,48,Premium
41743,F,50,Enterprise
41744,F,68,Premium
41745,M,52,Premium
41746,F,31,Family
41747,M,42,Youth
41748,F,32,Enterprise
41749,F,47,Family
41750,F,50,Premium
41751,M,28,Family
41752,F,48,Family
41753,M,33,Youth
41754,F,61,Premium
41755,F,67,Youth
41756,F,38,Youth
41757,F,42,Family
41758,M,44,Family
41759,F,23,Enterprise
41760,M,47,Enterprise
41761,M,52,Premium
41762,M,50,Enterprise
41763,F,63,Family
41764,M,26,Youth
41765,F,21,Premium
41766,F,20,Youth
41767,F,37,Enterprise
41768,M,50,Premium
41769,F,46,Enterprise
41770,M,55,Enterprise
41771,M,69,Youth
41772,F,32,Youth
41773,F,69,Premium
41774,F,35,Youth
41775,M,50,Enterprise
41776,M,42,Youth
41777,F,61,Enterprise
41778,F,53,Enterprise
41779,M,33,Premium
41780,M,20,Enterprise
41781,F,43,Youth
41782,F,66,Family
41783,M,29,Enterprise
41784,F,51,Family
41785,M,53,Premium
41786,M,48,Youth
41787,F,24,Enterprise
41788,F,48,Family
41789,F,70,Youth
41790,F,44,Youth
41791,M,64,Youth
41792,F,55,Family
41793,M,68,Enterprise
41794,M,24,Enterprise
41795,F,56,Enterprise
41796,M,68,Premium
41797,F,53,Premium
41798,M,24,Premium
41799,F,23,Enterprise
41800,F,41,Youth
41801,F,36,Premium
41802,F,34,Enterprise
41803,F,18,Youth
41804,F,70,Family
41805,M,54,Family
41806,M,53,Family
41807,M,35,Youth
41808,M,45,Enterprise
41809,F,35,Youth
41810,F,29,Youth
41811,F,70,Youth
41812,M,68,Premium
41813,F,38,Family
41814,F,19,Premium
41815,F,53,Enterprise
41816,M,60,Family
41817,M,28,Premium
41818,F,53,Premium
41819,F,42,Enterprise
41820,M,35,Family
41821,F,28,Youth
41822,F,68,Youth
41823,M,40,Family
41824,M,43,Enterprise
41825,F,58,Enterprise
41826,M,24,Youth
41827,F,27,Youth
41828,F,33,Premium
41829,F,25,Enterprise
41830,F,65,Family
41831,M,60,Family
41832,F,64,Family
41833,M,65,Premium
41834,F,59,Youth
41835,F,41,Enterprise
41836,M,48,Family
41837,M,46,Enterprise
41838,F,32,Enterprise
41839,F,36,Enterprise
41840,F,20,Premium
41841,M,42,Family
41842,F,40,Family
41843,F,64,Youth
41844,M,62,Premium
41845,M,45,Family
41846,F,62,Youth
41847,F,29,Family
41848,F,42,Youth
41849,M,69,Family
41850,M,67,Youth
41851,M,22,Premium
41852,M,35,Premium
41853,F,18,Enterprise
41854,F,29,Youth
41855,M,24,Premium
41856,F,51,Premium
41857,F,67,Family
41858,F,55,Family
41859,F,36,Family
41860,M,41,Family
41861,M,19,Family
41862,M,20,Youth
41863,F,24,Enterprise
41864,M,24,Enterprise
41865,M,66,Youth
41866,M,63,Premium
41867,M,47,Family
41868,M,38,Youth
41869,M,31,Premium
41870,F,21,Premium
41871,F,47,Premium
41872,F,29,Premium
41873,M,44,Premium
41874,M,18,Enterprise
41875,F,26,Family
41876,M,19,Premium
41877,M,33,Family
41878,F,66,Youth
41879,F,22,Family
41880,M,55,Enterprise
41881,F,41,Premium
41882,M,52,Premium
41883,F,55,Enterprise
41884,M,37,Youth
41885,F,38,Premium
41886,M,21,Family
41887,M,20,Enterprise
41888,F,69,Premium
41889,M,53,Youth
41890,M,69,Family
41891,F,70,Premium
41892,M,57,Premium
41893,M,61,Premium
41894,F,20,Family
41895,F,42,Family
41896,M,20,Family
41897,F,51,Youth
41898,F,70,Enterprise
41899,M,66,Family
41900,F,29,Premium
41901,F,55,Enterprise
41902,F,44,Enterprise
41903,M,58,Premium
41904,M,38,Youth
41905,F,45,Enterprise
41906,M,24,Enterprise
41907,M,38,Enterprise
41908,F,31,Premium
41909,M,30,Family
41910,M,57,Enterprise
41911,M,57,Family
41912,F,55,Youth
41913,F,57,Enterprise
41914,M,23,Youth
41915,F,56,Enterprise
41916,F,61,Enterprise
41917,M,30,Premium
41918,M,37,Premium
41919,M,66,Enterprise
41920,M,20,Family
41921,F,31,Enterprise
41922,M,19,Family
41923,M,22,Enterprise
41924,M,58,Family
41925,M,47,Youth
41926,F,58,Enterprise
41927,F,60,Family
41928,F,66,Youth
41929,F,35,Premium
41930,M,70,Family
41931,M,26,Family
41932,F,18,Youth
41933,F,57,Premium
41934,F,22,Family
41935,M,32,Enterprise
41936,F,30,Youth
41937,F,66,Premium
41938,F,55,Family
41939,M,34,Enterprise
41940,F,58,Enterprise
41941,F,55,Enterprise
41942,M,38,Family
41943,M,26,Premium
41944,F,59,Premium
41945,F,34,Premium
41946,M,65,Family
41947,F,60,Youth
41948,M,56,Premium
41949,F,42,Premium
41950,M,48,Youth
41951,M,59,Family
41952,M,33,Premium
41953,F,63,Premium
41954,F,32,Premium
41955,M,55,Family
41956,M,66,Youth
41957,F,50,Enterprise
41958,M,26,Enterprise
41959,F,70,Enterprise
41960,F,65,Youth
41961,M,51,Premium
41962,F,34,Youth
41963,F,58,Enterprise
41964,F,70,Youth
41965,F,62,Family
41966,M,28,Enterprise
41967,M,37,Youth
41968,F,23,Youth
41969,F,38,Enterprise
41970,M,54,Youth
41971,F,43,Youth
41972,M,27,Family
41973,F,61,Youth
41974,M,47,Youth
41975,F,34,Enterprise
41976,M,22,Premium
41977,F,19,Premium
41978,M,36,Youth
41979,M,46,Youth
41980,F,45,Premium
41981,M,63,Family
41982,M,40,Youth
41983,F,33,Premium
41984,F,31,Enterprise
41985,M,61,Youth
41986,F,29,Premium
41987,F,33,Enterprise
41988,M,65,Enterprise
41989,M,22,Youth
41990,M,37,Family
41991,F,28,Youth
41992,F,57,Youth
41993,F,32,Youth
41994,M,60,Premium
41995,M,19,Premium
41996,M,39,Enterprise
41997,F,21,Family
41998,M,18,Family
41999,F,30,Premium
42000,M,23,Family
42001,M,60,Family
42002,M,66,Enterprise
42003,M,38,Enterprise
42004,F,36,Premium
42005,F,19,Enterprise
42006,M,53,Family
42007,F,27,Enterprise
42008,M,51,Family
42009,M,60,Premium
42010,M,22,Youth
42011,F,66,Youth
42012,F,40,Premium
42013,F,25,Premium
42014,F,60,Enterprise
42015,M,62,Enterprise
42016,F,61,Enterprise
42017,F,27,Enterprise
42018,M,37,Youth
42019,F,21,Premium
42020,M,50,Youth
42021,F,24,Family
42022,M,55,Enterprise
42023,F,39,Family
42024,M,54,Family
42025,F,55,Family
42026,M,34,Youth
42027,F,27,Enterprise
42028,F,35,Premium
42029,F,60,Enterprise
42030,M,46,Family
42031,M,33,Youth
42032,M,31,Youth
42033,M,46,Family
42034,M,43,Enterprise
42035,F,36,Premium
42036,F,55,Youth
42037,F,61,Youth
42038,M,40,Family
42039,M,53,Youth
42040,F,18,Family
42041,F,46,Family
42042,F,63,Youth
42043,F,35,Family
42044,F,23,Youth
42045,F,57,Youth
42046,M,19,Youth
42047,M,64,Enterprise
42048,F,50,Premium
42049,M,20,Premium
42050,F,23,Family
42051,F,26,Family
42052,F,60,Premium
42053,M,32,Family
42054,M,38,Enterprise
42055,M,18,Family
42056,M,36,Family
42057,M,31,Family
42058,F,44,Enterprise
42059,F,37,Youth
42060,F,24,Premium
42061,M,44,Youth
42062,M,25,Enterprise
42063,F,39,Youth
42064,F,29,Premium
42065,M,34,Enterprise
42066,M,69,Premium
42067,M,34,Youth
42068,F,50,Enterprise
42069,M,36,Enterprise
42070,M,48,Enterprise
42071,F,60,Premium
42072,M,70,Premium
42073,M,29,Premium
42074,F,37,Enterprise
42075,M,32,Family
42076,F,24,Premium
42077,M,60,Enterprise
42078,M,51,Enterprise
42079,M,51,Enterprise
42080,F,69,Premium
42081,M,30,Premium
42082,F,55,Enterprise
42083,F,55,Enterprise
42084,M,43,Youth
42085,M,39,Youth
42086,F,42,Premium
42087,F,36,Enterprise
42088,M,60,Premium
42089,F,22,Enterprise
42090,F,38,Enterprise
42091,M,26,Family
42092,M,37,Premium
42093,F,25,Youth
42094,M,37,Youth
42095,M,45,Youth
42096,M,39,Enterprise
42097,F,70,Youth
42098,F,31,Premium
42099,M,61,Family
42100,M,69,Family
42101,M,19,Youth
42102,F,36,Premium
42103,M,31,Family
42104,M,36,Youth
42105,M,68,Youth
42106,M,31,Youth
42107,F,33,Family
42108,F,32,Youth
42109,F,47,Youth
42110,M,69,Youth
42111,M,51,Youth
42112,F,52,Premium
42113,F,52,Youth
42114,M,28,Premium
42115,M,26,Youth
42116,M,22,Youth
42117,M,40,Family
42118,M,45,Youth
42119,F,54,Premium
42120,F,36,Family
42121,M,57,Premium
42122,F,35,Premium
42123,F,38,Enterprise
42124,M,33,Youth
42125,F,35,Youth
42126,F,60,Premium
42127,F,44,Enterprise
42128,F,21,Youth
42129,M,28,Family
42130,M,69,Enterprise
42131,M,58,Enterprise
42132,F,29,Family
42133,F,27,Enterprise
42134,M,19,Premium
42135,F,42,Family
42136,M,35,Premium
42137,F,46,Youth
42138,M,28,Premium
42139,F,33,Youth
42140,F,39,Enterprise
42141,M,24,Youth
42142,M,58,Family
42143,F,34,Family
42144,M,66,Family
42145,M,42,Premium
42146,M,42,Enterprise
42147,F,27,Family
42148,M,21,Youth
42149,M,55,Enterprise
42150,F,34,Enterprise
42151,M,58,Family
42152,F,34,Enterprise
42153,F,24,Youth
42154,M,59,Premium
42155,F,68,Youth
42156,F,68,Family
42157,F,39,Youth
42158,F,35,Youth
42159,F,58,Enterprise
42160,F,31,Family
42161,F,20,Enterprise
42162,M,24,Family
42163,M,44,Enterprise
42164,M,22,Premium
42165,M,39,Premium
42166,F,61,Premium
42167,F,50,Premium
42168,F,36,Enterprise
42169,M,22,Family
42170,M,34,Premium
42171,M,70,Premium
42172,F,67,Enterprise
42173,F,55,Family
42174,F,52,Youth
42175,M,31,Premium
42176,F,53,Enterprise
42177,M,47,Premium
42178,F,60,Family
42179,F,28,Youth
42180,F,47,Premium
42181,F,23,Premium
42182,F,31,Enterprise
42183,M,26,Enterprise
42184,F,24,Premium
42185,F,23,Family
42186,M,51,Premium
42187,F,53,Premium
42188,M,23,Premium
42189,M,36,Youth
42190,F,29,Enterprise
42191,M,22,Youth
42192,M,50,Youth
42193,M,60,Enterprise
42194,F,50,Youth
42195,F,58,Family
42196,F,47,Premium
42197,F,54,Family
42198,M,19,Premium
42199,M,66,Youth
42200,M,55,Enterprise
42201,F,50,Youth
42202,F,30,Youth
42203,F,62,Youth
42204,M,69,Family
42205,M,20,Enterprise
42206,M,49,Youth
42207,M,35,Enterprise
42208,M,70,Enterprise
42209,F,19,Youth
42210,F,47,Family
42211,M,35,Family
42212,M,62,Youth
42213,F,55,Premium
42214,F,67,Family
42215,M,36,Enterprise
42216,M,61,Enterprise
42217,F,34,Enterprise
42218,M,21,Youth
42219,M,38,Youth
42220,M,49,Enterprise
42221,F,48,Youth
42222,F,51,Premium
42223,M,65,Premium
42224,M,59,Family
42225,M,34,Family
42226,M,21,Enterprise
42227,M,18,Youth
42228,F,25,Family
42229,F,30,Enterprise
42230,M,40,Youth
42231,M,70,Premium
42232,F,65,Premium
42233,F,32,Premium
42234,F,29,Enterprise
42235,F,39,Premium
42236,F,41,Youth
42237,M,52,Enterprise
42238,F,50,Enterprise
42239,M,65,Youth
42240,F,55,Youth
42241,F,63,Youth
42242,F,70,Youth
42243,F,68,Enterprise
42244,F,49,Family
42245,M,18,Enterprise
42246,M,37,Enterprise
42247,F,29,Youth
42248,M,64,Enterprise
42249,M,45,Enterprise
42250,F,49,Enterprise
42251,M,25,Premium
42252,F,55,Family
42253,M,27,Youth
42254,M,39,Enterprise
42255,M,42,Premium
42256,F,19,Family
42257,F,49,Youth
42258,M,50,Family
42259,F,31,Enterprise
42260,F,41,Family
42261,M,24,Premium
42262,F,21,Enterprise
42263,F,51,Youth
42264,M,44,Family
42265,F,65,Family
42266,F,41,Premium
42267,M,64,Premium
42268,M,70,Family
42269,F,37,Youth
42270,F,28,Youth
42271,F,40,Youth
42272,M,67,Youth
42273,M,32,Youth
42274,F,66,Youth
42275,F,62,Enterprise
42276,M,47,Enterprise
42277,F,27,Family
42278,M,46,Enterprise
42279,M,36,Enterprise
42280,M,32,Enterprise
42281,M,62,Enterprise
42282,M,24,Premium
42283,F,70,Family
42284,M,49,Enterprise
42285,F,32,Family
42286,M,27,Enterprise
42287,F,56,Premium
42288,M,69,Family
42289,M,42,Enterprise
42290,M,26,Premium
42291,F,21,Enterprise
42292,F,30,Premium
42293,F,24,Family
42294,M,23,Family
42295,F,67,Youth
42296,M,65,Family
42297,F,49,Family
42298,F,53,Youth
42299,F,36,Family
42300,M,46,Enterprise
42301,F,20,Enterprise
42302,F,25,Enterprise
42303,F,42,Youth
42304,M,40,Enterprise
42305,F,54,Enterprise
42306,M,68,Family
42307,M,30,Family
42308,M,26,Enterprise
42309,M,56,Enterprise
42310,M,39,Enterprise
42311,F,50,Youth
42312,F,38,Youth
42313,F,51,Enterprise
42314,M,50,Premium
42315,M,55,Enterprise
42316,F,21,Youth
42317,M,46,Enterprise
42318,F,63,Premium
42319,F,24,Family
42320,M,67,Premium
42321,M,65,Family
42322,M,66,Youth
42323,M,53,Youth
42324,F,29,Family
42325,F,36,Premium
42326,M,65,Youth
42327,M,26,Enterprise
42328,M,42,Youth
42329,F,47,Enterprise
42330,F,67,Enterprise
42331,M,38,Enterprise
42332,M,39,Premium
42333,M,29,Enterprise
42334,M,64,Family
42335,F,19,Enterprise
42336,F,47,Enterprise
42337,M,32,Family
42338,F,66,Family
42339,M,70,Premium
42340,F,65,Enterprise
42341,M,64,Premium
42342,F,22,Youth
42343,M,42,Youth
42344,F,42,Enterprise
42345,M,23,Enterprise
42346,M,68,Family
42347,F,32,Youth
42348,M,38,Premium
42349,M,56,Family
42350,F,36,Premium
42351,M,62,Family
42352,M,33,Premium
42353,M,69,Family
42354,F,47,Premium
42355,F,47,Youth
42356,M,18,Youth
42357,M,46,Premium
42358,M,53,Premium
42359,F,56,Youth
42360,M,33,Enterprise
42361,M,26,Premium
42362,F,54,Youth
42363,F,40,Youth
42364,M,49,Family
42365,F,70,Youth
42366,F,32,Youth
42367,M,38,Youth
42368,F,22,Youth
42369,F,60,Premium
42370,M,38,Enterprise
42371,M,25,Family
42372,M,46,Youth
42373,M,62,Youth
42374,F,55,Enterprise
42375,M,42,Enterprise
42376,M,49,Family
42377,M,64,Premium
42378,F,26,Enterprise
42379,M,49,Enterprise
42380,M,38,Family
42381,F,24,Family
42382,F,39,Family
42383,F,70,Youth
42384,F,55,Youth
42385,F,70,Youth
42386,M,60,Premium
42387,M,60,Premium
42388,F,62,Premium
42389,F,46,Premium
42390,M,35,Premium
42391,M,54,Premium
42392,F,38,Enterprise
42393,F,30,Enterprise
42394,F,59,Family
42395,M,62,Family
42396,F,64,Family
42397,F,62,Premium
42398,F,27,Enterprise
42399,F,67,Enterprise
42400,F,48,Youth
42401,M,40,Family
42402,M,63,Youth
42403,M,28,Enterprise
42404,M,29,Premium
42405,F,54,Premium
42406,M,27,Premium
42407,M,28,Premium
42408,M,63,Family
42409,F,57,Enterprise
42410,F,59,Premium
42411,F,65,Premium
42412,F,62,Family
42413,M,22,Family
42414,M,47,Family
42415,F,25,Premium
42416,F,34,Enterprise
42417,F,46,Enterprise
42418,F,63,Premium
42419,F,26,Family
42420,M,50,Youth
42421,F,53,Youth
42422,M,44,Youth
42423,F,55,Youth
42424,F,25,Family
42425,M,48,Family
42426,M,41,Enterprise
42427,F,45,Enterprise
42428,F,38,Family
42429,F,35,Youth
42430,M,23,Premium
42431,F,54,Enterprise
42432,F,24,Premium
42433,M,27,Youth
42434,F,30,Premium
42435,F,36,Premium
42436,F,67,Premium
42437,F,47,Enterprise
42438,M,20,Family
42439,F,49,Enterprise
42440,F,42,Enterprise
42441,F,33,Youth
42442,M,59,Youth
42443,F,54,Enterprise
42444,M,23,Family
42445,M,50,Youth
42446,F,66,Family
42447,F,33,Youth
42448,F,59,Youth
42449,M,32,Enterprise
42450,F,69,Enterprise
42451,M,23,Premium
42452,F,31,Family
42453,M,52,Premium
42454,F,33,Family
42455,F,53,Youth
42456,F,45,Premium
42457,M,40,Enterprise
42458,F,35,Youth
42459,M,55,Premium
42460,M,43,Premium
42461,M,30,Youth
42462,F,20,Family
42463,M,38,Youth
42464,F,25,Premium
42465,M,61,Youth
42466,F,27,Enterprise
42467,M,19,Premium
42468,M,45,Youth
42469,M,35,Premium
42470,M,45,Enterprise
42471,F,31,Enterprise
42472,M,62,Enterprise
42473,F,22,Premium
42474,F,26,Premium
42475,M,41,Enterprise
42476,M,33,Youth
42477,F,43,Enterprise
42478,M,51,Youth
42479,F,70,Youth
42480,M,63,Enterprise
42481,M,29,Family
42482,M,26,Enterprise
42483,M,62,Enterprise
42484,F,70,Premium
42485,M,54,Youth
42486,F,26,Enterprise
42487,M,22,Enterprise
42488,M,18,Enterprise
42489,M,34,Premium
42490,M,44,Youth
42491,F,66,Enterprise
42492,F,45,Youth
42493,M,36,Youth
42494,F,55,Enterprise
42495,M,39,Youth
42496,M,34,Premium
42497,F,65,Premium
42498,M,33,Family
42499,F,48,Enterprise
42500,F,35,Family
42501,M,42,Youth
42502,M,52,Youth
42503,M,45,Enterprise
42504,F,42,Premium
42505,M,46,Enterprise
42506,F,63,Youth
42507,M,63,Family
42508,M,19,Youth
42509,F,39,Enterprise
42510,M,55,Enterprise
42511,M,22,Family
42512,F,55,Youth
42513,M,41,Youth
42514,F,28,Premium
42515,M,23,Youth
42516,M,34,Family
42517,F,51,Youth
42518,M,55,Premium
42519,F,50,Youth
42520,F,51,Enterprise
42521,F,64,Youth
42522,M,50,Enterprise
42523,M,51,Enterprise
42524,F,47,Family
42525,M,19,Family
42526,M,36,Family
42527,F,51,Youth
42528,F,59,Family
42529,F,49,Premium
42530,M,23,Youth
42531,F,63,Family
42532,M,56,Enterprise
42533,M,66,Premium
42534,M,34,Youth
42535,M,61,Premium
42536,F,54,Premium
42537,M,70,Youth
42538,M,29,Premium
42539,M,44,Enterprise
42540,F,48,Youth
42541,F,32,Premium
42542,M,46,Family
42543,F,37,Youth
42544,F,26,Youth
42545,F,46,Enterprise
42546,F,54,Family
42547,F,47,Enterprise
42548,M,31,Youth
42549,F,27,Youth
42550,M,45,Youth
42551,F,33,Youth
42552,F,58,Enterprise
42553,M,54,Premium
42554,M,44,Family
42555,F,23,Youth
42556,M,30,Premium
42557,F,41,Youth
42558,F,48,Family
42559,M,18,Youth
42560,F,53,Family
42561,M,35,Family
42562,M,19,Enterprise
42563,F,32,Youth
42564,M,60,Youth
42565,F,30,Enterprise
42566,M,32,Family
42567,M,32,Premium
42568,M,36,Premium
42569,F,51,Enterprise
42570,F,64,Youth
42571,F,40,Family
42572,M,24,Family
42573,F,66,Youth
42574,F,51,Family
42575,M,33,Enterprise
42576,F,55,Family
42577,M,50,Enterprise
42578,M,64,Youth
42579,M,43,Premium
42580,M,24,Youth
42581,M,19,Enterprise
42582,M,61,Premium
42583,F,50,Youth
42584,M,45,Youth
42585,F,19,Family
42586,F,63,Family
42587,F,36,Youth
42588,F,62,Premium
42589,F,59,Enterprise
42590,F,65,Family
42591,F,66,Family
42592,M,55,Enterprise
42593,M,25,Premium
42594,M,60,Youth
42595,F,50,Enterprise
42596,M,66,Premium
42597,F,30,Youth
42598,M,23,Enterprise
42599,M,34,Enterprise
42600,M,60,Youth
42601,M,54,Youth
42602,M,57,Family
42603,M,33,Youth
42604,M,53,Enterprise
42605,F,31,Family
42606,M,22,Premium
42607,M,28,Premium
42608,M,64,Premium
42609,F,22,Youth
42610,F,20,Premium
42611,F,55,Premium
42612,F,45,Family
42613,M,34,Premium
42614,F,22,Premium
42615,M,36,Enterprise
42616,M,48,Family
42617,F,34,Enterprise
42618,F,18,Enterprise
42619,M,36,Premium
42620,F,43,Enterprise
42621,M,42,Youth
42622,F,69,Enterprise
42623,F,63,Premium
42624,M,19,Family
42625,F,28,Premium
42626,M,19,Youth
42627,M,45,Enterprise
42628,F,49,Enterprise
42629,M,69,Family
42630,M,65,Enterprise
42631,F,35,Enterprise
42632,M,37,Enterprise
42633,M,20,Premium
42634,M,23,Premium
42635,F,29,Enterprise
42636,F,49,Premium
42637,M,41,Enterprise
42638,M,36,Youth
42639,F,33,Premium
42640,F,55,Enterprise
42641,M,22,Premium
42642,F,39,Enterprise
42643,M,22,Family
42644,F,68,Family
42645,F,62,Family
42646,M,51,Family
42647,M,61,Premium
42648,F,63,Youth
42649,M,31,Family
42650,M,33,Family
42651,M,67,Family
42652,M,46,Family
42653,F,58,Youth
42654,M,26,Family
42655,M,35,Family
42656,F,50,Family
42657,F,67,Family
42658,F,48,Enterprise
42659,F,57,Premium
42660,F,35,Youth
42661,M,58,Premium
42662,M,54,Premium
42663,F,70,Premium
42664,M,24,Family
42665,F,31,Premium
42666,F,64,Premium
42667,F,45,Youth
42668,M,46,Enterprise
42669,F,60,Youth
42670,M,63,Enterprise
42671,M,55,Enterprise
42672,M,49,Premium
42673,F,54,Enterprise
42674,F,24,Enterprise
42675,M,56,Youth
42676,F,52,Youth
42677,F,36,Youth
42678,M,67,Family
42679,F,33,Family
42680,F,69,Enterprise
42681,F,18,Youth
42682,F,43,Family
42683,M,44,Youth
42684,F,54,Youth
42685,M,63,Youth
42686,F,21,Enterprise
42687,M,36,Premium
42688,F,28,Family
42689,F,58,Family
42690,M,58,Premium
42691,M,34,Premium
42692,M,20,Enterprise
42693,F,28,Youth
42694,M,64,Youth
42695,F,57,Premium
42696,F,38,Youth
42697,M,39,Family
42698,M,39,Premium
42699,F,49,Enterprise
42700,F,43,Premium
42701,M,44,Premium
42702,F,58,Family
42703,M,25,Enterprise
42704,F,18,Family
42705,M,30,Family
42706,F,38,Premium
42707,F,68,Enterprise
42708,M,31,Premium
42709,M,34,Youth
42710,M,45,Family
42711,M,34,Family
42712,M,64,Enterprise
42713,F,32,Premium
42714,F,27,Family
42715,F,21,Family
42716,M,32,Enterprise
42717,F,31,Premium
42718,M,64,Family
42719,M,32,Youth
42720,M,22,Youth
42721,M,31,Youth
42722,M,58,Enterprise
42723,F,38,Premium
42724,F,56,Family
42725,M,55,Family
42726,M,33,Family
42727,F,48,Enterprise
42728,M,32,Premium
42729,F,34,Youth
42730,M,25,Youth
42731,F,54,Family
42732,F,68,Youth
42733,F,19,Enterprise
42734,F,70,Family
42735,M,33,Enterprise
42736,F,62,Enterprise
42737,F,37,Family
42738,M,44,Premium
42739,F,28,Youth
42740,F,25,Youth
42741,M,33,Premium
42742,F,61,Family
42743,M,40,Youth
42744,M,67,Family
42745,F,40,Family
42746,F,25,Youth
42747,M,27,Family
42748,M,51,Enterprise
42749,F,53,Youth
42750,F,41,Family
42751,F,63,Premium
42752,F,67,Premium
42753,F,55,Youth
42754,M,32,Family
42755,F,30,Youth
42756,M,51,Premium
42757,M,28,Family
42758,M,18,Premium
42759,F,18,Premium
42760,F,53,Enterprise
42761,M,43,Premium
42762,F,51,Youth
42763,F,68,Enterprise
42764,M,18,Premium
42765,M,34,Youth
42766,F,25,Youth
42767,M,18,Premium
42768,M,53,Youth
42769,M,27,Premium
42770,M,31,Premium
42771,M,48,Youth
42772,F,34,Enterprise
42773,M,19,Premium
42774,F,48,Family
42775,F,29,Youth
42776,F,48,Premium
42777,F,51,Enterprise
42778,M,48,Premium
42779,F,55,Enterprise
42780,M,37,Enterprise
42781,F,38,Enterprise
42782,F,44,Youth
42783,M,21,Youth
42784,M,49,Enterprise
42785,M,63,Youth
42786,F,61,Family
42787,M,37,Premium
42788,M,70,Premium
42789,F,64,Enterprise
42790,F,67,Family
42791,M,24,Enterprise
42792,F,35,Enterprise
42793,M,56,Enterprise
42794,M,58,Enterprise
42795,M,36,Enterprise
42796,F,54,Youth
42797,M,30,Family
42798,F,60,Family
42799,M,51,Family
42800,M,38,Family
42801,M,35,Youth
42802,M,26,Youth
42803,F,24,Family
42804,M,51,Enterprise
42805,F,36,Premium
42806,M,67,Youth
42807,M,19,Family
42808,F,27,Family
42809,M,51,Enterprise
42810,F,70,Premium
42811,F,58,Premium
42812,F,55,Youth
42813,F,22,Family
42814,M,69,Youth
42815,M,48,Youth
42816,F,24,Youth
42817,M,56,Premium
42818,F,25,Premium
42819,F,69,Family
42820,F,26,Youth
42821,F,50,Family
42822,M,32,Enterprise
42823,F,22,Premium
42824,M,66,Premium
42825,M,28,Enterprise
42826,M,18,Premium
42827,F,20,Family
42828,F,20,Enterprise
42829,M,45,Enterprise
42830,F,39,Enterprise
42831,M,59,Enterprise
42832,F,50,Enterprise
42833,M,19,Premium
42834,M,51,Premium
42835,M,46,Family
42836,F,70,Youth
42837,M,56,Youth
42838,M,68,Family
42839,M,57,Premium
42840,M,58,Premium
42841,F,36,Family
42842,F,27,Enterprise
42843,M,65,Premium
42844,M,59,Youth
42845,M,44,Premium
42846,M,52,Family
42847,M,63,Youth
42848,M,70,Premium
42849,F,51,Family
42850,M,23,Premium
42851,M,53,Family
42852,F,54,Youth
42853,M,66,Enterprise
42854,M,64,Premium
42855,M,63,Youth
42856,F,47,Youth
42857,M,45,Premium
42858,F,59,Premium
42859,F,50,Youth
42860,F,24,Youth
42861,M,50,Youth
42862,F,43,Premium
42863,M,68,Family
42864,M,21,Enterprise
42865,F,19,Youth
42866,M,34,Youth
42867,M,53,Premium
42868,F,35,Family
42869,F,68,Premium
42870,F,69,Family
42871,F,40,Youth
42872,M,60,Enterprise
42873,F,40,Family
42874,M,34,Family
42875,F,21,Enterprise
42876,F,36,Enterprise
42877,F,33,Enterprise
42878,F,60,Enterprise
42879,M,53,Family
42880,F,58,Youth
42881,M,48,Enterprise
42882,F,42,Family
42883,M,39,Enterprise
42884,F,43,Premium
42885,F,54,Youth
42886,M,38,Family
42887,M,67,Family
42888,F,39,Premium
42889,M,31,Youth
42890,M,38,Youth
42891,M,29,Family
42892,F,30,Premium
42893,M,44,Enterprise
42894,M,51,Premium
42895,M,54,Enterprise
42896,F,54,Family
42897,M,40,Premium
42898,F,57,Enterprise
42899,F,57,Enterprise
42900,F,44,Family
42901,F,38,Family
42902,F,18,Premium
42903,M,22,Enterprise
42904,F,38,Youth
42905,F,18,Youth
42906,F,29,Family
42907,F,23,Youth
42908,F,36,Premium
42909,M,57,Enterprise
42910,F,60,Youth
42911,M,28,Family
42912,F,32,Family
42913,F,35,Enterprise
42914,M,62,Youth
42915,F,33,Youth
42916,M,18,Youth
42917,M,68,Youth
42918,F,23,Family
42919,M,65,Youth
42920,F,37,Enterprise
42921,M,62,Enterprise
42922,M,28,Youth
42923,M,65,Enterprise
42924,M,31,Premium
42925,M,22,Premium
42926,F,46,Family
42927,M,60,Family
42928,F,31,Family
42929,M,20,Youth
42930,F,58,Youth
42931,M,42,Enterprise
42932,F,46,Youth
42933,F,21,Premium
42934,F,49,Family
42935,M,53,Premium
42936,M,49,Premium
42937,M,34,Enterprise
42938,F,18,Youth
42939,M,32,Premium
42940,F,20,Enterprise
42941,F,36,Enterprise
42942,M,40,Enterprise
42943,M,23,Enterprise
42944,F,23,Enterprise
42945,M,70,Youth
42946,M,21,Family
42947,F,25,Youth
42948,F,33,Premium
42949,F,58,Enterprise
42950,F,36,Enterprise
42951,F,51,Family
42952,M,52,Premium
42953,F,44,Enterprise
42954,M,64,Premium
42955,F,33,Family
42956,F,48,Family
42957,F,47,Family
42958,F,61,Enterprise
42959,F,40,Enterprise
42960,M,70,Enterprise
42961,F,67,Family
42962,F,53,Youth
42963,F,70,Youth
42964,F,68,Premium
42965,F,26,Youth
42966,M,20,Family
42967,M,58,Enterprise
42968,F,57,Family
42969,F,55,Enterprise
42970,M,62,Enterprise
42971,F,63,Youth
42972,M,30,Family
42973,M,36,Youth
42974,M,23,Family
42975,M,59,Youth
42976,F,68,Youth
42977,M,22,Enterprise
42978,M,26,Premium
42979,F,42,Enterprise
42980,M,38,Family
42981,M,64,Youth
42982,M,46,Premium
42983,F,52,Enterprise
42984,F,67,Enterprise
42985,F,46,Family
42986,F,66,Family
42987,M,38,Enterprise
42988,M,56,Family
42989,M,19,Youth
42990,M,35,Enterprise
42991,M,30,Family
42992,F,19,Youth
42993,F,22,Family
42994,M,61,Youth
42995,M,30,Premium
42996,M,28,Youth
42997,F,68,Youth
42998,M,52,Family
42999,F,46,Family
43000,M,34,Enterprise
43001,M,59,Youth
43002,M,67,Premium
43003,M,25,Family
43004,F,48,Premium
43005,M,63,Youth
43006,F,62,Premium
43007,M,27,Premium
43008,F,51,Enterprise
43009,F,32,Premium
43010,F,35,Youth
43011,F,33,Enterprise
43012,F,36,Family
43013,M,67,Family
43014,F,23,Premium
43015,M,47,Youth
43016,M,61,Youth
43017,F,51,Youth
43018,M,63,Enterprise
43019,F,62,Family
43020,M,63,Family
43021,F,24,Youth
43022,M,28,Youth
43023,F,70,Enterprise
43024,M,62,Family
43025,M,57,Youth
43026,F,36,Enterprise
43027,M,33,Family
43028,F,70,Family
43029,F,22,Premium
43030,F,36,Family
43031,M,25,Enterprise
43032,M,53,Youth
43033,M,52,Youth
43034,F,29,Family
43035,F,27,Youth
43036,F,40,Youth
43037,M,61,Family
43038,M,63,Premium
43039,M,55,Youth
43040,M,20,Enterprise
43041,M,47,Enterprise
43042,F,22,Youth
43043,M,20,Family
43044,M,19,Youth
43045,F,29,Youth
43046,F,41,Premium
43047,F,66,Youth
43048,M,58,Enterprise
43049,M,70,Premium
43050,F,28,Enterprise
43051,F,60,Premium
43052,M,32,Premium
43053,M,19,Enterprise
43054,M,63,Youth
43055,M,36,Premium
43056,M,32,Premium
43057,F,31,Family
43058,M,40,Premium
43059,F,60,Youth
43060,F,67,Youth
43061,M,64,Family
43062,M,60,Youth
43063,M,64,Youth
43064,F,64,Premium
43065,F,28,Premium
43066,M,50,Premium
43067,F,33,Family
43068,F,65,Enterprise
43069,F,64,Premium
43070,M,61,Family
43071,M,23,Enterprise
43072,M,54,Enterprise
43073,M,63,Family
43074,F,28,Family
43075,M,47,Premium
43076,M,34,Premium
43077,F,69,Premium
43078,M,64,Premium
43079,M,35,Enterprise
43080,F,32,Youth
43081,F,50,Premium
43082,M,49,Family
43083,F,57,Enterprise
43084,M,48,Premium
43085,M,33,Enterprise
43086,M,65,Youth
43087,M,43,Youth
43088,F,45,Family
43089,F,44,Premium
43090,F,50,Youth
43091,M,40,Family
43092,F,35,Family
43093,F,67,Enterprise
43094,M,23,Enterprise
43095,M,24,Youth
43096,M,65,Premium
43097,M,25,Premium
43098,M,57,Premium
43099,F,62,Family
43100,M,48,Premium
43101,M,68,Enterprise
43102,F,37,Youth
43103,M,64,Family
43104,M,48,Youth
43105,M,22,Family
43106,M,53,Premium
43107,M,28,Premium
43108,M,35,Premium
43109,F,47,Family
43110,F,62,Family
43111,F,54,Family
43112,F,64,Youth
43113,F,65,Youth
43114,F,39,Youth
43115,M,45,Enterprise
43116,F,24,Premium
43117,M,31,Enterprise
43118,F,61,Family
43119,M,19,Youth
43120,M,61,Premium
43121,F,55,Youth
43122,F,47,Family
43123,F,41,Premium
43124,F,34,Premium
43125,M,59,Enterprise
43126,M,41,Premium
43127,F,28,Youth
43128,F,44,Premium
43129,M,48,Youth
43130,M,69,Youth
43131,M,44,Youth
43132,M,37,Enterprise
43133,F,35,Youth
43134,F,23,Youth
43135,M,62,Premium
43136,F,39,Family
43137,F,19,Youth
43138,F,64,Enterprise
43139,F,44,Enterprise
43140,M,52,Family
43141,F,55,Premium
43142,M,60,Family
43143,F,31,Youth
43144,M,34,Family
43145,M,27,Enterprise
43146,M,58,Premium
43147,M,32,Premium
43148,M,27,Family
43149,F,57,Enterprise
43150,F,31,Enterprise
43151,F,34,Enterprise
43152,F,31,Youth
43153,F,40,Enterprise
43154,M,28,Premium
43155,M,47,Premium
43156,M,32,Enterprise
43157,M,41,Youth
43158,M,61,Premium
43159,F,26,Youth
43160,M,26,Premium
43161,M,50,Premium
43162,F,24,Premium
43163,M,29,Youth
43164,M,29,Premium
43165,M,36,Family
43166,F,61,Premium
43167,F,44,Enterprise
43168,M,43,Youth
43169,F,20,Enterprise
43170,M,39,Enterprise
43171,F,45,Enterprise
43172,F,44,Enterprise
43173,F,61,Family
43174,M,50,Premium
43175,F,50,Family
43176,M,69,Youth
43177,M,43,Premium
43178,M,42,Family
43179,F,49,Enterprise
43180,M,38,Youth
43181,F,34,Youth
43182,M,24,Youth
43183,M,62,Family
43184,F,30,Family
43185,M,54,Youth
43186,M,19,Enterprise
43187,M,31,Youth
43188,M,57,Premium
43189,F,48,Family
43190,F,47,Youth
43191,M,47,Family
43192,M,33,Enterprise
43193,F,52,Youth
43194,F,64,Family
43195,F,30,Premium
43196,M,50,Enterprise
43197,M,69,Family
43198,F,43,Youth
43199,M,57,Premium
43200,M,61,Enterprise
43201,M,48,Family
43202,M,56,Premium
43203,F,29,Family
43204,F,42,Youth
43205,M,49,Family
43206,F,49,Family
43207,M,54,Enterprise
43208,M,62,Youth
43209,F,40,Premium
43210,F,19,Premium
43211,M,42,Enterprise
43212,M,56,Premium
43213,F,55,Premium
43214,M,22,Enterprise
43215,F,70,Enterprise
43216,F,52,Family
43217,F,48,Enterprise
43218,F,39,Family
43219,F,25,Enterprise
43220,F,57,Premium
43221,M,28,Premium
43222,M,55,Youth
43223,M,22,Family
43224,F,69,Premium
43225,F,25,Youth
43226,F,19,Youth
43227,F,60,Youth
43228,M,62,Enterprise
43229,F,39,Enterprise
43230,M,30,Family
43231,M,62,Family
43232,F,39,Family
43233,M,28,Youth
43234,M,21,Enterprise
43235,F,63,Enterprise
43236,M,53,Family
43237,F,52,Family
43238,M,39,Family
43239,F,18,Enterprise
43240,M,44,Youth
43241,M,24,Family
43242,M,54,Youth
43243,F,28,Youth
43244,M,21,Enterprise
43245,M,58,Premium
43246,M,54,Premium
43247,M,26,Premium
43248,M,67,Enterprise
43249,M,63,Enterprise
43250,M,26,Premium
43251,F,43,Family
43252,F,70,Premium
43253,F,51,Premium
43254,M,35,Family
43255,M,51,Family
43256,M,41,Youth
43257,F,55,Youth
43258,F,41,Premium
43259,M,30,Premium
43260,M,65,Family
43261,M,33,Premium
43262,M,54,Family
43263,M,25,Family
43264,F,34,Family
43265,F,18,Enterprise
43266,M,21,Premium
43267,F,38,Enterprise
43268,F,42,Premium
43269,M,36,Premium
43270,F,40,Enterprise
43271,M,23,Premium
43272,M,49,Family
43273,F,23,Premium
43274,F,59,Youth
43275,F,22,Youth
43276,M,70,Premium
43277,M,65,Enterprise
43278,F,41,Enterprise
43279,M,27,Family
43280,M,60,Enterprise
43281,F,54,Youth
43282,F,53,Family
43283,M,51,Premium
43284,F,55,Family
43285,M,46,Family
43286,F,27,Youth
43287,F,21,Family
43288,M,46,Youth
43289,M,54,Enterprise
43290,M,41,Enterprise
43291,M,42,Premium
43292,F,24,Family
43293,F,23,Family
43294,F,38,Enterprise
43295,F,51,Premium
43296,F,37,Premium
43297,F,53,Family
43298,M,18,Premium
43299,M,23,Family
43300,M,45,Youth
43301,M,69,Premium
43302,F,63,Premium
43303,M,41,Premium
43304,M,48,Enterprise
43305,M,53,Enterprise
43306,F,26,Enterprise
43307,F,29,Family
43308,M,66,Premium
43309,M,32,Youth
43310,F,38,Premium
43311,F,20,Enterprise
43312,F,56,Family
43313,M,32,Premium
43314,F,55,Premium
43315,M,31,Youth
43316,M,22,Enterprise
43317,F,68,Enterprise
43318,F,67,Youth
43319,F,69,Family
43320,M,28,Enterprise
43321,M,60,Premium
43322,F,22,Enterprise
43323,M,69,Enterprise
43324,F,21,Premium
43325,F,25,Enterprise
43326,M,49,Family
43327,F,32,Enterprise
43328,M,19,Youth
43329,F,41,Youth
43330,F,24,Premium
43331,M,22,Premium
43332,M,54,Youth
43333,F,64,Family
43334,M,45,Premium
43335,M,27,Youth
43336,M,22,Youth
43337,M,34,Family
43338,M,24,Youth
43339,F,35,Youth
43340,F,29,Premium
43341,M,35,Youth
43342,M,19,Youth
43343,M,57,Premium
43344,F,60,Youth
43345,F,43,Enterprise
43346,M,51,Family
43347,M,33,Youth
43348,M,50,Youth
43349,M,47,Family
43350,M,41,Youth
43351,F,54,Enterprise
43352,F,38,Youth
43353,F,27,Youth
43354,M,51,Enterprise
43355,M,33,Youth
43356,F,69,Youth
43357,F,50,Youth
43358,M,29,Premium
43359,F,32,Youth
43360,M,55,Family
43361,F,21,Youth
43362,M,28,Youth
43363,F,35,Premium
43364,F,65,Premium
43365,F,49,Family
43366,F,45,Youth
43367,M,66,Family
43368,F,40,Premium
43369,M,35,Youth
43370,F,38,Enterprise
43371,F,58,Enterprise
43372,F,65,Youth
43373,M,57,Enterprise
43374,F,32,Youth
43375,M,52,Family
43376,F,56,Premium
43377,F,35,Enterprise
43378,F,32,Youth
43379,F,41,Enterprise
43380,F,56,Youth
43381,F,46,Family
43382,M,70,Premium
43383,M,58,Youth
43384,F,35,Youth
43385,F,38,Premium
43386,F,25,Premium
43387,F,36,Family
43388,M,51,Youth
43389,F,32,Family
43390,M,59,Enterprise
43391,M,34,Premium
43392,M,69,Premium
43393,F,70,Family
43394,F,53,Enterprise
43395,F,67,Enterprise
43396,M,50,Premium
43397,M,36,Enterprise
43398,F,67,Premium
43399,F,67,Family
43400,M,20,Enterprise
43401,F,43,Youth
43402,M,52,Premium
43403,M,31,Youth
43404,M,56,Enterprise
43405,F,34,Family
43406,M,41,Family
43407,F,42,Premium
43408,F,45,Family
43409,M,68,Youth
43410,M,64,Premium
43411,M,45,Enterprise
43412,F,46,Family
43413,F,20,Youth
43414,F,67,Enterprise
43415,M,61,Youth
43416,F,62,Enterprise
43417,F,70,Youth
43418,F,65,Premium
43419,M,70,Family
43420,F,65,Premium
43421,M,37,Enterprise
43422,F,21,Premium
43423,M,43,Enterprise
43424,F,24,Family
43425,F,36,Family
43426,M,69,Enterprise
43427,M,27,Enterprise
43428,F,55,Enterprise
43429,F,22,Enterprise
43430,M,18,Family
43431,F,24,Youth
43432,M,34,Youth
43433,M,39,Enterprise
43434,M,57,Premium
43435,M,29,Youth
43436,M,27,Family
43437,F,32,Family
43438,F,53,Youth
43439,F,45,Premium
43440,M,19,Premium
43441,F,61,Family
43442,M,38,Enterprise
43443,M,67,Premium
43444,M,68,Family
43445,M,63,Family
43446,F,65,Youth
43447,F,52,Premium
43448,M,33,Youth
43449,M,50,Youth
43450,F,54,Family
43451,M,60,Youth
43452,M,50,Youth
43453,F,40,Family
43454,M,48,Enterprise
43455,F,34,Premium
43456,M,36,Enterprise
43457,M,30,Enterprise
43458,F,39,Family
43459,F,33,Family
43460,F,26,Youth
43461,M,23,Enterprise
43462,M,39,Premium
43463,F,69,Family
43464,M,28,Premium
43465,M,65,Premium
43466,M,50,Family
43467,F,37,Enterprise
43468,M,40,Family
43469,M,55,Premium
43470,F,31,Family
43471,M,61,Enterprise
43472,F,70,Premium
43473,F,70,Enterprise
43474,F,62,Family
43475,M,59,Family
43476,M,18,Family
43477,M,66,Youth
43478,F,25,Family
43479,F,55,Youth
43480,F,42,Enterprise
43481,F,57,Family
43482,F,25,Youth
43483,M,31,Premium
43484,M,22,Premium
43485,M,42,Enterprise
43486,M,26,Enterprise
43487,M,42,Enterprise
43488,F,42,Enterprise
43489,M,32,Premium
43490,F,69,Youth
43491,M,69,Enterprise
43492,F,65,Premium
43493,F,59,Premium
43494,F,28,Family
43495,F,48,Premium
43496,M,60,Youth
43497,F,52,Family
43498,F,66,Family
43499,F,38,Enterprise
43500,F,60,Premium
43501,F,63,Enterprise
43502,M,38,Enterprise
43503,M,43,Youth
43504,F,49,Premium
43505,M,23,Youth
43506,M,53,Enterprise
43507,M,64,Premium
43508,F,22,Premium
43509,F,53,Family
43510,F,31,Youth
43511,M,35,Enterprise
43512,F,38,Family
43513,M,30,Premium
43514,F,69,Youth
43515,M,39,Family
43516,M,29,Enterprise
43517,M,35,Premium
43518,M,23,Family
43519,F,28,Enterprise
43520,F,44,Youth
43521,M,21,Family
43522,M,37,Enterprise
43523,M,57,Youth
43524,M,27,Family
43525,M,22,Family
43526,M,35,Enterprise
43527,F,56,Enterprise
43528,F,58,Enterprise
43529,M,65,Youth
43530,F,45,Enterprise
43531,F,52,Enterprise
43532,M,23,Premium
43533,F,38,Enterprise
43534,M,36,Family
43535,M,26,Family
43536,M,45,Enterprise
43537,F,35,Youth
43538,F,32,Enterprise
43539,M,67,Enterprise
43540,F,57,Premium
43541,M,38,Youth
43542,M,45,Premium
43543,M,50,Premium
43544,F,28,Enterprise
43545,M,18,Family
43546,M,18,Family
43547,F,52,Youth
43548,F,46,Enterprise
43549,M,67,Youth
43550,M,31,Family
43551,M,25,Youth
43552,F,26,Family
43553,F,33,Youth
43554,M,54,Enterprise
43555,F,19,Family
43556,F,31,Premium
43557,M,23,Youth
43558,M,48,Premium
43559,F,44,Youth
43560,M,49,Enterprise
43561,M,50,Family
43562,F,26,Youth
43563,F,22,Enterprise
43564,F,25,Youth
43565,F,51,Enterprise
43566,F,65,Premium
43567,M,31,Premium
43568,M,40,Enterprise
43569,M,31,Enterprise
43570,M,55,Premium
43571,F,43,Youth
43572,F,39,Enterprise
43573,F,27,Youth
43574,M,40,Premium
43575,M,32,Enterprise
43576,F,64,Premium
43577,F,67,Enterprise
43578,M,68,Premium
43579,F,57,Enterprise
43580,M,26,Family
43581,F,18,Youth
43582,M,26,Youth
43583,M,35,Family
43584,M,53,Youth
43585,M,51,Premium
43586,F,50,Enterprise
43587,F,60,Youth
43588,M,59,Enterprise
43589,F,21,Youth
43590,F,32,Premium
43591,M,23,Family
43592,M,30,Family
43593,F,59,Premium
43594,F,18,Enterprise
43595,M,53,Premium
43596,M,19,Youth
43597,M,36,Premium
43598,F,67,Youth
43599,F,47,Premium
43600,M,45,Enterprise
43601,M,28,Enterprise
43602,F,30,Family
43603,M,47,Enterprise
43604,M,48,Family
43605,M,24,Premium
43606,M,59,Premium
43607,M,24,Enterprise
43608,M,18,Youth
43609,M,32,Youth
43610,M,66,Youth
43611,F,28,Youth
43612,F,26,Family
43613,M,59,Enterprise
43614,M,24,Premium
43615,M,39,Family
43616,M,59,Premium
43617,M,52,Premium
43618,M,28,Enterprise
43619,F,43,Youth
43620,F,33,Youth
43621,F,51,Enterprise
43622,M,27,Enterprise
43623,M,62,Family
43624,M,36,Youth
43625,M,49,Premium
43626,F,64,Enterprise
43627,M,48,Enterprise
43628,F,59,Family
43629,F,21,Youth
43630,F,26,Youth
43631,F,22,Youth
43632,F,20,Premium
43633,M,68,Youth
43634,M,70,Youth
43635,F,24,Enterprise
43636,M,49,Premium
43637,F,42,Premium
43638,F,70,Premium
43639,F,64,Family
43640,F,52,Premium
43641,M,29,Premium
43642,F,19,Enterprise
43643,M,43,Premium
43644,F,25,Premium
43645,M,22,Enterprise
43646,M,19,Enterprise
43647,F,19,Family
43648,M,63,Family
43649,F,50,Premium
43650,F,46,Premium
43651,F,70,Family
43652,F,40,Youth
43653,M,44,Family
43654,F,22,Youth
43655,F,68,Family
43656,F,40,Youth
43657,M,68,Youth
43658,F,19,Premium
43659,M,66,Family
43660,M,67,Family
43661,F,45,Premium
43662,M,49,Youth
43663,M,35,Premium
43664,M,29,Family
43665,F,57,Youth
43666,F,25,Premium
43667,M,48,Enterprise
43668,M,59,Enterprise
43669,F,60,Family
43670,F,25,Premium
43671,F,27,Family
43672,M,60,Youth
43673,F,50,Premium
43674,F,54,Enterprise
43675,F,38,Premium
43676,M,22,Youth
43677,M,39,Family
43678,M,59,Enterprise
43679,M,65,Youth
43680,F,38,Youth
43681,M,58,Enterprise
43682,M,21,Enterprise
43683,M,68,Family
43684,F,50,Family
43685,M,43,Family
43686,M,19,Enterprise
43687,F,43,Family
43688,M,36,Youth
43689,F,38,Family
43690,M,20,Youth
43691,F,38,Premium
43692,F,35,Youth
43693,F,69,Premium
43694,M,33,Youth
43695,F,34,Youth
43696,F,33,Youth
43697,M,43,Youth
43698,M,55,Premium
43699,F,55,Youth
43700,M,25,Youth
43701,M,67,Premium
43702,F,53,Youth
43703,M,59,Family
43704,F,62,Enterprise
43705,F,41,Youth
43706,F,37,Youth
43707,F,26,Enterprise
43708,M,21,Family
43709,F,27,Youth
43710,M,18,Premium
43711,M,63,Family
43712,M,21,Premium
43713,M,55,Enterprise
43714,F,32,Family
43715,M,56,Premium
43716,F,53,Premium
43717,M,31,Premium
43718,F,40,Premium
43719,F,57,Premium
43720,F,51,Premium
43721,F,29,Family
43722,F,25,Youth
43723,F,28,Premium
43724,F,63,Premium
43725,F,70,Family
43726,M,42,Family
43727,F,47,Youth
43728,M,38,Premium
43729,M,33,Youth
43730,F,19,Youth
43731,M,19,Family
43732,F,48,Youth
43733,F,37,Family
43734,F,18,Youth
43735,F,59,Family
43736,M,61,Family
43737,M,32,Youth
43738,F,46,Family
43739,M,23,Enterprise
43740,M,57,Youth
43741,M,48,Enterprise
43742,F,59,Premium
43743,M,46,Family
43744,M,57,Youth
43745,F,32,Enterprise
43746,F,53,Youth
43747,M,22,Enterprise
43748,M,54,Enterprise
43749,F,27,Family
43750,F,66,Enterprise
43751,M,44,Premium
43752,F,40,Youth
43753,M,35,Youth
43754,F,41,Premium
43755,F,50,Enterprise
43756,M,49,Youth
43757,F,44,Premium
43758,M,64,Youth
43759,M,18,Premium
43760,M,34,Family
43761,M,32,Enterprise
43762,M,51,Enterprise
43763,F,65,Youth
43764,M,25,Youth
43765,M,65,Family
43766,F,53,Family
43767,F,55,Youth
43768,F,31,Enterprise
43769,M,23,Youth
43770,M,66,Family
43771,F,67,Premium
43772,M,54,Enterprise
43773,M,34,Youth
43774,F,53,Family
43775,F,54,Family
43776,F,58,Family
43777,M,44,Enterprise
43778,F,29,Enterprise
43779,M,67,Premium
43780,F,61,Youth
43781,M,57,Family
43782,M,67,Premium
43783,F,67,Premium
43784,M,54,Enterprise
43785,F,69,Premium
43786,M,54,Premium
43787,F,30,Premium
43788,M,54,Enterprise
43789,M,49,Youth
43790,F,31,Premium
43791,F,43,Family
43792,F,55,Premium
43793,F,67,Enterprise
43794,F,32,Youth
43795,M,25,Youth
43796,F,39,Premium
43797,F,59,Youth
43798,F,59,Family
43799,F,35,Youth
43800,F,49,Premium
43801,M,53,Premium
43802,F,64,Enterprise
43803,F,58,Enterprise
43804,F,65,Family
43805,F,46,Premium
43806,M,42,Youth
43807,M,33,Youth
43808,M,18,Family
43809,M,61,Premium
43810,M,54,Youth
43811,F,66,Youth
43812,M,42,Youth
43813,M,34,Enterprise
43814,F,21,Enterprise
43815,F,56,Family
43816,F,57,Enterprise
43817,M,54,Premium
43818,M,21,Family
43819,M,51,Family
43820,F,39,Enterprise
43821,M,25,Premium
43822,M,21,Family
43823,F,63,Family
43824,F,37,Youth
43825,M,59,Premium
43826,F,44,Premium
43827,M,35,Premium
43828,M,21,Youth
43829,M,25,Family
43830,M,55,Premium
43831,F,26,Premium
43832,M,35,Family
43833,F,27,Youth
43834,F,48,Premium
43835,M,29,Family
43836,M,33,Enterprise
43837,F,35,Youth
43838,M,35,Enterprise
43839,F,38,Premium
43840,F,46,Youth
43841,F,67,Youth
43842,M,40,Enterprise
43843,F,49,Family
43844,M,55,Family
43845,F,28,Premium
43846,M,35,Enterprise
43847,M,58,Family
43848,M,65,Family
43849,F,51,Enterprise
43850,M,70,Family
43851,F,23,Family
43852,F,34,Family
43853,F,67,Family
43854,M,31,Premium
43855,F,38,Youth
43856,F,47,Family
43857,F,41,Youth
43858,F,48,Family
43859,M,48,Enterprise
43860,M,30,Family
43861,M,45,Family
43862,F,20,Youth
43863,F,54,Premium
43864,F,49,Youth
43865,M,22,Youth
43866,M,56,Enterprise
43867,M,59,Family
43868,M,32,Premium
43869,M,58,Enterprise
43870,M,63,Premium
43871,F,35,Enterprise
43872,M,40,Youth
43873,M,21,Enterprise
43874,F,59,Youth
43875,F,36,Premium
43876,M,61,Premium
43877,F,35,Youth
43878,M,20,Youth
43879,F,31,Enterprise
43880,M,70,Enterprise
43881,M,39,Premium
43882,F,42,Enterprise
43883,F,26,Youth
43884,F,47,Youth
43885,M,50,Youth
43886,M,28,Enterprise
43887,F,49,Enterprise
43888,M,20,Family
43889,F,54,Premium
43890,M,28,Premium
43891,F,54,Enterprise
43892,M,49,Family
43893,F,43,Premium
43894,F,62,Family
43895,F,41,Family
43896,F,30,Youth
43897,F,47,Family
43898,M,54,Premium
43899,F,32,Premium
43900,F,47,Enterprise
43901,F,25,Enterprise
43902,M,35,Family
43903,F,70,Premium
43904,F,31,Enterprise
43905,M,66,Enterprise
43906,F,69,Premium
43907,M,30,Family
43908,M,32,Family
43909,F,47,Premium
43910,F,51,Enterprise
43911,F,66,Enterprise
43912,M,59,Enterprise
43913,M,24,Enterprise
43914,F,56,Family
43915,F,62,Youth
43916,M,20,Enterprise
43917,F,32,Family
43918,M,36,Enterprise
43919,F,26,Premium
43920,M,68,Enterprise
43921,M,26,Premium
43922,M,58,Family
43923,M,33,Youth
43924,M,41,Premium
43925,F,27,Enterprise
43926,M,29,Enterprise
43927,F,67,Youth
43928,F,65,Enterprise
43929,F,23,Enterprise
43930,M,69,Enterprise
43931,F,25,Enterprise
43932,F,22,Enterprise
43933,M,26,Family
43934,F,65,Premium
43935,M,63,Family
43936,F,38,Premium
43937,M,38,Premium
43938,F,46,Enterprise
43939,F,27,Family
43940,F,24,Enterprise
43941,F,37,Premium
43942,M,68,Premium
43943,F,35,Youth
43944,F,33,Family
43945,M,34,Youth
43946,M,66,Family
43947,M,48,Family
43948,M,63,Premium
43949,F,43,Family
43950,F,59,Youth
43951,M,66,Family
43952,M,69,Youth
43953,F,31,Family
43954,F,45,Family
43955,M,67,Family
43956,F,49,Enterprise
43957,F,51,Youth
43958,F,25,Enterprise
43959,F,55,Premium
43960,M,45,Family
43961,M,35,Family
43962,M,51,Premium
43963,M,44,Premium
43964,M,59,Family
43965,F,61,Enterprise
43966,F,30,Enterprise
43967,M,25,Premium
43968,M,21,Youth
43969,F,42,Youth
43970,M,34,Youth
43971,F,26,Premium
43972,F,62,Enterprise
43973,F,40,Enterprise
43974,F,66,Family
43975,F,54,Premium
43976,M,47,Family
43977,M,62,Enterprise
43978,F,55,Family
43979,F,66,Family
43980,F,61,Enterprise
43981,M,64,Enterprise
43982,F,18,Family
43983,M,24,Family
43984,F,60,Family
43985,F,22,Enterprise
43986,F,65,Youth
43987,M,52,Family
43988,M,70,Family
43989,F,19,Youth
43990,M,45,Premium
43991,F,33,Premium
43992,F,26,Premium
43993,F,27,Premium
43994,M,34,Youth
43995,F,49,Enterprise
43996,F,33,Family
43997,M,19,Youth
43998,M,40,Family
43999,F,54,Youth
44000,M,36,Enterprise
44001,M,53,Youth
44002,F,37,Enterprise
44003,M,49,Premium
44004,F,59,Premium
44005,M,25,Family
44006,F,44,Enterprise
44007,M,52,Youth
44008,M,35,Premium
44009,M,62,Youth
44010,M,56,Youth
44011,M,19,Enterprise
44012,M,28,Youth
44013,M,64,Enterprise
44014,M,34,Family
44015,F,37,Premium
44016,F,25,Family
44017,F,33,Youth
44018,M,38,Premium
44019,F,53,Premium
44020,M,68,Premium
44021,M,49,Family
44022,F,49,Youth
44023,F,38,Enterprise
44024,F,34,Family
44025,M,25,Youth
44026,F,34,Enterprise
44027,M,56,Enterprise
44028,F,42,Enterprise
44029,F,32,Enterprise
44030,M,51,Family
44031,F,23,Family
44032,F,34,Premium
44033,F,41,Family
44034,M,52,Youth
44035,F,20,Premium
44036,M,25,Family
44037,M,66,Youth
44038,F,66,Youth
44039,F,18,Youth
44040,F,46,Family
44041,M,70,Youth
44042,F,26,Youth
44043,F,42,Youth
44044,F,62,Premium
44045,M,51,Youth
44046,M,49,Enterprise
44047,F,65,Premium
44048,F,32,Youth
44049,M,45,Enterprise
44050,F,54,Premium
44051,F,63,Premium
44052,F,19,Premium
44053,F,67,Enterprise
44054,M,46,Family
44055,M,19,Enterprise
44056,F,31,Youth
44057,F,20,Family
44058,F,53,Youth
44059,F,59,Youth
44060,M,58,Youth
44061,F,46,Premium
44062,M,35,Enterprise
44063,M,53,Youth
44064,F,41,Enterprise
44065,F,25,Enterprise
44066,M,25,Family
44067,F,44,Youth
44068,M,56,Family
44069,F,57,Youth
44070,F,18,Youth
44071,F,30,Family
44072,M,25,Enterprise
44073,F,54,Youth
44074,F,28,Family
44075,M,69,Family
44076,M,59,Family
44077,M,20,Enterprise
44078,M,49,Youth
44079,F,50,Youth
44080,F,23,Family
44081,M,46,Family
44082,F,46,Family
44083,M,58,Youth
44084,F,47,Premium
44085,M,24,Youth
44086,M,27,Enterprise
44087,F,59,Premium
44088,M,70,Family
44089,F,39,Youth
44090,F,34,Premium
44091,F,26,Enterprise
44092,F,35,Enterprise
44093,M,42,Premium
44094,F,35,Youth
44095,M,28,Enterprise
44096,M,61,Premium
44097,M,57,Enterprise
44098,F,35,Premium
44099,F,53,Youth
44100,F,26,Youth
44101,F,68,Enterprise
44102,F,65,Youth
44103,M,19,Premium
44104,M,24,Family
44105,M,34,Youth
44106,M,69,Youth
44107,F,66,Family
44108,M,18,Enterprise
44109,M,37,Enterprise
44110,F,47,Premium
44111,M,66,Youth
44112,F,61,Premium
44113,M,46,Family
44114,F,53,Premium
44115,M,30,Family
44116,F,58,Family
44117,F,61,Enterprise
44118,M,44,Premium
44119,F,46,Enterprise
44120,M,24,Youth
44121,M,35,Enterprise
44122,F,42,Premium
44123,M,30,Premium
44124,M,68,Premium
44125,F,54,Premium
44126,M,64,Youth
44127,M,66,Enterprise
44128,F,48,Youth
44129,F,39,Enterprise
44130,M,35,Family
44131,M,47,Family
44132,M,58,Family
44133,M,58,Premium
44134,M,65,Family
44135,M,35,Enterprise
44136,F,24,Family
44137,M,60,Youth
44138,M,24,Youth
44139,M,47,Youth
44140,F,25,Family
44141,F,39,Enterprise
44142,F,19,Premium
44143,M,40,Youth
44144,M,33,Premium
44145,M,42,Youth
44146,M,37,Youth
44147,M,32,Premium
44148,F,37,Family
44149,M,34,Enterprise
44150,M,21,Youth
44151,F,25,Enterprise
44152,F,36,Premium
44153,M,26,Premium
44154,M,20,Youth
44155,M,24,Premium
44156,F,48,Youth
44157,F,31,Enterprise
44158,F,29,Premium
44159,F,63,Youth
44160,F,69,Family
44161,F,30,Premium
44162,F,58,Family
44163,M,21,Family
44164,M,60,Family
44165,F,60,Premium
44166,M,23,Enterprise
44167,M,56,Family
44168,M,24,Youth
44169,F,23,Enterprise
44170,F,65,Family
44171,M,57,Enterprise
44172,F,27,Youth
44173,F,65,Family
44174,M,40,Enterprise
44175,M,61,Premium
44176,F,50,Family
44177,F,52,Enterprise
44178,F,65,Youth
44179,F,41,Youth
44180,M,49,Premium
44181,M,34,Youth
44182,M,51,Enterprise
44183,F,50,Premium
44184,M,41,Enterprise
44185,M,35,Premium
44186,M,63,Premium
44187,F,58,Family
44188,M,23,Premium
44189,M,34,Youth
44190,M,66,Youth
44191,M,23,Youth
44192,F,44,Enterprise
44193,M,25,Youth
44194,M,66,Family
44195,M,38,Youth
44196,M,61,Premium
44197,M,69,Premium
44198,F,38,Enterprise
44199,F,64,Youth
44200,M,68,Premium
44201,F,27,Family
44202,F,45,Enterprise
44203,M,25,Youth
44204,F,30,Premium
44205,M,58,Family
44206,M,54,Enterprise
44207,M,18,Youth
44208,F,33,Family
44209,M,55,Youth
44210,M,51,Youth
44211,F,60,Premium
44212,M,34,Premium
44213,M,44,Family
44214,F,18,Youth
44215,F,52,Enterprise
44216,M,28,Premium
44217,F,56,Enterprise
44218,F,67,Premium
44219,M,35,Premium
44220,F,49,Family
44221,M,56,Premium
44222,F,52,Family
44223,F,30,Premium
44224,M,32,Family
44225,M,63,Youth
44226,M,60,Youth
44227,F,28,Enterprise
44228,M,29,Family
44229,M,31,Premium
44230,F,35,Enterprise
44231,M,39,Enterprise
44232,M,43,Family
44233,F,56,Premium
44234,M,66,Premium
44235,F,59,Family
44236,F,66,Family
44237,M,35,Family
44238,M,35,Enterprise
44239,M,43,Premium
44240,F,64,Enterprise
44241,M,67,Youth
44242,F,63,Youth
44243,F,34,Premium
44244,F,60,Enterprise
44245,M,63,Family
44246,M,44,Premium
44247,M,42,Family
44248,M,26,Premium
44249,M,23,Premium
44250,M,23,Enterprise
44251,F,63,Family
44252,M,31,Premium
44253,F,27,Enterprise
44254,F,60,Youth
44255,M,51,Family
44256,M,61,Premium
44257,F,27,Youth
44258,F,22,Family
44259,M,20,Enterprise
44260,F,36,Youth
44261,M,43,Premium
44262,F,52,Premium
44263,F,69,Family
44264,F,60,Enterprise
44265,M,32,Family
44266,F,27,Premium
44267,M,42,Family
44268,F,61,Youth
44269,F,27,Premium
44270,M,33,Family
44271,F,41,Premium
44272,M,42,Family
44273,F,50,Family
44274,M,31,Youth
44275,F,39,Premium
44276,M,19,Premium
44277,M,44,Family
44278,F,47,Enterprise
44279,M,68,Family
44280,F,22,Premium
44281,F,40,Youth
44282,F,29,Family
44283,F,23,Youth
44284,F,30,Family
44285,M,50,Family
44286,F,54,Enterprise
44287,F,66,Family
44288,F,61,Family
44289,M,29,Enterprise
44290,F,20,Enterprise
44291,M,42,Premium
44292,M,38,Premium
44293,M,43,Premium
44294,M,26,Family
44295,M,67,Premium
44296,M,37,Enterprise
44297,M,41,Youth
44298,M,50,Youth
44299,F,67,Family
44300,M,35,Premium
44301,F,66,Premium
44302,M,57,Family
44303,F,33,Premium
44304,M,24,Family
44305,F,25,Family
44306,F,44,Family
44307,M,44,Family
44308,M,64,Youth
44309,M,68,Family
44310,F,34,Youth
44311,F,27,Family
44312,F,50,Enterprise
44313,F,19,Family
44314,M,31,Enterprise
44315,M,39,Family
44316,M,24,Family
44317,F,60,Family
44318,F,69,Youth
44319,M,43,Enterprise
44320,M,30,Youth
44321,F,33,Premium
44322,F,53,Family
44323,F,68,Premium
44324,F,52,Family
44325,F,18,Youth
44326,M,51,Family
44327,F,66,Family
44328,F,23,Enterprise
44329,M,55,Premium
44330,M,65,Youth
44331,M,42,Youth
44332,M,69,Enterprise
44333,F,62,Premium
44334,M,22,Enterprise
44335,F,52,Enterprise
44336,M,59,Enterprise
44337,F,49,Family
44338,M,31,Youth
44339,M,22,Family
44340,M,48,Youth
44341,M,39,Enterprise
44342,F,33,Premium
44343,M,61,Premium
44344,F,70,Enterprise
44345,F,57,Youth
44346,F,27,Enterprise
44347,F,70,Premium
44348,M,70,Family
44349,M,69,Premium
44350,F,29,Youth
44351,M,37,Premium
44352,F,40,Youth
44353,M,55,Youth
44354,F,44,Enterprise
44355,M,25,Youth
44356,M,43,Premium
44357,M,24,Family
44358,M,21,Youth
44359,M,22,Enterprise
44360,F,40,Enterprise
44361,F,37,Family
44362,M,65,Enterprise
44363,M,59,Enterprise
44364,F,26,Youth
44365,M,33,Youth
44366,M,21,Youth
44367,F,36,Enterprise
44368,F,67,Premium
44369,F,32,Family
44370,M,36,Enterprise
44371,F,43,Family
44372,F,65,Youth
44373,M,42,Enterprise
44374,M,33,Enterprise
44375,F,30,Enterprise
44376,F,41,Enterprise
44377,M,52,Youth
44378,M,41,Premium
44379,M,27,Enterprise
44380,M,18,Family
44381,M,64,Premium
44382,M,21,Enterprise
44383,M,57,Family
44384,M,25,Premium
44385,F,31,Enterprise
44386,F,18,Family
44387,F,42,Enterprise
44388,M,38,Youth
44389,M,23,Family
44390,M,23,Premium
44391,M,62,Family
44392,M,68,Family
44393,F,65,Enterprise
44394,M,42,Youth
44395,M,32,Family
44396,F,59,Family
44397,M,20,Family
44398,F,26,Youth
44399,F,49,Premium
44400,M,56,Premium
44401,F,47,Family
44402,M,39,Family
44403,M,63,Enterprise
44404,F,40,Youth
44405,M,26,Enterprise
44406,F,66,Premium
44407,F,38,Premium
44408,M,39,Premium
44409,M,54,Enterprise
44410,M,34,Premium
44411,M,44,Enterprise
44412,F,55,Enterprise
44413,F,62,Premium
44414,F,38,Youth
44415,F,44,Enterprise
44416,M,33,Youth
44417,M,62,Youth
44418,F,32,Premium
44419,M,23,Youth
44420,M,50,Youth
44421,F,59,Youth
44422,M,51,Premium
44423,F,48,Family
44424,M,31,Family
44425,M,30,Premium
44426,M,44,Family
44427,F,61,Youth
44428,F,20,Premium
44429,F,40,Family
44430,M,34,Youth
44431,M,68,Family
44432,F,65,Youth
44433,M,68,Premium
44434,F,69,Enterprise
44435,F,30,Youth
44436,F,67,Family
44437,F,57,Youth
44438,F,24,Family
44439,M,43,Youth
44440,F,28,Youth
44441,F,25,Premium
44442,F,24,Youth
44443,F,24,Premium
44444,F,61,Enterprise
44445,M,58,Premium
44446,F,58,Youth
44447,M,67,Enterprise
44448,F,30,Premium
44449,M,30,Youth
44450,F,27,Enterprise
44451,F,30,Family
44452,M,40,Enterprise
44453,M,40,Youth
44454,F,29,Premium
44455,M,20,Enterprise
44456,F,35,Enterprise
44457,M,69,Family
44458,F,32,Family
44459,M,66,Enterprise
44460,F,70,Family
44461,M,23,Premium
44462,F,35,Premium
44463,M,39,Family
44464,M,63,Family
44465,M,37,Family
44466,M,43,Premium
44467,F,55,Enterprise
44468,F,51,Premium
44469,M,26,Enterprise
44470,M,22,Premium
44471,F,62,Youth
44472,M,26,Enterprise
44473,M,45,Youth
44474,F,69,Family
44475,F,43,Youth
44476,F,28,Youth
44477,M,45,Family
44478,F,52,Premium
44479,F,36,Enterprise
44480,M,68,Youth
44481,F,58,Enterprise
44482,M,37,Youth
44483,M,66,Youth
44484,F,21,Premium
44485,F,50,Enterprise
44486,F,63,Family
44487,M,35,Youth
44488,M,26,Family
44489,M,31,Family
44490,F,29,Family
44491,F,39,Family
44492,M,23,Youth
44493,M,55,Premium
44494,F,53,Enterprise
44495,F,51,Enterprise
44496,F,45,Youth
44497,M,18,Enterprise
44498,M,45,Family
44499,F,51,Family
44500,F,41,Enterprise
44501,M,44,Family
44502,F,33,Family
44503,F,34,Enterprise
44504,M,63,Family
44505,F,29,Family
44506,F,27,Family
44507,F,22,Enterprise
44508,M,20,Family
44509,F,65,Family
44510,F,62,Family
44511,F,27,Premium
44512,M,51,Premium
44513,F,64,Premium
44514,F,53,Enterprise
44515,F,34,Youth
44516,M,33,Youth
44517,M,68,Enterprise
44518,M,32,Youth
44519,F,48,Enterprise
44520,F,23,Family
44521,M,58,Youth
44522,F,50,Enterprise
44523,F,61,Youth
44524,M,52,Family
44525,M,69,Youth
44526,M,49,Family
44527,F,68,Enterprise
44528,M,40,Enterprise
44529,M,40,Premium
44530,F,35,Youth
44531,F,58,Youth
44532,M,25,Family
44533,M,23,Premium
44534,M,67,Youth
44535,F,20,Enterprise
44536,F,57,Youth
44537,M,42,Family
44538,F,35,Family
44539,M,42,Enterprise
44540,F,47,Youth
44541,F,45,Family
44542,M,64,Enterprise
44543,F,30,Family
44544,F,22,Family
44545,M,69,Premium
44546,M,41,Enterprise
44547,F,44,Youth
44548,F,54,Youth
44549,F,31,Premium
44550,F,44,Youth
44551,F,47,Enterprise
44552,M,23,Enterprise
44553,M,68,Enterprise
44554,M,43,Family
44555,F,64,Enterprise
44556,M,59,Premium
44557,F,30,Youth
44558,F,41,Family
44559,M,66,Youth
44560,F,66,Family
44561,F,27,Premium
44562,M,64,Youth
44563,M,18,Family
44564,M,22,Premium
44565,F,68,Premium
44566,M,48,Youth
44567,M,66,Youth
44568,F,25,Enterprise
44569,F,48,Youth
44570,M,64,Family
44571,M,21,Premium
44572,F,46,Family
44573,M,70,Family
44574,F,32,Enterprise
44575,M,21,Premium
44576,F,30,Enterprise
44577,F,40,Premium
44578,F,21,Enterprise
44579,F,31,Enterprise
44580,F,43,Youth
44581,F,50,Youth
44582,M,50,Premium
44583,M,59,Enterprise
44584,F,26,Premium
44585,F,39,Premium
44586,F,33,Family
44587,M,37,Youth
44588,F,21,Enterprise
44589,F,35,Youth
44590,F,24,Premium
44591,F,27,Family
44592,M,51,Enterprise
44593,F,53,Youth
44594,M,39,Youth
44595,F,23,Youth
44596,F,58,Enterprise
44597,M,20,Family
44598,M,31,Family
44599,F,31,Youth
44600,F,33,Premium
44601,M,59,Enterprise
44602,M,52,Premium
44603,M,59,Youth
44604,M,49,Enterprise
44605,F,22,Youth
44606,F,26,Youth
44607,F,70,Premium
44608,M,29,Enterprise
44609,F,52,Enterprise
44610,M,69,Enterprise
44611,F,20,Family
44612,F,31,Youth
44613,M,54,Youth
44614,M,24,Premium
44615,F,31,Premium
44616,M,32,Youth
44617,F,58,Youth
44618,F,36,Enterprise
44619,M,50,Enterprise
44620,F,28,Premium
44621,F,69,Enterprise
44622,M,46,Enterprise
44623,F,36,Family
44624,F,30,Youth
44625,M,32,Youth
44626,F,68,Youth
44627,F,37,Enterprise
44628,M,70,Enterprise
44629,M,64,Family
44630,F,22,Premium
44631,M,66,Premium
44632,M,60,Enterprise
44633,M,28,Youth
44634,M,61,Youth
44635,F,28,Premium
44636,M,46,Youth
44637,F,30,Youth
44638,F,68,Enterprise
44639,F,56,Enterprise
44640,M,60,Enterprise
44641,F,31,Family
44642,F,35,Family
44643,F,64,Enterprise
44644,M,62,Premium
44645,F,44,Family
44646,M,54,Enterprise
44647,M,25,Enterprise
44648,M,43,Premium
44649,F,27,Enterprise
44650,M,31,Family
44651,M,48,Family
44652,M,44,Enterprise
44653,M,61,Enterprise
44654,F,43,Premium
44655,M,70,Premium
44656,M,52,Family
44657,M,50,Enterprise
44658,M,61,Family
44659,F,53,Premium
44660,M,33,Youth
44661,F,33,Premium
44662,M,50,Premium
44663,F,36,Family
44664,F,54,Youth
44665,M,67,Youth
44666,M,56,Premium
44667,M,67,Premium
44668,M,39,Enterprise
44669,M,22,Family
44670,F,66,Family
44671,M,30,Premium
44672,F,19,Youth
44673,M,24,Family
44674,F,42,Enterprise
44675,F,70,Premium
44676,M,38,Youth
44677,F,47,Family
44678,F,38,Enterprise
44679,M,20,Family
44680,M,66,Youth
44681,M,52,Premium
44682,M,23,Youth
44683,F,53,Enterprise
44684,M,24,Enterprise
44685,F,24,Youth
44686,M,30,Premium
44687,F,21,Enterprise
44688,F,36,Youth
44689,F,67,Premium
44690,F,70,Premium
44691,M,18,Premium
44692,F,63,Premium
44693,F,57,Enterprise
44694,M,53,Enterprise
44695,M,32,Premium
44696,M,38,Youth
44697,M,55,Enterprise
44698,M,43,Youth
44699,M,49,Enterprise
44700,F,40,Premium
44701,M,62,Family
44702,F,24,Youth
44703,F,66,Premium
44704,M,24,Youth
44705,M,20,Premium
44706,F,47,Family
44707,F,47,Premium
44708,F,69,Youth
44709,M,59,Premium
44710,M,24,Youth
44711,M,61,Premium
44712,F,34,Enterprise
44713,F,61,Youth
44714,M,32,Premium
44715,M,34,Premium
44716,M,37,Youth
44717,M,32,Family
44718,F,50,Youth
44719,F,56,Premium
44720,M,53,Premium
44721,M,44,Premium
44722,M,49,Enterprise
44723,M,50,Youth
44724,M,65,Enterprise
44725,M,26,Family
44726,F,28,Youth
44727,M,51,Enterprise
44728,F,25,Family
44729,F,22,Enterprise
44730,M,63,Youth
44731,F,34,Premium
44732,M,26,Youth
44733,F,46,Youth
44734,F,30,Youth
44735,F,63,Premium
44736,M,43,Enterprise
44737,M,24,Family
44738,M,44,Youth
44739,F,59,Premium
44740,M,39,Premium
44741,F,44,Family
44742,M,52,Youth
44743,M,65,Family
44744,F,23,Family
44745,F,20,Enterprise
44746,F,28,Youth
44747,M,65,Family
44748,M,60,Youth
44749,F,59,Premium
44750,M,63,Enterprise
44751,M,21,Family
44752,M,59,Family
44753,F,63,Youth
44754,M,65,Premium
44755,M,26,Premium
44756,F,21,Youth
44757,F,67,Family
44758,M,24,Family
44759,M,18,Premium
44760,F,34,Youth
44761,M,58,Youth
44762,F,26,Premium
44763,F,42,Premium
44764,F,54,Enterprise
44765,F,24,Enterprise
44766,F,41,Enterprise
44767,F,62,Youth
44768,F,29,Youth
44769,F,26,Family
44770,F,57,Premium
44771,F,70,Youth
44772,F,49,Premium
44773,F,67,Family
44774,M,42,Youth
44775,M,52,Youth
44776,M,46,Family
44777,F,58,Family
44778,M,19,Enterprise
44779,M,66,Youth
44780,F,50,Family
44781,F,47,Premium
44782,F,36,Enterprise
44783,F,51,Youth
44784,M,27,Youth
44785,M,20,Enterprise
44786,M,21,Family
44787,M,33,Youth
44788,F,19,Enterprise
44789,M,48,Family
44790,M,55,Premium
44791,M,28,Youth
44792,F,63,Youth
44793,M,24,Enterprise
44794,F,54,Family
44795,M,31,Youth
44796,M,49,Premium
44797,F,46,Premium
44798,M,33,Premium
44799,M,34,Youth
44800,F,20,Youth
44801,F,50,Premium
44802,F,22,Enterprise
44803,F,54,Youth
44804,F,42,Premium
44805,M,55,Premium
44806,M,40,Youth
44807,M,49,Family
44808,M,48,Youth
44809,M,33,Youth
44810,F,37,Family
44811,M,49,Enterprise
44812,M,37,Youth
44813,M,69,Premium
44814,M,58,Enterprise
44815,F,61,Youth
44816,F,27,Premium
44817,F,48,Enterprise
44818,M,53,Family
44819,M,69,Youth
44820,M,43,Youth
44821,F,35,Enterprise
44822,F,66,Enterprise
44823,F,30,Family
44824,M,61,Family
44825,F,69,Enterprise
44826,M,69,Youth
44827,F,37,Premium
44828,F,26,Family
44829,F,49,Youth
44830,M,39,Youth
44831,M,26,Premium
44832,F,53,Enterprise
44833,M,59,Premium
44834,M,57,Enterprise
44835,F,58,Family
44836,F,24,Enterprise
44837,M,23,Family
44838,M,62,Youth
44839,F,21,Youth
44840,F,63,Family
44841,F,49,Youth
44842,F,19,Premium
44843,F,50,Family
44844,F,69,Premium
44845,M,42,Enterprise
44846,F,68,Family
44847,M,51,Enterprise
44848,F,41,Youth
44849,F,23,Premium
44850,M,53,Youth
44851,F,63,Youth
44852,M,34,Youth
44853,M,27,Family
44854,M,69,Youth
44855,F,30,Youth
44856,F,58,Premium
44857,F,25,Youth
44858,M,22,Premium
44859,F,38,Enterprise
44860,M,47,Youth
44861,F,43,Youth
44862,F,63,Premium
44863,F,40,Enterprise
44864,M,22,Premium
44865,F,36,Family
44866,M,29,Youth
44867,F,55,Enterprise
44868,M,62,Enterprise
44869,M,29,Premium
44870,F,23,Family
44871,F,69,Premium
44872,M,21,Family
44873,F,22,Enterprise
44874,F,65,Youth
44875,M,29,Youth
44876,F,52,Premium
44877,F,44,Youth
44878,M,42,Family
44879,M,65,Family
44880,F,27,Family
44881,M,26,Youth
44882,F,27,Family
44883,M,21,Youth
44884,M,33,Premium
44885,M,42,Youth
44886,F,54,Enterprise
44887,M,47,Enterprise
44888,F,62,Premium
44889,F,37,Premium
44890,M,54,Premium
44891,M,50,Premium
44892,M,27,Family
44893,F,53,Premium
44894,M,49,Youth
44895,F,59,Youth
44896,M,39,Enterprise
44897,F,46,Family
44898,F,69,Family
44899,F,25,Enterprise
44900,M,29,Premium
44901,F,29,Premium
44902,M,34,Youth
44903,M,48,Family
44904,M,45,Family
44905,M,18,Premium
44906,M,24,Premium
44907,M,37,Family
44908,M,68,Premium
44909,F,45,Enterprise
44910,M,33,Youth
44911,M,59,Youth
44912,F,63,Youth
44913,F,35,Enterprise
44914,M,34,Premium
44915,F,69,Premium
44916,M,51,Enterprise
44917,M,56,Premium
44918,F,28,Enterprise
44919,M,41,Premium
44920,M,67,Family
44921,F,30,Enterprise
44922,F,64,Premium
44923,M,54,Enterprise
44924,F,57,Family
44925,M,45,Enterprise
44926,M,26,Premium
44927,M,23,Family
44928,M,68,Premium
44929,M,67,Family
44930,M,51,Youth
44931,F,70,Premium
44932,M,48,Premium
44933,F,40,Premium
44934,F,55,Enterprise
44935,F,52,Enterprise
44936,M,57,Enterprise
44937,M,44,Premium
44938,M,28,Premium
44939,F,43,Family
44940,F,70,Youth
44941,F,58,Family
44942,M,69,Premium
44943,F,48,Premium
44944,F,25,Youth
44945,F,26,Enterprise
44946,M,42,Family
44947,F,26,Enterprise
44948,M,36,Youth
44949,M,60,Enterprise
44950,F,29,Enterprise
44951,M,18,Family
44952,M,54,Family
44953,M,18,Family
44954,M,53,Youth
44955,M,67,Premium
44956,F,39,Premium
44957,F,59,Premium
44958,F,45,Family
44959,F,58,Premium
44960,M,47,Family
44961,M,42,Enterprise
44962,M,41,Family
44963,F,44,Family
44964,F,48,Youth
44965,F,34,Enterprise
44966,F,46,Enterprise
44967,F,29,Premium
44968,M,56,Premium
44969,F,63,Family
44970,F,32,Enterprise
44971,F,63,Premium
44972,M,21,Youth
44973,M,18,Enterprise
44974,M,67,Family
44975,F,70,Family
44976,M,47,Enterprise
44977,F,21,Premium
44978,M,21,Youth
44979,M,39,Premium
44980,F,37,Premium
44981,M,30,Family
44982,M,62,Youth
44983,M,65,Enterprise
44984,F,32,Premium
44985,M,50,Enterprise
44986,F,40,Family
44987,F,54,Premium
44988,F,29,Family
44989,M,67,Youth
44990,M,52,Premium
44991,M,56,Youth
44992,F,60,Family
44993,M,59,Premium
44994,M,25,Youth
44995,M,49,Family
44996,F,24,Premium
44997,M,35,Enterprise
44998,F,60,Premium
44999,F,51,Premium
45000,M,31,Youth
45001,F,33,Enterprise
45002,M,56,Premium
45003,F,64,Youth
45004,F,61,Youth
45005,M,57,Family
45006,F,27,Enterprise
45007,M,23,Enterprise
45008,F,57,Youth
45009,F,67,Family
45010,M,22,Youth
45011,F,69,Premium
45012,M,30,Family
45013,F,35,Enterprise
45014,M,65,Youth
45015,F,19,Enterprise
45016,F,36,Youth
45017,F,25,Enterprise
45018,F,38,Premium
45019,M,37,Family
45020,M,39,Enterprise
45021,M,54,Youth
45022,M,65,Family
45023,M,40,Enterprise
45024,F,59,Enterprise
45025,F,59,Youth
45026,M,39,Youth
45027,F,28,Family
45028,F,60,Youth
45029,M,53,Family
45030,F,50,Enterprise
45031,M,60,Youth
45032,M,34,Premium
45033,M,47,Premium
45034,F,35,Youth
45035,M,38,Enterprise
45036,M,50,Youth
45037,M,58,Youth
45038,M,34,Premium
45039,M,19,Youth
45040,M,25,Premium
45041,F,42,Premium
45042,M,67,Enterprise
45043,M,30,Youth
45044,M,36,Family
45045,M,28,Youth
45046,M,18,Premium
45047,F,67,Youth
45048,F,62,Family
45049,M,26,Premium
45050,F,22,Premium
45051,M,61,Family
45052,F,68,Premium
45053,F,39,Family
45054,F,40,Premium
45055,F,57,Family
45056,M,53,Youth
45057,F,60,Youth
45058,F,64,Youth
45059,M,21,Youth
45060,M,57,Family
45061,F,26,Enterprise
45062,M,56,Youth
45063,F,43,Youth
45064,F,22,Youth
45065,M,64,Family
45066,M,48,Enterprise
45067,F,48,Family
45068,M,52,Youth
45069,F,47,Youth
45070,F,48,Premium
45071,F,41,Family
45072,F,21,Youth
45073,F,24,Family
45074,M,51,Premium
45075,F,53,Youth
45076,F,22,Family
45077,M,29,Family
45078,M,28,Family
45079,F,25,Youth
45080,M,54,Premium
45081,F,45,Enterprise
45082,F,18,Youth
45083,M,55,Premium
45084,M,60,Enterprise
45085,F,31,Family
45086,M,66,Enterprise
45087,M,32,Premium
45088,F,55,Enterprise
45089,M,43,Youth
45090,F,38,Enterprise
45091,M,68,Family
45092,M,63,Youth
45093,F,68,Premium
45094,F,60,Youth
45095,F,36,Family
45096,F,39,Enterprise
45097,M,35,Enterprise
45098,F,62,Youth
45099,M,60,Premium
45100,F,65,Family
45101,F,67,Youth
45102,M,65,Premium
45103,M,68,Family
45104,F,25,Youth
45105,M,58,Premium
45106,F,47,Enterprise
45107,F,68,Enterprise
45108,M,56,Youth
45109,M,52,Youth
45110,F,57,Youth
45111,F,45,Youth
45112,M,64,Premium
45113,F,30,Premium
45114,M,18,Enterprise
45115,M,26,Youth
45116,M,70,Family
45117,M,42,Premium
45118,F,26,Enterprise
45119,F,33,Youth
45120,M,58,Youth
45121,F,53,Youth
45122,F,20,Youth
45123,M,68,Enterprise
45124,F,19,Premium
45125,M,38,Premium
45126,M,56,Enterprise
45127,M,20,Premium
45128,M,51,Youth
45129,M,58,Enterprise
45130,M,62,Family
45131,M,28,Enterprise
45132,F,58,Family
45133,M,32,Enterprise
45134,F,59,Youth
45135,M,18,Family
45136,M,63,Youth
45137,M,22,Youth
45138,M,43,Premium
45139,M,62,Youth
45140,M,54,Premium
45141,F,57,Family
45142,M,66,Family
45143,F,19,Enterprise
45144,M,27,Family
45145,M,34,Youth
45146,F,35,Premium
45147,F,60,Family
45148,M,49,Enterprise
45149,M,20,Premium
45150,F,25,Enterprise
45151,M,56,Youth
45152,M,21,Premium
45153,F,56,Enterprise
45154,F,39,Family
45155,M,26,Enterprise
45156,M,44,Premium
45157,F,64,Family
45158,F,33,Premium
45159,F,22,Youth
45160,F,68,Family
45161,F,51,Enterprise
45162,F,48,Premium
45163,F,32,Family
45164,F,53,Youth
45165,F,47,Youth
45166,M,24,Youth
45167,F,24,Family
45168,M,20,Enterprise
45169,M,33,Youth
45170,F,46,Premium
45171,F,28,Family
45172,M,28,Youth
45173,F,35,Premium
45174,M,44,Enterprise
45175,F,58,Enterprise
45176,M,66,Premium
45177,F,66,Enterprise
45178,M,64,Family
45179,F,59,Family
45180,M,45,Youth
45181,M,70,Enterprise
45182,F,31,Youth
45183,M,19,Enterprise
45184,M,32,Youth
45185,F,22,Enterprise
45186,M,24,Enterprise
45187,M,36,Youth
45188,M,29,Youth
45189,F,44,Family
45190,F,57,Premium
45191,F,65,Enterprise
45192,F,30,Premium
45193,M,47,Premium
45194,F,33,Youth
45195,F,59,Premium
45196,M,32,Youth
45197,M,67,Premium
45198,F,23,Youth
45199,M,33,Family
45200,M,55,Premium
45201,M,61,Enterprise
45202,F,29,Enterprise
45203,M,41,Family
45204,M,50,Premium
45205,M,52,Youth
45206,F,59,Enterprise
45207,M,35,Youth
45208,F,34,Family
45209,M,61,Premium
45210,F,51,Premium
45211,F,34,Family
45212,F,21,Youth
45213,M,25,Premium
45214,M,66,Enterprise
45215,M,43,Premium
45216,F,42,Premium
45217,F,54,Premium
45218,M,70,Youth
45219,F,23,Family
45220,F,69,Youth
45221,M,27,Youth
45222,M,38,Family
45223,F,40,Youth
45224,F,66,Enterprise
45225,M,54,Premium
45226,F,19,Youth
45227,M,66,Youth
45228,M,67,Family
45229,M,57,Family
45230,M,49,Family
45231,M,31,Premium
45232,F,44,Enterprise
45233,F,28,Enterprise
45234,M,56,Premium
45235,F,58,Youth
45236,M,54,Family
45237,F,44,Enterprise
45238,F,37,Family
45239,F,40,Premium
45240,M,36,Premium
45241,F,60,Family
45242,F,27,Youth
45243,F,54,Family
45244,F,19,Family
45245,M,52,Family
45246,M,49,Premium
45247,F,58,Family
45248,M,51,Premium
45249,F,30,Enterprise
45250,F,34,Premium
45251,M,43,Family
45252,F,39,Youth
45253,M,36,Enterprise
45254,M,67,Family
45255,M,42,Premium
45256,F,33,Family
45257,M,65,Family
45258,F,38,Premium
45259,M,67,Family
45260,M,20,Premium
45261,F,69,Enterprise
45262,M,34,Premium
45263,F,46,Premium
45264,F,39,Premium
45265,F,62,Youth
45266,M,62,Family
45267,F,38,Enterprise
45268,M,50,Youth
45269,F,38,Premium
45270,M,25,Family
45271,F,68,Enterprise
45272,M,48,Enterprise
45273,F,24,Youth
45274,F,59,Family
45275,M,23,Premium
45276,M,35,Enterprise
45277,F,38,Family
45278,F,37,Family
45279,F,44,Premium
45280,F,64,Enterprise
45281,F,46,Family
45282,F,54,Family
45283,F,60,Enterprise
45284,M,30,Enterprise
45285,F,32,Youth
45286,F,32,Youth
45287,M,46,Family
45288,F,37,Youth
45289,F,22,Youth
45290,M,39,Family
45291,M,42,Youth
45292,F,27,Enterprise
45293,M,35,Enterprise
45294,M,27,Family
45295,M,59,Youth
45296,M,66,Premium
45297,F,23,Enterprise
45298,M,54,Youth
45299,F,44,Enterprise
45300,F,42,Youth
45301,F,22,Premium
45302,F,49,Family
45303,F,59,Youth
45304,M,29,Family
45305,F,43,Family
45306,M,33,Premium
45307,M,33,Enterprise
45308,M,54,Premium
45309,M,22,Premium
45310,M,51,Enterprise
45311,F,19,Premium
45312,F,66,Youth
45313,M,60,Premium
45314,M,37,Family
45315,F,27,Premium
45316,M,62,Youth
45317,M,38,Family
45318,F,46,Family
45319,M,39,Youth
45320,M,42,Family
45321,M,21,Enterprise
45322,F,63,Enterprise
45323,F,50,Youth
45324,F,22,Enterprise
45325,F,42,Youth
45326,M,20,Premium
45327,F,69,Family
45328,F,49,Youth
45329,F,30,Premium
45330,M,35,Family
45331,M,23,Enterprise
45332,M,50,Enterprise
45333,F,60,Enterprise
45334,F,40,Youth
45335,M,35,Family
45336,M,63,Enterprise
45337,M,35,Premium
45338,F,25,Premium
45339,F,54,Premium
45340,F,68,Enterprise
45341,F,23,Premium
45342,M,65,Premium
45343,F,47,Premium
45344,M,33,Premium
45345,F,47,Youth
45346,M,54,Premium
45347,F,36,Youth
45348,F,62,Enterprise
45349,M,41,Youth
45350,M,47,Enterprise
45351,F,58,Family
45352,F,28,Premium
45353,F,39,Enterprise
45354,M,21,Premium
45355,F,24,Premium
45356,M,40,Family
45357,F,21,Youth
45358,F,44,Premium
45359,F,53,Youth
45360,M,24,Youth
45361,F,27,Family
45362,M,36,Youth
45363,F,23,Family
45364,F,50,Premium
45365,M,60,Youth
45366,M,51,Family
45367,F,54,Family
45368,M,29,Premium
45369,F,50,Enterprise
45370,M,44,Youth
45371,F,30,Enterprise
45372,F,34,Family
45373,F,19,Premium
45374,F,34,Youth
45375,M,52,Enterprise
45376,M,43,Youth
45377,F,30,Youth
45378,M,67,Premium
45379,F,21,Premium
45380,F,26,Family
45381,F,60,Family
45382,F,33,Youth
45383,M,50,Premium
45384,F,33,Family
45385,M,21,Family
45386,F,35,Family
45387,F,23,Youth
45388,F,33,Youth
45389,M,64,Premium
45390,F,66,Premium
45391,F,20,Enterprise
45392,F,60,Family
45393,F,52,Youth
45394,F,25,Premium
45395,M,29,Youth
45396,F,31,Enterprise
45397,F,46,Premium
45398,F,67,Youth
45399,M,42,Premium
45400,F,27,Premium
45401,M,54,Premium
45402,M,52,Enterprise
45403,M,22,Enterprise
45404,F,45,Premium
45405,M,37,Enterprise
45406,M,65,Youth
45407,F,26,Family
45408,M,57,Enterprise
45409,F,55,Youth
45410,M,19,Premium
45411,M,22,Family
45412,F,47,Family
45413,F,55,Premium
45414,M,48,Enterprise
45415,F,37,Premium
45416,F,40,Youth
45417,M,70,Enterprise
45418,M,29,Youth
45419,M,70,Youth
45420,F,31,Enterprise
45421,M,66,Enterprise
45422,M,41,Premium
45423,M,34,Youth
45424,F,69,Youth
45425,F,65,Premium
45426,M,38,Youth
45427,F,48,Premium
45428,F,63,Enterprise
45429,F,46,Enterprise
45430,M,39,Youth
45431,F,64,Premium
45432,M,67,Premium
45433,M,31,Family
45434,F,30,Enterprise
45435,F,32,Youth
45436,F,56,Family
45437,M,70,Enterprise
45438,M,19,Youth
45439,M,58,Enterprise
45440,F,54,Family
45441,M,49,Youth
45442,M,34,Premium
45443,F,21,Youth
45444,F,61,Youth
45445,M,57,Youth
45446,F,40,Premium
45447,M,28,Enterprise
45448,M,66,Youth
45449,F,19,Premium
45450,F,33,Family
45451,M,34,Family
45452,M,26,Enterprise
45453,F,36,Premium
45454,F,41,Youth
45455,F,31,Premium
45456,M,37,Youth
45457,F,68,Enterprise
45458,F,22,Youth
45459,F,63,Family
45460,F,24,Premium
45461,F,18,Enterprise
45462,M,31,Enterprise
45463,F,70,Enterprise
45464,M,61,Enterprise
45465,M,60,Family
45466,M,42,Enterprise
45467,F,46,Enterprise
45468,F,29,Enterprise
45469,M,37,Family
45470,F,53,Premium
45471,M,51,Premium
45472,M,46,Family
45473,F,65,Family
45474,M,65,Youth
45475,M,43,Youth
45476,F,27,Enterprise
45477,M,60,Youth
45478,F,44,Premium
45479,F,44,Family
45480,M,25,Youth
45481,F,49,Enterprise
45482,M,38,Family
45483,M,43,Family
45484,M,36,Enterprise
45485,F,68,Enterprise
45486,M,45,Enterprise
45487,M,42,Premium
45488,M,45,Enterprise
45489,M,41,Premium
45490,F,28,Youth
45491,F,68,Premium
45492,F,67,Enterprise
45493,F,19,Youth
45494,F,22,Enterprise
45495,M,32,Enterprise
45496,M,34,Premium
45497,F,51,Premium
45498,F,20,Youth
45499,M,64,Enterprise
45500,M,45,Premium
45501,M,48,Premium
45502,F,56,Premium
45503,M,55,Premium
45504,M,62,Premium
45505,F,69,Family
45506,M,57,Premium
45507,M,56,Premium
45508,F,47,Enterprise
45509,M,25,Enterprise
45510,M,20,Premium
45511,M,57,Enterprise
45512,F,70,Family
45513,M,42,Premium
45514,F,36,Enterprise
45515,F,49,Enterprise
45516,M,39,Premium
45517,M,27,Enterprise
45518,M,69,Enterprise
45519,F,46,Family
45520,M,42,Enterprise
45521,F,67,Family
45522,F,39,Premium
45523,M,18,Premium
45524,F,23,Premium
45525,F,45,Family
45526,F,62,Premium
45527,F,28,Enterprise
45528,F,56,Premium
45529,F,61,Youth
45530,F,62,Enterprise
45531,M,63,Enterprise
45532,F,41,Enterprise
45533,F,26,Youth
45534,M,45,Family
45535,M,34,Premium
45536,F,18,Premium
45537,M,59,Premium
45538,F,30,Enterprise
45539,F,35,Enterprise
45540,F,31,Youth
45541,F,61,Enterprise
45542,F,54,Enterprise
45543,M,38,Youth
45544,M,57,Family
45545,M,62,Premium
45546,F,35,Premium
45547,F,39,Youth
45548,M,48,Family
45549,M,66,Enterprise
45550,F,18,Family
45551,M,20,Youth
45552,M,51,Enterprise
45553,M,20,Family
45554,F,36,Youth
45555,M,36,Family
45556,M,62,Family
45557,F,42,Enterprise
45558,M,41,Enterprise
45559,F,20,Enterprise
45560,F,65,Premium
45561,F,66,Family
45562,M,51,Family
45563,F,62,Family
45564,F,62,Youth
45565,M,53,Premium
45566,M,21,Enterprise
45567,F,33,Youth
45568,M,69,Youth
45569,M,23,Premium
45570,F,26,Youth
45571,F,61,Youth
45572,M,52,Family
45573,F,47,Premium
45574,F,37,Premium
45575,M,62,Premium
45576,F,33,Enterprise
45577,M,51,Premium
45578,F,57,Family
45579,F,35,Enterprise
45580,M,46,Youth
45581,F,28,Premium
45582,F,51,Enterprise
45583,M,64,Premium
45584,F,68,Family
45585,M,59,Family
45586,F,37,Youth
45587,F,55,Family
45588,F,40,Youth
45589,F,22,Youth
45590,M,42,Family
45591,F,20,Youth
45592,M,53,Youth
45593,F,29,Premium
45594,F,36,Premium
45595,F,55,Premium
45596,F,66,Family
45597,M,31,Enterprise
45598,M,52,Youth
45599,F,46,Premium
45600,M,18,Youth
45601,M,19,Enterprise
45602,F,67,Premium
45603,M,59,Youth
45604,M,68,Enterprise
45605,F,31,Enterprise
45606,F,48,Youth
45607,F,49,Youth
45608,F,28,Premium
45609,M,26,Family
45610,M,51,Enterprise
45611,F,58,Family
45612,M,55,Youth
45613,F,34,Premium
45614,F,49,Youth
45615,M,56,Youth
45616,F,49,Youth
45617,M,68,Family
45618,M,28,Premium
45619,M,37,Family
45620,F,52,Premium
45621,M,66,Youth
45622,F,35,Youth
45623,M,45,Enterprise
45624,M,47,Enterprise
45625,M,53,Youth
45626,M,46,Premium
45627,F,49,Premium
45628,F,60,Family
45629,F,38,Enterprise
45630,F,65,Youth
45631,F,38,Family
45632,M,54,Premium
45633,F,65,Premium
45634,F,37,Premium
45635,M,36,Premium
45636,M,47,Premium
45637,M,28,Youth
45638,F,32,Premium
45639,M,49,Youth
45640,F,31,Premium
45641,M,57,Enterprise
45642,F,32,Enterprise
45643,M,58,Premium
45644,M,59,Youth
45645,F,69,Enterprise
45646,F,54,Premium
45647,M,52,Premium
45648,F,48,Premium
45649,F,25,Premium
45650,M,36,Family
45651,F,55,Enterprise
45652,M,54,Family
45653,F,43,Family
45654,F,23,Family
45655,F,28,Youth
45656,F,60,Youth
45657,M,39,Family
45658,M,35,Family
45659,M,57,Premium
45660,M,51,Premium
45661,F,69,Family
45662,F,40,Family
45663,M,27,Family
45664,F,30,Youth
45665,F,43,Youth
45666,M,52,Enterprise
45667,F,48,Enterprise
45668,M,70,Youth
45669,F,28,Enterprise
45670,F,62,Family
45671,M,22,Family
45672,F,48,Family
45673,F,41,Enterprise
45674,M,64,Youth
45675,M,31,Family
45676,M,31,Premium
45677,F,51,Enterprise
45678,M,70,Youth
45679,M,34,Enterprise
45680,M,59,Family
45681,M,23,Youth
45682,M,37,Family
45683,F,65,Youth
45684,M,67,Youth
45685,M,58,Youth
45686,F,42,Youth
45687,M,57,Premium
45688,M,25,Youth
45689,F,60,Enterprise
45690,M,55,Premium
45691,F,41,Premium
45692,M,22,Family
45693,F,61,Premium
45694,F,55,Enterprise
45695,F,27,Youth
45696,F,44,Enterprise
45697,M,43,Enterprise
45698,F,70,Enterprise
45699,F,64,Premium
45700,M,28,Premium
45701,M,25,Enterprise
45702,F,29,Family
45703,M,62,Family
45704,M,40,Family
45705,M,18,Family
45706,F,51,Family
45707,M,62,Youth
45708,F,51,Youth
45709,M,25,Family
45710,F,45,Family
45711,F,67,Premium
45712,F,22,Premium
45713,F,54,Enterprise
45714,M,30,Youth
45715,M,34,Family
45716,M,65,Youth
45717,F,30,Enterprise
45718,M,26,Youth
45719,F,67,Youth
45720,M,22,Premium
45721,F,34,Youth
45722,M,62,Family
45723,M,24,Youth
45724,F,63,Enterprise
45725,F,41,Youth
45726,M,46,Youth
45727,M,22,Youth
45728,M,49,Enterprise
45729,M,21,Youth
45730,M,54,Youth
45731,F,25,Enterprise
45732,M,21,Family
45733,F,35,Enterprise
45734,M,61,Family
45735,M,28,Enterprise
45736,F,45,Premium
45737,F,25,Premium
45738,M,59,Enterprise
45739,M,58,Enterprise
45740,F,24,Youth
45741,F,42,Youth
45742,F,39,Premium
45743,F,34,Youth
45744,F,46,Premium
45745,F,63,Premium
45746,M,36,Premium
45747,M,24,Youth
45748,F,39,Premium
45749,F,51,Premium
45750,F,19,Enterprise
45751,M,42,Youth
45752,M,53,Premium
45753,F,30,Enterprise
45754,M,23,Family
45755,F,44,Premium
45756,M,48,Family
45757,F,59,Enterprise
45758,M,40,Family
45759,F,50,Premium
45760,M,66,Family
45761,F,70,Enterprise
45762,F,64,Premium
45763,M,25,Premium
45764,F,31,Enterprise
45765,M,57,Youth
45766,F,46,Premium
45767,M,25,Premium
45768,F,45,Enterprise
45769,M,18,Family
45770,M,70,Family
45771,F,65,Youth
45772,F,70,Enterprise
45773,F,59,Premium
45774,M,53,Premium
45775,M,48,Youth
45776,M,58,Enterprise
45777,F,42,Premium
45778,F,38,Enterprise
45779,M,37,Youth
45780,F,38,Youth
45781,M,66,Youth
45782,M,58,Premium
45783,F,36,Enterprise
45784,F,62,Premium
45785,F,37,Enterprise
45786,M,38,Youth
45787,M,64,Family
45788,M,58,Youth
45789,F,43,Premium
45790,F,33,Enterprise
45791,M,50,Enterprise
45792,M,38,Premium
45793,M,65,Enterprise
45794,F,37,Enterprise
45795,F,56,Premium
45796,M,21,Family
45797,M,34,Enterprise
45798,M,20,Enterprise
45799,F,66,Enterprise
45800,F,47,Enterprise
45801,F,64,Youth
45802,F,50,Youth
45803,M,66,Premium
45804,M,49,Premium
45805,M,47,Family
45806,M,34,Family
45807,M,21,Youth
45808,F,35,Premium
45809,F,46,Premium
45810,M,64,Enterprise
45811,M,54,Premium
45812,M,34,Enterprise
45813,F,36,Family
45814,F,24,Enterprise
45815,F,25,Youth
45816,M,41,Youth
45817,M,53,Family
45818,M,30,Enterprise
45819,F,62,Premium
45820,M,46,Family
45821,F,52,Youth
45822,M,19,Enterprise
45823,M,45,Youth
45824,F,59,Enterprise
45825,M,26,Premium
45826,M,55,Family
45827,M,60,Family
45828,F,60,Premium
45829,F,39,Youth
45830,M,54,Family
45831,M,58,Enterprise
45832,F,67,Premium
45833,F,23,Family
45834,F,40,Family
45835,M,18,Youth
45836,F,63,Enterprise
45837,F,66,Family
45838,F,34,Family
45839,F,70,Enterprise
45840,M,56,Premium
45841,M,37,Premium
45842,M,28,Youth
45843,F,66,Premium
45844,M,53,Enterprise
45845,M,34,Youth
45846,M,39,Youth
45847,M,24,Family
45848,M,50,Premium
45849,M,62,Premium
45850,M,53,Family
45851,M,19,Family
45852,M,55,Enterprise
45853,M,57,Premium
45854,F,36,Premium
45855,M,37,Enterprise
45856,M,23,Youth
45857,F,39,Family
45858,M,28,Premium
45859,M,29,Family
45860,M,32,Family
45861,F,58,Premium
45862,M,27,Youth
45863,M,66,Premium
45864,F,51,Premium
45865,M,25,Family
45866,F,43,Youth
45867,M,36,Family
45868,M,34,Premium
45869,M,67,Enterprise
45870,F,60,Enterprise
45871,M,60,Premium
45872,F,38,Family
45873,F,43,Youth
45874,M,30,Enterprise
45875,F,53,Enterprise
45876,M,31,Youth
45877,F,53,Family
45878,F,39,Enterprise
45879,F,44,Enterprise
45880,M,36,Youth
45881,M,45,Enterprise
45882,F,34,Enterprise
45883,F,51,Premium
45884,M,40,Family
45885,F,27,Enterprise
45886,F,19,Youth
45887,F,19,Premium
45888,M,56,Premium
45889,F,24,Premium
45890,F,40,Family
45891,F,25,Enterprise
45892,F,19,Youth
45893,M,42,Youth
45894,M,38,Premium
45895,M,39,Enterprise
45896,F,32,Premium
45897,M,29,Premium
45898,F,65,Enterprise
45899,M,27,Premium
45900,F,59,Enterprise
45901,M,51,Premium
45902,F,44,Premium
45903,M,37,Enterprise
45904,M,68,Family
45905,F,42,Youth
45906,M,21,Enterprise
45907,F,35,Enterprise
45908,F,62,Premium
45909,M,66,Enterprise
45910,M,43,Family
45911,F,35,Family
45912,M,29,Premium
45913,M,58,Premium
45914,M,66,Family
45915,M,43,Enterprise
45916,F,34,Premium
45917,M,56,Premium
45918,M,38,Premium
45919,M,43,Premium
45920,F,27,Youth
45921,M,70,Family
45922,M,65,Youth
45923,M,22,Premium
45924,M,66,Enterprise
45925,M,53,Premium
45926,F,62,Enterprise
45927,F,40,Premium
45928,F,53,Enterprise
45929,F,50,Family
45930,M,57,Family
45931,M,60,Premium
45932,M,22,Family
45933,M,54,Premium
45934,M,32,Premium
45935,F,66,Enterprise
45936,M,68,Youth
45937,M,33,Youth
45938,M,23,Enterprise
45939,M,33,Youth
45940,F,34,Premium
45941,M,54,Youth
45942,M,24,Premium
45943,M,21,Youth
45944,M,39,Youth
45945,F,34,Premium
45946,M,35,Youth
45947,M,58,Premium
45948,M,47,Enterprise
45949,M,65,Enterprise
45950,F,29,Enterprise
45951,F,68,Youth
45952,F,58,Enterprise
45953,M,30,Enterprise
45954,M,65,Family
45955,F,37,Youth
45956,M,66,Premium
45957,M,64,Youth
45958,M,39,Premium
45959,M,28,Family
45960,M,46,Enterprise
45961,F,42,Youth
45962,F,52,Family
45963,M,27,Premium
45964,F,46,Family
45965,F,27,Youth
45966,F,54,Premium
45967,F,28,Family
45968,F,59,Enterprise
45969,M,56,Family
45970,M,27,Premium
45971,M,19,Enterprise
45972,F,18,Family
45973,M,70,Enterprise
45974,F,60,Family
45975,M,30,Enterprise
45976,M,65,Premium
45977,M,43,Premium
45978,M,29,Family
45979,F,37,Family
45980,M,69,Family
45981,M,38,Family
45982,M,19,Family
45983,F,60,Youth
45984,F,30,Youth
45985,M,70,Youth
45986,F,63,Youth
45987,F,50,Enterprise
45988,F,29,Family
45989,M,65,Youth
45990,F,37,Youth
45991,F,65,Premium
45992,M,41,Family
45993,F,52,Youth
45994,F,32,Premium
45995,F,24,Youth
45996,F,30,Premium
45997,M,20,Family
45998,M,31,Youth
45999,F,50,Enterprise
46000,F,46,Family
46001,M,36,Premium
46002,F,28,Youth
46003,F,25,Family
46004,F,29,Family
46005,F,61,Family
46006,M,35,Premium
46007,M,59,Enterprise
46008,F,48,Premium
46009,F,47,Family
46010,M,60,Family
46011,M,69,Family
46012,M,29,Enterprise
46013,F,23,Enterprise
46014,M,36,Family
46015,M,27,Enterprise
46016,F,18,Family
46017,F,55,Youth
46018,M,56,Premium
46019,M,18,Enterprise
46020,M,20,Premium
46021,M,38,Youth
46022,M,49,Premium
46023,M,59,Enterprise
46024,F,33,Family
46025,F,30,Youth
46026,M,43,Family
46027,M,44,Premium
46028,F,42,Youth
46029,F,55,Youth
46030,M,38,Family
46031,M,60,Youth
46032,F,57,Youth
46033,M,44,Family
46034,M,20,Youth
46035,F,50,Enterprise
46036,M,56,Youth
46037,M,55,Family
46038,F,67,Premium
46039,M,33,Enterprise
46040,F,44,Youth
46041,F,44,Enterprise
46042,F,62,Youth
46043,M,47,Family
46044,M,68,Enterprise
46045,F,65,Family
46046,F,23,Premium
46047,F,65,Family
46048,F,28,Family
46049,F,62,Enterprise
46050,F,48,Youth
46051,M,41,Enterprise
46052,F,51,Premium
46053,F,26,Premium
46054,M,59,Premium
46055,M,32,Youth
46056,M,31,Youth
46057,F,58,Youth
46058,F,27,Youth
46059,M,20,Family
46060,M,42,Youth
46061,M,33,Family
46062,M,30,Family
46063,F,50,Youth
46064,F,57,Family
46065,F,25,Youth
46066,M,18,Family
46067,F,56,Youth
46068,F,46,Enterprise
46069,F,33,Premium
46070,F,69,Enterprise
46071,M,63,Premium
46072,F,27,Premium
46073,F,18,Premium
46074,M,45,Premium
46075,M,35,Premium
46076,M,24,Premium
46077,M,42,Family
46078,M,34,Youth
46079,M,44,Premium
46080,M,63,Enterprise
46081,F,49,Premium
46082,M,45,Enterprise
46083,M,59,Premium
46084,F,66,Youth
46085,M,61,Enterprise
46086,F,56,Youth
46087,M,30,Enterprise
46088,F,49,Family
46089,M,42,Youth
46090,M,67,Youth
46091,F,49,Premium
46092,F,20,Youth
46093,M,46,Enterprise
46094,F,38,Premium
46095,F,27,Premium
46096,F,31,Youth
46097,M,29,Family
46098,F,45,Youth
46099,M,43,Youth
46100,M,30,Enterprise
46101,M,18,Enterprise
46102,F,50,Youth
46103,M,46,Youth
46104,M,57,Premium
46105,M,46,Family
46106,M,37,Family
46107,M,35,Family
46108,F,24,Enterprise
46109,F,23,Premium
46110,M,69,Family
46111,F,44,Youth
46112,F,26,Youth
46113,M,25,Youth
46114,M,31,Family
46115,M,41,Enterprise
46116,M,43,Enterprise
46117,M,48,Enterprise
46118,F,54,Enterprise
46119,M,18,Enterprise
46120,F,67,Enterprise
46121,F,45,Youth
46122,M,39,Family
46123,M,24,Youth
46124,F,60,Premium
46125,F,61,Family
46126,M,37,Youth
46127,F,42,Youth
46128,M,31,Enterprise
46129,M,25,Youth
46130,F,60,Youth
46131,M,37,Family
46132,M,42,Family
46133,F,21,Premium
46134,F,47,Youth
46135,F,54,Youth
46136,F,53,Enterprise
46137,M,52,Enterprise
46138,M,51,Youth
46139,F,70,Premium
46140,F,20,Family
46141,F,18,Family
46142,F,41,Premium
46143,F,38,Youth
46144,F,49,Premium
46145,F,25,Family
46146,F,56,Youth
46147,F,70,Enterprise
46148,M,23,Premium
46149,M,44,Youth
46150,F,40,Family
46151,F,70,Family
46152,M,56,Premium
46153,M,24,Family
46154,M,44,Enterprise
46155,M,46,Enterprise
46156,F,23,Premium
46157,F,38,Family
46158,M,69,Enterprise
46159,M,26,Premium
46160,M,45,Enterprise
46161,M,31,Enterprise
46162,F,42,Premium
46163,F,42,Premium
46164,M,36,Enterprise
46165,F,41,Family
46166,F,49,Youth
46167,F,43,Enterprise
46168,F,62,Enterprise
46169,M,62,Premium
46170,M,56,Family
46171,F,20,Premium
46172,M,43,Premium
46173,F,42,Youth
46174,F,65,Premium
46175,F,55,Enterprise
46176,F,31,Family
46177,M,41,Premium
46178,M,54,Youth
46179,M,70,Enterprise
46180,M,45,Youth
46181,M,69,Enterprise
46182,M,61,Premium
46183,M,65,Enterprise
46184,F,25,Premium
46185,M,52,Family
46186,M,43,Enterprise
46187,F,26,Youth
46188,M,52,Enterprise
46189,F,66,Youth
46190,F,69,Youth
46191,M,21,Family
46192,F,39,Family
46193,M,56,Enterprise
46194,M,22,Premium
46195,F,69,Premium
46196,F,33,Premium
46197,F,42,Premium
46198,M,27,Premium
46199,F,24,Premium
46200,F,54,Premium
46201,M,45,Enterprise
46202,F,27,Youth
46203,F,66,Youth
46204,F,60,Youth
46205,F,38,Premium
46206,M,27,Premium
46207,F,48,Premium
46208,M,23,Premium
46209,F,38,Enterprise
46210,M,56,Family
46211,M,31,Premium
46212,F,18,Family
46213,F,52,Family
46214,F,37,Enterprise
46215,M,31,Family
46216,M,26,Enterprise
46217,F,62,Youth
46218,M,25,Youth
46219,M,31,Youth
46220,M,28,Premium
46221,F,61,Youth
46222,F,27,Youth
46223,M,49,Premium
46224,M,62,Family
46225,F,31,Youth
46226,F,42,Family
46227,F,45,Enterprise
46228,F,28,Family
46229,M,19,Youth
46230,M,37,Youth
46231,F,62,Premium
46232,M,40,Enterprise
46233,M,68,Family
46234,M,64,Youth
46235,F,50,Enterprise
46236,M,27,Family
46237,M,58,Youth
46238,F,62,Youth
46239,F,52,Family
46240,M,68,Premium
46241,M,38,Youth
46242,M,35,Family
46243,M,42,Family
46244,M,38,Enterprise
46245,M,33,Enterprise
46246,F,27,Youth
46247,F,35,Premium
46248,M,52,Premium
46249,M,61,Youth
46250,M,26,Enterprise
46251,M,19,Premium
46252,M,44,Premium
46253,F,66,Youth
46254,F,38,Family
46255,F,36,Enterprise
46256,F,30,Youth
46257,M,41,Family
46258,F,23,Youth
46259,F,44,Family
46260,M,53,Enterprise
46261,M,31,Premium
46262,M,56,Youth
46263,F,60,Premium
46264,F,70,Premium
46265,F,54,Youth
46266,M,47,Youth
46267,F,60,Family
46268,F,28,Premium
46269,M,25,Family
46270,F,45,Enterprise
46271,M,40,Enterprise
46272,M,36,Enterprise
46273,F,21,Youth
46274,M,62,Youth
46275,M,35,Family
46276,M,61,Enterprise
46277,F,57,Family
46278,M,69,Youth
46279,M,47,Youth
46280,M,22,Family
46281,F,38,Enterprise
46282,F,33,Youth
46283,M,24,Youth
46284,F,65,Family
46285,F,22,Youth
46286,F,37,Enterprise
46287,F,56,Premium
46288,M,59,Premium
46289,M,44,Family
46290,F,49,Youth
46291,M,30,Enterprise
46292,F,59,Family
46293,F,29,Family
46294,F,54,Youth
46295,F,18,Youth
46296,M,47,Youth
46297,M,47,Family
46298,F,26,Enterprise
46299,F,40,Family
46300,F,36,Enterprise
46301,F,28,Family
46302,F,55,Youth
46303,M,39,Premium
46304,M,23,Family
46305,M,43,Family
46306,M,64,Family
46307,F,58,Premium
46308,M,24,Family
46309,F,42,Enterprise
46310,F,46,Premium
46311,M,35,Premium
46312,M,31,Family
46313,F,48,Enterprise
46314,M,28,Enterprise
46315,F,54,Family
46316,M,39,Youth
46317,F,43,Youth
46318,F,42,Family
46319,F,58,Premium
46320,F,31,Youth
46321,F,20,Family
46322,M,54,Premium
46323,M,57,Enterprise
46324,M,31,Enterprise
46325,F,59,Enterprise
46326,F,32,Youth
46327,M,33,Enterprise
46328,F,62,Youth
46329,M,69,Family
46330,F,40,Enterprise
46331,M,42,Enterprise
46332,F,70,Family
46333,F,51,Enterprise
46334,F,21,Enterprise
46335,F,18,Enterprise
46336,F,54,Family
46337,F,52,Youth
46338,F,48,Youth
46339,F,50,Enterprise
46340,F,27,Youth
46341,M,39,Youth
46342,M,48,Enterprise
46343,F,62,Premium
46344,M,39,Premium
46345,M,38,Youth
46346,M,28,Youth
46347,M,60,Family
46348,M,59,Youth
46349,M,61,Enterprise
46350,F,48,Family
46351,M,61,Family
46352,M,56,Premium
46353,F,22,Enterprise
46354,F,32,Youth
46355,M,33,Premium
46356,M,56,Family
46357,F,33,Family
46358,F,38,Family
46359,M,47,Family
46360,M,58,Premium
46361,M,41,Premium
46362,F,68,Premium
46363,F,20,Enterprise
46364,F,64,Family
46365,F,19,Enterprise
46366,M,34,Family
46367,F,56,Youth
46368,M,52,Youth
46369,M,32,Family
46370,F,51,Enterprise
46371,F,26,Enterprise
46372,F,24,Youth
46373,F,65,Family
46374,M,38,Family
46375,F,31,Youth
46376,M,60,Enterprise
46377,F,21,Enterprise
46378,M,60,Enterprise
46379,F,61,Youth
46380,M,23,Premium
46381,M,30,Youth
46382,M,45,Youth
46383,M,64,Youth
46384,M,51,Family
46385,F,23,Premium
46386,F,22,Family
46387,F,29,Youth
46388,M,24,Enterprise
46389,M,40,Youth
46390,M,70,Youth
46391,M,44,Youth
46392,F,67,Family
46393,M,67,Youth
46394,M,25,Family
46395,F,20,Premium
46396,M,19,Family
46397,M,27,Family
46398,M,48,Enterprise
46399,M,24,Family
46400,M,48,Premium
46401,F,59,Enterprise
46402,F,51,Youth
46403,M,64,Premium
46404,F,65,Premium
46405,F,67,Premium
46406,F,70,Premium
46407,F,25,Youth
46408,F,18,Premium
46409,M,52,Premium
46410,M,33,Youth
46411,F,55,Youth
46412,F,26,Family
46413,M,32,Premium
46414,F,20,Family
46415,F,30,Family
46416,M,38,Youth
46417,F,69,Youth
46418,M,19,Enterprise
46419,M,25,Youth
46420,F,47,Premium
46421,F,59,Premium
46422,M,23,Youth
46423,M,70,Enterprise
46424,M,67,Enterprise
46425,F,33,Youth
46426,F,36,Premium
46427,F,31,Premium
46428,M,70,Family
46429,F,24,Premium
46430,F,21,Youth
46431,M,37,Family
46432,M,50,Family
46433,M,59,Family
46434,M,43,Enterprise
46435,M,55,Family
46436,F,66,Youth
46437,M,30,Youth
46438,M,48,Premium
46439,F,36,Family
46440,M,29,Enterprise
46441,M,21,Youth
46442,F,44,Premium
46443,M,20,Premium
46444,F,66,Family
46445,F,67,Premium
46446,M,28,Premium
46447,M,64,Youth
46448,F,51,Family
46449,M,43,Premium
46450,F,37,Enterprise
46451,M,66,Premium
46452,M,54,Premium
46453,M,45,Family
46454,M,25,Family
46455,F,47,Family
46456,F,20,Enterprise
46457,M,42,Family
46458,F,58,Family
46459,M,23,Youth
46460,F,38,Youth
46461,F,65,Enterprise
46462,F,67,Family
46463,M,20,Family
46464,F,30,Youth
46465,M,51,Premium
46466,M,22,Premium
46467,F,67,Family
46468,M,59,Family
46469,M,62,Enterprise
46470,F,45,Youth
46471,M,28,Youth
46472,M,61,Premium
46473,F,23,Premium
46474,F,23,Youth
46475,M,43,Premium
46476,F,61,Family
46477,M,20,Youth
46478,F,47,Youth
46479,M,18,Family
46480,M,61,Premium
46481,M,20,Youth
46482,M,67,Family
46483,F,45,Premium
46484,F,41,Enterprise
46485,F,40,Family
46486,F,65,Youth
46487,M,44,Enterprise
46488,M,49,Family
46489,F,64,Enterprise
46490,F,50,Enterprise
46491,M,49,Family
46492,M,63,Youth
46493,F,43,Enterprise
46494,M,39,Family
46495,M,20,Enterprise
46496,M,31,Premium
46497,M,21,Enterprise
46498,M,21,Youth
46499,M,59,Enterprise
46500,F,19,Premium
46501,M,30,Enterprise
46502,M,64,Family
46503,F,57,Youth
46504,M,24,Youth
46505,M,19,Enterprise
46506,M,68,Premium
46507,F,40,Family
46508,F,26,Family
46509,F,37,Youth
46510,F,48,Enterprise
46511,F,28,Premium
46512,M,67,Youth
46513,F,62,Family
46514,F,61,Premium
46515,F,56,Youth
46516,M,52,Youth
46517,M,26,Premium
46518,M,24,Family
46519,M,57,Premium
46520,F,21,Enterprise
46521,F,21,Premium
46522,M,36,Youth
46523,F,27,Enterprise
46524,F,58,Family
46525,F,23,Enterprise
46526,M,69,Youth
46527,F,39,Family
46528,F,65,Enterprise
46529,F,43,Youth
46530,F,39,Premium
46531,F,31,Premium
46532,F,65,Youth
46533,M,65,Enterprise
46534,F,50,Premium
46535,M,41,Premium
46536,M,59,Premium
46537,M,19,Enterprise
46538,F,69,Premium
46539,M,36,Youth
46540,F,19,Family
46541,F,19,Family
46542,F,39,Enterprise
46543,M,50,Family
46544,F,65,Family
46545,M,19,Enterprise
46546,F,49,Youth
46547,M,20,Premium
46548,F,36,Family
46549,M,46,Enterprise
46550,M,36,Premium
46551,M,22,Family
46552,F,68,Youth
46553,F,53,Youth
46554,F,37,Premium
46555,F,22,Enterprise
46556,M,59,Premium
46557,F,61,Family
46558,M,35,Enterprise
46559,M,27,Premium
46560,F,44,Youth
46561,M,33,Enterprise
46562,F,61,Enterprise
46563,M,41,Family
46564,F,42,Enterprise
46565,M,45,Premium
46566,F,21,Family
46567,M,39,Enterprise
46568,F,39,Enterprise
46569,F,68,Family
46570,F,29,Family
46571,F,53,Family
46572,F,18,Family
46573,M,47,Youth
46574,F,20,Family
46575,F,35,Enterprise
46576,M,39,Family
46577,M,20,Enterprise
46578,M,63,Youth
46579,F,66,Enterprise
46580,M,28,Premium
46581,M,53,Youth
46582,M,29,Enterprise
46583,M,49,Premium
46584,M,25,Enterprise
46585,F,67,Youth
46586,F,36,Enterprise
46587,M,66,Premium
46588,F,64,Enterprise
46589,F,68,Enterprise
46590,F,46,Enterprise
46591,M,21,Premium
46592,M,27,Premium
46593,M,61,Premium
46594,F,25,Enterprise
46595,M,38,Enterprise
46596,F,52,Family
46597,M,46,Premium
46598,F,63,Enterprise
46599,M,32,Youth
46600,M,45,Enterprise
46601,F,70,Enterprise
46602,M,50,Youth
46603,F,56,Premium
46604,M,67,Youth
46605,F,35,Family
46606,F,44,Youth
46607,F,21,Family
46608,F,22,Family
46609,F,21,Youth
46610,M,39,Youth
46611,M,53,Family
46612,F,56,Family
46613,M,52,Youth
46614,M,23,Youth
46615,F,61,Enterprise
46616,M,44,Enterprise
46617,M,39,Youth
46618,F,39,Youth
46619,M,55,Premium
46620,M,54,Family
46621,M,23,Enterprise
46622,M,61,Enterprise
46623,F,23,Enterprise
46624,M,31,Family
46625,M,39,Family
46626,M,44,Youth
46627,F,20,Enterprise
46628,M,23,Youth
46629,F,53,Youth
46630,M,26,Family
46631,M,27,Youth
46632,M,52,Youth
46633,M,45,Youth
46634,M,38,Enterprise
46635,F,51,Family
46636,M,58,Youth
46637,M,64,Youth
46638,M,27,Youth
46639,F,59,Premium
46640,M,59,Premium
46641,M,23,Youth
46642,M,53,Premium
46643,F,60,Youth
46644,F,67,Family
46645,F,56,Premium
46646,M,65,Enterprise
46647,M,67,Enterprise
46648,F,61,Premium
46649,F,31,Enterprise
46650,F,32,Premium
46651,M,50,Premium
46652,M,28,Family
46653,M,58,Family
46654,F,35,Premium
46655,M,40,Family
46656,F,51,Premium
46657,F,54,Family
46658,M,29,Enterprise
46659,F,59,Enterprise
46660,F,39,Family
46661,F,43,Youth
46662,F,26,Premium
46663,M,38,Family
46664,F,41,Family
46665,F,46,Enterprise
46666,F,29,Enterprise
46667,M,43,Youth
46668,M,48,Premium
46669,F,65,Family
46670,M,26,Family
46671,F,32,Family
46672,F,65,Family
46673,M,44,Enterprise
46674,F,60,Youth
46675,F,68,Premium
46676,F,37,Enterprise
46677,M,61,Family
46678,F,25,Family
46679,M,27,Premium
46680,M,67,Enterprise
46681,F,36,Enterprise
46682,M,63,Enterprise
46683,M,32,Youth
46684,M,37,Youth
46685,F,45,Enterprise
46686,F,63,Family
46687,F,50,Enterprise
46688,M,31,Youth
46689,F,35,Premium
46690,M,40,Enterprise
46691,M,54,Youth
46692,M,31,Premium
46693,M,45,Premium
46694,F,58,Family
46695,F,68,Youth
46696,M,49,Enterprise
46697,F,26,Premium
46698,M,37,Family
46699,F,50,Family
46700,F,40,Youth
46701,F,65,Family
46702,F,66,Youth
46703,F,28,Enterprise
46704,M,36,Enterprise
46705,F,22,Youth
46706,M,37,Premium
46707,M,41,Youth
46708,M,59,Family
46709,F,61,Youth
46710,F,62,Premium
46711,F,52,Premium
46712,M,52,Enterprise
46713,F,22,Premium
46714,F,29,Youth
46715,M,45,Youth
46716,M,45,Premium
46717,M,55,Youth
46718,F,36,Family
46719,F,27,Premium
46720,F,51,Enterprise
46721,F,40,Premium
46722,F,42,Enterprise
46723,F,32,Family
46724,F,26,Youth
46725,M,25,Premium
46726,F,52,Enterprise
46727,F,62,Premium
46728,F,64,Youth
46729,M,50,Enterprise
46730,M,20,Youth
46731,F,65,Family
46732,F,66,Family
46733,M,45,Premium
46734,F,42,Premium
46735,F,21,Youth
46736,M,56,Family
46737,F,58,Enterprise
46738,M,26,Premium
46739,M,63,Youth
46740,F,37,Premium
46741,F,19,Enterprise
46742,F,23,Youth
46743,M,28,Premium
46744,M,68,Premium
46745,F,41,Family
46746,F,47,Youth
46747,M,46,Youth
46748,M,31,Enterprise
46749,F,65,Premium
46750,F,56,Enterprise
46751,M,28,Enterprise
46752,M,58,Family
46753,M,44,Family
46754,F,32,Enterprise
46755,F,27,Enterprise
46756,M,58,Family
46757,F,21,Family
46758,M,41,Enterprise
46759,M,51,Premium
46760,M,52,Youth
46761,M,67,Enterprise
46762,M,49,Family
46763,M,54,Premium
46764,F,45,Family
46765,F,24,Enterprise
46766,F,64,Youth
46767,F,34,Premium
46768,M,60,Enterprise
46769,F,62,Family
46770,M,25,Family
46771,F,64,Youth
46772,M,64,Family
46773,F,44,Youth
46774,M,51,Youth
46775,F,44,Family
46776,F,19,Premium
46777,M,41,Enterprise
46778,M,51,Youth
46779,F,32,Enterprise
46780,F,36,Family
46781,F,54,Youth
46782,M,45,Enterprise
46783,F,52,Premium
46784,F,42,Premium
46785,F,61,Family
46786,F,67,Premium
46787,M,60,Enterprise
46788,F,68,Youth
46789,F,51,Enterprise
46790,M,62,Premium
46791,F,59,Youth
46792,M,32,Family
46793,F,70,Premium
46794,M,43,Family
46795,F,59,Enterprise
46796,F,39,Family
46797,F,23,Enterprise
46798,M,31,Family
46799,F,56,Youth
46800,F,56,Family
46801,M,37,Enterprise
46802,M,36,Youth
46803,M,66,Family
46804,F,57,Family
46805,M,49,Family
46806,F,39,Premium
46807,M,20,Youth
46808,M,30,Youth
46809,F,41,Youth
46810,M,58,Family
46811,M,40,Enterprise
46812,M,24,Premium
46813,M,63,Premium
46814,F,54,Family
46815,M,22,Youth
46816,M,40,Family
46817,F,55,Youth
46818,F,38,Enterprise
46819,F,32,Premium
46820,F,41,Family
46821,M,24,Premium
46822,F,65,Family
46823,M,48,Enterprise
46824,F,47,Enterprise
46825,M,48,Premium
46826,F,58,Youth
46827,M,64,Family
46828,F,64,Premium
46829,M,69,Youth
46830,F,27,Youth
46831,F,50,Youth
46832,F,62,Youth
46833,M,67,Family
46834,F,26,Youth
46835,M,50,Premium
46836,M,67,Family
46837,M,36,Premium
46838,M,25,Premium
46839,F,37,Enterprise
46840,M,42,Family
46841,F,43,Premium
46842,M,63,Premium
46843,F,66,Premium
46844,F,53,Youth
46845,M,37,Premium
46846,F,32,Youth
46847,F,53,Family
46848,M,22,Enterprise
46849,M,46,Premium
46850,M,43,Premium
46851,M,56,Enterprise
46852,M,51,Youth
46853,M,66,Enterprise
46854,F,27,Premium
46855,M,33,Family
46856,F,28,Youth
46857,M,69,Youth
46858,F,24,Youth
46859,M,59,Enterprise
46860,M,64,Premium
46861,M,52,Enterprise
46862,F,44,Youth
46863,F,18,Premium
46864,M,23,Enterprise
46865,F,32,Family
46866,F,69,Youth
46867,M,47,Youth
46868,F,40,Family
46869,M,56,Enterprise
46870,F,57,Family
46871,F,25,Enterprise
46872,M,60,Family
46873,M,70,Family
46874,M,66,Family
46875,M,41,Family
46876,M,51,Premium
46877,F,46,Premium
46878,F,43,Youth
46879,M,42,Premium
46880,F,40,Enterprise
46881,M,23,Enterprise
46882,F,37,Youth
46883,M,32,Premium
46884,F,27,Family
46885,M,57,Premium
46886,F,49,Premium
46887,M,57,Enterprise
46888,M,39,Enterprise
46889,M,54,Family
46890,F,52,Enterprise
46891,F,40,Enterprise
46892,M,49,Premium
46893,F,20,Youth
46894,F,23,Family
46895,F,63,Family
46896,F,34,Youth
46897,F,24,Enterprise
46898,F,61,Enterprise
46899,F,32,Family
46900,M,51,Family
46901,F,26,Premium
46902,M,54,Family
46903,F,40,Family
46904,F,70,Premium
46905,F,63,Enterprise
46906,F,28,Enterprise
46907,F,29,Family
46908,F,52,Enterprise
46909,M,36,Enterprise
46910,M,69,Youth
46911,F,50,Enterprise
46912,M,34,Family
46913,M,67,Youth
46914,F,19,Enterprise
46915,F,36,Youth
46916,F,46,Family
46917,M,47,Youth
46918,F,39,Enterprise
46919,M,48,Premium
46920,M,57,Premium
46921,M,53,Family
46922,M,50,Premium
46923,F,68,Family
46924,F,41,Premium
46925,F,50,Family
46926,M,33,Premium
46927,F,37,Family
46928,F,46,Family
46929,M,56,Enterprise
46930,M,24,Enterprise
46931,F,20,Enterprise
46932,M,68,Premium
46933,M,40,Premium
46934,M,67,Enterprise
46935,F,59,Premium
46936,F,41,Enterprise
46937,M,65,Enterprise
46938,F,36,Premium
46939,F,40,Youth
46940,M,32,Premium
46941,F,64,Enterprise
46942,F,24,Enterprise
46943,M,43,Family
46944,F,48,Premium
46945,F,18,Premium
46946,M,48,Youth
46947,M,25,Premium
46948,F,44,Premium
46949,F,53,Enterprise
46950,M,55,Premium
46951,F,25,Youth
46952,M,36,Youth
46953,M,29,Premium
46954,M,38,Family
46955,F,38,Enterprise
46956,M,38,Youth
46957,F,66,Enterprise
46958,F,65,Family
46959,M,18,Youth
46960,F,23,Enterprise
46961,M,38,Enterprise
46962,F,23,Family
46963,F,65,Youth
46964,M,52,Enterprise
46965,F,41,Family
46966,F,37,Enterprise
46967,F,53,Youth
46968,F,56,Premium
46969,M,63,Premium
46970,M,56,Enterprise
46971,M,60,Youth
46972,F,58,Youth
46973,F,64,Premium
46974,F,51,Youth
46975,M,68,Premium
46976,M,38,Premium
46977,F,35,Premium
46978,M,61,Premium
46979,M,30,Family
46980,F,28,Youth
46981,M,53,Premium
46982,M,50,Youth
46983,F,48,Premium
46984,M,60,Family
46985,F,54,Youth
46986,M,39,Premium
46987,M,32,Youth
46988,M,52,Enterprise
46989,F,39,Premium
46990,M,23,Enterprise
46991,F,32,Premium
46992,F,30,Enterprise
46993,F,70,Youth
46994,M,53,Youth
46995,F,41,Enterprise
46996,M,27,Youth
46997,F,54,Premium
46998,F,36,Youth
46999,F,49,Enterprise
47000,F,23,Youth
47001,M,46,Premium
47002,M,49,Family
47003,M,28,Youth
47004,M,30,Youth
47005,F,47,Premium
47006,F,70,Youth
47007,M,63,Enterprise
47008,M,59,Premium
47009,F,48,Premium
47010,M,28,Enterprise
47011,F,59,Premium
47012,M,27,Premium
47013,M,45,Family
47014,M,41,Family
47015,F,43,Youth
47016,F,54,Premium
47017,M,32,Family
47018,F,52,Premium
47019,M,65,Enterprise
47020,M,63,Family
47021,F,34,Family
47022,M,64,Premium
47023,F,60,Youth
47024,M,25,Premium
47025,F,64,Family
47026,F,24,Enterprise
47027,M,40,Family
47028,M,24,Youth
47029,F,28,Family
47030,F,48,Premium
47031,M,33,Enterprise
47032,F,30,Premium
47033,F,54,Premium
47034,M,65,Enterprise
47035,M,30,Premium
47036,F,30,Enterprise
47037,M,51,Family
47038,F,67,Enterprise
47039,F,21,Premium
47040,M,69,Youth
47041,M,49,Family
47042,M,63,Youth
47043,F,40,Family
47044,M,18,Family
47045,M,33,Enterprise
47046,F,47,Premium
47047,F,55,Premium
47048,M,49,Enterprise
47049,F,59,Premium
47050,M,46,Premium
47051,M,19,Enterprise
47052,F,56,Youth
47053,F,46,Youth
47054,F,28,Enterprise
47055,F,19,Family
47056,M,60,Family
47057,M,25,Family
47058,M,45,Youth
47059,F,49,Youth
47060,M,24,Family
47061,M,34,Premium
47062,F,33,Family
47063,M,36,Enterprise
47064,M,66,Premium
47065,M,28,Premium
47066,M,43,Enterprise
47067,F,29,Youth
47068,M,58,Youth
47069,M,20,Family
47070,F,23,Premium
47071,M,64,Family
47072,M,52,Youth
47073,M,45,Premium
47074,F,39,Youth
47075,F,32,Premium
47076,F,37,Premium
47077,F,28,Premium
47078,M,52,Enterprise
47079,F,66,Youth
47080,F,69,Enterprise
47081,M,30,Premium
47082,M,53,Premium
47083,M,57,Family
47084,M,46,Family
47085,F,62,Youth
47086,F,69,Premium
47087,F,18,Family
47088,F,25,Premium
47089,M,62,Youth
47090,M,25,Family
47091,M,70,Youth
47092,M,18,Youth
47093,F,48,Premium
47094,M,44,Premium
47095,F,52,Youth
47096,M,49,Family
47097,M,69,Youth
47098,F,41,Enterprise
47099,F,64,Youth
47100,M,22,Youth
47101,F,57,Youth
47102,F,55,Family
47103,F,35,Youth
47104,M,40,Premium
47105,M,24,Premium
47106,F,48,Youth
47107,F,46,Family
47108,M,32,Youth
47109,M,60,Premium
47110,M,57,Premium
47111,F,42,Family
47112,M,20,Family
47113,M,53,Youth
47114,M,32,Family
47115,F,49,Premium
47116,F,27,Premium
47117,M,65,Youth
47118,F,67,Premium
47119,F,46,Enterprise
47120,F,20,Enterprise
47121,F,20,Youth
47122,M,27,Family
47123,F,29,Family
47124,F,37,Family
47125,F,59,Youth
47126,M,51,Enterprise
47127,M,29,Family
47128,F,62,Youth
47129,M,28,Family
47130,M,21,Family
47131,F,64,Family
47132,M,22,Enterprise
47133,F,60,Premium
47134,F,33,Youth
47135,F,37,Family
47136,M,42,Enterprise
47137,M,23,Premium
47138,F,58,Enterprise
47139,M,29,Family
47140,M,47,Youth
47141,M,54,Enterprise
47142,M,62,Premium
47143,M,49,Enterprise
47144,M,47,Family
47145,M,60,Premium
47146,M,20,Enterprise
47147,M,23,Premium
47148,M,32,Family
47149,M,34,Family
47150,F,29,Enterprise
47151,F,32,Youth
47152,M,25,Enterprise
47153,F,57,Premium
47154,M,44,Youth
47155,M,35,Family
47156,M,30,Family
47157,M,30,Youth
47158,M,62,Youth
47159,F,49,Premium
47160,M,69,Premium
47161,M,40,Youth
47162,F,49,Premium
47163,M,52,Family
47164,M,58,Premium
47165,F,55,Family
47166,F,63,Youth
47167,F,52,Premium
47168,M,46,Youth
47169,F,41,Family
47170,M,46,Youth
47171,M,28,Premium
47172,M,62,Premium
47173,M,34,Enterprise
47174,F,44,Family
47175,F,28,Enterprise
47176,M,40,Premium
47177,M,58,Youth
47178,M,58,Enterprise
47179,F,60,Family
47180,F,54,Premium
47181,M,30,Premium
47182,M,21,Family
47183,F,47,Premium
47184,M,25,Enterprise
47185,F,36,Enterprise
47186,F,47,Youth
47187,F,53,Enterprise
47188,M,34,Premium
47189,M,29,Premium
47190,F,70,Youth
47191,M,23,Premium
47192,M,55,Family
47193,M,53,Premium
47194,F,39,Premium
47195,F,63,Premium
47196,M,29,Family
47197,F,58,Family
47198,M,42,Enterprise
47199,F,36,Enterprise
47200,F,47,Family
47201,F,59,Youth
47202,F,26,Enterprise
47203,F,35,Family
47204,M,61,Premium
47205,M,55,Premium
47206,F,47,Youth
47207,F,38,Enterprise
47208,F,69,Premium
47209,F,55,Enterprise
47210,F,37,Family
47211,F,37,Enterprise
47212,M,30,Enterprise
47213,F,31,Premium
47214,F,47,Youth
47215,M,66,Family
47216,M,37,Premium
47217,M,39,Family
47218,M,35,Family
47219,M,38,Family
47220,F,51,Family
47221,M,26,Youth
47222,M,45,Family
47223,M,46,Enterprise
47224,M,36,Premium
47225,M,23,Youth
47226,F,39,Enterprise
47227,M,63,Enterprise
47228,M,58,Youth
47229,F,51,Premium
47230,M,38,Enterprise
47231,M,25,Youth
47232,F,23,Premium
47233,M,68,Family
47234,M,49,Youth
47235,M,61,Family
47236,F,67,Youth
47237,M,30,Family
47238,M,21,Enterprise
47239,F,40,Premium
47240,F,42,Enterprise
47241,F,59,Premium
47242,M,47,Family
47243,F,28,Enterprise
47244,F,34,Family
47245,F,44,Family
47246,M,61,Enterprise
47247,M,38,Enterprise
47248,F,27,Enterprise
47249,F,47,Family
47250,F,38,Enterprise
47251,M,23,Youth
47252,M,69,Premium
47253,M,49,Youth
47254,F,55,Premium
47255,F,24,Family
47256,M,59,Premium
47257,F,33,Enterprise
47258,M,34,Youth
47259,M,63,Family
47260,F,30,Family
47261,M,42,Youth
47262,F,38,Enterprise
47263,F,51,Enterprise
47264,F,62,Premium
47265,M,70,Enterprise
47266,F,33,Enterprise
47267,M,36,Youth
47268,M,50,Youth
47269,M,57,Youth
47270,M,38,Premium
47271,F,19,Enterprise
47272,F,42,Enterprise
47273,M,20,Enterprise
47274,F,44,Premium
47275,F,45,Enterprise
47276,M,48,Premium
47277,M,30,Family
47278,F,65,Family
47279,F,66,Family
47280,M,53,Family
47281,F,18,Family
47282,F,39,Premium
47283,F,47,Enterprise
47284,M,45,Enterprise
47285,F,36,Youth
47286,F,67,Enterprise
47287,F,49,Youth
47288,F,45,Enterprise
47289,F,24,Enterprise
47290,M,47,Premium
47291,F,47,Premium
47292,F,55,Youth
47293,F,57,Enterprise
47294,F,52,Family
47295,F,62,Family
47296,M,53,Family
47297,F,52,Youth
47298,F,37,Youth
47299,M,19,Family
47300,F,31,Youth
47301,F,58,Enterprise
47302,M,35,Family
47303,M,27,Youth
47304,M,49,Premium
47305,F,32,Premium
47306,F,30,Youth
47307,F,70,Premium
47308,M,49,Premium
47309,M,63,Youth
47310,M,43,Premium
47311,M,25,Premium
47312,M,70,Enterprise
47313,F,33,Premium
47314,F,21,Enterprise
47315,M,56,Premium
47316,F,49,Youth
47317,M,24,Youth
47318,M,63,Youth
47319,F,22,Family
47320,F,38,Family
47321,M,53,Enterprise
47322,F,69,Enterprise
47323,F,18,Family
47324,F,66,Premium
47325,M,58,Youth
47326,M,24,Enterprise
47327,F,22,Youth
47328,F,22,Enterprise
47329,M,64,Premium
47330,M,51,Family
47331,M,31,Premium
47332,M,48,Youth
47333,F,35,Family
47334,M,59,Family
47335,M,61,Premium
47336,M,25,Enterprise
47337,F,43,Youth
47338,M,43,Enterprise
47339,F,70,Premium
47340,F,50,Youth
47341,M,34,Family
47342,F,26,Premium
47343,F,61,Enterprise
47344,F,27,Youth
47345,M,57,Enterprise
47346,M,43,Youth
47347,F,20,Enterprise
47348,M,46,Premium
47349,F,31,Youth
47350,F,59,Youth
47351,F,27,Premium
47352,F,43,Enterprise
47353,F,23,Youth
47354,F,42,Enterprise
47355,F,48,Enterprise
47356,M,67,Premium
47357,M,65,Youth
47358,M,49,Youth
47359,M,69,Premium
47360,M,45,Family
47361,M,33,Premium
47362,M,53,Youth
47363,M,33,Youth
47364,M,51,Family
47365,M,30,Family
47366,M,67,Enterprise
47367,F,63,Family
47368,F,25,Family
47369,M,33,Family
47370,M,62,Premium
47371,M,45,Enterprise
47372,F,31,Family
47373,M,49,Youth
47374,F,55,Enterprise
47375,M,50,Enterprise
47376,M,54,Premium
47377,M,32,Premium
47378,F,53,Enterprise
47379,M,22,Premium
47380,F,65,Youth
47381,M,47,Enterprise
47382,M,34,Youth
47383,M,49,Youth
47384,M,40,Youth
47385,F,50,Youth
47386,M,69,Enterprise
47387,M,39,Family
47388,M,50,Enterprise
47389,F,69,Family
47390,M,64,Enterprise
47391,F,57,Family
47392,M,51,Premium
47393,F,20,Premium
47394,F,67,Family
47395,F,41,Family
47396,F,36,Premium
47397,F,33,Family
47398,F,29,Enterprise
47399,M,45,Youth
47400,F,70,Family
47401,M,47,Premium
47402,M,60,Family
47403,M,53,Youth
47404,M,56,Youth
47405,F,63,Premium
47406,F,31,Youth
47407,M,51,Youth
47408,M,30,Family
47409,M,61,Youth
47410,F,36,Enterprise
47411,M,28,Youth
47412,F,35,Youth
47413,F,39,Family
47414,M,46,Youth
47415,F,35,Enterprise
47416,M,21,Youth
47417,M,49,Youth
47418,M,45,Premium
47419,F,21,Enterprise
47420,M,52,Premium
47421,F,65,Family
47422,F,33,Premium
47423,M,63,Family
47424,F,62,Premium
47425,M,22,Enterprise
47426,F,35,Enterprise
47427,F,53,Premium
47428,M,64,Family
47429,M,26,Premium
47430,F,45,Family
47431,F,25,Premium
47432,M,32,Family
47433,F,60,Premium
47434,M,31,Family
47435,F,45,Premium
47436,M,50,Enterprise
47437,F,30,Enterprise
47438,F,67,Family
47439,F,64,Youth
47440,F,34,Youth
47441,M,42,Youth
47442,M,44,Family
47443,M,52,Enterprise
47444,F,22,Family
47445,F,28,Family
47446,M,70,Youth
47447,F,56,Family
47448,F,54,Youth
47449,M,68,Family
47450,F,50,Premium
47451,F,42,Premium
47452,M,22,Premium
47453,F,28,Family
47454,F,37,Family
47455,F,52,Premium
47456,F,34,Family
47457,F,22,Youth
47458,F,32,Family
47459,F,57,Premium
47460,M,55,Family
47461,F,26,Enterprise
47462,F,19,Family
47463,M,19,Youth
47464,M,47,Youth
47465,M,27,Family
47466,M,68,Youth
47467,M,45,Premium
47468,M,67,Family
47469,M,65,Premium
47470,M,21,Premium
47471,F,40,Premium
47472,M,43,Youth
47473,M,62,Premium
47474,F,33,Premium
47475,F,37,Family
47476,F,67,Youth
47477,F,44,Enterprise
47478,M,19,Enterprise
47479,F,24,Premium
47480,M,65,Youth
47481,F,28,Family
47482,M,56,Premium
47483,F,22,Premium
47484,F,61,Youth
47485,F,21,Premium
47486,M,67,Premium
47487,F,19,Family
47488,F,61,Premium
47489,F,51,Enterprise
47490,M,41,Youth
47491,F,33,Family
47492,M,19,Premium
47493,M,35,Enterprise
47494,M,53,Enterprise
47495,F,62,Premium
47496,M,37,Enterprise
47497,F,66,Family
47498,F,30,Premium
47499,M,29,Premium
47500,M,64,Premium
47501,M,21,Premium
47502,M,55,Youth
47503,F,38,Family
47504,F,62,Premium
47505,F,54,Family
47506,M,49,Family
47507,F,21,Premium
47508,M,26,Premium
47509,M,28,Premium
47510,F,64,Family
47511,F,26,Premium
47512,M,37,Youth
47513,M,34,Enterprise
47514,F,34,Enterprise
47515,M,36,Youth
47516,F,66,Youth
47517,M,27,Premium
47518,M,29,Enterprise
47519,M,38,Youth
47520,M,23,Enterprise
47521,F,52,Youth
47522,M,53,Premium
47523,M,53,Premium
47524,M,40,Enterprise
47525,M,65,Family
47526,M,68,Family
47527,M,45,Family
47528,F,69,Premium
47529,M,49,Family
47530,F,40,Enterprise
47531,F,60,Enterprise
47532,M,45,Enterprise
47533,F,67,Youth
47534,M,59,Premium
47535,M,19,Premium
47536,F,59,Youth
47537,F,23,Family
47538,F,32,Premium
47539,F,43,Premium
47540,M,39,Family
47541,M,27,Premium
47542,F,68,Enterprise
47543,F,52,Enterprise
47544,F,27,Premium
47545,F,36,Enterprise
47546,M,23,Family
47547,F,47,Enterprise
47548,M,27,Family
47549,M,40,Youth
47550,M,32,Family
47551,F,66,Premium
47552,F,58,Family
47553,F,41,Family
47554,F,57,Enterprise
47555,F,41,Enterprise
47556,M,63,Family
47557,F,35,Enterprise
47558,F,56,Youth
47559,M,65,Family
47560,F,48,Enterprise
47561,F,27,Premium
47562,F,41,Premium
47563,F,23,Family
47564,M,28,Family
47565,M,41,Premium
47566,M,34,Youth
47567,F,67,Enterprise
47568,M,54,Enterprise
47569,F,58,Premium
47570,F,34,Premium
47571,M,20,Premium
47572,M,39,Premium
47573,M,66,Youth
47574,M,24,Family
47575,M,27,Youth
47576,F,51,Enterprise
47577,F,54,Family
47578,F,37,Premium
47579,F,43,Youth
47580,F,60,Family
47581,M,45,Family
47582,M,64,Premium
47583,M,22,Family
47584,M,67,Family
47585,M,63,Enterprise
47586,F,45,Family
47587,M,52,Family
47588,M,59,Youth
47589,M,24,Family
47590,M,56,Enterprise
47591,M,45,Premium
47592,M,40,Family
47593,M,50,Enterprise
47594,M,21,Family
47595,F,26,Family
47596,M,25,Enterprise
47597,M,44,Premium
47598,F,19,Enterprise
47599,F,48,Family
47600,F,24,Youth
47601,M,34,Enterprise
47602,M,51,Enterprise
47603,F,70,Premium
47604,M,53,Family
47605,M,61,Premium
47606,F,22,Family
47607,M,27,Family
47608,M,46,Enterprise
47609,M,26,Family
47610,M,62,Premium
47611,F,29,Family
47612,F,22,Premium
47613,F,65,Family
47614,F,25,Family
47615,F,40,Premium
47616,M,67,Enterprise
47617,F,41,Enterprise
47618,M,59,Youth
47619,F,63,Family
47620,M,70,Youth
47621,F,49,Family
47622,M,64,Enterprise
47623,M,66,Youth
47624,F,21,Youth
47625,M,23,Premium
47626,M,27,Family
47627,F,35,Family
47628,F,38,Family
47629,M,25,Premium
47630,M,45,Family
47631,F,63,Enterprise
47632,M,57,Enterprise
47633,F,59,Family
47634,M,22,Youth
47635,F,19,Premium
47636,F,67,Enterprise
47637,F,27,Youth
47638,M,43,Premium
47639,F,58,Youth
47640,M,54,Family
47641,M,27,Enterprise
47642,M,55,Enterprise
47643,F,61,Family
47644,M,51,Enterprise
47645,M,24,Premium
47646,F,47,Premium
47647,F,68,Youth
47648,M,22,Enterprise
47649,M,23,Family
47650,M,20,Family
47651,M,53,Premium
47652,M,66,Enterprise
47653,M,24,Family
47654,M,60,Youth
47655,F,27,Enterprise
47656,F,36,Enterprise
47657,F,37,Premium
47658,M,43,Family
47659,F,19,Youth
47660,F,18,Enterprise
47661,F,60,Family
47662,F,63,Premium
47663,F,54,Family
47664,F,30,Family
47665,F,53,Youth
47666,M,47,Enterprise
47667,F,69,Youth
47668,M,65,Family
47669,F,41,Youth
47670,M,65,Enterprise
47671,F,62,Youth
47672,F,60,Family
47673,M,39,Youth
47674,F,29,Family
47675,F,39,Premium
47676,F,53,Premium
47677,F,47,Youth
47678,M,56,Youth
47679,F,69,Enterprise
47680,F,27,Enterprise
47681,F,29,Youth
47682,F,64,Premium
47683,F,27,Enterprise
47684,M,68,Premium
47685,M,53,Premium
47686,F,64,Family
47687,M,27,Family
47688,F,32,Family
47689,F,24,Family
47690,F,40,Youth
47691,F,30,Family
47692,M,24,Enterprise
47693,M,52,Enterprise
47694,F,25,Enterprise
47695,M,28,Family
47696,M,29,Premium
47697,F,26,Family
47698,M,57,Premium
47699,F,55,Youth
47700,M,47,Premium
47701,M,45,Enterprise
47702,M,23,Enterprise
47703,F,59,Family
47704,F,28,Premium
47705,M,21,Family
47706,M,21,Premium
47707,F,29,Family
47708,M,49,Premium
47709,M,48,Youth
47710,M,56,Family
47711,F,23,Premium
47712,F,45,Youth
47713,M,64,Family
47714,F,65,Enterprise
47715,F,62,Enterprise
47716,F,41,Enterprise
47717,F,53,Enterprise
47718,M,20,Family
47719,M,63,Premium
47720,M,64,Youth
47721,M,51,Youth
47722,M,45,Family
47723,M,52,Youth
47724,F,67,Youth
47725,M,38,Premium
47726,F,64,Youth
47727,M,24,Premium
47728,M,63,Enterprise
47729,F,43,Enterprise
47730,F,65,Premium
47731,F,45,Youth
47732,M,40,Youth
47733,M,29,Enterprise
47734,M,25,Youth
47735,F,20,Youth
47736,F,47,Enterprise
47737,M,42,Youth
47738,F,35,Enterprise
47739,F,38,Family
47740,M,65,Family
47741,F,70,Youth
47742,F,47,Premium
47743,F,38,Youth
47744,F,22,Youth
47745,F,51,Family
47746,M,68,Youth
47747,M,51,Family
47748,F,30,Family
47749,F,28,Enterprise
47750,M,69,Premium
47751,M,49,Youth
47752,M,46,Enterprise
47753,M,62,Premium
47754,M,51,Premium
47755,M,19,Premium
47756,F,23,Youth
47757,F,59,Premium
47758,F,65,Enterprise
47759,F,20,Family
47760,F,49,Youth
47761,F,28,Premium
47762,M,24,Premium
47763,F,26,Family
47764,M,31,Youth
47765,F,27,Enterprise
47766,F,32,Youth
47767,M,29,Premium
47768,M,69,Family
47769,M,53,Enterprise
47770,F,69,Enterprise
47771,F,48,Premium
47772,M,49,Family
47773,F,40,Family
47774,F,28,Family
47775,F,39,Family
47776,M,34,Enterprise
47777,F,69,Premium
47778,M,49,Family
47779,M,62,Enterprise
47780,F,59,Premium
47781,M,69,Youth
47782,F,36,Family
47783,M,34,Family
47784,M,30,Youth
47785,F,53,Enterprise
47786,F,54,Youth
47787,M,48,Premium
47788,F,64,Youth
47789,F,58,Family
47790,M,51,Family
47791,M,55,Enterprise
47792,M,34,Family
47793,F,51,Family
47794,M,58,Enterprise
47795,F,32,Premium
47796,M,40,Youth
47797,M,21,Family
47798,F,21,Premium
47799,F,65,Premium
47800,M,37,Premium
47801,M,42,Family
47802,M,67,Enterprise
47803,F,68,Family
47804,M,58,Family
47805,F,27,Youth
47806,M,19,Enterprise
47807,M,68,Enterprise
47808,M,22,Enterprise
47809,M,48,Family
47810,F,53,Youth
47811,M,42,Premium
47812,M,56,Premium
47813,F,32,Family
47814,F,19,Premium
47815,F,61,Enterprise
47816,F,28,Youth
47817,M,64,Youth
47818,M,52,Family
47819,M,29,Enterprise
47820,M,31,Youth
47821,M,42,Youth
47822,M,62,Enterprise
47823,F,18,Enterprise
47824,F,19,Enterprise
47825,F,28,Youth
47826,M,65,Enterprise
47827,M,68,Premium
47828,M,23,Youth
47829,F,41,Family
47830,M,36,Premium
47831,M,31,Premium
47832,F,29,Enterprise
47833,F,25,Family
47834,F,40,Premium
47835,F,22,Youth
47836,M,33,Enterprise
47837,F,45,Premium
47838,F,48,Premium
47839,M,21,Family
47840,F,58,Enterprise
47841,M,34,Enterprise
47842,F,51,Family
47843,F,45,Family
47844,F,34,Enterprise
47845,M,40,Premium
47846,M,40,Enterprise
47847,M,48,Family
47848,M,32,Premium
47849,M,56,Enterprise
47850,F,64,Enterprise
47851,F,36,Premium
47852,F,20,Premium
47853,F,33,Family
47854,F,56,Family
47855,F,40,Youth
47856,M,54,Premium
47857,M,28,Family
47858,M,50,Youth
47859,F,61,Youth
47860,F,58,Enterprise
47861,M,34,Enterprise
47862,F,59,Premium
47863,F,65,Premium
47864,F,38,Youth
47865,M,54,Youth
47866,M,26,Enterprise
47867,M,20,Enterprise
47868,M,49,Youth
47869,M,56,Youth
47870,M,65,Family
47871,M,40,Premium
47872,F,31,Youth
47873,M,58,Youth
47874,F,25,Enterprise
47875,M,22,Youth
47876,M,39,Youth
47877,F,55,Premium
47878,F,32,Premium
47879,F,40,Family
47880,F,37,Youth
47881,F,64,Premium
47882,F,24,Family
47883,M,43,Enterprise
47884,F,70,Family
47885,F,33,Enterprise
47886,M,33,Family
47887,M,26,Family
47888,M,39,Family
47889,F,23,Enterprise
47890,M,27,Enterprise
47891,F,31,Youth
47892,M,48,Family
47893,F,67,Family
47894,F,29,Family
47895,M,20,Family
47896,F,23,Family
47897,M,32,Youth
47898,M,68,Youth
47899,F,43,Premium
47900,M,41,Youth
47901,F,29,Youth
47902,F,32,Family
47903,F,53,Family
47904,F,38,Enterprise
47905,M,28,Family
47906,F,59,Youth
47907,M,28,Premium
47908,F,48,Youth
47909,M,20,Family
47910,M,20,Youth
47911,F,62,Youth
47912,M,45,Youth
47913,M,69,Family
47914,F,64,Enterprise
47915,M,18,Family
47916,M,36,Youth
47917,M,48,Premium
47918,F,20,Youth
47919,M,60,Family
47920,M,50,Premium
47921,M,20,Family
47922,F,58,Premium
47923,F,27,Enterprise
47924,F,25,Premium
47925,M,20,Enterprise
47926,F,48,Enterprise
47927,M,39,Premium
47928,M,36,Youth
47929,F,39,Premium
47930,M,19,Enterprise
47931,M,21,Youth
47932,M,53,Premium
47933,M,61,Enterprise
47934,F,33,Family
47935,M,18,Family
47936,M,63,Enterprise
47937,F,37,Youth
47938,F,47,Premium
47939,M,29,Youth
47940,M,64,Enterprise
47941,M,51,Premium
47942,F,50,Youth
47943,F,26,Family
47944,M,28,Family
47945,M,44,Youth
47946,F,67,Enterprise
47947,M,43,Family
47948,F,38,Family
47949,F,43,Premium
47950,M,49,Premium
47951,M,59,Enterprise
47952,F,44,Youth
47953,F,26,Premium
47954,F,38,Enterprise
47955,M,34,Premium
47956,F,25,Premium
47957,M,65,Family
47958,F,19,Premium
47959,M,57,Family
47960,F,59,Family
47961,M,44,Family
47962,F,21,Youth
47963,M,66,Enterprise
47964,M,69,Premium
47965,F,54,Enterprise
47966,F,58,Premium
47967,F,33,Premium
47968,F,46,Premium
47969,M,61,Youth
47970,M,26,Youth
47971,F,32,Enterprise
47972,F,28,Premium
47973,F,41,Premium
47974,M,25,Enterprise
47975,F,19,Enterprise
47976,F,65,Family
47977,M,32,Enterprise
47978,M,43,Youth
47979,F,43,Family
47980,M,33,Premium
47981,F,52,Youth
47982,F,47,Family
47983,F,66,Family
47984,M,26,Enterprise
47985,F,55,Enterprise
47986,M,64,Premium
47987,F,29,Premium
47988,F,51,Enterprise
47989,F,42,Premium
47990,M,54,Premium
47991,M,42,Youth
47992,M,67,Family
47993,M,61,Premium
47994,M,59,Premium
47995,M,45,Enterprise
47996,F,45,Premium
47997,M,68,Enterprise
47998,F,30,Premium
47999,F,27,Youth
48000,M,42,Premium
48001,M,52,Premium
48002,M,66,Youth
48003,M,49,Youth
48004,M,54,Enterprise
48005,M,31,Enterprise
48006,F,67,Family
48007,M,42,Youth
48008,F,45,Premium
48009,M,40,Enterprise
48010,F,53,Family
48011,F,20,Youth
48012,M,68,Youth
48013,F,50,Family
48014,M,26,Family
48015,M,23,Enterprise
48016,F,68,Family
48017,F,55,Family
48018,F,59,Premium
48019,F,22,Premium
48020,F,54,Premium
48021,M,27,Youth
48022,F,51,Family
48023,F,31,Premium
48024,F,60,Family
48025,M,56,Premium
48026,M,39,Family
48027,M,60,Premium
48028,F,34,Youth
48029,F,33,Youth
48030,F,38,Premium
48031,M,47,Enterprise
48032,M,22,Premium
48033,F,58,Family
48034,M,30,Premium
48035,M,38,Youth
48036,F,47,Family
48037,F,28,Premium
48038,F,55,Enterprise
48039,M,39,Enterprise
48040,F,52,Enterprise
48041,F,54,Family
48042,F,30,Premium
48043,F,28,Youth
48044,F,34,Youth
48045,M,43,Premium
48046,F,34,Family
48047,F,19,Premium
48048,F,53,Enterprise
48049,F,21,Enterprise
48050,M,57,Premium
48051,M,37,Premium
48052,M,61,Enterprise
48053,F,18,Youth
48054,F,60,Youth
48055,M,69,Premium
48056,M,27,Youth
48057,F,45,Youth
48058,F,34,Youth
48059,M,23,Youth
48060,M,45,Enterprise
48061,M,36,Family
48062,M,29,Youth
48063,F,62,Premium
48064,F,54,Enterprise
48065,M,31,Family
48066,M,38,Premium
48067,F,60,Youth
48068,F,50,Premium
48069,F,42,Youth
48070,M,18,Premium
48071,M,22,Enterprise
48072,F,68,Premium
48073,F,19,Enterprise
48074,M,39,Youth
48075,F,25,Family
48076,F,52,Family
48077,M,40,Youth
48078,F,38,Family
48079,F,65,Premium
48080,M,67,Premium
48081,M,66,Premium
48082,M,51,Premium
48083,F,45,Youth
48084,F,43,Youth
48085,F,66,Family
48086,F,52,Enterprise
48087,F,57,Enterprise
48088,M,46,Family
48089,F,55,Youth
48090,M,52,Premium
48091,F,57,Premium
48092,F,22,Family
48093,F,69,Youth
48094,F,38,Premium
48095,M,19,Family
48096,F,42,Premium
48097,F,61,Premium
48098,M,46,Premium
48099,M,43,Youth
48100,M,54,Family
48101,F,22,Premium
48102,F,59,Premium
48103,F,60,Family
48104,F,57,Enterprise
48105,F,54,Enterprise
48106,M,26,Family
48107,F,40,Enterprise
48108,M,20,Premium
48109,F,46,Family
48110,M,41,Family
48111,F,41,Family
48112,F,40,Family
48113,F,20,Family
48114,M,45,Enterprise
48115,F,27,Family
48116,M,34,Youth
48117,M,32,Enterprise
48118,F,61,Premium
48119,M,52,Youth
48120,M,53,Youth
48121,M,22,Enterprise
48122,M,22,Premium
48123,M,45,Youth
48124,M,47,Family
48125,M,69,Premium
48126,M,64,Youth
48127,M,38,Enterprise
48128,M,30,Family
48129,M,40,Premium
48130,M,57,Family
48131,M,21,Youth
48132,M,20,Family
48133,F,25,Family
48134,M,34,Family
48135,M,54,Premium
48136,F,70,Enterprise
48137,F,35,Youth
48138,M,37,Youth
48139,F,33,Premium
48140,M,58,Youth
48141,F,34,Family
48142,M,52,Family
48143,F,21,Premium
48144,F,49,Youth
48145,M,57,Youth
48146,F,40,Premium
48147,F,58,Premium
48148,F,46,Youth
48149,M,27,Youth
48150,M,56,Enterprise
48151,F,56,Youth
48152,F,35,Family
48153,F,63,Enterprise
48154,M,48,Family
48155,F,39,Youth
48156,M,65,Premium
48157,F,70,Family
48158,M,44,Youth
48159,F,32,Youth
48160,F,34,Family
48161,M,36,Enterprise
48162,M,35,Enterprise
48163,M,52,Premium
48164,F,66,Premium
48165,M,39,Premium
48166,M,67,Premium
48167,M,59,Premium
48168,F,70,Enterprise
48169,M,30,Family
48170,F,65,Enterprise
48171,F,25,Premium
48172,M,54,Family
48173,F,40,Family
48174,M,39,Family
48175,F,69,Enterprise
48176,M,23,Youth
48177,M,33,Enterprise
48178,F,40,Premium
48179,M,41,Family
48180,F,35,Family
48181,M,43,Family
48182,F,21,Youth
48183,M,67,Premium
48184,M,25,Family
48185,M,25,Family
48186,M,22,Youth
48187,F,25,Youth
48188,F,67,Youth
48189,M,69,Youth
48190,F,67,Youth
48191,M,29,Youth
48192,F,40,Premium
48193,M,46,Premium
48194,F,42,Enterprise
48195,M,48,Youth
48196,M,60,Enterprise
48197,F,28,Family
48198,F,48,Enterprise
48199,F,49,Youth
48200,F,35,Enterprise
48201,M,25,Enterprise
48202,F,52,Enterprise
48203,M,59,Enterprise
48204,M,30,Youth
48205,F,54,Enterprise
48206,M,70,Youth
48207,F,30,Youth
48208,F,68,Family
48209,F,69,Family
48210,F,47,Family
48211,M,59,Family
48212,M,66,Enterprise
48213,M,65,Family
48214,F,20,Premium
48215,F,52,Enterprise
48216,F,25,Enterprise
48217,M,34,Family
48218,M,48,Premium
48219,M,61,Youth
48220,F,42,Family
48221,M,29,Premium
48222,F,18,Family
48223,M,54,Enterprise
48224,F,56,Youth
48225,F,27,Youth
48226,F,58,Youth
48227,M,28,Family
48228,M,44,Enterprise
48229,M,25,Enterprise
48230,F,63,Premium
48231,M,25,Youth
48232,M,35,Youth
48233,M,34,Youth
48234,M,32,Youth
48235,F,36,Premium
48236,M,24,Premium
48237,F,50,Enterprise
48238,F,60,Enterprise
48239,M,59,Family
48240,M,34,Youth
48241,M,48,Youth
48242,F,35,Enterprise
48243,M,67,Premium
48244,M,70,Family
48245,F,61,Youth
48246,F,70,Enterprise
48247,F,64,Enterprise
48248,F,43,Enterprise
48249,M,51,Youth
48250,M,27,Enterprise
48251,F,21,Youth
48252,M,35,Youth
48253,F,47,Enterprise
48254,M,36,Enterprise
48255,M,43,Enterprise
48256,F,50,Youth
48257,M,29,Family
48258,F,49,Youth
48259,M,25,Enterprise
48260,M,60,Enterprise
48261,M,22,Youth
48262,M,19,Premium
48263,M,56,Premium
48264,F,53,Premium
48265,F,32,Enterprise
48266,F,61,Family
48267,F,55,Youth
48268,M,55,Premium
48269,M,45,Enterprise
48270,M,49,Premium
48271,M,39,Youth
48272,M,38,Family
48273,F,41,Youth
48274,M,51,Family
48275,F,27,Premium
48276,F,21,Family
48277,F,54,Premium
48278,M,38,Youth
48279,M,40,Enterprise
48280,F,23,Enterprise
48281,F,36,Family
48282,F,38,Youth
48283,M,34,Enterprise
48284,F,48,Youth
48285,F,50,Enterprise
48286,M,40,Enterprise
48287,M,32,Premium
48288,F,35,Family
48289,F,46,Family
48290,M,49,Premium
48291,M,68,Premium
48292,M,24,Premium
48293,F,64,Premium
48294,F,42,Family
48295,F,60,Enterprise
48296,M,41,Family
48297,F,27,Family
48298,F,22,Premium
48299,M,66,Enterprise
48300,F,34,Youth
48301,M,37,Enterprise
48302,F,60,Youth
48303,F,34,Family
48304,F,63,Premium
48305,F,23,Family
48306,F,23,Premium
48307,F,42,Enterprise
48308,M,61,Family
48309,F,21,Family
48310,F,35,Youth
48311,F,20,Youth
48312,M,54,Premium
48313,M,44,Youth
48314,F,50,Youth
48315,F,45,Premium
48316,F,58,Enterprise
48317,M,61,Enterprise
48318,F,48,Enterprise
48319,M,52,Premium
48320,F,29,Family
48321,M,59,Enterprise
48322,F,67,Family
48323,M,63,Enterprise
48324,M,52,Youth
48325,M,34,Youth
48326,F,68,Youth
48327,F,54,Enterprise
48328,M,69,Family
48329,F,41,Premium
48330,M,27,Enterprise
48331,M,63,Youth
48332,F,49,Youth
48333,M,32,Youth
48334,M,27,Youth
48335,M,67,Premium
48336,M,34,Youth
48337,M,44,Premium
48338,M,61,Youth
48339,M,39,Family
48340,F,39,Enterprise
48341,M,31,Youth
48342,M,47,Enterprise
48343,M,44,Family
48344,F,20,Enterprise
48345,F,35,Family
48346,M,21,Enterprise
48347,M,61,Family
48348,M,18,Premium
48349,M,38,Premium
48350,M,53,Family
48351,F,43,Premium
48352,M,57,Family
48353,F,44,Family
48354,M,51,Premium
48355,M,38,Premium
48356,M,23,Premium
48357,M,21,Enterprise
48358,M,45,Premium
48359,F,52,Enterprise
48360,M,38,Premium
48361,M,53,Premium
48362,F,38,Enterprise
48363,M,63,Youth
48364,F,37,Enterprise
48365,M,22,Premium
48366,M,58,Enterprise
48367,M,32,Family
48368,F,69,Premium
48369,F,55,Premium
48370,M,59,Enterprise
48371,M,64,Premium
48372,M,50,Enterprise
48373,F,63,Enterprise
48374,F,28,Enterprise
48375,F,43,Family
48376,F,22,Youth
48377,M,50,Enterprise
48378,F,50,Enterprise
48379,F,30,Enterprise
48380,F,48,Premium
48381,F,38,Youth
48382,F,25,Family
48383,F,29,Premium
48384,M,36,Enterprise
48385,F,56,Youth
48386,F,42,Youth
48387,F,68,Enterprise
48388,F,47,Youth
48389,F,39,Enterprise
48390,M,47,Premium
48391,F,23,Youth
48392,M,50,Premium
48393,F,20,Family
48394,F,39,Family
48395,M,24,Premium
48396,M,70,Premium
48397,M,52,Premium
48398,F,42,Family
48399,F,68,Enterprise
48400,F,67,Premium
48401,F,45,Premium
48402,F,22,Premium
48403,F,45,Enterprise
48404,F,30,Premium
48405,F,35,Youth
48406,F,50,Youth
48407,F,50,Enterprise
48408,M,24,Enterprise
48409,F,34,Youth
48410,F,40,Youth
48411,F,33,Enterprise
48412,F,27,Family
48413,F,29,Youth
48414,F,50,Youth
48415,F,20,Enterprise
48416,M,39,Family
48417,F,66,Premium
48418,F,50,Family
48419,M,69,Youth
48420,F,69,Premium
48421,M,25,Youth
48422,F,34,Enterprise
48423,M,40,Premium
48424,F,50,Premium
48425,M,32,Enterprise
48426,F,62,Premium
48427,M,46,Premium
48428,F,68,Youth
48429,F,50,Premium
48430,F,44,Premium
48431,M,28,Youth
48432,F,25,Enterprise
48433,F,36,Youth
48434,F,58,Enterprise
48435,F,51,Enterprise
48436,M,68,Youth
48437,M,23,Family
48438,M,26,Youth
48439,F,23,Enterprise
48440,F,51,Premium
48441,M,69,Premium
48442,F,27,Youth
48443,M,52,Enterprise
48444,M,38,Enterprise
48445,F,47,Enterprise
48446,F,32,Enterprise
48447,F,36,Premium
48448,F,18,Enterprise
48449,M,38,Family
48450,M,18,Enterprise
48451,F,50,Youth
48452,M,23,Premium
48453,F,40,Premium
48454,M,54,Youth
48455,M,30,Youth
48456,M,32,Premium
48457,F,27,Premium
48458,M,22,Youth
48459,F,63,Premium
48460,M,57,Youth
48461,M,70,Youth
48462,F,69,Youth
48463,F,67,Enterprise
48464,F,69,Enterprise
48465,F,68,Family
48466,F,47,Enterprise
48467,M,54,Family
48468,F,21,Family
48469,M,33,Enterprise
48470,M,40,Youth
48471,M,43,Enterprise
48472,F,68,Family
48473,M,65,Youth
48474,F,37,Family
48475,M,25,Enterprise
48476,F,49,Family
48477,M,68,Premium
48478,M,69,Enterprise
48479,F,55,Premium
48480,M,31,Premium
48481,F,35,Family
48482,F,63,Family
48483,M,67,Family
48484,M,70,Youth
48485,M,57,Enterprise
48486,M,40,Family
48487,F,36,Premium
48488,F,39,Premium
48489,F,37,Premium
48490,F,45,Family
48491,F,19,Premium
48492,F,41,Family
48493,F,60,Family
48494,F,39,Youth
48495,M,57,Youth
48496,M,26,Enterprise
48497,M,54,Premium
48498,M,23,Youth
48499,M,63,Enterprise
48500,F,65,Premium
48501,M,58,Enterprise
48502,M,23,Enterprise
48503,F,50,Premium
48504,F,49,Family
48505,F,47,Family
48506,M,63,Family
48507,F,39,Youth
48508,M,58,Family
48509,M,33,Premium
48510,M,39,Youth
48511,M,26,Family
48512,F,18,Premium
48513,F,28,Family
48514,F,44,Family
48515,M,27,Premium
48516,F,18,Enterprise
48517,F,48,Premium
48518,M,61,Youth
48519,M,67,Family
48520,M,36,Enterprise
48521,F,21,Enterprise
48522,F,62,Premium
48523,M,30,Enterprise
48524,F,51,Youth
48525,M,41,Premium
48526,F,35,Enterprise
48527,M,28,Family
48528,M,59,Youth
48529,M,44,Enterprise
48530,M,24,Enterprise
48531,M,57,Premium
48532,F,29,Family
48533,F,49,Premium
48534,F,57,Premium
48535,M,43,Premium
48536,F,67,Enterprise
48537,M,26,Youth
48538,M,28,Family
48539,M,38,Premium
48540,F,55,Premium
48541,F,62,Enterprise
48542,M,46,Family
48543,M,62,Enterprise
48544,M,20,Enterprise
48545,M,57,Youth
48546,M,58,Youth
48547,F,34,Premium
48548,F,52,Enterprise
48549,M,44,Enterprise
48550,M,39,Premium
48551,F,68,Youth
48552,F,62,Youth
48553,F,62,Enterprise
48554,F,69,Youth
48555,M,69,Enterprise
48556,M,67,Premium
48557,M,45,Premium
48558,M,25,Enterprise
48559,M,37,Premium
48560,M,57,Premium
48561,M,68,Premium
48562,M,40,Enterprise
48563,M,29,Family
48564,M,69,Premium
48565,F,19,Family
48566,F,67,Youth
48567,F,56,Enterprise
48568,F,18,Enterprise
48569,F,47,Youth
48570,M,60,Youth
48571,F,39,Premium
48572,M,47,Enterprise
48573,F,62,Premium
48574,F,18,Youth
48575,F,47,Enterprise
48576,F,48,Enterprise
48577,M,65,Enterprise
48578,M,55,Premium
48579,F,70,Enterprise
48580,M,22,Youth
48581,F,27,Premium
48582,M,26,Enterprise
48583,M,40,Family
48584,M,29,Premium
48585,F,41,Enterprise
48586,M,59,Premium
48587,M,61,Youth
48588,F,46,Enterprise
48589,M,44,Youth
48590,F,48,Enterprise
48591,F,21,Youth
48592,F,46,Family
48593,M,35,Enterprise
48594,M,24,Premium
48595,F,65,Youth
48596,F,30,Family
48597,F,69,Premium
48598,F,59,Youth
48599,M,59,Enterprise
48600,F,22,Youth
48601,F,23,Family
48602,M,62,Enterprise
48603,F,22,Youth
48604,F,38,Youth
48605,M,68,Enterprise
48606,M,21,Premium
48607,F,69,Youth
48608,F,62,Youth
48609,M,35,Premium
48610,M,63,Family
48611,F,54,Youth
48612,M,20,Family
48613,F,38,Enterprise
48614,M,33,Enterprise
48615,M,31,Premium
48616,M,43,Premium
48617,M,55,Premium
48618,F,51,Youth
48619,F,27,Premium
48620,F,44,Premium
48621,M,24,Youth
48622,F,65,Family
48623,M,47,Youth
48624,M,37,Premium
48625,M,44,Family
48626,M,18,Youth
48627,M,50,Enterprise
48628,M,53,Enterprise
48629,F,50,Premium
48630,M,65,Enterprise
48631,F,58,Enterprise
48632,F,37,Premium
48633,M,33,Premium
48634,M,65,Enterprise
48635,M,29,Family
48636,F,54,Premium
48637,F,53,Premium
48638,F,62,Family
48639,M,47,Youth
48640,M,65,Family
48641,F,49,Enterprise
48642,M,23,Enterprise
48643,F,31,Family
48644,M,36,Family
48645,F,56,Enterprise
48646,F,38,Enterprise
48647,M,58,Family
48648,M,18,Youth
48649,F,22,Youth
48650,F,53,Enterprise
48651,M,52,Enterprise
48652,F,68,Youth
48653,F,51,Enterprise
48654,F,32,Premium
48655,F,19,Youth
48656,F,30,Enterprise
48657,F,19,Premium
48658,M,46,Family
48659,M,21,Youth
48660,F,60,Family
48661,F,21,Enterprise
48662,M,64,Family
48663,F,40,Youth
48664,M,46,Enterprise
48665,F,42,Premium
48666,F,42,Enterprise
48667,F,41,Youth
48668,M,32,Family
48669,F,23,Family
48670,F,18,Family
48671,M,41,Premium
48672,M,24,Premium
48673,F,54,Enterprise
48674,M,19,Premium
48675,M,27,Youth
48676,F,33,Premium
48677,M,37,Family
48678,F,68,Family
48679,M,26,Youth
48680,M,60,Family
48681,F,48,Premium
48682,M,26,Family
48683,F,69,Youth
48684,F,59,Enterprise
48685,F,41,Family
48686,F,36,Enterprise
48687,M,47,Youth
48688,M,65,Family
48689,F,29,Youth
48690,F,43,Family
48691,F,22,Enterprise
48692,M,69,Youth
48693,M,26,Enterprise
48694,M,41,Enterprise
48695,F,51,Premium
48696,M,41,Premium
48697,F,61,Family
48698,F,69,Enterprise
48699,F,68,Family
48700,M,21,Youth
48701,M,20,Family
48702,F,58,Family
48703,M,70,Family
48704,F,22,Youth
48705,M,70,Family
48706,M,61,Youth
48707,F,51,Youth
48708,F,23,Premium
48709,M,27,Family
48710,F,52,Enterprise
48711,M,55,Enterprise
48712,F,38,Enterprise
48713,F,20,Enterprise
48714,F,28,Family
48715,M,60,Premium
48716,M,67,Family
48717,M,39,Enterprise
48718,F,60,Family
48719,M,62,Family
48720,M,29,Premium
48721,M,68,Enterprise
48722,F,31,Youth
48723,M,58,Premium
48724,M,26,Youth
48725,M,63,Premium
48726,M,19,Enterprise
48727,F,64,Family
48728,F,44,Youth
48729,M,63,Enterprise
48730,M,28,Premium
48731,F,33,Enterprise
48732,M,53,Youth
48733,M,41,Family
48734,F,54,Premium
48735,F,43,Youth
48736,F,20,Youth
48737,M,35,Family
48738,M,34,Youth
48739,M,21,Premium
48740,F,34,Premium
48741,M,56,Youth
48742,F,31,Youth
48743,F,53,Family
48744,F,19,Enterprise
48745,M,31,Youth
48746,F,55,Premium
48747,F,18,Family
48748,F,63,Enterprise
48749,M,19,Youth
48750,M,68,Family
48751,M,36,Youth
48752,F,25,Family
48753,F,55,Enterprise
48754,M,49,Family
48755,F,20,Youth
48756,F,18,Enterprise
48757,F,57,Family
48758,F,64,Enterprise
48759,F,38,Family
48760,M,43,Family
48761,F,23,Premium
48762,M,66,Enterprise
48763,M,65,Youth
48764,M,29,Family
48765,M,34,Premium
48766,F,33,Enterprise
48767,M,53,Premium
48768,M,61,Family
48769,M,54,Family
48770,F,52,Youth
48771,M,23,Enterprise
48772,M,27,Family
48773,M,26,Enterprise
48774,F,57,Premium
48775,M,25,Enterprise
48776,M,18,Family
48777,F,30,Youth
48778,F,65,Premium
48779,M,56,Youth
48780,M,34,Enterprise
48781,F,39,Youth
48782,M,49,Family
48783,M,52,Premium
48784,F,48,Youth
48785,F,70,Premium
48786,M,22,Enterprise
48787,M,64,Enterprise
48788,M,30,Family
48789,F,42,Family
48790,M,66,Enterprise
48791,F,41,Family
48792,F,51,Youth
48793,F,65,Enterprise
48794,F,18,Youth
48795,M,53,Premium
48796,F,18,Premium
48797,M,31,Family
48798,M,34,Enterprise
48799,M,67,Premium
48800,M,29,Youth
48801,F,22,Enterprise
48802,F,36,Premium
48803,M,23,Youth
48804,M,29,Youth
48805,M,63,Premium
48806,F,36,Premium
48807,F,29,Premium
48808,F,30,Enterprise
48809,M,64,Family
48810,F,42,Family
48811,F,61,Enterprise
48812,M,55,Enterprise
48813,M,29,Family
48814,M,30,Enterprise
48815,M,69,Enterprise
48816,M,24,Premium
48817,M,61,Premium
48818,M,38,Youth
48819,F,63,Enterprise
48820,M,53,Family
48821,F,25,Enterprise
48822,M,33,Premium
48823,F,66,Premium
48824,M,36,Family
48825,F,40,Premium
48826,F,34,Youth
48827,M,66,Premium
48828,F,19,Premium
48829,M,45,Family
48830,M,42,Premium
48831,M,35,Premium
48832,F,29,Premium
48833,F,40,Youth
48834,F,50,Premium
48835,F,47,Enterprise
48836,M,53,Enterprise
48837,M,66,Premium
48838,M,36,Family
48839,M,62,Youth
48840,F,23,Enterprise
48841,M,40,Family
48842,F,55,Family
48843,M,59,Youth
48844,F,66,Premium
48845,M,70,Youth
48846,M,26,Youth
48847,M,50,Youth
48848,M,42,Youth
48849,M,61,Enterprise
48850,F,64,Youth
48851,M,51,Youth
48852,M,51,Premium
48853,M,26,Enterprise
48854,F,30,Family
48855,F,55,Family
48856,M,58,Enterprise
48857,F,29,Family
48858,M,34,Family
48859,F,46,Premium
48860,F,39,Premium
48861,F,34,Family
48862,M,45,Youth
48863,F,31,Family
48864,M,25,Premium
48865,F,39,Enterprise
48866,M,26,Family
48867,F,67,Premium
48868,M,70,Family
48869,M,70,Enterprise
48870,F,36,Premium
48871,F,34,Premium
48872,M,29,Youth
48873,M,64,Enterprise
48874,F,66,Family
48875,M,56,Enterprise
48876,F,53,Enterprise
48877,M,30,Enterprise
48878,F,57,Enterprise
48879,F,19,Enterprise
48880,M,18,Family
48881,M,44,Youth
48882,F,70,Enterprise
48883,M,33,Premium
48884,M,65,Youth
48885,M,49,Enterprise
48886,M,49,Premium
48887,F,27,Premium
48888,F,28,Youth
48889,F,24,Youth
48890,M,66,Premium
48891,F,68,Family
48892,M,30,Youth
48893,F,67,Premium
48894,F,42,Premium
48895,F,39,Enterprise
48896,M,30,Family
48897,M,33,Premium
48898,F,19,Youth
48899,M,27,Family
48900,F,31,Enterprise
48901,F,41,Family
48902,M,63,Premium
48903,F,18,Youth
48904,F,37,Family
48905,M,35,Family
48906,M,57,Enterprise
48907,M,53,Family
48908,M,29,Family
48909,M,43,Premium
48910,F,22,Family
48911,M,34,Enterprise
48912,M,31,Premium
48913,F,33,Premium
48914,M,48,Enterprise
48915,M,38,Enterprise
48916,F,61,Premium
48917,F,30,Youth
48918,M,53,Family
48919,M,69,Youth
48920,M,61,Youth
48921,M,25,Enterprise
48922,F,26,Youth
48923,F,58,Enterprise
48924,M,53,Family
48925,M,28,Premium
48926,M,49,Family
48927,F,45,Enterprise
48928,F,20,Family
48929,F,40,Family
48930,F,49,Enterprise
48931,F,61,Youth
48932,M,54,Enterprise
48933,M,20,Enterprise
48934,M,68,Enterprise
48935,F,25,Youth
48936,M,52,Premium
48937,F,58,Premium
48938,M,29,Youth
48939,F,50,Premium
48940,M,55,Family
48941,M,45,Youth
48942,M,69,Premium
48943,M,67,Youth
48944,M,52,Enterprise
48945,F,34,Enterprise
48946,F,30,Youth
48947,M,63,Youth
48948,F,48,Enterprise
48949,M,22,Enterprise
48950,M,57,Family
48951,M,51,Family
48952,F,54,Premium
48953,M,38,Premium
48954,F,51,Family
48955,M,70,Family
48956,M,40,Premium
48957,M,63,Premium
48958,F,68,Family
48959,M,45,Family
48960,M,51,Premium
48961,F,42,Enterprise
48962,F,47,Premium
48963,M,70,Enterprise
48964,F,36,Premium
48965,F,47,Premium
48966,F,46,Premium
48967,M,37,Youth
48968,F,63,Youth
48969,F,60,Family
48970,F,32,Family
48971,F,48,Family
48972,M,20,Family
48973,M,48,Premium
48974,M,69,Family
48975,F,36,Enterprise
48976,M,57,Premium
48977,F,36,Enterprise
48978,F,55,Premium
48979,M,22,Enterprise
48980,F,59,Family
48981,M,55,Family
48982,M,28,Premium
48983,M,63,Enterprise
48984,F,40,Premium
48985,M,30,Enterprise
48986,M,30,Family
48987,M,61,Youth
48988,M,25,Enterprise
48989,F,36,Premium
48990,F,68,Youth
48991,F,32,Premium
48992,M,32,Family
48993,M,60,Family
48994,M,44,Premium
48995,F,35,Youth
48996,M,56,Family
48997,F,36,Youth
48998,M,23,Family
48999,M,41,Family
49000,F,69,Youth
49001,M,61,Enterprise
49002,M,60,Family
49003,F,41,Family
49004,F,70,Youth
49005,M,69,Youth
49006,M,24,Youth
49007,M,70,Youth
49008,F,44,Youth
49009,F,31,Youth
49010,M,29,Enterprise
49011,F,45,Premium
49012,F,68,Enterprise
49013,F,70,Enterprise
49014,M,39,Enterprise
49015,M,64,Family
49016,M,66,Family
49017,F,40,Youth
49018,M,40,Premium
49019,M,61,Family
49020,M,61,Youth
49021,M,60,Family
49022,F,62,Enterprise
49023,F,49,Youth
49024,F,70,Family
49025,F,54,Enterprise
49026,M,39,Premium
49027,M,54,Youth
49028,F,26,Premium
49029,M,35,Youth
49030,F,33,Enterprise
49031,F,68,Premium
49032,M,27,Youth
49033,M,66,Family
49034,F,62,Family
49035,M,55,Youth
49036,F,30,Enterprise
49037,M,42,Premium
49038,M,24,Family
49039,M,63,Family
49040,F,30,Youth
49041,M,33,Premium
49042,F,19,Youth
49043,F,19,Premium
49044,M,38,Enterprise
49045,M,70,Family
49046,M,34,Premium
49047,F,21,Premium
49048,M,64,Youth
49049,M,43,Premium
49050,M,54,Youth
49051,M,44,Enterprise
49052,F,67,Premium
49053,F,26,Youth
49054,F,51,Enterprise
49055,F,24,Family
49056,M,47,Premium
49057,F,64,Family
49058,F,52,Youth
49059,F,37,Family
49060,F,65,Premium
49061,M,28,Family
49062,M,69,Enterprise
49063,F,23,Youth
49064,M,40,Youth
49065,F,35,Enterprise
49066,F,33,Family
49067,F,38,Family
49068,F,44,Enterprise
49069,M,18,Youth
49070,M,69,Enterprise
49071,M,50,Premium
49072,M,66,Youth
49073,M,25,Family
49074,F,70,Family
49075,F,27,Enterprise
49076,M,52,Premium
49077,F,64,Enterprise
49078,F,42,Enterprise
49079,F,41,Premium
49080,F,60,Youth
49081,M,22,Premium
49082,M,61,Enterprise
49083,M,33,Enterprise
49084,M,58,Family
49085,F,31,Enterprise
49086,M,40,Premium
49087,F,37,Premium
49088,F,46,Youth
49089,F,22,Premium
49090,F,19,Family
49091,M,65,Enterprise
49092,F,41,Youth
49093,M,68,Premium
49094,F,62,Family
49095,M,41,Enterprise
49096,F,32,Family
49097,M,35,Enterprise
49098,M,28,Youth
49099,M,32,Family
49100,F,56,Enterprise
49101,F,69,Youth
49102,F,60,Premium
49103,M,28,Enterprise
49104,F,18,Family
49105,F,43,Family
49106,F,60,Premium
49107,M,69,Youth
49108,F,37,Youth
49109,F,60,Youth
49110,F,42,Premium
49111,F,56,Family
49112,F,49,Youth
49113,M,28,Enterprise
49114,F,68,Family
49115,M,55,Premium
49116,M,34,Premium
49117,M,67,Youth
49118,F,33,Enterprise
49119,F,56,Family
49120,F,54,Premium
49121,F,48,Premium
49122,M,19,Enterprise
49123,F,66,Enterprise
49124,F,31,Enterprise
49125,F,59,Premium
49126,M,58,Enterprise
49127,F,24,Family
49128,F,52,Youth
49129,F,28,Enterprise
49130,F,43,Premium
49131,F,54,Family
49132,M,42,Family
49133,F,61,Family
49134,M,41,Enterprise
49135,F,24,Enterprise
49136,M,57,Premium
49137,F,67,Enterprise
49138,M,19,Premium
49139,M,37,Premium
49140,M,33,Premium
49141,M,47,Premium
49142,M,45,Enterprise
49143,F,25,Family
49144,F,41,Family
49145,F,35,Enterprise
49146,F,22,Youth
49147,M,69,Family
49148,F,28,Enterprise
49149,F,36,Enterprise
49150,M,68,Family
49151,F,46,Family
49152,M,56,Premium
49153,M,52,Family
49154,F,42,Youth
49155,M,42,Youth
49156,M,60,Enterprise
49157,F,29,Enterprise
49158,M,42,Family
49159,F,32,Youth
49160,M,50,Premium
49161,M,22,Premium
49162,M,43,Premium
49163,M,22,Family
49164,M,28,Family
49165,M,65,Premium
49166,M,35,Enterprise
49167,F,49,Youth
49168,M,29,Premium
49169,M,37,Enterprise
49170,M,31,Family
49171,M,69,Enterprise
49172,M,31,Enterprise
49173,F,69,Premium
49174,M,69,Enterprise
49175,F,46,Youth
49176,M,49,Enterprise
49177,F,70,Premium
49178,M,48,Premium
49179,M,52,Enterprise
49180,F,42,Enterprise
49181,M,25,Enterprise
49182,F,60,Enterprise
49183,F,45,Youth
49184,F,62,Youth
49185,F,34,Family
49186,F,31,Family
49187,M,49,Premium
49188,M,67,Enterprise
49189,M,30,Youth
49190,F,28,Premium
49191,F,29,Premium
49192,M,22,Youth
49193,M,20,Youth
49194,F,54,Youth
49195,M,51,Premium
49196,M,57,Premium
49197,M,59,Premium
49198,F,20,Youth
49199,M,52,Youth
49200,F,57,Enterprise
49201,M,41,Youth
49202,F,69,Premium
49203,M,51,Enterprise
49204,F,28,Enterprise
49205,F,18,Family
49206,F,45,Enterprise
49207,F,45,Premium
49208,M,28,Youth
49209,M,52,Youth
49210,F,58,Youth
49211,F,57,Premium
49212,M,49,Family
49213,F,25,Youth
49214,M,25,Premium
49215,M,63,Premium
49216,F,63,Youth
49217,F,20,Premium
49218,M,47,Premium
49219,M,46,Premium
49220,F,65,Family
49221,M,58,Premium
49222,M,45,Family
49223,F,24,Premium
49224,F,40,Family
49225,F,64,Youth
49226,M,45,Family
49227,M,32,Enterprise
49228,F,49,Family
49229,M,44,Enterprise
49230,M,37,Family
49231,F,61,Family
49232,F,58,Enterprise
49233,M,52,Enterprise
49234,F,42,Family
49235,F,18,Premium
49236,M,57,Premium
49237,F,24,Premium
49238,M,66,Family
49239,F,49,Premium
49240,M,59,Premium
49241,M,57,Enterprise
49242,F,36,Youth
49243,M,23,Enterprise
49244,M,59,Family
49245,M,54,Premium
49246,F,38,Premium
49247,M,60,Youth
49248,F,49,Premium
49249,M,64,Premium
49250,M,51,Enterprise
49251,F,56,Youth
49252,F,49,Premium
49253,F,40,Premium
49254,F,70,Youth
49255,F,68,Enterprise
49256,M,70,Premium
49257,F,29,Family
49258,M,39,Youth
49259,M,61,Premium
49260,F,61,Premium
49261,M,42,Family
49262,M,34,Enterprise
49263,M,44,Family
49264,F,48,Premium
49265,M,65,Youth
49266,M,36,Family
49267,F,63,Family
49268,M,44,Premium
49269,F,45,Youth
49270,F,28,Family
49271,F,58,Enterprise
49272,M,29,Family
49273,M,25,Youth
49274,F,21,Premium
49275,M,19,Youth
49276,M,56,Premium
49277,F,50,Family
49278,M,49,Family
49279,M,22,Enterprise
49280,M,65,Youth
49281,F,42,Premium
49282,F,18,Family
49283,M,42,Family
49284,F,48,Premium
49285,F,69,Enterprise
49286,F,34,Premium
49287,F,45,Family
49288,M,60,Youth
49289,M,36,Enterprise
49290,F,41,Youth
49291,F,64,Youth
49292,F,29,Premium
49293,F,61,Premium
49294,F,48,Family
49295,F,23,Enterprise
49296,M,56,Enterprise
49297,F,24,Youth
49298,F,21,Premium
49299,F,69,Premium
49300,M,37,Premium
49301,M,19,Youth
49302,F,67,Family
49303,F,51,Premium
49304,F,30,Family
49305,M,64,Youth
49306,F,61,Enterprise
49307,F,62,Premium
49308,M,58,Youth
49309,M,67,Premium
49310,M,29,Family
49311,M,29,Family
49312,F,44,Premium
49313,F,20,Enterprise
49314,M,47,Enterprise
49315,M,20,Premium
49316,F,24,Premium
49317,F,57,Premium
49318,F,21,Enterprise
49319,F,42,Enterprise
49320,F,21,Youth
49321,F,38,Enterprise
49322,M,27,Family
49323,F,64,Premium
49324,F,21,Enterprise
49325,F,26,Youth
49326,M,25,Family
49327,F,69,Family
49328,F,39,Family
49329,F,39,Premium
49330,M,42,Enterprise
49331,F,31,Family
49332,F,20,Premium
49333,M,29,Family
49334,F,48,Youth
49335,M,46,Family
49336,F,63,Enterprise
49337,F,53,Family
49338,M,44,Family
49339,F,62,Family
49340,M,49,Premium
49341,F,35,Premium
49342,M,55,Youth
49343,F,22,Enterprise
49344,M,56,Family
49345,F,31,Premium
49346,F,63,Family
49347,M,45,Premium
49348,F,27,Premium
49349,M,53,Enterprise
49350,M,20,Family
49351,F,24,Youth
49352,F,18,Family
49353,F,68,Enterprise
49354,F,69,Premium
49355,F,33,Youth
49356,M,42,Family
49357,M,61,Premium
49358,F,59,Family
49359,F,53,Youth
49360,M,69,Enterprise
49361,M,18,Premium
49362,F,35,Enterprise
49363,M,26,Youth
49364,F,62,Youth
49365,F,42,Family
49366,M,41,Enterprise
49367,M,28,Premium
49368,M,21,Premium
49369,F,67,Youth
49370,F,28,Youth
49371,M,63,Youth
49372,M,63,Youth
49373,M,38,Premium
49374,F,36,Youth
49375,M,27,Enterprise
49376,F,65,Enterprise
49377,F,37,Enterprise
49378,M,68,Youth
49379,F,53,Youth
49380,F,54,Premium
49381,F,70,Youth
49382,F,48,Youth
49383,M,64,Youth
49384,F,56,Family
49385,M,26,Youth
49386,M,70,Enterprise
49387,F,54,Family
49388,M,57,Premium
49389,F,24,Premium
49390,M,58,Family
49391,M,62,Family
49392,M,68,Enterprise
49393,F,58,Family
49394,M,61,Family
49395,F,48,Enterprise
49396,M,63,Premium
49397,M,21,Family
49398,M,28,Premium
49399,F,41,Youth
49400,M,57,Youth
49401,F,50,Premium
49402,F,33,Premium
49403,M,48,Family
49404,F,41,Youth
49405,F,70,Premium
49406,M,50,Youth
49407,F,27,Youth
49408,F,57,Youth
49409,F,41,Youth
49410,F,26,Premium
49411,F,69,Premium
49412,M,39,Premium
49413,F,48,Premium
49414,F,20,Enterprise
49415,F,25,Enterprise
49416,M,33,Family
49417,M,69,Enterprise
49418,M,35,Enterprise
49419,M,68,Youth
49420,F,65,Family
49421,F,34,Premium
49422,M,58,Enterprise
49423,F,68,Family
49424,M,60,Youth
49425,M,46,Enterprise
49426,F,54,Youth
49427,F,64,Youth
49428,M,56,Youth
49429,M,31,Youth
49430,F,64,Premium
49431,F,63,Family
49432,F,18,Family
49433,M,47,Family
49434,M,33,Family
49435,M,21,Family
49436,F,52,Family
49437,M,67,Premium
49438,M,64,Family
49439,F,48,Family
49440,F,44,Premium
49441,M,48,Enterprise
49442,M,23,Family
49443,F,31,Family
49444,F,56,Premium
49445,F,48,Premium
49446,M,29,Family
49447,M,20,Family
49448,F,34,Premium
49449,F,54,Premium
49450,F,51,Premium
49451,F,66,Family
49452,M,63,Family
49453,F,40,Premium
49454,M,36,Premium
49455,F,39,Youth
49456,M,19,Premium
49457,F,67,Premium
49458,F,61,Premium
49459,M,26,Youth
49460,F,50,Family
49461,F,39,Family
49462,M,39,Youth
49463,M,30,Premium
49464,M,26,Family
49465,F,59,Enterprise
49466,F,66,Enterprise
49467,F,42,Youth
49468,M,18,Enterprise
49469,M,59,Family
49470,F,69,Family
49471,F,42,Youth
49472,M,21,Family
49473,M,31,Youth
49474,F,19,Enterprise
49475,M,38,Premium
49476,F,58,Premium
49477,M,65,Youth
49478,M,22,Enterprise
49479,F,20,Youth
49480,M,65,Family
49481,F,41,Youth
49482,F,18,Youth
49483,F,21,Enterprise
49484,M,27,Enterprise
49485,F,52,Premium
49486,F,64,Youth
49487,M,54,Enterprise
49488,F,68,Premium
49489,M,69,Premium
49490,F,36,Youth
49491,F,38,Premium
49492,M,25,Premium
49493,M,51,Premium
49494,F,45,Premium
49495,F,68,Enterprise
49496,M,36,Youth
49497,M,61,Youth
49498,F,31,Youth
49499,F,57,Family
49500,M,69,Premium
49501,M,67,Youth
49502,M,31,Family
49503,M,29,Enterprise
49504,F,51,Enterprise
49505,M,28,Family
49506,M,20,Enterprise
49507,F,56,Enterprise
49508,F,59,Premium
49509,M,36,Premium
49510,M,24,Youth
49511,M,43,Youth
49512,F,22,Youth
49513,F,63,Family
49514,F,35,Enterprise
49515,F,40,Family
49516,F,18,Premium
49517,M,60,Premium
49518,M,32,Enterprise
49519,F,28,Youth
49520,F,46,Youth
49521,F,25,Premium
49522,F,33,Enterprise
49523,F,33,Premium
49524,F,22,Enterprise
49525,M,60,Youth
49526,F,36,Youth
49527,M,20,Youth
49528,M,60,Premium
49529,M,42,Enterprise
49530,M,38,Enterprise
49531,F,48,Youth
49532,M,18,Youth
49533,F,24,Premium
49534,M,41,Family
49535,M,54,Youth
49536,F,59,Premium
49537,M,61,Premium
49538,M,31,Youth
49539,M,26,Youth
49540,F,67,Enterprise
49541,M,32,Family
49542,F,51,Family
49543,M,40,Premium
49544,M,43,Enterprise
49545,M,67,Premium
49546,F,51,Premium
49547,F,64,Family
49548,M,19,Family
49549,M,43,Enterprise
49550,M,18,Enterprise
49551,M,65,Enterprise
49552,M,26,Youth
49553,F,48,Enterprise
49554,F,61,Family
49555,M,37,Family
49556,F,49,Family
49557,F,31,Youth
49558,M,34,Youth
49559,M,57,Premium
49560,M,42,Premium
49561,F,32,Family
49562,F,55,Youth
49563,F,46,Family
49564,F,43,Youth
49565,F,21,Premium
49566,F,32,Family
49567,F,39,Youth
49568,F,26,Enterprise
49569,M,48,Family
49570,F,37,Premium
49571,M,44,Youth
49572,M,53,Family
49573,M,67,Premium
49574,M,53,Enterprise
49575,F,27,Family
49576,F,34,Family
49577,F,20,Premium
49578,M,54,Youth
49579,F,51,Family
49580,M,21,Enterprise
49581,M,57,Enterprise
49582,M,58,Youth
49583,M,54,Youth
49584,F,49,Family
49585,M,55,Enterprise
49586,F,38,Enterprise
49587,M,24,Enterprise
49588,F,53,Family
49589,M,36,Family
49590,M,37,Enterprise
49591,M,20,Enterprise
49592,F,58,Enterprise
49593,F,51,Family
49594,F,40,Family
49595,F,54,Youth
49596,M,31,Premium
49597,M,21,Youth
49598,M,62,Youth
49599,F,34,Family
49600,M,59,Family
49601,F,62,Premium
49602,F,28,Enterprise
49603,M,50,Youth
49604,M,24,Youth
49605,M,64,Premium
49606,F,57,Youth
49607,F,40,Enterprise
49608,F,53,Premium
49609,F,60,Premium
49610,M,35,Youth
49611,M,59,Family
49612,M,47,Youth
49613,M,32,Premium
49614,M,20,Youth
49615,F,30,Family
49616,M,33,Family
49617,F,61,Premium
49618,M,37,Enterprise
49619,F,59,Enterprise
49620,F,21,Enterprise
49621,M,48,Family
49622,M,39,Premium
49623,M,48,Family
49624,F,68,Family
49625,F,41,Premium
49626,F,23,Enterprise
49627,M,52,Youth
49628,F,35,Premium
49629,M,20,Enterprise
49630,M,48,Enterprise
49631,F,67,Family
49632,F,29,Youth
49633,F,37,Youth
49634,M,47,Enterprise
49635,F,36,Premium
49636,F,48,Youth
49637,F,38,Family
49638,F,51,Premium
49639,F,21,Youth
49640,F,25,Youth
49641,M,21,Family
49642,M,39,Family
49643,F,47,Enterprise
49644,F,63,Youth
49645,M,46,Family
49646,F,68,Family
49647,M,45,Youth
49648,M,65,Premium
49649,M,56,Youth
49650,M,52,Enterprise
49651,M,25,Premium
49652,F,50,Premium
49653,M,35,Premium
49654,M,48,Premium
49655,M,56,Enterprise
49656,F,50,Youth
49657,M,41,Premium
49658,M,25,Enterprise
49659,M,34,Premium
49660,F,21,Premium
49661,F,33,Premium
49662,F,66,Premium
49663,M,46,Family
49664,M,59,Premium
49665,F,61,Family
49666,M,24,Youth
49667,M,65,Family
49668,F,24,Enterprise
49669,F,41,Premium
49670,F,65,Premium
49671,M,60,Enterprise
49672,F,68,Youth
49673,M,55,Youth
49674,F,58,Enterprise
49675,M,23,Enterprise
49676,M,46,Family
49677,F,28,Enterprise
49678,M,53,Family
49679,M,25,Family
49680,F,52,Premium
49681,F,39,Enterprise
49682,M,24,Enterprise
49683,F,47,Premium
49684,F,19,Youth
49685,M,30,Enterprise
49686,M,53,Premium
49687,F,25,Youth
49688,M,46,Premium
49689,M,39,Premium
49690,F,44,Premium
49691,M,49,Premium
49692,M,46,Premium
49693,M,57,Enterprise
49694,F,19,Enterprise
49695,M,43,Family
49696,F,43,Premium
49697,F,64,Enterprise
49698,M,30,Premium
49699,M,48,Family
49700,M,38,Premium
49701,F,23,Family
49702,F,70,Youth
49703,F,62,Premium
49704,F,47,Premium
49705,F,33,Youth
49706,M,37,Family
49707,M,58,Premium
49708,M,51,Premium
49709,F,45,Youth
49710,F,42,Youth
49711,M,18,Family
49712,M,20,Family
49713,F,42,Enterprise
49714,M,48,Family
49715,M,28,Premium
49716,M,64,Premium
49717,M,63,Enterprise
49718,M,49,Family
49719,F,27,Youth
49720,F,41,Premium
49721,F,60,Family
49722,M,22,Youth
49723,F,38,Enterprise
49724,F,44,Enterprise
49725,F,32,Family
49726,F,32,Youth
49727,M,58,Youth
49728,M,20,Family
49729,F,49,Family
49730,F,49,Youth
49731,M,57,Youth
49732,F,34,Family
49733,F,34,Enterprise
49734,F,62,Youth
49735,F,46,Enterprise
49736,F,18,Youth
49737,M,58,Youth
49738,M,34,Youth
49739,M,70,Youth
49740,F,38,Premium
49741,F,70,Premium
49742,F,62,Youth
49743,F,56,Enterprise
49744,F,55,Premium
49745,M,25,Family
49746,F,45,Youth
49747,F,40,Family
49748,M,33,Youth
49749,M,37,Family
49750,F,57,Enterprise
49751,M,27,Premium
49752,F,27,Premium
49753,M,70,Youth
49754,F,52,Premium
49755,M,35,Youth
49756,F,35,Premium
49757,F,38,Family
49758,M,60,Family
49759,F,33,Enterprise
49760,F,68,Premium
49761,M,57,Premium
49762,F,52,Enterprise
49763,M,19,Premium
49764,M,31,Family
49765,F,69,Enterprise
49766,M,67,Enterprise
49767,F,49,Enterprise
49768,F,23,Family
49769,M,28,Youth
49770,M,43,Family
49771,M,26,Premium
49772,F,48,Youth
49773,M,70,Youth
49774,M,26,Premium
49775,M,43,Youth
49776,M,46,Enterprise
49777,M,46,Enterprise
49778,M,54,Enterprise
49779,F,39,Youth
49780,M,53,Family
49781,F,46,Youth
49782,F,45,Family
49783,M,19,Premium
49784,F,46,Family
49785,M,63,Premium
49786,M,41,Family
49787,F,65,Family
49788,M,24,Family
49789,M,40,Family
49790,F,27,Family
49791,M,32,Premium
49792,M,46,Enterprise
49793,M,59,Premium
49794,F,45,Enterprise
49795,M,50,Family
49796,F,50,Enterprise
49797,M,19,Family
49798,M,53,Enterprise
49799,M,24,Enterprise
49800,F,69,Family
49801,F,69,Family
49802,F,31,Premium
49803,F,69,Premium
49804,F,47,Youth
49805,F,44,Premium
49806,M,58,Premium
49807,M,38,Enterprise
49808,F,28,Enterprise
49809,M,47,Premium
49810,M,34,Enterprise
49811,F,38,Enterprise
49812,F,49,Premium
49813,F,52,Enterprise
49814,F,44,Enterprise
49815,F,30,Premium
49816,F,67,Youth
49817,F,53,Premium
49818,M,58,Premium
49819,M,23,Enterprise
49820,M,51,Family
49821,F,29,Enterprise
49822,F,64,Premium
49823,M,38,Youth
49824,M,39,Family
49825,M,27,Family
49826,F,62,Enterprise
49827,F,58,Premium
49828,F,22,Family
49829,F,62,Family
49830,M,43,Youth
49831,F,24,Enterprise
49832,F,70,Enterprise
49833,M,36,Family
49834,M,68,Premium
49835,M,64,Family
49836,M,32,Youth
49837,F,54,Premium
49838,M,34,Enterprise
49839,M,59,Premium
49840,M,27,Enterprise
49841,F,68,Youth
49842,F,59,Enterprise
49843,F,49,Youth
49844,F,32,Youth
49845,F,63,Enterprise
49846,M,27,Enterprise
49847,F,70,Family
49848,M,21,Youth
49849,M,25,Youth
49850,F,54,Youth
49851,M,18,Youth
49852,F,30,Family
49853,M,32,Enterprise
49854,F,35,Youth
49855,M,43,Enterprise
49856,F,51,Youth
49857,F,31,Enterprise
49858,F,53,Premium
49859,M,65,Family
49860,F,65,Enterprise
49861,M,27,Family
49862,M,62,Premium
49863,F,50,Premium
49864,F,54,Youth
49865,F,48,Premium
49866,F,30,Youth
49867,M,27,Youth
49868,M,49,Family
49869,F,67,Youth
49870,M,48,Premium
49871,M,68,Youth
49872,F,35,Premium
49873,F,45,Enterprise
49874,M,58,Enterprise
49875,F,35,Family
49876,F,45,Enterprise
49877,F,22,Youth
49878,F,50,Family
49879,F,62,Youth
49880,M,40,Youth
49881,M,41,Family
49882,F,46,Youth
49883,F,53,Enterprise
49884,M,33,Family
49885,M,65,Family
49886,M,62,Youth
49887,M,28,Premium
49888,M,46,Youth
49889,M,49,Family
49890,M,26,Premium
49891,M,60,Enterprise
49892,F,45,Youth
49893,M,39,Youth
49894,F,46,Youth
49895,F,38,Enterprise
49896,M,43,Family
49897,F,60,Premium
49898,F,51,Enterprise
49899,F,21,Premium
49900,F,54,Family
49901,F,42,Youth
49902,F,18,Youth
49903,M,69,Youth
49904,M,63,Family
49905,M,33,Youth
49906,M,63,Youth
49907,F,36,Youth
49908,F,34,Enterprise
49909,F,36,Enterprise
49910,M,37,Family
49911,M,44,Youth
49912,M,31,Youth
49913,F,62,Youth
49914,F,43,Youth
49915,F,60,Premium
49916,F,68,Enterprise
49917,F,27,Premium
49918,F,46,Premium
49919,M,41,Family
49920,M,48,Enterprise
49921,M,36,Premium
49922,M,35,Youth
49923,F,26,Youth
49924,M,41,Youth
49925,M,32,Enterprise
49926,M,62,Family
49927,F,48,Premium
49928,M,46,Family
49929,M,22,Premium
49930,M,38,Premium
49931,M,69,Youth
49932,F,59,Enterprise
49933,F,67,Youth
49934,M,31,Premium
49935,F,35,Family
49936,F,60,Enterprise
49937,M,67,Premium
49938,F,61,Youth
49939,F,66,Youth
49940,M,28,Family
49941,F,25,Enterprise
49942,M,51,Enterprise
49943,M,38,Youth
49944,F,39,Premium
49945,F,70,Premium
49946,F,47,Premium
49947,M,38,Premium
49948,M,39,Youth
49949,M,50,Youth
49950,M,30,Youth
49951,F,65,Enterprise
49952,F,36,Family
49953,F,30,Enterprise
49954,F,34,Youth
49955,F,39,Youth
49956,F,57,Premium
49957,M,46,Enterprise
49958,F,64,Enterprise
49959,F,35,Enterprise
49960,F,54,Family
49961,M,46,Family
49962,M,45,Family
49963,M,67,Enterprise
49964,F,62,Enterprise
49965,M,22,Premium
49966,M,57,Premium
49967,F,57,Enterprise
49968,F,64,Enterprise
49969,M,42,Family
49970,F,29,Premium
49971,M,21,Enterprise
49972,M,44,Enterprise
49973,M,68,Premium
49974,M,67,Premium
49975,M,18,Premium
49976,F,46,Enterprise
49977,F,33,Premium
49978,F,35,Youth
49979,M,44,Premium
49980,F,22,Premium
49981,F,23,Enterprise
49982,F,60,Family
49983,M,56,Enterprise
49984,M,28,Youth
49985,M,27,Premium
49986,M,50,Family
49987,F,47,Premium
49988,F,68,Family
49989,F,40,Youth
49990,F,42,Premium
49991,F,28,Premium
49992,M,31,Family
49993,M,48,Youth
49994,F,67,Youth
49995,M,67,Family
49996,F,51,Youth
49997,M,39,Premium
49998,F,58,Enterprise
49999,F,40,Enterprise
50000,M,42,Family
