device_id,manufacturer,model,device_type,network_capability
1,Xiaomi,Model_1,Smartphone,4G
2,OnePlus,Model_2,Smartphone,5G
3,Apple,Model_3,Smartphone,5G
4,Samsung,Model_4,Smartphone,4G
5,Samsung,Model_5,Smartphone,5G
6,Apple,Model_6,Smartphone,4G
7,Apple,Model_7,Smartphone,5G
8,Samsung,Model_8,Smartphone,5G
9,Apple,Model_9,Smartphone,4G
10,Samsung,Model_10,Smartphone,5G
11,Apple,Model_11,Smartphone,5G
12,Xiaomi,Model_12,Smartphone,4G
13,Xiaomi,Model_13,Smartphone,5G
14,Apple,Model_14,Smartphone,5G
15,Apple,Model_15,Smartphone,5G
16,OnePlus,Model_16,Smartphone,5G
17,Samsung,Model_17,Smartphone,4G
18,Xiaomi,Model_18,Smartphone,4G
19,Samsung,Model_19,Smartphone,5G
20,Samsung,Model_20,Smartphone,4G
21,Apple,Model_21,Smartphone,5G
22,Apple,Model_22,Smartphone,5G
23,Samsung,Model_23,Smartphone,4G
24,Xiaomi,Model_24,Smartphone,5G
25,OnePlus,Model_25,Smartphone,4G
26,Samsung,Model_26,Smartphone,5G
27,Samsung,Model_27,Smartphone,4G
28,OnePlus,Model_28,Smartphone,5G
29,OnePlus,Model_29,Smartphone,5G
30,Xiaomi,Model_30,Smartphone,4G
31,Xiaomi,Model_31,Smartphone,5G
32,Apple,Model_32,Smartphone,5G
33,Samsung,Model_33,Smartphone,4G
34,Xiaomi,Model_34,Smartphone,4G
35,Xiaomi,Model_35,Smartphone,4G
36,Xiaomi,Model_36,Smartphone,4G
37,Apple,Model_37,Smartphone,4G
38,Xiaomi,Model_38,Smartphone,4G
39,Samsung,Model_39,Smartphone,5G
40,Samsung,Model_40,Smartphone,4G
41,Apple,Model_41,Smartphone,5G
42,OnePlus,Model_42,Smartphone,4G
43,Samsung,Model_43,Smartphone,5G
44,Xiaomi,Model_44,Smartphone,5G
45,Apple,Model_45,Smartphone,5G
46,Xiaomi,Model_46,Smartphone,4G
47,Samsung,Model_47,Smartphone,5G
48,OnePlus,Model_48,Smartphone,5G
49,Apple,Model_49,Smartphone,4G
50,OnePlus,Model_50,Smartphone,4G
51,Xiaomi,Model_51,Smartphone,4G
52,Xiaomi,Model_52,Smartphone,4G
53,Xiaomi,Model_53,Smartphone,5G
54,Samsung,Model_54,Smartphone,5G
55,OnePlus,Model_55,Smartphone,5G
56,Apple,Model_56,Smartphone,4G
57,Xiaomi,Model_57,Smartphone,4G
58,OnePlus,Model_58,Smartphone,5G
59,Samsung,Model_59,Smartphone,5G
60,OnePlus,Model_60,Smartphone,4G
61,Apple,Model_61,Smartphone,5G
62,OnePlus,Model_62,Smartphone,5G
63,Apple,Model_63,Smartphone,5G
64,OnePlus,Model_64,Smartphone,4G
65,OnePlus,Model_65,Smartphone,5G
66,OnePlus,Model_66,Smartphone,5G
67,OnePlus,Model_67,Smartphone,4G
68,Samsung,Model_68,Smartphone,5G
69,Samsung,Model_69,Smartphone,4G
70,Apple,Model_70,Smartphone,5G
71,Xiaomi,Model_71,Smartphone,4G
72,OnePlus,Model_72,Smartphone,5G
73,Apple,Model_73,Smartphone,4G
74,OnePlus,Model_74,Smartphone,4G
75,OnePlus,Model_75,Smartphone,5G
76,Apple,Model_76,Smartphone,4G
77,OnePlus,Model_77,Smartphone,4G
78,Xiaomi,Model_78,Smartphone,5G
79,Apple,Model_79,Smartphone,5G
80,Samsung,Model_80,Smartphone,5G
81,Xiaomi,Model_81,Smartphone,5G
82,OnePlus,Model_82,Smartphone,4G
83,Xiaomi,Model_83,Smartphone,5G
84,Xiaomi,Model_84,Smartphone,4G
85,OnePlus,Model_85,Smartphone,4G
86,OnePlus,Model_86,Smartphone,4G
87,Apple,Model_87,Smartphone,5G
88,OnePlus,Model_88,Smartphone,5G
89,Apple,Model_89,Smartphone,5G
90,OnePlus,Model_90,Smartphone,4G
91,Apple,Model_91,Smartphone,4G
92,Samsung,Model_92,Smartphone,4G
93,Xiaomi,Model_93,Smartphone,4G
94,OnePlus,Model_94,Smartphone,5G
95,Xiaomi,Model_95,Smartphone,4G
96,Apple,Model_96,Smartphone,5G
97,OnePlus,Model_97,Smartphone,5G
98,Samsung,Model_98,Smartphone,5G
99,Samsung,Model_99,Smartphone,5G
100,Apple,Model_100,Smartphone,5G
101,Xiaomi,Model_101,Smartphone,4G
102,Apple,Model_102,Smartphone,5G
103,Xiaomi,Model_103,Smartphone,5G
104,Apple,Model_104,Smartphone,4G
105,Xiaomi,Model_105,Smartphone,4G
106,Xiaomi,Model_106,Smartphone,4G
107,Xiaomi,Model_107,Smartphone,4G
108,Xiaomi,Model_108,Smartphone,5G
109,OnePlus,Model_109,Smartphone,4G
110,Apple,Model_110,Smartphone,5G
111,Samsung,Model_111,Smartphone,5G
112,Apple,Model_112,Smartphone,4G
113,Samsung,Model_113,Smartphone,4G
114,Samsung,Model_114,Smartphone,5G
115,OnePlus,Model_115,Smartphone,5G
116,OnePlus,Model_116,Smartphone,5G
117,Xiaomi,Model_117,Smartphone,5G
118,Xiaomi,Model_118,Smartphone,4G
119,OnePlus,Model_119,Smartphone,5G
120,OnePlus,Model_120,Smartphone,5G
121,Apple,Model_121,Smartphone,5G
122,OnePlus,Model_122,Smartphone,4G
123,OnePlus,Model_123,Smartphone,5G
124,Apple,Model_124,Smartphone,5G
125,Apple,Model_125,Smartphone,5G
126,OnePlus,Model_126,Smartphone,5G
127,Samsung,Model_127,Smartphone,5G
128,Samsung,Model_128,Smartphone,5G
129,Xiaomi,Model_129,Smartphone,4G
130,Samsung,Model_130,Smartphone,4G
131,OnePlus,Model_131,Smartphone,4G
132,OnePlus,Model_132,Smartphone,5G
133,Samsung,Model_133,Smartphone,5G
134,Apple,Model_134,Smartphone,5G
135,Samsung,Model_135,Smartphone,4G
136,Xiaomi,Model_136,Smartphone,5G
137,OnePlus,Model_137,Smartphone,5G
138,Apple,Model_138,Smartphone,5G
139,Xiaomi,Model_139,Smartphone,4G
140,Samsung,Model_140,Smartphone,5G
141,Samsung,Model_141,Smartphone,4G
142,OnePlus,Model_142,Smartphone,4G
143,Apple,Model_143,Smartphone,4G
144,Samsung,Model_144,Smartphone,5G
145,Xiaomi,Model_145,Smartphone,4G
146,Xiaomi,Model_146,Smartphone,5G
147,Apple,Model_147,Smartphone,4G
148,OnePlus,Model_148,Smartphone,4G
149,Samsung,Model_149,Smartphone,5G
150,Samsung,Model_150,Smartphone,5G
151,Xiaomi,Model_151,Smartphone,5G
152,Samsung,Model_152,Smartphone,5G
153,Xiaomi,Model_153,Smartphone,5G
154,Apple,Model_154,Smartphone,5G
155,Xiaomi,Model_155,Smartphone,5G
156,Samsung,Model_156,Smartphone,5G
157,Samsung,Model_157,Smartphone,4G
158,Samsung,Model_158,Smartphone,5G
159,Apple,Model_159,Smartphone,5G
160,OnePlus,Model_160,Smartphone,4G
161,Xiaomi,Model_161,Smartphone,5G
162,Samsung,Model_162,Smartphone,4G
163,Samsung,Model_163,Smartphone,5G
164,Apple,Model_164,Smartphone,4G
165,Samsung,Model_165,Smartphone,4G
166,Xiaomi,Model_166,Smartphone,4G
167,Apple,Model_167,Smartphone,5G
168,OnePlus,Model_168,Smartphone,4G
169,Apple,Model_169,Smartphone,4G
170,Samsung,Model_170,Smartphone,5G
171,Xiaomi,Model_171,Smartphone,5G
172,Apple,Model_172,Smartphone,4G
173,Xiaomi,Model_173,Smartphone,5G
174,Samsung,Model_174,Smartphone,4G
175,OnePlus,Model_175,Smartphone,4G
176,OnePlus,Model_176,Smartphone,4G
177,Samsung,Model_177,Smartphone,4G
178,Xiaomi,Model_178,Smartphone,5G
179,OnePlus,Model_179,Smartphone,5G
180,OnePlus,Model_180,Smartphone,5G
181,Apple,Model_181,Smartphone,4G
182,OnePlus,Model_182,Smartphone,4G
183,Samsung,Model_183,Smartphone,5G
184,Apple,Model_184,Smartphone,4G
185,Apple,Model_185,Smartphone,5G
186,Xiaomi,Model_186,Smartphone,5G
187,Xiaomi,Model_187,Smartphone,5G
188,Samsung,Model_188,Smartphone,4G
189,OnePlus,Model_189,Smartphone,4G
190,Xiaomi,Model_190,Smartphone,4G
191,OnePlus,Model_191,Smartphone,5G
192,Apple,Model_192,Smartphone,4G
193,Apple,Model_193,Smartphone,4G
194,Xiaomi,Model_194,Smartphone,5G
195,Samsung,Model_195,Smartphone,5G
196,Apple,Model_196,Smartphone,5G
197,OnePlus,Model_197,Smartphone,4G
198,Xiaomi,Model_198,Smartphone,4G
199,Samsung,Model_199,Smartphone,5G
200,Apple,Model_200,Smartphone,5G
201,Apple,Model_201,Smartphone,4G
202,Apple,Model_202,Smartphone,5G
203,Samsung,Model_203,Smartphone,4G
204,Xiaomi,Model_204,Smartphone,5G
205,Samsung,Model_205,Smartphone,4G
206,OnePlus,Model_206,Smartphone,4G
207,Xiaomi,Model_207,Smartphone,5G
208,Xiaomi,Model_208,Smartphone,4G
209,OnePlus,Model_209,Smartphone,4G
210,OnePlus,Model_210,Smartphone,5G
211,Xiaomi,Model_211,Smartphone,5G
212,Xiaomi,Model_212,Smartphone,5G
213,Apple,Model_213,Smartphone,4G
214,OnePlus,Model_214,Smartphone,5G
215,Samsung,Model_215,Smartphone,5G
216,Xiaomi,Model_216,Smartphone,5G
217,Xiaomi,Model_217,Smartphone,4G
218,Samsung,Model_218,Smartphone,5G
219,OnePlus,Model_219,Smartphone,5G
220,Apple,Model_220,Smartphone,4G
221,Samsung,Model_221,Smartphone,5G
222,Xiaomi,Model_222,Smartphone,5G
223,OnePlus,Model_223,Smartphone,5G
224,Apple,Model_224,Smartphone,5G
225,OnePlus,Model_225,Smartphone,4G
226,Apple,Model_226,Smartphone,4G
227,OnePlus,Model_227,Smartphone,5G
228,Xiaomi,Model_228,Smartphone,4G
229,Samsung,Model_229,Smartphone,4G
230,Xiaomi,Model_230,Smartphone,5G
231,Apple,Model_231,Smartphone,4G
232,OnePlus,Model_232,Smartphone,5G
233,Apple,Model_233,Smartphone,4G
234,Apple,Model_234,Smartphone,4G
235,Samsung,Model_235,Smartphone,5G
236,OnePlus,Model_236,Smartphone,4G
237,Samsung,Model_237,Smartphone,4G
238,Xiaomi,Model_238,Smartphone,4G
239,Samsung,Model_239,Smartphone,5G
240,Apple,Model_240,Smartphone,4G
241,Apple,Model_241,Smartphone,4G
242,Xiaomi,Model_242,Smartphone,5G
243,Apple,Model_243,Smartphone,5G
244,Samsung,Model_244,Smartphone,5G
245,Samsung,Model_245,Smartphone,4G
246,Apple,Model_246,Smartphone,5G
247,Xiaomi,Model_247,Smartphone,5G
248,Apple,Model_248,Smartphone,5G
249,Apple,Model_249,Smartphone,4G
250,Samsung,Model_250,Smartphone,4G
251,Xiaomi,Model_251,Smartphone,5G
252,Xiaomi,Model_252,Smartphone,5G
253,Xiaomi,Model_253,Smartphone,4G
254,Xiaomi,Model_254,Smartphone,4G
255,OnePlus,Model_255,Smartphone,4G
256,Apple,Model_256,Smartphone,5G
257,Samsung,Model_257,Smartphone,5G
258,Apple,Model_258,Smartphone,4G
259,Xiaomi,Model_259,Smartphone,4G
260,Xiaomi,Model_260,Smartphone,5G
261,Samsung,Model_261,Smartphone,4G
262,Samsung,Model_262,Smartphone,4G
263,Xiaomi,Model_263,Smartphone,5G
264,Apple,Model_264,Smartphone,4G
265,Xiaomi,Model_265,Smartphone,5G
266,OnePlus,Model_266,Smartphone,5G
267,Xiaomi,Model_267,Smartphone,4G
268,Samsung,Model_268,Smartphone,5G
269,Samsung,Model_269,Smartphone,4G
270,Xiaomi,Model_270,Smartphone,5G
271,Apple,Model_271,Smartphone,5G
272,Xiaomi,Model_272,Smartphone,5G
273,OnePlus,Model_273,Smartphone,4G
274,Apple,Model_274,Smartphone,4G
275,Apple,Model_275,Smartphone,5G
276,Xiaomi,Model_276,Smartphone,5G
277,Xiaomi,Model_277,Smartphone,5G
278,OnePlus,Model_278,Smartphone,4G
279,Xiaomi,Model_279,Smartphone,4G
280,OnePlus,Model_280,Smartphone,5G
281,Samsung,Model_281,Smartphone,5G
282,Samsung,Model_282,Smartphone,5G
283,OnePlus,Model_283,Smartphone,4G
284,Xiaomi,Model_284,Smartphone,5G
285,Apple,Model_285,Smartphone,5G
286,Apple,Model_286,Smartphone,4G
287,Samsung,Model_287,Smartphone,4G
288,OnePlus,Model_288,Smartphone,5G
289,Samsung,Model_289,Smartphone,4G
290,Apple,Model_290,Smartphone,5G
291,Apple,Model_291,Smartphone,5G
292,Apple,Model_292,Smartphone,4G
293,Xiaomi,Model_293,Smartphone,5G
294,Xiaomi,Model_294,Smartphone,4G
295,Apple,Model_295,Smartphone,5G
296,Xiaomi,Model_296,Smartphone,5G
297,Apple,Model_297,Smartphone,4G
298,OnePlus,Model_298,Smartphone,5G
299,Samsung,Model_299,Smartphone,4G
300,Apple,Model_300,Smartphone,4G
301,Samsung,Model_301,Smartphone,5G
302,Samsung,Model_302,Smartphone,4G
303,OnePlus,Model_303,Smartphone,4G
304,Xiaomi,Model_304,Smartphone,5G
305,OnePlus,Model_305,Smartphone,4G
306,Apple,Model_306,Smartphone,4G
307,Xiaomi,Model_307,Smartphone,4G
308,OnePlus,Model_308,Smartphone,4G
309,Xiaomi,Model_309,Smartphone,5G
310,Apple,Model_310,Smartphone,5G
311,Samsung,Model_311,Smartphone,4G
312,Xiaomi,Model_312,Smartphone,5G
313,Samsung,Model_313,Smartphone,5G
314,Apple,Model_314,Smartphone,5G
315,Apple,Model_315,Smartphone,4G
316,Apple,Model_316,Smartphone,5G
317,Apple,Model_317,Smartphone,4G
318,OnePlus,Model_318,Smartphone,4G
319,OnePlus,Model_319,Smartphone,4G
320,Xiaomi,Model_320,Smartphone,4G
321,Apple,Model_321,Smartphone,4G
322,Samsung,Model_322,Smartphone,5G
323,Xiaomi,Model_323,Smartphone,5G
324,Apple,Model_324,Smartphone,5G
325,Xiaomi,Model_325,Smartphone,5G
326,Apple,Model_326,Smartphone,5G
327,Apple,Model_327,Smartphone,4G
328,Apple,Model_328,Smartphone,5G
329,Samsung,Model_329,Smartphone,4G
330,Samsung,Model_330,Smartphone,5G
331,Xiaomi,Model_331,Smartphone,4G
332,Apple,Model_332,Smartphone,4G
333,OnePlus,Model_333,Smartphone,5G
334,Apple,Model_334,Smartphone,5G
335,OnePlus,Model_335,Smartphone,4G
336,Samsung,Model_336,Smartphone,4G
337,Apple,Model_337,Smartphone,4G
338,OnePlus,Model_338,Smartphone,4G
339,OnePlus,Model_339,Smartphone,4G
340,Xiaomi,Model_340,Smartphone,4G
341,Samsung,Model_341,Smartphone,4G
342,Apple,Model_342,Smartphone,4G
343,Samsung,Model_343,Smartphone,4G
344,Xiaomi,Model_344,Smartphone,4G
345,Samsung,Model_345,Smartphone,4G
346,Samsung,Model_346,Smartphone,4G
347,OnePlus,Model_347,Smartphone,5G
348,OnePlus,Model_348,Smartphone,5G
349,OnePlus,Model_349,Smartphone,5G
350,Samsung,Model_350,Smartphone,5G
351,OnePlus,Model_351,Smartphone,5G
352,Samsung,Model_352,Smartphone,4G
353,Apple,Model_353,Smartphone,4G
354,OnePlus,Model_354,Smartphone,5G
355,Apple,Model_355,Smartphone,4G
356,OnePlus,Model_356,Smartphone,4G
357,OnePlus,Model_357,Smartphone,5G
358,OnePlus,Model_358,Smartphone,4G
359,Xiaomi,Model_359,Smartphone,5G
360,Samsung,Model_360,Smartphone,5G
361,OnePlus,Model_361,Smartphone,4G
362,Apple,Model_362,Smartphone,5G
363,Xiaomi,Model_363,Smartphone,4G
364,Xiaomi,Model_364,Smartphone,5G
365,Xiaomi,Model_365,Smartphone,5G
366,Apple,Model_366,Smartphone,4G
367,Samsung,Model_367,Smartphone,4G
368,Xiaomi,Model_368,Smartphone,5G
369,Apple,Model_369,Smartphone,5G
370,OnePlus,Model_370,Smartphone,5G
371,OnePlus,Model_371,Smartphone,4G
372,Apple,Model_372,Smartphone,4G
373,Apple,Model_373,Smartphone,5G
374,Samsung,Model_374,Smartphone,4G
375,OnePlus,Model_375,Smartphone,4G
376,Samsung,Model_376,Smartphone,4G
377,OnePlus,Model_377,Smartphone,5G
378,Apple,Model_378,Smartphone,4G
379,OnePlus,Model_379,Smartphone,4G
380,Samsung,Model_380,Smartphone,5G
381,Samsung,Model_381,Smartphone,5G
382,Xiaomi,Model_382,Smartphone,4G
383,Xiaomi,Model_383,Smartphone,5G
384,Apple,Model_384,Smartphone,4G
385,Apple,Model_385,Smartphone,5G
386,Xiaomi,Model_386,Smartphone,5G
387,Xiaomi,Model_387,Smartphone,5G
388,Apple,Model_388,Smartphone,5G
389,OnePlus,Model_389,Smartphone,4G
390,OnePlus,Model_390,Smartphone,5G
391,Apple,Model_391,Smartphone,5G
392,Samsung,Model_392,Smartphone,4G
393,Xiaomi,Model_393,Smartphone,4G
394,Samsung,Model_394,Smartphone,5G
395,OnePlus,Model_395,Smartphone,4G
396,Xiaomi,Model_396,Smartphone,5G
397,Apple,Model_397,Smartphone,5G
398,Xiaomi,Model_398,Smartphone,4G
399,Xiaomi,Model_399,Smartphone,4G
400,OnePlus,Model_400,Smartphone,4G
401,Samsung,Model_401,Smartphone,4G
402,OnePlus,Model_402,Smartphone,4G
403,Samsung,Model_403,Smartphone,5G
404,OnePlus,Model_404,Smartphone,4G
405,OnePlus,Model_405,Smartphone,5G
406,Apple,Model_406,Smartphone,4G
407,Xiaomi,Model_407,Smartphone,5G
408,Apple,Model_408,Smartphone,4G
409,OnePlus,Model_409,Smartphone,4G
410,Xiaomi,Model_410,Smartphone,5G
411,Apple,Model_411,Smartphone,5G
412,OnePlus,Model_412,Smartphone,5G
413,Apple,Model_413,Smartphone,5G
414,Apple,Model_414,Smartphone,5G
415,Apple,Model_415,Smartphone,4G
416,Xiaomi,Model_416,Smartphone,5G
417,OnePlus,Model_417,Smartphone,4G
418,Xiaomi,Model_418,Smartphone,4G
419,Samsung,Model_419,Smartphone,5G
420,Xiaomi,Model_420,Smartphone,5G
421,Apple,Model_421,Smartphone,5G
422,Xiaomi,Model_422,Smartphone,4G
423,OnePlus,Model_423,Smartphone,5G
424,Xiaomi,Model_424,Smartphone,5G
425,Samsung,Model_425,Smartphone,4G
426,Xiaomi,Model_426,Smartphone,5G
427,Apple,Model_427,Smartphone,4G
428,Xiaomi,Model_428,Smartphone,4G
429,Samsung,Model_429,Smartphone,5G
430,Samsung,Model_430,Smartphone,5G
431,Xiaomi,Model_431,Smartphone,4G
432,Xiaomi,Model_432,Smartphone,5G
433,Xiaomi,Model_433,Smartphone,4G
434,OnePlus,Model_434,Smartphone,4G
435,Xiaomi,Model_435,Smartphone,5G
436,Xiaomi,Model_436,Smartphone,4G
437,Samsung,Model_437,Smartphone,4G
438,Apple,Model_438,Smartphone,5G
439,Samsung,Model_439,Smartphone,5G
440,Apple,Model_440,Smartphone,4G
441,Samsung,Model_441,Smartphone,4G
442,Samsung,Model_442,Smartphone,4G
443,Apple,Model_443,Smartphone,5G
444,Samsung,Model_444,Smartphone,4G
445,Samsung,Model_445,Smartphone,4G
446,Apple,Model_446,Smartphone,4G
447,Xiaomi,Model_447,Smartphone,4G
448,OnePlus,Model_448,Smartphone,5G
449,Samsung,Model_449,Smartphone,4G
450,Xiaomi,Model_450,Smartphone,4G
451,Xiaomi,Model_451,Smartphone,4G
452,Apple,Model_452,Smartphone,5G
453,Samsung,Model_453,Smartphone,5G
454,OnePlus,Model_454,Smartphone,5G
455,OnePlus,Model_455,Smartphone,5G
456,Apple,Model_456,Smartphone,5G
457,OnePlus,Model_457,Smartphone,5G
458,Xiaomi,Model_458,Smartphone,4G
459,Samsung,Model_459,Smartphone,5G
460,OnePlus,Model_460,Smartphone,4G
461,Xiaomi,Model_461,Smartphone,5G
462,Xiaomi,Model_462,Smartphone,5G
463,OnePlus,Model_463,Smartphone,4G
464,Apple,Model_464,Smartphone,5G
465,Apple,Model_465,Smartphone,5G
466,Xiaomi,Model_466,Smartphone,5G
467,Xiaomi,Model_467,Smartphone,4G
468,OnePlus,Model_468,Smartphone,5G
469,Apple,Model_469,Smartphone,4G
470,Apple,Model_470,Smartphone,4G
471,Samsung,Model_471,Smartphone,5G
472,Xiaomi,Model_472,Smartphone,5G
473,OnePlus,Model_473,Smartphone,5G
474,Apple,Model_474,Smartphone,5G
475,Samsung,Model_475,Smartphone,4G
476,Apple,Model_476,Smartphone,5G
477,Xiaomi,Model_477,Smartphone,4G
478,Xiaomi,Model_478,Smartphone,4G
479,Apple,Model_479,Smartphone,5G
480,Samsung,Model_480,Smartphone,5G
481,OnePlus,Model_481,Smartphone,4G
482,Xiaomi,Model_482,Smartphone,5G
483,Samsung,Model_483,Smartphone,4G
484,Xiaomi,Model_484,Smartphone,5G
485,Xiaomi,Model_485,Smartphone,4G
486,Xiaomi,Model_486,Smartphone,4G
487,Apple,Model_487,Smartphone,5G
488,Xiaomi,Model_488,Smartphone,4G
489,Apple,Model_489,Smartphone,5G
490,OnePlus,Model_490,Smartphone,5G
491,Apple,Model_491,Smartphone,5G
492,OnePlus,Model_492,Smartphone,4G
493,OnePlus,Model_493,Smartphone,5G
494,Apple,Model_494,Smartphone,5G
495,Xiaomi,Model_495,Smartphone,5G
496,Samsung,Model_496,Smartphone,4G
497,OnePlus,Model_497,Smartphone,5G
498,Samsung,Model_498,Smartphone,4G
499,OnePlus,Model_499,Smartphone,4G
500,Apple,Model_500,Smartphone,4G
501,Xiaomi,Model_501,Smartphone,5G
502,Apple,Model_502,Smartphone,5G
503,Xiaomi,Model_503,Smartphone,5G
504,Xiaomi,Model_504,Smartphone,5G
505,Xiaomi,Model_505,Smartphone,5G
506,Apple,Model_506,Smartphone,5G
507,Xiaomi,Model_507,Smartphone,4G
508,Xiaomi,Model_508,Smartphone,5G
509,OnePlus,Model_509,Smartphone,4G
510,Apple,Model_510,Smartphone,4G
511,Apple,Model_511,Smartphone,4G
512,Samsung,Model_512,Smartphone,5G
513,Samsung,Model_513,Smartphone,4G
514,Samsung,Model_514,Smartphone,4G
515,Apple,Model_515,Smartphone,4G
516,Apple,Model_516,Smartphone,5G
517,Apple,Model_517,Smartphone,4G
518,OnePlus,Model_518,Smartphone,4G
519,Samsung,Model_519,Smartphone,5G
520,Samsung,Model_520,Smartphone,5G
521,Samsung,Model_521,Smartphone,5G
522,OnePlus,Model_522,Smartphone,4G
523,Xiaomi,Model_523,Smartphone,4G
524,Apple,Model_524,Smartphone,5G
525,Xiaomi,Model_525,Smartphone,5G
526,Samsung,Model_526,Smartphone,5G
527,OnePlus,Model_527,Smartphone,5G
528,Samsung,Model_528,Smartphone,5G
529,Xiaomi,Model_529,Smartphone,4G
530,OnePlus,Model_530,Smartphone,5G
531,Xiaomi,Model_531,Smartphone,4G
532,Samsung,Model_532,Smartphone,4G
533,Samsung,Model_533,Smartphone,5G
534,Xiaomi,Model_534,Smartphone,4G
535,Xiaomi,Model_535,Smartphone,5G
536,OnePlus,Model_536,Smartphone,5G
537,Xiaomi,Model_537,Smartphone,4G
538,Samsung,Model_538,Smartphone,5G
539,Apple,Model_539,Smartphone,5G
540,Apple,Model_540,Smartphone,5G
541,OnePlus,Model_541,Smartphone,4G
542,Xiaomi,Model_542,Smartphone,5G
543,Samsung,Model_543,Smartphone,5G
544,OnePlus,Model_544,Smartphone,4G
545,Apple,Model_545,Smartphone,5G
546,Apple,Model_546,Smartphone,4G
547,OnePlus,Model_547,Smartphone,4G
548,Apple,Model_548,Smartphone,4G
549,Apple,Model_549,Smartphone,5G
550,Xiaomi,Model_550,Smartphone,5G
551,Xiaomi,Model_551,Smartphone,4G
552,OnePlus,Model_552,Smartphone,5G
553,Xiaomi,Model_553,Smartphone,4G
554,Xiaomi,Model_554,Smartphone,5G
555,OnePlus,Model_555,Smartphone,4G
556,Samsung,Model_556,Smartphone,4G
557,OnePlus,Model_557,Smartphone,5G
558,Xiaomi,Model_558,Smartphone,5G
559,Xiaomi,Model_559,Smartphone,4G
560,Apple,Model_560,Smartphone,5G
561,Xiaomi,Model_561,Smartphone,5G
562,Samsung,Model_562,Smartphone,4G
563,Apple,Model_563,Smartphone,5G
564,Samsung,Model_564,Smartphone,5G
565,Apple,Model_565,Smartphone,4G
566,Xiaomi,Model_566,Smartphone,4G
567,OnePlus,Model_567,Smartphone,4G
568,Samsung,Model_568,Smartphone,4G
569,Samsung,Model_569,Smartphone,4G
570,OnePlus,Model_570,Smartphone,5G
571,Samsung,Model_571,Smartphone,4G
572,Xiaomi,Model_572,Smartphone,5G
573,Samsung,Model_573,Smartphone,5G
574,Samsung,Model_574,Smartphone,5G
575,Samsung,Model_575,Smartphone,5G
576,OnePlus,Model_576,Smartphone,5G
577,Apple,Model_577,Smartphone,4G
578,Apple,Model_578,Smartphone,5G
579,Xiaomi,Model_579,Smartphone,4G
580,Apple,Model_580,Smartphone,4G
581,Samsung,Model_581,Smartphone,5G
582,Apple,Model_582,Smartphone,5G
583,Apple,Model_583,Smartphone,5G
584,Samsung,Model_584,Smartphone,5G
585,OnePlus,Model_585,Smartphone,5G
586,Apple,Model_586,Smartphone,5G
587,OnePlus,Model_587,Smartphone,4G
588,Apple,Model_588,Smartphone,5G
589,OnePlus,Model_589,Smartphone,4G
590,Xiaomi,Model_590,Smartphone,5G
591,OnePlus,Model_591,Smartphone,4G
592,OnePlus,Model_592,Smartphone,5G
593,OnePlus,Model_593,Smartphone,5G
594,Apple,Model_594,Smartphone,4G
595,Apple,Model_595,Smartphone,5G
596,Samsung,Model_596,Smartphone,5G
597,Samsung,Model_597,Smartphone,4G
598,Xiaomi,Model_598,Smartphone,5G
599,OnePlus,Model_599,Smartphone,4G
600,Xiaomi,Model_600,Smartphone,4G
601,Xiaomi,Model_601,Smartphone,5G
602,Xiaomi,Model_602,Smartphone,4G
603,Xiaomi,Model_603,Smartphone,4G
604,Samsung,Model_604,Smartphone,4G
605,Apple,Model_605,Smartphone,4G
606,Samsung,Model_606,Smartphone,5G
607,Xiaomi,Model_607,Smartphone,5G
608,OnePlus,Model_608,Smartphone,5G
609,Samsung,Model_609,Smartphone,5G
610,Apple,Model_610,Smartphone,5G
611,Xiaomi,Model_611,Smartphone,4G
612,Apple,Model_612,Smartphone,5G
613,Apple,Model_613,Smartphone,5G
614,Xiaomi,Model_614,Smartphone,5G
615,Xiaomi,Model_615,Smartphone,4G
616,OnePlus,Model_616,Smartphone,4G
617,Xiaomi,Model_617,Smartphone,4G
618,OnePlus,Model_618,Smartphone,5G
619,Samsung,Model_619,Smartphone,5G
620,Apple,Model_620,Smartphone,5G
621,Samsung,Model_621,Smartphone,5G
622,Xiaomi,Model_622,Smartphone,5G
623,Apple,Model_623,Smartphone,4G
624,OnePlus,Model_624,Smartphone,5G
625,Apple,Model_625,Smartphone,4G
626,Apple,Model_626,Smartphone,5G
627,Xiaomi,Model_627,Smartphone,5G
628,Apple,Model_628,Smartphone,5G
629,Samsung,Model_629,Smartphone,5G
630,OnePlus,Model_630,Smartphone,4G
631,Xiaomi,Model_631,Smartphone,5G
632,Samsung,Model_632,Smartphone,5G
633,Samsung,Model_633,Smartphone,4G
634,Xiaomi,Model_634,Smartphone,5G
635,Apple,Model_635,Smartphone,4G
636,Samsung,Model_636,Smartphone,5G
637,Apple,Model_637,Smartphone,4G
638,OnePlus,Model_638,Smartphone,4G
639,Xiaomi,Model_639,Smartphone,4G
640,Xiaomi,Model_640,Smartphone,5G
641,Samsung,Model_641,Smartphone,5G
642,Xiaomi,Model_642,Smartphone,4G
643,Xiaomi,Model_643,Smartphone,4G
644,Xiaomi,Model_644,Smartphone,4G
645,Apple,Model_645,Smartphone,5G
646,Samsung,Model_646,Smartphone,4G
647,Samsung,Model_647,Smartphone,4G
648,OnePlus,Model_648,Smartphone,5G
649,OnePlus,Model_649,Smartphone,4G
650,Xiaomi,Model_650,Smartphone,4G
651,OnePlus,Model_651,Smartphone,4G
652,Apple,Model_652,Smartphone,5G
653,Samsung,Model_653,Smartphone,4G
654,OnePlus,Model_654,Smartphone,4G
655,OnePlus,Model_655,Smartphone,4G
656,OnePlus,Model_656,Smartphone,5G
657,OnePlus,Model_657,Smartphone,4G
658,Samsung,Model_658,Smartphone,4G
659,OnePlus,Model_659,Smartphone,5G
660,OnePlus,Model_660,Smartphone,5G
661,Apple,Model_661,Smartphone,5G
662,Apple,Model_662,Smartphone,5G
663,Xiaomi,Model_663,Smartphone,5G
664,Apple,Model_664,Smartphone,4G
665,Xiaomi,Model_665,Smartphone,5G
666,OnePlus,Model_666,Smartphone,5G
667,Xiaomi,Model_667,Smartphone,4G
668,OnePlus,Model_668,Smartphone,5G
669,Apple,Model_669,Smartphone,4G
670,OnePlus,Model_670,Smartphone,5G
671,Apple,Model_671,Smartphone,5G
672,Samsung,Model_672,Smartphone,4G
673,OnePlus,Model_673,Smartphone,4G
674,Samsung,Model_674,Smartphone,5G
675,OnePlus,Model_675,Smartphone,5G
676,Apple,Model_676,Smartphone,5G
677,Apple,Model_677,Smartphone,5G
678,Xiaomi,Model_678,Smartphone,4G
679,Samsung,Model_679,Smartphone,5G
680,Samsung,Model_680,Smartphone,5G
681,OnePlus,Model_681,Smartphone,4G
682,Xiaomi,Model_682,Smartphone,4G
683,Apple,Model_683,Smartphone,4G
684,Samsung,Model_684,Smartphone,4G
685,Samsung,Model_685,Smartphone,5G
686,OnePlus,Model_686,Smartphone,5G
687,Xiaomi,Model_687,Smartphone,5G
688,Apple,Model_688,Smartphone,4G
689,OnePlus,Model_689,Smartphone,4G
690,Samsung,Model_690,Smartphone,5G
691,Samsung,Model_691,Smartphone,5G
692,OnePlus,Model_692,Smartphone,4G
693,OnePlus,Model_693,Smartphone,4G
694,OnePlus,Model_694,Smartphone,5G
695,Apple,Model_695,Smartphone,5G
696,Xiaomi,Model_696,Smartphone,4G
697,OnePlus,Model_697,Smartphone,5G
698,Apple,Model_698,Smartphone,5G
699,OnePlus,Model_699,Smartphone,5G
700,Samsung,Model_700,Smartphone,4G
701,Xiaomi,Model_701,Smartphone,4G
702,Samsung,Model_702,Smartphone,5G
703,OnePlus,Model_703,Smartphone,4G
704,Samsung,Model_704,Smartphone,5G
705,Xiaomi,Model_705,Smartphone,4G
706,Samsung,Model_706,Smartphone,5G
707,Apple,Model_707,Smartphone,4G
708,Samsung,Model_708,Smartphone,4G
709,Xiaomi,Model_709,Smartphone,4G
710,Samsung,Model_710,Smartphone,5G
711,Apple,Model_711,Smartphone,4G
712,Samsung,Model_712,Smartphone,5G
713,Samsung,Model_713,Smartphone,4G
714,Apple,Model_714,Smartphone,5G
715,Xiaomi,Model_715,Smartphone,5G
716,Samsung,Model_716,Smartphone,5G
717,Samsung,Model_717,Smartphone,4G
718,OnePlus,Model_718,Smartphone,4G
719,Apple,Model_719,Smartphone,5G
720,Apple,Model_720,Smartphone,5G
721,Samsung,Model_721,Smartphone,4G
722,Samsung,Model_722,Smartphone,4G
723,Xiaomi,Model_723,Smartphone,4G
724,OnePlus,Model_724,Smartphone,5G
725,Xiaomi,Model_725,Smartphone,5G
726,Xiaomi,Model_726,Smartphone,4G
727,Xiaomi,Model_727,Smartphone,5G
728,OnePlus,Model_728,Smartphone,5G
729,Apple,Model_729,Smartphone,5G
730,OnePlus,Model_730,Smartphone,4G
731,OnePlus,Model_731,Smartphone,5G
732,Apple,Model_732,Smartphone,4G
733,Samsung,Model_733,Smartphone,5G
734,OnePlus,Model_734,Smartphone,5G
735,Xiaomi,Model_735,Smartphone,4G
736,OnePlus,Model_736,Smartphone,5G
737,Samsung,Model_737,Smartphone,4G
738,Xiaomi,Model_738,Smartphone,5G
739,OnePlus,Model_739,Smartphone,4G
740,Apple,Model_740,Smartphone,4G
741,Xiaomi,Model_741,Smartphone,4G
742,Apple,Model_742,Smartphone,5G
743,Apple,Model_743,Smartphone,5G
744,OnePlus,Model_744,Smartphone,4G
745,OnePlus,Model_745,Smartphone,5G
746,OnePlus,Model_746,Smartphone,5G
747,OnePlus,Model_747,Smartphone,5G
748,Apple,Model_748,Smartphone,5G
749,Apple,Model_749,Smartphone,4G
750,Xiaomi,Model_750,Smartphone,4G
751,Xiaomi,Model_751,Smartphone,4G
752,OnePlus,Model_752,Smartphone,4G
753,OnePlus,Model_753,Smartphone,4G
754,Xiaomi,Model_754,Smartphone,5G
755,Apple,Model_755,Smartphone,4G
756,Samsung,Model_756,Smartphone,4G
757,OnePlus,Model_757,Smartphone,5G
758,Apple,Model_758,Smartphone,4G
759,Samsung,Model_759,Smartphone,4G
760,Xiaomi,Model_760,Smartphone,5G
761,Apple,Model_761,Smartphone,5G
762,Xiaomi,Model_762,Smartphone,4G
763,Apple,Model_763,Smartphone,5G
764,Samsung,Model_764,Smartphone,5G
765,OnePlus,Model_765,Smartphone,5G
766,OnePlus,Model_766,Smartphone,5G
767,Xiaomi,Model_767,Smartphone,5G
768,OnePlus,Model_768,Smartphone,4G
769,Apple,Model_769,Smartphone,5G
770,Apple,Model_770,Smartphone,5G
771,Xiaomi,Model_771,Smartphone,5G
772,Xiaomi,Model_772,Smartphone,5G
773,OnePlus,Model_773,Smartphone,4G
774,OnePlus,Model_774,Smartphone,4G
775,OnePlus,Model_775,Smartphone,4G
776,Xiaomi,Model_776,Smartphone,5G
777,Xiaomi,Model_777,Smartphone,4G
778,Apple,Model_778,Smartphone,5G
779,Xiaomi,Model_779,Smartphone,5G
780,Xiaomi,Model_780,Smartphone,4G
781,Samsung,Model_781,Smartphone,4G
782,Apple,Model_782,Smartphone,5G
783,Apple,Model_783,Smartphone,4G
784,Apple,Model_784,Smartphone,4G
785,Xiaomi,Model_785,Smartphone,4G
786,Xiaomi,Model_786,Smartphone,4G
787,Xiaomi,Model_787,Smartphone,5G
788,Xiaomi,Model_788,Smartphone,5G
789,Xiaomi,Model_789,Smartphone,4G
790,OnePlus,Model_790,Smartphone,4G
791,Apple,Model_791,Smartphone,5G
792,Samsung,Model_792,Smartphone,5G
793,OnePlus,Model_793,Smartphone,5G
794,Samsung,Model_794,Smartphone,5G
795,Samsung,Model_795,Smartphone,5G
796,Xiaomi,Model_796,Smartphone,5G
797,Samsung,Model_797,Smartphone,5G
798,OnePlus,Model_798,Smartphone,5G
799,Samsung,Model_799,Smartphone,5G
800,OnePlus,Model_800,Smartphone,5G
801,Samsung,Model_801,Smartphone,5G
802,OnePlus,Model_802,Smartphone,4G
803,Samsung,Model_803,Smartphone,5G
804,Samsung,Model_804,Smartphone,5G
805,Samsung,Model_805,Smartphone,4G
806,OnePlus,Model_806,Smartphone,5G
807,Xiaomi,Model_807,Smartphone,4G
808,Xiaomi,Model_808,Smartphone,4G
809,Samsung,Model_809,Smartphone,4G
810,Xiaomi,Model_810,Smartphone,4G
811,Samsung,Model_811,Smartphone,4G
812,OnePlus,Model_812,Smartphone,4G
813,Xiaomi,Model_813,Smartphone,4G
814,Samsung,Model_814,Smartphone,4G
815,Apple,Model_815,Smartphone,5G
816,Samsung,Model_816,Smartphone,5G
817,Xiaomi,Model_817,Smartphone,5G
818,Xiaomi,Model_818,Smartphone,4G
819,Apple,Model_819,Smartphone,4G
820,Xiaomi,Model_820,Smartphone,5G
821,Samsung,Model_821,Smartphone,4G
822,Xiaomi,Model_822,Smartphone,5G
823,Apple,Model_823,Smartphone,4G
824,OnePlus,Model_824,Smartphone,5G
825,Xiaomi,Model_825,Smartphone,5G
826,OnePlus,Model_826,Smartphone,4G
827,Apple,Model_827,Smartphone,4G
828,OnePlus,Model_828,Smartphone,4G
829,Xiaomi,Model_829,Smartphone,5G
830,OnePlus,Model_830,Smartphone,5G
831,Apple,Model_831,Smartphone,5G
832,Apple,Model_832,Smartphone,5G
833,Samsung,Model_833,Smartphone,5G
834,Apple,Model_834,Smartphone,4G
835,OnePlus,Model_835,Smartphone,5G
836,OnePlus,Model_836,Smartphone,4G
837,Apple,Model_837,Smartphone,5G
838,Xiaomi,Model_838,Smartphone,4G
839,Apple,Model_839,Smartphone,5G
840,Apple,Model_840,Smartphone,5G
841,Samsung,Model_841,Smartphone,4G
842,Xiaomi,Model_842,Smartphone,5G
843,Xiaomi,Model_843,Smartphone,4G
844,OnePlus,Model_844,Smartphone,4G
845,Samsung,Model_845,Smartphone,4G
846,Samsung,Model_846,Smartphone,5G
847,Samsung,Model_847,Smartphone,4G
848,Samsung,Model_848,Smartphone,5G
849,Apple,Model_849,Smartphone,4G
850,Apple,Model_850,Smartphone,5G
851,OnePlus,Model_851,Smartphone,5G
852,Samsung,Model_852,Smartphone,4G
853,OnePlus,Model_853,Smartphone,4G
854,Xiaomi,Model_854,Smartphone,4G
855,Xiaomi,Model_855,Smartphone,5G
856,Apple,Model_856,Smartphone,5G
857,Apple,Model_857,Smartphone,5G
858,OnePlus,Model_858,Smartphone,5G
859,Apple,Model_859,Smartphone,4G
860,OnePlus,Model_860,Smartphone,4G
861,OnePlus,Model_861,Smartphone,4G
862,OnePlus,Model_862,Smartphone,5G
863,Apple,Model_863,Smartphone,4G
864,Samsung,Model_864,Smartphone,5G
865,Samsung,Model_865,Smartphone,5G
866,Apple,Model_866,Smartphone,4G
867,Samsung,Model_867,Smartphone,4G
868,Xiaomi,Model_868,Smartphone,4G
869,Xiaomi,Model_869,Smartphone,4G
870,Apple,Model_870,Smartphone,5G
871,Xiaomi,Model_871,Smartphone,5G
872,Xiaomi,Model_872,Smartphone,4G
873,OnePlus,Model_873,Smartphone,4G
874,OnePlus,Model_874,Smartphone,5G
875,Xiaomi,Model_875,Smartphone,5G
876,Xiaomi,Model_876,Smartphone,4G
877,OnePlus,Model_877,Smartphone,4G
878,Apple,Model_878,Smartphone,4G
879,Samsung,Model_879,Smartphone,4G
880,Samsung,Model_880,Smartphone,4G
881,Apple,Model_881,Smartphone,4G
882,Samsung,Model_882,Smartphone,4G
883,OnePlus,Model_883,Smartphone,4G
884,Apple,Model_884,Smartphone,5G
885,Samsung,Model_885,Smartphone,4G
886,Xiaomi,Model_886,Smartphone,4G
887,Xiaomi,Model_887,Smartphone,4G
888,Xiaomi,Model_888,Smartphone,4G
889,Xiaomi,Model_889,Smartphone,4G
890,Apple,Model_890,Smartphone,4G
891,Samsung,Model_891,Smartphone,5G
892,OnePlus,Model_892,Smartphone,5G
893,Apple,Model_893,Smartphone,5G
894,OnePlus,Model_894,Smartphone,5G
895,Apple,Model_895,Smartphone,5G
896,OnePlus,Model_896,Smartphone,5G
897,Xiaomi,Model_897,Smartphone,4G
898,OnePlus,Model_898,Smartphone,5G
899,Xiaomi,Model_899,Smartphone,4G
900,Xiaomi,Model_900,Smartphone,5G
901,OnePlus,Model_901,Smartphone,4G
902,Xiaomi,Model_902,Smartphone,4G
903,Samsung,Model_903,Smartphone,4G
904,Apple,Model_904,Smartphone,5G
905,Xiaomi,Model_905,Smartphone,5G
906,Apple,Model_906,Smartphone,5G
907,Samsung,Model_907,Smartphone,5G
908,Apple,Model_908,Smartphone,5G
909,Samsung,Model_909,Smartphone,4G
910,OnePlus,Model_910,Smartphone,4G
911,Apple,Model_911,Smartphone,5G
912,Apple,Model_912,Smartphone,4G
913,Samsung,Model_913,Smartphone,4G
914,Apple,Model_914,Smartphone,5G
915,Samsung,Model_915,Smartphone,4G
916,Xiaomi,Model_916,Smartphone,4G
917,Xiaomi,Model_917,Smartphone,4G
918,Apple,Model_918,Smartphone,5G
919,Xiaomi,Model_919,Smartphone,5G
920,Samsung,Model_920,Smartphone,4G
921,Xiaomi,Model_921,Smartphone,5G
922,OnePlus,Model_922,Smartphone,4G
923,Apple,Model_923,Smartphone,4G
924,OnePlus,Model_924,Smartphone,4G
925,Xiaomi,Model_925,Smartphone,5G
926,Apple,Model_926,Smartphone,4G
927,Samsung,Model_927,Smartphone,5G
928,Xiaomi,Model_928,Smartphone,4G
929,Xiaomi,Model_929,Smartphone,4G
930,Xiaomi,Model_930,Smartphone,5G
931,OnePlus,Model_931,Smartphone,4G
932,OnePlus,Model_932,Smartphone,4G
933,Apple,Model_933,Smartphone,5G
934,Xiaomi,Model_934,Smartphone,4G
935,Apple,Model_935,Smartphone,4G
936,Apple,Model_936,Smartphone,5G
937,Apple,Model_937,Smartphone,4G
938,Samsung,Model_938,Smartphone,5G
939,Xiaomi,Model_939,Smartphone,4G
940,Xiaomi,Model_940,Smartphone,5G
941,Xiaomi,Model_941,Smartphone,5G
942,OnePlus,Model_942,Smartphone,4G
943,Xiaomi,Model_943,Smartphone,5G
944,Xiaomi,Model_944,Smartphone,4G
945,Apple,Model_945,Smartphone,5G
946,Xiaomi,Model_946,Smartphone,4G
947,Apple,Model_947,Smartphone,4G
948,OnePlus,Model_948,Smartphone,4G
949,Apple,Model_949,Smartphone,4G
950,Apple,Model_950,Smartphone,5G
951,Apple,Model_951,Smartphone,5G
952,Xiaomi,Model_952,Smartphone,4G
953,OnePlus,Model_953,Smartphone,4G
954,Xiaomi,Model_954,Smartphone,4G
955,Apple,Model_955,Smartphone,5G
956,Apple,Model_956,Smartphone,4G
957,Apple,Model_957,Smartphone,5G
958,Apple,Model_958,Smartphone,4G
959,OnePlus,Model_959,Smartphone,5G
960,Samsung,Model_960,Smartphone,5G
961,OnePlus,Model_961,Smartphone,5G
962,OnePlus,Model_962,Smartphone,5G
963,Apple,Model_963,Smartphone,4G
964,OnePlus,Model_964,Smartphone,4G
965,OnePlus,Model_965,Smartphone,4G
966,OnePlus,Model_966,Smartphone,4G
967,OnePlus,Model_967,Smartphone,5G
968,Xiaomi,Model_968,Smartphone,4G
969,Apple,Model_969,Smartphone,5G
970,Samsung,Model_970,Smartphone,5G
971,OnePlus,Model_971,Smartphone,4G
972,OnePlus,Model_972,Smartphone,4G
973,Samsung,Model_973,Smartphone,4G
974,Samsung,Model_974,Smartphone,4G
975,OnePlus,Model_975,Smartphone,4G
976,Samsung,Model_976,Smartphone,5G
977,OnePlus,Model_977,Smartphone,5G
978,Xiaomi,Model_978,Smartphone,5G
979,Xiaomi,Model_979,Smartphone,4G
980,Samsung,Model_980,Smartphone,5G
981,Samsung,Model_981,Smartphone,4G
982,Samsung,Model_982,Smartphone,4G
983,Xiaomi,Model_983,Smartphone,5G
984,Xiaomi,Model_984,Smartphone,4G
985,OnePlus,Model_985,Smartphone,5G
986,Xiaomi,Model_986,Smartphone,4G
987,Apple,Model_987,Smartphone,4G
988,OnePlus,Model_988,Smartphone,4G
989,Apple,Model_989,Smartphone,4G
990,OnePlus,Model_990,Smartphone,5G
991,OnePlus,Model_991,Smartphone,4G
992,Xiaomi,Model_992,Smartphone,4G
993,OnePlus,Model_993,Smartphone,5G
994,Samsung,Model_994,Smartphone,4G
995,OnePlus,Model_995,Smartphone,5G
996,Xiaomi,Model_996,Smartphone,4G
997,OnePlus,Model_997,Smartphone,5G
998,Samsung,Model_998,Smartphone,4G
999,Xiaomi,Model_999,Smartphone,5G
1000,Apple,Model_1000,Smartphone,4G
1001,Samsung,Model_1001,Smartphone,5G
1002,Samsung,Model_1002,Smartphone,5G
1003,Samsung,Model_1003,Smartphone,5G
1004,Samsung,Model_1004,Smartphone,4G
1005,Xiaomi,Model_1005,Smartphone,4G
1006,Apple,Model_1006,Smartphone,4G
1007,Apple,Model_1007,Smartphone,4G
1008,Apple,Model_1008,Smartphone,4G
1009,Apple,Model_1009,Smartphone,4G
1010,Samsung,Model_1010,Smartphone,5G
1011,Samsung,Model_1011,Smartphone,5G
1012,Samsung,Model_1012,Smartphone,5G
1013,Apple,Model_1013,Smartphone,4G
1014,OnePlus,Model_1014,Smartphone,5G
1015,Xiaomi,Model_1015,Smartphone,4G
1016,Xiaomi,Model_1016,Smartphone,5G
1017,Samsung,Model_1017,Smartphone,4G
1018,Xiaomi,Model_1018,Smartphone,5G
1019,Samsung,Model_1019,Smartphone,4G
1020,Apple,Model_1020,Smartphone,5G
1021,Xiaomi,Model_1021,Smartphone,4G
1022,Xiaomi,Model_1022,Smartphone,4G
1023,OnePlus,Model_1023,Smartphone,5G
1024,Xiaomi,Model_1024,Smartphone,5G
1025,Apple,Model_1025,Smartphone,5G
1026,OnePlus,Model_1026,Smartphone,5G
1027,Samsung,Model_1027,Smartphone,4G
1028,OnePlus,Model_1028,Smartphone,5G
1029,OnePlus,Model_1029,Smartphone,4G
1030,Xiaomi,Model_1030,Smartphone,5G
1031,Samsung,Model_1031,Smartphone,5G
1032,OnePlus,Model_1032,Smartphone,4G
1033,Apple,Model_1033,Smartphone,4G
1034,Samsung,Model_1034,Smartphone,5G
1035,Samsung,Model_1035,Smartphone,5G
1036,Apple,Model_1036,Smartphone,5G
1037,OnePlus,Model_1037,Smartphone,4G
1038,Samsung,Model_1038,Smartphone,4G
1039,Apple,Model_1039,Smartphone,4G
1040,Xiaomi,Model_1040,Smartphone,4G
1041,Apple,Model_1041,Smartphone,4G
1042,Samsung,Model_1042,Smartphone,5G
1043,Samsung,Model_1043,Smartphone,5G
1044,Xiaomi,Model_1044,Smartphone,4G
1045,Samsung,Model_1045,Smartphone,4G
1046,Xiaomi,Model_1046,Smartphone,4G
1047,Xiaomi,Model_1047,Smartphone,5G
1048,Xiaomi,Model_1048,Smartphone,5G
1049,Xiaomi,Model_1049,Smartphone,4G
1050,Apple,Model_1050,Smartphone,5G
1051,Xiaomi,Model_1051,Smartphone,5G
1052,Xiaomi,Model_1052,Smartphone,4G
1053,Apple,Model_1053,Smartphone,4G
1054,OnePlus,Model_1054,Smartphone,5G
1055,OnePlus,Model_1055,Smartphone,5G
1056,Apple,Model_1056,Smartphone,5G
1057,OnePlus,Model_1057,Smartphone,4G
1058,OnePlus,Model_1058,Smartphone,4G
1059,Samsung,Model_1059,Smartphone,4G
1060,OnePlus,Model_1060,Smartphone,4G
1061,Apple,Model_1061,Smartphone,5G
1062,Samsung,Model_1062,Smartphone,4G
1063,Apple,Model_1063,Smartphone,5G
1064,Samsung,Model_1064,Smartphone,5G
1065,Samsung,Model_1065,Smartphone,5G
1066,Samsung,Model_1066,Smartphone,4G
1067,Apple,Model_1067,Smartphone,5G
1068,Samsung,Model_1068,Smartphone,5G
1069,OnePlus,Model_1069,Smartphone,5G
1070,Xiaomi,Model_1070,Smartphone,5G
1071,OnePlus,Model_1071,Smartphone,4G
1072,Xiaomi,Model_1072,Smartphone,4G
1073,Apple,Model_1073,Smartphone,4G
1074,Samsung,Model_1074,Smartphone,4G
1075,Xiaomi,Model_1075,Smartphone,4G
1076,OnePlus,Model_1076,Smartphone,4G
1077,Xiaomi,Model_1077,Smartphone,5G
1078,Samsung,Model_1078,Smartphone,4G
1079,Apple,Model_1079,Smartphone,5G
1080,Xiaomi,Model_1080,Smartphone,4G
1081,Xiaomi,Model_1081,Smartphone,4G
1082,OnePlus,Model_1082,Smartphone,4G
1083,Apple,Model_1083,Smartphone,4G
1084,OnePlus,Model_1084,Smartphone,4G
1085,OnePlus,Model_1085,Smartphone,4G
1086,Samsung,Model_1086,Smartphone,4G
1087,OnePlus,Model_1087,Smartphone,5G
1088,OnePlus,Model_1088,Smartphone,4G
1089,OnePlus,Model_1089,Smartphone,4G
1090,Apple,Model_1090,Smartphone,4G
1091,Xiaomi,Model_1091,Smartphone,4G
1092,Xiaomi,Model_1092,Smartphone,5G
1093,Samsung,Model_1093,Smartphone,4G
1094,Apple,Model_1094,Smartphone,5G
1095,Xiaomi,Model_1095,Smartphone,5G
1096,OnePlus,Model_1096,Smartphone,5G
1097,Samsung,Model_1097,Smartphone,4G
1098,Apple,Model_1098,Smartphone,5G
1099,Apple,Model_1099,Smartphone,4G
1100,Samsung,Model_1100,Smartphone,4G
1101,Samsung,Model_1101,Smartphone,4G
1102,Samsung,Model_1102,Smartphone,5G
1103,Samsung,Model_1103,Smartphone,4G
1104,OnePlus,Model_1104,Smartphone,4G
1105,Samsung,Model_1105,Smartphone,4G
1106,OnePlus,Model_1106,Smartphone,5G
1107,Apple,Model_1107,Smartphone,5G
1108,Xiaomi,Model_1108,Smartphone,5G
1109,Xiaomi,Model_1109,Smartphone,5G
1110,Xiaomi,Model_1110,Smartphone,4G
1111,Apple,Model_1111,Smartphone,4G
1112,Xiaomi,Model_1112,Smartphone,5G
1113,Apple,Model_1113,Smartphone,4G
1114,Samsung,Model_1114,Smartphone,4G
1115,Xiaomi,Model_1115,Smartphone,4G
1116,Xiaomi,Model_1116,Smartphone,5G
1117,OnePlus,Model_1117,Smartphone,5G
1118,OnePlus,Model_1118,Smartphone,5G
1119,OnePlus,Model_1119,Smartphone,4G
1120,OnePlus,Model_1120,Smartphone,4G
1121,Apple,Model_1121,Smartphone,5G
1122,Samsung,Model_1122,Smartphone,4G
1123,Apple,Model_1123,Smartphone,4G
1124,Apple,Model_1124,Smartphone,4G
1125,OnePlus,Model_1125,Smartphone,5G
1126,Xiaomi,Model_1126,Smartphone,5G
1127,Apple,Model_1127,Smartphone,5G
1128,Apple,Model_1128,Smartphone,5G
1129,OnePlus,Model_1129,Smartphone,4G
1130,Samsung,Model_1130,Smartphone,5G
1131,Samsung,Model_1131,Smartphone,4G
1132,Xiaomi,Model_1132,Smartphone,4G
1133,Samsung,Model_1133,Smartphone,5G
1134,Samsung,Model_1134,Smartphone,4G
1135,Samsung,Model_1135,Smartphone,4G
1136,OnePlus,Model_1136,Smartphone,5G
1137,Apple,Model_1137,Smartphone,5G
1138,Apple,Model_1138,Smartphone,4G
1139,Xiaomi,Model_1139,Smartphone,4G
1140,Samsung,Model_1140,Smartphone,5G
1141,Apple,Model_1141,Smartphone,4G
1142,Samsung,Model_1142,Smartphone,4G
1143,Xiaomi,Model_1143,Smartphone,5G
1144,Xiaomi,Model_1144,Smartphone,4G
1145,Samsung,Model_1145,Smartphone,4G
1146,Samsung,Model_1146,Smartphone,4G
1147,Apple,Model_1147,Smartphone,4G
1148,OnePlus,Model_1148,Smartphone,4G
1149,OnePlus,Model_1149,Smartphone,4G
1150,OnePlus,Model_1150,Smartphone,4G
1151,Samsung,Model_1151,Smartphone,5G
1152,Apple,Model_1152,Smartphone,4G
1153,Xiaomi,Model_1153,Smartphone,4G
1154,Apple,Model_1154,Smartphone,4G
1155,Samsung,Model_1155,Smartphone,4G
1156,Apple,Model_1156,Smartphone,4G
1157,OnePlus,Model_1157,Smartphone,4G
1158,OnePlus,Model_1158,Smartphone,4G
1159,Apple,Model_1159,Smartphone,4G
1160,Xiaomi,Model_1160,Smartphone,4G
1161,Apple,Model_1161,Smartphone,5G
1162,Apple,Model_1162,Smartphone,4G
1163,Samsung,Model_1163,Smartphone,4G
1164,OnePlus,Model_1164,Smartphone,5G
1165,Apple,Model_1165,Smartphone,4G
1166,Apple,Model_1166,Smartphone,5G
1167,Xiaomi,Model_1167,Smartphone,4G
1168,Samsung,Model_1168,Smartphone,4G
1169,Apple,Model_1169,Smartphone,4G
1170,Samsung,Model_1170,Smartphone,5G
1171,Xiaomi,Model_1171,Smartphone,5G
1172,Apple,Model_1172,Smartphone,4G
1173,Xiaomi,Model_1173,Smartphone,4G
1174,Apple,Model_1174,Smartphone,5G
1175,OnePlus,Model_1175,Smartphone,4G
1176,OnePlus,Model_1176,Smartphone,5G
1177,OnePlus,Model_1177,Smartphone,4G
1178,Apple,Model_1178,Smartphone,4G
1179,Apple,Model_1179,Smartphone,4G
1180,Xiaomi,Model_1180,Smartphone,4G
1181,Xiaomi,Model_1181,Smartphone,4G
1182,OnePlus,Model_1182,Smartphone,5G
1183,OnePlus,Model_1183,Smartphone,4G
1184,Xiaomi,Model_1184,Smartphone,5G
1185,Samsung,Model_1185,Smartphone,5G
1186,Apple,Model_1186,Smartphone,4G
1187,Xiaomi,Model_1187,Smartphone,4G
1188,Xiaomi,Model_1188,Smartphone,5G
1189,Samsung,Model_1189,Smartphone,4G
1190,Samsung,Model_1190,Smartphone,4G
1191,OnePlus,Model_1191,Smartphone,5G
1192,Xiaomi,Model_1192,Smartphone,5G
1193,Apple,Model_1193,Smartphone,5G
1194,Samsung,Model_1194,Smartphone,5G
1195,Xiaomi,Model_1195,Smartphone,5G
1196,Xiaomi,Model_1196,Smartphone,5G
1197,Xiaomi,Model_1197,Smartphone,5G
1198,OnePlus,Model_1198,Smartphone,5G
1199,Xiaomi,Model_1199,Smartphone,4G
1200,OnePlus,Model_1200,Smartphone,4G
1201,Apple,Model_1201,Smartphone,4G
1202,OnePlus,Model_1202,Smartphone,4G
1203,OnePlus,Model_1203,Smartphone,4G
1204,Xiaomi,Model_1204,Smartphone,5G
1205,Samsung,Model_1205,Smartphone,5G
1206,OnePlus,Model_1206,Smartphone,5G
1207,Samsung,Model_1207,Smartphone,5G
1208,Xiaomi,Model_1208,Smartphone,5G
1209,Apple,Model_1209,Smartphone,4G
1210,Samsung,Model_1210,Smartphone,5G
1211,Apple,Model_1211,Smartphone,4G
1212,Xiaomi,Model_1212,Smartphone,4G
1213,OnePlus,Model_1213,Smartphone,4G
1214,OnePlus,Model_1214,Smartphone,4G
1215,Samsung,Model_1215,Smartphone,5G
1216,OnePlus,Model_1216,Smartphone,5G
1217,Xiaomi,Model_1217,Smartphone,4G
1218,Apple,Model_1218,Smartphone,4G
1219,OnePlus,Model_1219,Smartphone,5G
1220,OnePlus,Model_1220,Smartphone,5G
1221,Samsung,Model_1221,Smartphone,5G
1222,Xiaomi,Model_1222,Smartphone,4G
1223,OnePlus,Model_1223,Smartphone,4G
1224,OnePlus,Model_1224,Smartphone,4G
1225,Xiaomi,Model_1225,Smartphone,5G
1226,OnePlus,Model_1226,Smartphone,5G
1227,Samsung,Model_1227,Smartphone,5G
1228,Samsung,Model_1228,Smartphone,5G
1229,Apple,Model_1229,Smartphone,4G
1230,Samsung,Model_1230,Smartphone,4G
1231,Apple,Model_1231,Smartphone,5G
1232,Xiaomi,Model_1232,Smartphone,4G
1233,Samsung,Model_1233,Smartphone,4G
1234,OnePlus,Model_1234,Smartphone,5G
1235,OnePlus,Model_1235,Smartphone,5G
1236,Xiaomi,Model_1236,Smartphone,4G
1237,Xiaomi,Model_1237,Smartphone,4G
1238,Samsung,Model_1238,Smartphone,5G
1239,Samsung,Model_1239,Smartphone,5G
1240,Apple,Model_1240,Smartphone,4G
1241,Samsung,Model_1241,Smartphone,4G
1242,Samsung,Model_1242,Smartphone,4G
1243,Apple,Model_1243,Smartphone,4G
1244,Apple,Model_1244,Smartphone,5G
1245,Xiaomi,Model_1245,Smartphone,4G
1246,Xiaomi,Model_1246,Smartphone,5G
1247,Apple,Model_1247,Smartphone,5G
1248,Xiaomi,Model_1248,Smartphone,4G
1249,OnePlus,Model_1249,Smartphone,5G
1250,Xiaomi,Model_1250,Smartphone,5G
1251,Samsung,Model_1251,Smartphone,4G
1252,OnePlus,Model_1252,Smartphone,4G
1253,OnePlus,Model_1253,Smartphone,4G
1254,Xiaomi,Model_1254,Smartphone,4G
1255,Apple,Model_1255,Smartphone,4G
1256,Samsung,Model_1256,Smartphone,4G
1257,Xiaomi,Model_1257,Smartphone,4G
1258,Samsung,Model_1258,Smartphone,5G
1259,OnePlus,Model_1259,Smartphone,5G
1260,Xiaomi,Model_1260,Smartphone,4G
1261,Xiaomi,Model_1261,Smartphone,4G
1262,Apple,Model_1262,Smartphone,5G
1263,Xiaomi,Model_1263,Smartphone,5G
1264,Apple,Model_1264,Smartphone,5G
1265,Samsung,Model_1265,Smartphone,4G
1266,Apple,Model_1266,Smartphone,4G
1267,Xiaomi,Model_1267,Smartphone,4G
1268,Samsung,Model_1268,Smartphone,5G
1269,Xiaomi,Model_1269,Smartphone,5G
1270,Xiaomi,Model_1270,Smartphone,5G
1271,Apple,Model_1271,Smartphone,4G
1272,Samsung,Model_1272,Smartphone,4G
1273,Samsung,Model_1273,Smartphone,5G
1274,Xiaomi,Model_1274,Smartphone,4G
1275,Xiaomi,Model_1275,Smartphone,5G
1276,Xiaomi,Model_1276,Smartphone,5G
1277,Xiaomi,Model_1277,Smartphone,4G
1278,Samsung,Model_1278,Smartphone,4G
1279,Samsung,Model_1279,Smartphone,4G
1280,Samsung,Model_1280,Smartphone,5G
1281,Samsung,Model_1281,Smartphone,4G
1282,Apple,Model_1282,Smartphone,5G
1283,OnePlus,Model_1283,Smartphone,5G
1284,Samsung,Model_1284,Smartphone,4G
1285,Apple,Model_1285,Smartphone,5G
1286,OnePlus,Model_1286,Smartphone,5G
1287,Apple,Model_1287,Smartphone,5G
1288,Samsung,Model_1288,Smartphone,5G
1289,OnePlus,Model_1289,Smartphone,4G
1290,Samsung,Model_1290,Smartphone,4G
1291,OnePlus,Model_1291,Smartphone,4G
1292,Xiaomi,Model_1292,Smartphone,4G
1293,OnePlus,Model_1293,Smartphone,5G
1294,OnePlus,Model_1294,Smartphone,5G
1295,Xiaomi,Model_1295,Smartphone,5G
1296,Samsung,Model_1296,Smartphone,5G
1297,OnePlus,Model_1297,Smartphone,4G
1298,Xiaomi,Model_1298,Smartphone,5G
1299,Apple,Model_1299,Smartphone,4G
1300,Xiaomi,Model_1300,Smartphone,5G
1301,Apple,Model_1301,Smartphone,5G
1302,Samsung,Model_1302,Smartphone,4G
1303,Xiaomi,Model_1303,Smartphone,5G
1304,Apple,Model_1304,Smartphone,5G
1305,Xiaomi,Model_1305,Smartphone,5G
1306,Apple,Model_1306,Smartphone,4G
1307,Xiaomi,Model_1307,Smartphone,4G
1308,Xiaomi,Model_1308,Smartphone,5G
1309,Samsung,Model_1309,Smartphone,5G
1310,Samsung,Model_1310,Smartphone,4G
1311,Apple,Model_1311,Smartphone,5G
1312,OnePlus,Model_1312,Smartphone,5G
1313,OnePlus,Model_1313,Smartphone,4G
1314,Apple,Model_1314,Smartphone,4G
1315,Xiaomi,Model_1315,Smartphone,4G
1316,Apple,Model_1316,Smartphone,5G
1317,Samsung,Model_1317,Smartphone,5G
1318,OnePlus,Model_1318,Smartphone,5G
1319,Apple,Model_1319,Smartphone,4G
1320,Apple,Model_1320,Smartphone,5G
1321,Apple,Model_1321,Smartphone,5G
1322,Apple,Model_1322,Smartphone,4G
1323,Apple,Model_1323,Smartphone,4G
1324,Xiaomi,Model_1324,Smartphone,5G
1325,Apple,Model_1325,Smartphone,5G
1326,Xiaomi,Model_1326,Smartphone,4G
1327,Apple,Model_1327,Smartphone,4G
1328,OnePlus,Model_1328,Smartphone,4G
1329,Apple,Model_1329,Smartphone,4G
1330,Samsung,Model_1330,Smartphone,5G
1331,Xiaomi,Model_1331,Smartphone,4G
1332,Apple,Model_1332,Smartphone,4G
1333,Xiaomi,Model_1333,Smartphone,5G
1334,Samsung,Model_1334,Smartphone,4G
1335,Apple,Model_1335,Smartphone,5G
1336,Apple,Model_1336,Smartphone,4G
1337,Xiaomi,Model_1337,Smartphone,5G
1338,Apple,Model_1338,Smartphone,5G
1339,OnePlus,Model_1339,Smartphone,5G
1340,Xiaomi,Model_1340,Smartphone,4G
1341,Samsung,Model_1341,Smartphone,4G
1342,Xiaomi,Model_1342,Smartphone,5G
1343,Samsung,Model_1343,Smartphone,4G
1344,OnePlus,Model_1344,Smartphone,4G
1345,OnePlus,Model_1345,Smartphone,4G
1346,OnePlus,Model_1346,Smartphone,4G
1347,Xiaomi,Model_1347,Smartphone,4G
1348,Samsung,Model_1348,Smartphone,4G
1349,Samsung,Model_1349,Smartphone,4G
1350,OnePlus,Model_1350,Smartphone,4G
1351,Apple,Model_1351,Smartphone,5G
1352,OnePlus,Model_1352,Smartphone,4G
1353,Apple,Model_1353,Smartphone,4G
1354,Samsung,Model_1354,Smartphone,5G
1355,Xiaomi,Model_1355,Smartphone,5G
1356,OnePlus,Model_1356,Smartphone,4G
1357,Apple,Model_1357,Smartphone,4G
1358,OnePlus,Model_1358,Smartphone,4G
1359,Xiaomi,Model_1359,Smartphone,4G
1360,Samsung,Model_1360,Smartphone,5G
1361,Apple,Model_1361,Smartphone,4G
1362,Xiaomi,Model_1362,Smartphone,5G
1363,OnePlus,Model_1363,Smartphone,4G
1364,Samsung,Model_1364,Smartphone,5G
1365,Xiaomi,Model_1365,Smartphone,5G
1366,Samsung,Model_1366,Smartphone,4G
1367,Xiaomi,Model_1367,Smartphone,5G
1368,Apple,Model_1368,Smartphone,4G
1369,Xiaomi,Model_1369,Smartphone,4G
1370,Xiaomi,Model_1370,Smartphone,4G
1371,Samsung,Model_1371,Smartphone,5G
1372,Xiaomi,Model_1372,Smartphone,5G
1373,Apple,Model_1373,Smartphone,5G
1374,Apple,Model_1374,Smartphone,4G
1375,OnePlus,Model_1375,Smartphone,5G
1376,OnePlus,Model_1376,Smartphone,5G
1377,OnePlus,Model_1377,Smartphone,4G
1378,OnePlus,Model_1378,Smartphone,5G
1379,Xiaomi,Model_1379,Smartphone,5G
1380,Apple,Model_1380,Smartphone,4G
1381,Samsung,Model_1381,Smartphone,5G
1382,OnePlus,Model_1382,Smartphone,4G
1383,OnePlus,Model_1383,Smartphone,5G
1384,Samsung,Model_1384,Smartphone,5G
1385,Xiaomi,Model_1385,Smartphone,4G
1386,Samsung,Model_1386,Smartphone,4G
1387,Xiaomi,Model_1387,Smartphone,4G
1388,OnePlus,Model_1388,Smartphone,5G
1389,Samsung,Model_1389,Smartphone,4G
1390,Apple,Model_1390,Smartphone,4G
1391,OnePlus,Model_1391,Smartphone,4G
1392,Apple,Model_1392,Smartphone,4G
1393,OnePlus,Model_1393,Smartphone,4G
1394,Samsung,Model_1394,Smartphone,4G
1395,OnePlus,Model_1395,Smartphone,5G
1396,Apple,Model_1396,Smartphone,5G
1397,Samsung,Model_1397,Smartphone,5G
1398,Apple,Model_1398,Smartphone,4G
1399,Xiaomi,Model_1399,Smartphone,4G
1400,Apple,Model_1400,Smartphone,5G
1401,Apple,Model_1401,Smartphone,4G
1402,OnePlus,Model_1402,Smartphone,4G
1403,OnePlus,Model_1403,Smartphone,4G
1404,Apple,Model_1404,Smartphone,5G
1405,OnePlus,Model_1405,Smartphone,4G
1406,Apple,Model_1406,Smartphone,5G
1407,Apple,Model_1407,Smartphone,5G
1408,Apple,Model_1408,Smartphone,4G
1409,Samsung,Model_1409,Smartphone,5G
1410,Apple,Model_1410,Smartphone,5G
1411,Xiaomi,Model_1411,Smartphone,4G
1412,OnePlus,Model_1412,Smartphone,4G
1413,OnePlus,Model_1413,Smartphone,4G
1414,Apple,Model_1414,Smartphone,4G
1415,Samsung,Model_1415,Smartphone,5G
1416,OnePlus,Model_1416,Smartphone,4G
1417,Xiaomi,Model_1417,Smartphone,5G
1418,Samsung,Model_1418,Smartphone,4G
1419,OnePlus,Model_1419,Smartphone,5G
1420,Xiaomi,Model_1420,Smartphone,5G
1421,OnePlus,Model_1421,Smartphone,4G
1422,Apple,Model_1422,Smartphone,5G
1423,OnePlus,Model_1423,Smartphone,4G
1424,Samsung,Model_1424,Smartphone,4G
1425,Samsung,Model_1425,Smartphone,4G
1426,Samsung,Model_1426,Smartphone,5G
1427,Xiaomi,Model_1427,Smartphone,4G
1428,Xiaomi,Model_1428,Smartphone,4G
1429,Samsung,Model_1429,Smartphone,5G
1430,OnePlus,Model_1430,Smartphone,4G
1431,Samsung,Model_1431,Smartphone,5G
1432,Xiaomi,Model_1432,Smartphone,4G
1433,Apple,Model_1433,Smartphone,5G
1434,Apple,Model_1434,Smartphone,4G
1435,Apple,Model_1435,Smartphone,5G
1436,Apple,Model_1436,Smartphone,4G
1437,Xiaomi,Model_1437,Smartphone,5G
1438,OnePlus,Model_1438,Smartphone,5G
1439,Apple,Model_1439,Smartphone,4G
1440,OnePlus,Model_1440,Smartphone,4G
1441,OnePlus,Model_1441,Smartphone,5G
1442,OnePlus,Model_1442,Smartphone,5G
1443,Samsung,Model_1443,Smartphone,4G
1444,Samsung,Model_1444,Smartphone,4G
1445,Apple,Model_1445,Smartphone,5G
1446,Xiaomi,Model_1446,Smartphone,5G
1447,OnePlus,Model_1447,Smartphone,5G
1448,Xiaomi,Model_1448,Smartphone,4G
1449,OnePlus,Model_1449,Smartphone,4G
1450,Samsung,Model_1450,Smartphone,5G
1451,OnePlus,Model_1451,Smartphone,4G
1452,Xiaomi,Model_1452,Smartphone,5G
1453,OnePlus,Model_1453,Smartphone,4G
1454,Apple,Model_1454,Smartphone,4G
1455,OnePlus,Model_1455,Smartphone,5G
1456,Apple,Model_1456,Smartphone,5G
1457,Apple,Model_1457,Smartphone,5G
1458,Apple,Model_1458,Smartphone,5G
1459,Samsung,Model_1459,Smartphone,4G
1460,OnePlus,Model_1460,Smartphone,5G
1461,Apple,Model_1461,Smartphone,5G
1462,OnePlus,Model_1462,Smartphone,4G
1463,Apple,Model_1463,Smartphone,5G
1464,Xiaomi,Model_1464,Smartphone,4G
1465,Apple,Model_1465,Smartphone,4G
1466,Samsung,Model_1466,Smartphone,4G
1467,OnePlus,Model_1467,Smartphone,5G
1468,Xiaomi,Model_1468,Smartphone,4G
1469,Xiaomi,Model_1469,Smartphone,4G
1470,OnePlus,Model_1470,Smartphone,4G
1471,Apple,Model_1471,Smartphone,5G
1472,Apple,Model_1472,Smartphone,5G
1473,Xiaomi,Model_1473,Smartphone,4G
1474,OnePlus,Model_1474,Smartphone,5G
1475,Apple,Model_1475,Smartphone,4G
1476,Xiaomi,Model_1476,Smartphone,5G
1477,Samsung,Model_1477,Smartphone,4G
1478,OnePlus,Model_1478,Smartphone,4G
1479,Samsung,Model_1479,Smartphone,5G
1480,OnePlus,Model_1480,Smartphone,4G
1481,Apple,Model_1481,Smartphone,4G
1482,Samsung,Model_1482,Smartphone,4G
1483,Samsung,Model_1483,Smartphone,5G
1484,OnePlus,Model_1484,Smartphone,4G
1485,Samsung,Model_1485,Smartphone,4G
1486,Apple,Model_1486,Smartphone,4G
1487,Xiaomi,Model_1487,Smartphone,4G
1488,Xiaomi,Model_1488,Smartphone,5G
1489,Xiaomi,Model_1489,Smartphone,5G
1490,OnePlus,Model_1490,Smartphone,4G
1491,Samsung,Model_1491,Smartphone,5G
1492,OnePlus,Model_1492,Smartphone,5G
1493,Xiaomi,Model_1493,Smartphone,5G
1494,Samsung,Model_1494,Smartphone,5G
1495,OnePlus,Model_1495,Smartphone,5G
1496,OnePlus,Model_1496,Smartphone,4G
1497,Xiaomi,Model_1497,Smartphone,4G
1498,Samsung,Model_1498,Smartphone,4G
1499,Xiaomi,Model_1499,Smartphone,5G
1500,Xiaomi,Model_1500,Smartphone,4G
1501,Xiaomi,Model_1501,Smartphone,5G
1502,Apple,Model_1502,Smartphone,5G
1503,Apple,Model_1503,Smartphone,4G
1504,Apple,Model_1504,Smartphone,5G
1505,Samsung,Model_1505,Smartphone,4G
1506,Samsung,Model_1506,Smartphone,4G
1507,Samsung,Model_1507,Smartphone,4G
1508,Apple,Model_1508,Smartphone,5G
1509,Samsung,Model_1509,Smartphone,5G
1510,Xiaomi,Model_1510,Smartphone,5G
1511,Samsung,Model_1511,Smartphone,4G
1512,Samsung,Model_1512,Smartphone,5G
1513,Xiaomi,Model_1513,Smartphone,5G
1514,OnePlus,Model_1514,Smartphone,5G
1515,Samsung,Model_1515,Smartphone,5G
1516,Samsung,Model_1516,Smartphone,4G
1517,OnePlus,Model_1517,Smartphone,5G
1518,OnePlus,Model_1518,Smartphone,4G
1519,Apple,Model_1519,Smartphone,5G
1520,Apple,Model_1520,Smartphone,4G
1521,Samsung,Model_1521,Smartphone,4G
1522,Apple,Model_1522,Smartphone,5G
1523,OnePlus,Model_1523,Smartphone,5G
1524,Samsung,Model_1524,Smartphone,5G
1525,Samsung,Model_1525,Smartphone,4G
1526,Xiaomi,Model_1526,Smartphone,5G
1527,OnePlus,Model_1527,Smartphone,5G
1528,Xiaomi,Model_1528,Smartphone,5G
1529,Samsung,Model_1529,Smartphone,5G
1530,Apple,Model_1530,Smartphone,5G
1531,OnePlus,Model_1531,Smartphone,4G
1532,Samsung,Model_1532,Smartphone,4G
1533,Xiaomi,Model_1533,Smartphone,4G
1534,Apple,Model_1534,Smartphone,4G
1535,Xiaomi,Model_1535,Smartphone,5G
1536,Samsung,Model_1536,Smartphone,4G
1537,OnePlus,Model_1537,Smartphone,5G
1538,OnePlus,Model_1538,Smartphone,5G
1539,OnePlus,Model_1539,Smartphone,5G
1540,Xiaomi,Model_1540,Smartphone,4G
1541,Xiaomi,Model_1541,Smartphone,5G
1542,Apple,Model_1542,Smartphone,4G
1543,OnePlus,Model_1543,Smartphone,4G
1544,Xiaomi,Model_1544,Smartphone,5G
1545,OnePlus,Model_1545,Smartphone,5G
1546,Apple,Model_1546,Smartphone,4G
1547,Apple,Model_1547,Smartphone,5G
1548,Xiaomi,Model_1548,Smartphone,4G
1549,Xiaomi,Model_1549,Smartphone,4G
1550,Apple,Model_1550,Smartphone,4G
1551,OnePlus,Model_1551,Smartphone,4G
1552,Samsung,Model_1552,Smartphone,4G
1553,Samsung,Model_1553,Smartphone,5G
1554,Apple,Model_1554,Smartphone,5G
1555,Samsung,Model_1555,Smartphone,4G
1556,OnePlus,Model_1556,Smartphone,4G
1557,Xiaomi,Model_1557,Smartphone,4G
1558,OnePlus,Model_1558,Smartphone,5G
1559,OnePlus,Model_1559,Smartphone,5G
1560,Samsung,Model_1560,Smartphone,4G
1561,Xiaomi,Model_1561,Smartphone,5G
1562,Xiaomi,Model_1562,Smartphone,4G
1563,Xiaomi,Model_1563,Smartphone,5G
1564,Apple,Model_1564,Smartphone,5G
1565,Samsung,Model_1565,Smartphone,5G
1566,OnePlus,Model_1566,Smartphone,5G
1567,Apple,Model_1567,Smartphone,4G
1568,Xiaomi,Model_1568,Smartphone,5G
1569,Samsung,Model_1569,Smartphone,4G
1570,OnePlus,Model_1570,Smartphone,5G
1571,OnePlus,Model_1571,Smartphone,4G
1572,Samsung,Model_1572,Smartphone,5G
1573,Xiaomi,Model_1573,Smartphone,5G
1574,Apple,Model_1574,Smartphone,5G
1575,Samsung,Model_1575,Smartphone,5G
1576,Xiaomi,Model_1576,Smartphone,4G
1577,Samsung,Model_1577,Smartphone,5G
1578,Apple,Model_1578,Smartphone,4G
1579,OnePlus,Model_1579,Smartphone,5G
1580,OnePlus,Model_1580,Smartphone,4G
1581,OnePlus,Model_1581,Smartphone,5G
1582,Xiaomi,Model_1582,Smartphone,4G
1583,Samsung,Model_1583,Smartphone,5G
1584,Samsung,Model_1584,Smartphone,4G
1585,Apple,Model_1585,Smartphone,5G
1586,Apple,Model_1586,Smartphone,5G
1587,Apple,Model_1587,Smartphone,5G
1588,Apple,Model_1588,Smartphone,5G
1589,Samsung,Model_1589,Smartphone,5G
1590,Xiaomi,Model_1590,Smartphone,4G
1591,Samsung,Model_1591,Smartphone,5G
1592,OnePlus,Model_1592,Smartphone,4G
1593,OnePlus,Model_1593,Smartphone,5G
1594,Apple,Model_1594,Smartphone,5G
1595,Samsung,Model_1595,Smartphone,5G
1596,Xiaomi,Model_1596,Smartphone,5G
1597,OnePlus,Model_1597,Smartphone,5G
1598,Samsung,Model_1598,Smartphone,5G
1599,Samsung,Model_1599,Smartphone,4G
1600,Apple,Model_1600,Smartphone,5G
1601,OnePlus,Model_1601,Smartphone,5G
1602,Xiaomi,Model_1602,Smartphone,5G
1603,Samsung,Model_1603,Smartphone,5G
1604,Samsung,Model_1604,Smartphone,4G
1605,OnePlus,Model_1605,Smartphone,5G
1606,Samsung,Model_1606,Smartphone,5G
1607,Apple,Model_1607,Smartphone,5G
1608,Samsung,Model_1608,Smartphone,5G
1609,Samsung,Model_1609,Smartphone,5G
1610,Apple,Model_1610,Smartphone,4G
1611,Samsung,Model_1611,Smartphone,4G
1612,OnePlus,Model_1612,Smartphone,4G
1613,Samsung,Model_1613,Smartphone,5G
1614,Samsung,Model_1614,Smartphone,4G
1615,Apple,Model_1615,Smartphone,4G
1616,Apple,Model_1616,Smartphone,4G
1617,Xiaomi,Model_1617,Smartphone,5G
1618,Samsung,Model_1618,Smartphone,5G
1619,Apple,Model_1619,Smartphone,4G
1620,Samsung,Model_1620,Smartphone,5G
1621,Apple,Model_1621,Smartphone,4G
1622,Samsung,Model_1622,Smartphone,4G
1623,OnePlus,Model_1623,Smartphone,5G
1624,Samsung,Model_1624,Smartphone,4G
1625,Samsung,Model_1625,Smartphone,4G
1626,OnePlus,Model_1626,Smartphone,5G
1627,Samsung,Model_1627,Smartphone,4G
1628,OnePlus,Model_1628,Smartphone,4G
1629,Apple,Model_1629,Smartphone,4G
1630,Apple,Model_1630,Smartphone,4G
1631,Samsung,Model_1631,Smartphone,4G
1632,OnePlus,Model_1632,Smartphone,4G
1633,Samsung,Model_1633,Smartphone,5G
1634,Apple,Model_1634,Smartphone,4G
1635,Samsung,Model_1635,Smartphone,5G
1636,OnePlus,Model_1636,Smartphone,4G
1637,Apple,Model_1637,Smartphone,4G
1638,Apple,Model_1638,Smartphone,4G
1639,Xiaomi,Model_1639,Smartphone,4G
1640,Xiaomi,Model_1640,Smartphone,4G
1641,Apple,Model_1641,Smartphone,5G
1642,Apple,Model_1642,Smartphone,4G
1643,OnePlus,Model_1643,Smartphone,5G
1644,Apple,Model_1644,Smartphone,4G
1645,Xiaomi,Model_1645,Smartphone,5G
1646,Samsung,Model_1646,Smartphone,4G
1647,Samsung,Model_1647,Smartphone,4G
1648,OnePlus,Model_1648,Smartphone,4G
1649,OnePlus,Model_1649,Smartphone,5G
1650,OnePlus,Model_1650,Smartphone,4G
1651,Samsung,Model_1651,Smartphone,4G
1652,Apple,Model_1652,Smartphone,4G
1653,Samsung,Model_1653,Smartphone,5G
1654,OnePlus,Model_1654,Smartphone,5G
1655,Xiaomi,Model_1655,Smartphone,5G
1656,Xiaomi,Model_1656,Smartphone,4G
1657,Xiaomi,Model_1657,Smartphone,5G
1658,Apple,Model_1658,Smartphone,5G
1659,Apple,Model_1659,Smartphone,4G
1660,Samsung,Model_1660,Smartphone,4G
1661,Xiaomi,Model_1661,Smartphone,4G
1662,Apple,Model_1662,Smartphone,4G
1663,Xiaomi,Model_1663,Smartphone,5G
1664,Apple,Model_1664,Smartphone,4G
1665,OnePlus,Model_1665,Smartphone,5G
1666,Samsung,Model_1666,Smartphone,4G
1667,Apple,Model_1667,Smartphone,5G
1668,OnePlus,Model_1668,Smartphone,4G
1669,OnePlus,Model_1669,Smartphone,4G
1670,Xiaomi,Model_1670,Smartphone,4G
1671,Apple,Model_1671,Smartphone,4G
1672,Apple,Model_1672,Smartphone,4G
1673,Samsung,Model_1673,Smartphone,5G
1674,OnePlus,Model_1674,Smartphone,5G
1675,Samsung,Model_1675,Smartphone,4G
1676,Samsung,Model_1676,Smartphone,4G
1677,Xiaomi,Model_1677,Smartphone,5G
1678,Samsung,Model_1678,Smartphone,5G
1679,Apple,Model_1679,Smartphone,4G
1680,OnePlus,Model_1680,Smartphone,4G
1681,Samsung,Model_1681,Smartphone,5G
1682,OnePlus,Model_1682,Smartphone,5G
1683,OnePlus,Model_1683,Smartphone,4G
1684,Apple,Model_1684,Smartphone,4G
1685,Apple,Model_1685,Smartphone,5G
1686,Xiaomi,Model_1686,Smartphone,5G
1687,Xiaomi,Model_1687,Smartphone,4G
1688,Apple,Model_1688,Smartphone,5G
1689,Xiaomi,Model_1689,Smartphone,5G
1690,Xiaomi,Model_1690,Smartphone,5G
1691,OnePlus,Model_1691,Smartphone,5G
1692,Xiaomi,Model_1692,Smartphone,5G
1693,Samsung,Model_1693,Smartphone,5G
1694,OnePlus,Model_1694,Smartphone,4G
1695,Xiaomi,Model_1695,Smartphone,5G
1696,OnePlus,Model_1696,Smartphone,4G
1697,Samsung,Model_1697,Smartphone,4G
1698,Xiaomi,Model_1698,Smartphone,5G
1699,Samsung,Model_1699,Smartphone,5G
1700,Xiaomi,Model_1700,Smartphone,4G
1701,Apple,Model_1701,Smartphone,4G
1702,Apple,Model_1702,Smartphone,5G
1703,Xiaomi,Model_1703,Smartphone,4G
1704,OnePlus,Model_1704,Smartphone,4G
1705,OnePlus,Model_1705,Smartphone,5G
1706,Apple,Model_1706,Smartphone,4G
1707,Samsung,Model_1707,Smartphone,4G
1708,Xiaomi,Model_1708,Smartphone,4G
1709,Apple,Model_1709,Smartphone,4G
1710,Xiaomi,Model_1710,Smartphone,4G
1711,Apple,Model_1711,Smartphone,4G
1712,Xiaomi,Model_1712,Smartphone,5G
1713,Apple,Model_1713,Smartphone,5G
1714,OnePlus,Model_1714,Smartphone,4G
1715,Apple,Model_1715,Smartphone,4G
1716,Apple,Model_1716,Smartphone,5G
1717,Samsung,Model_1717,Smartphone,4G
1718,Xiaomi,Model_1718,Smartphone,5G
1719,Samsung,Model_1719,Smartphone,5G
1720,Xiaomi,Model_1720,Smartphone,4G
1721,Xiaomi,Model_1721,Smartphone,5G
1722,Samsung,Model_1722,Smartphone,5G
1723,Apple,Model_1723,Smartphone,5G
1724,Samsung,Model_1724,Smartphone,4G
1725,Samsung,Model_1725,Smartphone,5G
1726,Xiaomi,Model_1726,Smartphone,5G
1727,Apple,Model_1727,Smartphone,5G
1728,Xiaomi,Model_1728,Smartphone,5G
1729,OnePlus,Model_1729,Smartphone,4G
1730,Xiaomi,Model_1730,Smartphone,5G
1731,Xiaomi,Model_1731,Smartphone,5G
1732,Samsung,Model_1732,Smartphone,4G
1733,OnePlus,Model_1733,Smartphone,5G
1734,Xiaomi,Model_1734,Smartphone,5G
1735,Samsung,Model_1735,Smartphone,4G
1736,Xiaomi,Model_1736,Smartphone,4G
1737,OnePlus,Model_1737,Smartphone,4G
1738,Apple,Model_1738,Smartphone,4G
1739,Samsung,Model_1739,Smartphone,4G
1740,Apple,Model_1740,Smartphone,4G
1741,Apple,Model_1741,Smartphone,4G
1742,OnePlus,Model_1742,Smartphone,4G
1743,OnePlus,Model_1743,Smartphone,5G
1744,Apple,Model_1744,Smartphone,4G
1745,Apple,Model_1745,Smartphone,5G
1746,Samsung,Model_1746,Smartphone,5G
1747,Samsung,Model_1747,Smartphone,4G
1748,Apple,Model_1748,Smartphone,4G
1749,Apple,Model_1749,Smartphone,5G
1750,Apple,Model_1750,Smartphone,4G
1751,OnePlus,Model_1751,Smartphone,5G
1752,OnePlus,Model_1752,Smartphone,4G
1753,Xiaomi,Model_1753,Smartphone,5G
1754,OnePlus,Model_1754,Smartphone,5G
1755,Apple,Model_1755,Smartphone,5G
1756,OnePlus,Model_1756,Smartphone,4G
1757,Samsung,Model_1757,Smartphone,4G
1758,Xiaomi,Model_1758,Smartphone,4G
1759,OnePlus,Model_1759,Smartphone,5G
1760,Apple,Model_1760,Smartphone,4G
1761,OnePlus,Model_1761,Smartphone,4G
1762,Samsung,Model_1762,Smartphone,4G
1763,OnePlus,Model_1763,Smartphone,5G
1764,OnePlus,Model_1764,Smartphone,5G
1765,Samsung,Model_1765,Smartphone,4G
1766,Xiaomi,Model_1766,Smartphone,4G
1767,Apple,Model_1767,Smartphone,5G
1768,Apple,Model_1768,Smartphone,4G
1769,Apple,Model_1769,Smartphone,4G
1770,Xiaomi,Model_1770,Smartphone,4G
1771,Samsung,Model_1771,Smartphone,5G
1772,Xiaomi,Model_1772,Smartphone,4G
1773,OnePlus,Model_1773,Smartphone,4G
1774,Samsung,Model_1774,Smartphone,5G
1775,OnePlus,Model_1775,Smartphone,4G
1776,Xiaomi,Model_1776,Smartphone,5G
1777,Xiaomi,Model_1777,Smartphone,5G
1778,Apple,Model_1778,Smartphone,4G
1779,Xiaomi,Model_1779,Smartphone,4G
1780,Xiaomi,Model_1780,Smartphone,4G
1781,Samsung,Model_1781,Smartphone,4G
1782,Xiaomi,Model_1782,Smartphone,4G
1783,Xiaomi,Model_1783,Smartphone,5G
1784,Samsung,Model_1784,Smartphone,5G
1785,Xiaomi,Model_1785,Smartphone,5G
1786,Xiaomi,Model_1786,Smartphone,4G
1787,OnePlus,Model_1787,Smartphone,5G
1788,Apple,Model_1788,Smartphone,5G
1789,Samsung,Model_1789,Smartphone,5G
1790,Samsung,Model_1790,Smartphone,5G
1791,Xiaomi,Model_1791,Smartphone,5G
1792,OnePlus,Model_1792,Smartphone,4G
1793,Samsung,Model_1793,Smartphone,4G
1794,Samsung,Model_1794,Smartphone,4G
1795,Apple,Model_1795,Smartphone,4G
1796,Samsung,Model_1796,Smartphone,5G
1797,Xiaomi,Model_1797,Smartphone,4G
1798,Xiaomi,Model_1798,Smartphone,5G
1799,OnePlus,Model_1799,Smartphone,4G
1800,Samsung,Model_1800,Smartphone,5G
1801,Samsung,Model_1801,Smartphone,4G
1802,Apple,Model_1802,Smartphone,4G
1803,OnePlus,Model_1803,Smartphone,5G
1804,Apple,Model_1804,Smartphone,5G
1805,OnePlus,Model_1805,Smartphone,4G
1806,Xiaomi,Model_1806,Smartphone,4G
1807,Samsung,Model_1807,Smartphone,5G
1808,Apple,Model_1808,Smartphone,5G
1809,Xiaomi,Model_1809,Smartphone,5G
1810,Samsung,Model_1810,Smartphone,4G
1811,Xiaomi,Model_1811,Smartphone,5G
1812,Samsung,Model_1812,Smartphone,5G
1813,Apple,Model_1813,Smartphone,4G
1814,OnePlus,Model_1814,Smartphone,4G
1815,OnePlus,Model_1815,Smartphone,4G
1816,Xiaomi,Model_1816,Smartphone,4G
1817,Samsung,Model_1817,Smartphone,4G
1818,OnePlus,Model_1818,Smartphone,5G
1819,Samsung,Model_1819,Smartphone,5G
1820,Apple,Model_1820,Smartphone,5G
1821,Xiaomi,Model_1821,Smartphone,5G
1822,Samsung,Model_1822,Smartphone,4G
1823,OnePlus,Model_1823,Smartphone,4G
1824,Xiaomi,Model_1824,Smartphone,5G
1825,OnePlus,Model_1825,Smartphone,5G
1826,Samsung,Model_1826,Smartphone,5G
1827,OnePlus,Model_1827,Smartphone,5G
1828,OnePlus,Model_1828,Smartphone,5G
1829,Samsung,Model_1829,Smartphone,4G
1830,Xiaomi,Model_1830,Smartphone,4G
1831,Samsung,Model_1831,Smartphone,4G
1832,Apple,Model_1832,Smartphone,4G
1833,Samsung,Model_1833,Smartphone,5G
1834,Samsung,Model_1834,Smartphone,5G
1835,OnePlus,Model_1835,Smartphone,4G
1836,Xiaomi,Model_1836,Smartphone,4G
1837,Xiaomi,Model_1837,Smartphone,4G
1838,Xiaomi,Model_1838,Smartphone,4G
1839,Samsung,Model_1839,Smartphone,4G
1840,OnePlus,Model_1840,Smartphone,4G
1841,Xiaomi,Model_1841,Smartphone,5G
1842,Apple,Model_1842,Smartphone,4G
1843,Samsung,Model_1843,Smartphone,5G
1844,OnePlus,Model_1844,Smartphone,4G
1845,Samsung,Model_1845,Smartphone,4G
1846,Apple,Model_1846,Smartphone,5G
1847,Xiaomi,Model_1847,Smartphone,5G
1848,Samsung,Model_1848,Smartphone,5G
1849,Apple,Model_1849,Smartphone,4G
1850,Apple,Model_1850,Smartphone,4G
1851,Apple,Model_1851,Smartphone,4G
1852,Samsung,Model_1852,Smartphone,4G
1853,Samsung,Model_1853,Smartphone,4G
1854,Apple,Model_1854,Smartphone,4G
1855,Xiaomi,Model_1855,Smartphone,4G
1856,Xiaomi,Model_1856,Smartphone,5G
1857,Samsung,Model_1857,Smartphone,5G
1858,Samsung,Model_1858,Smartphone,4G
1859,OnePlus,Model_1859,Smartphone,4G
1860,Apple,Model_1860,Smartphone,5G
1861,Apple,Model_1861,Smartphone,4G
1862,Apple,Model_1862,Smartphone,5G
1863,Xiaomi,Model_1863,Smartphone,5G
1864,OnePlus,Model_1864,Smartphone,4G
1865,Xiaomi,Model_1865,Smartphone,4G
1866,Samsung,Model_1866,Smartphone,5G
1867,OnePlus,Model_1867,Smartphone,5G
1868,Xiaomi,Model_1868,Smartphone,5G
1869,Samsung,Model_1869,Smartphone,5G
1870,Apple,Model_1870,Smartphone,4G
1871,Xiaomi,Model_1871,Smartphone,4G
1872,OnePlus,Model_1872,Smartphone,5G
1873,Xiaomi,Model_1873,Smartphone,5G
1874,Xiaomi,Model_1874,Smartphone,5G
1875,Apple,Model_1875,Smartphone,4G
1876,Apple,Model_1876,Smartphone,5G
1877,Xiaomi,Model_1877,Smartphone,5G
1878,Xiaomi,Model_1878,Smartphone,5G
1879,Xiaomi,Model_1879,Smartphone,5G
1880,OnePlus,Model_1880,Smartphone,4G
1881,Xiaomi,Model_1881,Smartphone,4G
1882,Apple,Model_1882,Smartphone,5G
1883,OnePlus,Model_1883,Smartphone,5G
1884,Xiaomi,Model_1884,Smartphone,5G
1885,Samsung,Model_1885,Smartphone,4G
1886,Xiaomi,Model_1886,Smartphone,4G
1887,Samsung,Model_1887,Smartphone,5G
1888,Apple,Model_1888,Smartphone,4G
1889,Samsung,Model_1889,Smartphone,4G
1890,Samsung,Model_1890,Smartphone,4G
1891,Apple,Model_1891,Smartphone,5G
1892,Samsung,Model_1892,Smartphone,5G
1893,OnePlus,Model_1893,Smartphone,5G
1894,Samsung,Model_1894,Smartphone,4G
1895,Apple,Model_1895,Smartphone,4G
1896,Apple,Model_1896,Smartphone,5G
1897,Apple,Model_1897,Smartphone,5G
1898,Xiaomi,Model_1898,Smartphone,5G
1899,Apple,Model_1899,Smartphone,4G
1900,Xiaomi,Model_1900,Smartphone,4G
1901,Samsung,Model_1901,Smartphone,4G
1902,Apple,Model_1902,Smartphone,4G
1903,Apple,Model_1903,Smartphone,4G
1904,Samsung,Model_1904,Smartphone,5G
1905,Samsung,Model_1905,Smartphone,4G
1906,OnePlus,Model_1906,Smartphone,4G
1907,OnePlus,Model_1907,Smartphone,4G
1908,Xiaomi,Model_1908,Smartphone,5G
1909,Xiaomi,Model_1909,Smartphone,4G
1910,Apple,Model_1910,Smartphone,4G
1911,Samsung,Model_1911,Smartphone,4G
1912,OnePlus,Model_1912,Smartphone,5G
1913,Samsung,Model_1913,Smartphone,4G
1914,OnePlus,Model_1914,Smartphone,5G
1915,OnePlus,Model_1915,Smartphone,5G
1916,OnePlus,Model_1916,Smartphone,5G
1917,Samsung,Model_1917,Smartphone,4G
1918,Xiaomi,Model_1918,Smartphone,5G
1919,Samsung,Model_1919,Smartphone,5G
1920,Samsung,Model_1920,Smartphone,4G
1921,Samsung,Model_1921,Smartphone,4G
1922,Xiaomi,Model_1922,Smartphone,5G
1923,Samsung,Model_1923,Smartphone,4G
1924,OnePlus,Model_1924,Smartphone,5G
1925,Xiaomi,Model_1925,Smartphone,4G
1926,Xiaomi,Model_1926,Smartphone,5G
1927,Xiaomi,Model_1927,Smartphone,4G
1928,OnePlus,Model_1928,Smartphone,4G
1929,Apple,Model_1929,Smartphone,5G
1930,Apple,Model_1930,Smartphone,4G
1931,Apple,Model_1931,Smartphone,5G
1932,Samsung,Model_1932,Smartphone,5G
1933,Xiaomi,Model_1933,Smartphone,5G
1934,Samsung,Model_1934,Smartphone,5G
1935,Samsung,Model_1935,Smartphone,5G
1936,Samsung,Model_1936,Smartphone,5G
1937,Apple,Model_1937,Smartphone,5G
1938,Xiaomi,Model_1938,Smartphone,5G
1939,Apple,Model_1939,Smartphone,5G
1940,Xiaomi,Model_1940,Smartphone,5G
1941,Xiaomi,Model_1941,Smartphone,4G
1942,Apple,Model_1942,Smartphone,4G
1943,Xiaomi,Model_1943,Smartphone,5G
1944,Apple,Model_1944,Smartphone,5G
1945,Xiaomi,Model_1945,Smartphone,5G
1946,OnePlus,Model_1946,Smartphone,5G
1947,Xiaomi,Model_1947,Smartphone,4G
1948,Xiaomi,Model_1948,Smartphone,5G
1949,Samsung,Model_1949,Smartphone,4G
1950,Xiaomi,Model_1950,Smartphone,4G
1951,Xiaomi,Model_1951,Smartphone,4G
1952,Apple,Model_1952,Smartphone,4G
1953,Apple,Model_1953,Smartphone,5G
1954,Xiaomi,Model_1954,Smartphone,5G
1955,OnePlus,Model_1955,Smartphone,4G
1956,Xiaomi,Model_1956,Smartphone,5G
1957,Samsung,Model_1957,Smartphone,5G
1958,OnePlus,Model_1958,Smartphone,4G
1959,Xiaomi,Model_1959,Smartphone,4G
1960,Samsung,Model_1960,Smartphone,5G
1961,Samsung,Model_1961,Smartphone,4G
1962,Apple,Model_1962,Smartphone,5G
1963,Xiaomi,Model_1963,Smartphone,4G
1964,Samsung,Model_1964,Smartphone,5G
1965,OnePlus,Model_1965,Smartphone,4G
1966,Samsung,Model_1966,Smartphone,5G
1967,Samsung,Model_1967,Smartphone,4G
1968,Apple,Model_1968,Smartphone,4G
1969,Samsung,Model_1969,Smartphone,4G
1970,Xiaomi,Model_1970,Smartphone,5G
1971,OnePlus,Model_1971,Smartphone,4G
1972,OnePlus,Model_1972,Smartphone,4G
1973,Apple,Model_1973,Smartphone,4G
1974,Xiaomi,Model_1974,Smartphone,5G
1975,Apple,Model_1975,Smartphone,5G
1976,Apple,Model_1976,Smartphone,5G
1977,Apple,Model_1977,Smartphone,5G
1978,Apple,Model_1978,Smartphone,5G
1979,Xiaomi,Model_1979,Smartphone,4G
1980,Samsung,Model_1980,Smartphone,4G
1981,OnePlus,Model_1981,Smartphone,5G
1982,Apple,Model_1982,Smartphone,4G
1983,Xiaomi,Model_1983,Smartphone,5G
1984,Xiaomi,Model_1984,Smartphone,5G
1985,Samsung,Model_1985,Smartphone,4G
1986,Apple,Model_1986,Smartphone,5G
1987,Samsung,Model_1987,Smartphone,5G
1988,Xiaomi,Model_1988,Smartphone,5G
1989,OnePlus,Model_1989,Smartphone,5G
1990,Apple,Model_1990,Smartphone,4G
1991,Samsung,Model_1991,Smartphone,5G
1992,Apple,Model_1992,Smartphone,4G
1993,OnePlus,Model_1993,Smartphone,4G
1994,OnePlus,Model_1994,Smartphone,4G
1995,Apple,Model_1995,Smartphone,5G
1996,Apple,Model_1996,Smartphone,5G
1997,Xiaomi,Model_1997,Smartphone,4G
1998,OnePlus,Model_1998,Smartphone,4G
1999,OnePlus,Model_1999,Smartphone,5G
2000,Samsung,Model_2000,Smartphone,5G
2001,Xiaomi,Model_2001,Smartphone,5G
2002,OnePlus,Model_2002,Smartphone,4G
2003,Samsung,Model_2003,Smartphone,4G
2004,Apple,Model_2004,Smartphone,4G
2005,Xiaomi,Model_2005,Smartphone,5G
2006,OnePlus,Model_2006,Smartphone,5G
2007,Apple,Model_2007,Smartphone,5G
2008,Apple,Model_2008,Smartphone,4G
2009,Xiaomi,Model_2009,Smartphone,5G
2010,OnePlus,Model_2010,Smartphone,5G
2011,Samsung,Model_2011,Smartphone,4G
2012,OnePlus,Model_2012,Smartphone,5G
2013,Apple,Model_2013,Smartphone,4G
2014,Xiaomi,Model_2014,Smartphone,5G
2015,OnePlus,Model_2015,Smartphone,4G
2016,Xiaomi,Model_2016,Smartphone,4G
2017,Xiaomi,Model_2017,Smartphone,4G
2018,Xiaomi,Model_2018,Smartphone,4G
2019,Xiaomi,Model_2019,Smartphone,4G
2020,Xiaomi,Model_2020,Smartphone,4G
2021,Samsung,Model_2021,Smartphone,4G
2022,OnePlus,Model_2022,Smartphone,4G
2023,Apple,Model_2023,Smartphone,4G
2024,Samsung,Model_2024,Smartphone,4G
2025,Samsung,Model_2025,Smartphone,4G
2026,Apple,Model_2026,Smartphone,5G
2027,OnePlus,Model_2027,Smartphone,4G
2028,OnePlus,Model_2028,Smartphone,4G
2029,Samsung,Model_2029,Smartphone,4G
2030,OnePlus,Model_2030,Smartphone,5G
2031,Samsung,Model_2031,Smartphone,4G
2032,Samsung,Model_2032,Smartphone,5G
2033,Apple,Model_2033,Smartphone,4G
2034,Xiaomi,Model_2034,Smartphone,5G
2035,Apple,Model_2035,Smartphone,4G
2036,Xiaomi,Model_2036,Smartphone,4G
2037,Apple,Model_2037,Smartphone,5G
2038,Apple,Model_2038,Smartphone,4G
2039,Apple,Model_2039,Smartphone,4G
2040,Xiaomi,Model_2040,Smartphone,4G
2041,Xiaomi,Model_2041,Smartphone,4G
2042,Xiaomi,Model_2042,Smartphone,5G
2043,Apple,Model_2043,Smartphone,5G
2044,Xiaomi,Model_2044,Smartphone,4G
2045,Apple,Model_2045,Smartphone,5G
2046,Xiaomi,Model_2046,Smartphone,4G
2047,OnePlus,Model_2047,Smartphone,4G
2048,Xiaomi,Model_2048,Smartphone,5G
2049,Xiaomi,Model_2049,Smartphone,4G
2050,Xiaomi,Model_2050,Smartphone,5G
2051,OnePlus,Model_2051,Smartphone,5G
2052,Apple,Model_2052,Smartphone,5G
2053,Samsung,Model_2053,Smartphone,5G
2054,OnePlus,Model_2054,Smartphone,4G
2055,Xiaomi,Model_2055,Smartphone,4G
2056,Apple,Model_2056,Smartphone,5G
2057,Xiaomi,Model_2057,Smartphone,5G
2058,OnePlus,Model_2058,Smartphone,5G
2059,OnePlus,Model_2059,Smartphone,5G
2060,OnePlus,Model_2060,Smartphone,4G
2061,OnePlus,Model_2061,Smartphone,5G
2062,Xiaomi,Model_2062,Smartphone,4G
2063,OnePlus,Model_2063,Smartphone,5G
2064,OnePlus,Model_2064,Smartphone,5G
2065,Xiaomi,Model_2065,Smartphone,4G
2066,Apple,Model_2066,Smartphone,4G
2067,Xiaomi,Model_2067,Smartphone,5G
2068,Apple,Model_2068,Smartphone,5G
2069,Xiaomi,Model_2069,Smartphone,5G
2070,Xiaomi,Model_2070,Smartphone,5G
2071,Xiaomi,Model_2071,Smartphone,4G
2072,Samsung,Model_2072,Smartphone,4G
2073,Samsung,Model_2073,Smartphone,5G
2074,Xiaomi,Model_2074,Smartphone,4G
2075,Apple,Model_2075,Smartphone,4G
2076,Samsung,Model_2076,Smartphone,5G
2077,Samsung,Model_2077,Smartphone,4G
2078,Apple,Model_2078,Smartphone,5G
2079,Xiaomi,Model_2079,Smartphone,4G
2080,OnePlus,Model_2080,Smartphone,5G
2081,OnePlus,Model_2081,Smartphone,5G
2082,OnePlus,Model_2082,Smartphone,4G
2083,Samsung,Model_2083,Smartphone,5G
2084,Xiaomi,Model_2084,Smartphone,4G
2085,Samsung,Model_2085,Smartphone,5G
2086,OnePlus,Model_2086,Smartphone,4G
2087,Xiaomi,Model_2087,Smartphone,5G
2088,OnePlus,Model_2088,Smartphone,4G
2089,Apple,Model_2089,Smartphone,4G
2090,OnePlus,Model_2090,Smartphone,5G
2091,Samsung,Model_2091,Smartphone,5G
2092,Apple,Model_2092,Smartphone,4G
2093,Xiaomi,Model_2093,Smartphone,4G
2094,Xiaomi,Model_2094,Smartphone,5G
2095,OnePlus,Model_2095,Smartphone,4G
2096,OnePlus,Model_2096,Smartphone,4G
2097,OnePlus,Model_2097,Smartphone,5G
2098,OnePlus,Model_2098,Smartphone,4G
2099,Xiaomi,Model_2099,Smartphone,4G
2100,Samsung,Model_2100,Smartphone,4G
2101,Apple,Model_2101,Smartphone,4G
2102,Apple,Model_2102,Smartphone,5G
2103,Samsung,Model_2103,Smartphone,5G
2104,OnePlus,Model_2104,Smartphone,4G
2105,Apple,Model_2105,Smartphone,4G
2106,OnePlus,Model_2106,Smartphone,5G
2107,Apple,Model_2107,Smartphone,4G
2108,OnePlus,Model_2108,Smartphone,4G
2109,OnePlus,Model_2109,Smartphone,5G
2110,Samsung,Model_2110,Smartphone,4G
2111,Xiaomi,Model_2111,Smartphone,5G
2112,Xiaomi,Model_2112,Smartphone,5G
2113,Apple,Model_2113,Smartphone,4G
2114,OnePlus,Model_2114,Smartphone,5G
2115,OnePlus,Model_2115,Smartphone,4G
2116,Xiaomi,Model_2116,Smartphone,5G
2117,Samsung,Model_2117,Smartphone,5G
2118,Apple,Model_2118,Smartphone,4G
2119,Xiaomi,Model_2119,Smartphone,5G
2120,OnePlus,Model_2120,Smartphone,5G
2121,OnePlus,Model_2121,Smartphone,4G
2122,Apple,Model_2122,Smartphone,4G
2123,OnePlus,Model_2123,Smartphone,4G
2124,OnePlus,Model_2124,Smartphone,4G
2125,Apple,Model_2125,Smartphone,4G
2126,Xiaomi,Model_2126,Smartphone,4G
2127,Apple,Model_2127,Smartphone,4G
2128,OnePlus,Model_2128,Smartphone,4G
2129,Xiaomi,Model_2129,Smartphone,4G
2130,Samsung,Model_2130,Smartphone,4G
2131,Samsung,Model_2131,Smartphone,4G
2132,Samsung,Model_2132,Smartphone,4G
2133,Samsung,Model_2133,Smartphone,4G
2134,Samsung,Model_2134,Smartphone,5G
2135,Apple,Model_2135,Smartphone,4G
2136,OnePlus,Model_2136,Smartphone,5G
2137,Apple,Model_2137,Smartphone,5G
2138,Apple,Model_2138,Smartphone,4G
2139,Xiaomi,Model_2139,Smartphone,4G
2140,Apple,Model_2140,Smartphone,4G
2141,OnePlus,Model_2141,Smartphone,5G
2142,Samsung,Model_2142,Smartphone,4G
2143,Apple,Model_2143,Smartphone,4G
2144,Apple,Model_2144,Smartphone,4G
2145,OnePlus,Model_2145,Smartphone,5G
2146,Samsung,Model_2146,Smartphone,4G
2147,Samsung,Model_2147,Smartphone,5G
2148,OnePlus,Model_2148,Smartphone,5G
2149,Xiaomi,Model_2149,Smartphone,4G
2150,Samsung,Model_2150,Smartphone,4G
2151,Samsung,Model_2151,Smartphone,4G
2152,Samsung,Model_2152,Smartphone,4G
2153,OnePlus,Model_2153,Smartphone,4G
2154,Samsung,Model_2154,Smartphone,4G
2155,Apple,Model_2155,Smartphone,4G
2156,OnePlus,Model_2156,Smartphone,4G
2157,OnePlus,Model_2157,Smartphone,4G
2158,Apple,Model_2158,Smartphone,5G
2159,Samsung,Model_2159,Smartphone,4G
2160,Samsung,Model_2160,Smartphone,4G
2161,Apple,Model_2161,Smartphone,4G
2162,Apple,Model_2162,Smartphone,5G
2163,Samsung,Model_2163,Smartphone,5G
2164,Apple,Model_2164,Smartphone,4G
2165,Xiaomi,Model_2165,Smartphone,4G
2166,Xiaomi,Model_2166,Smartphone,4G
2167,Apple,Model_2167,Smartphone,4G
2168,Apple,Model_2168,Smartphone,5G
2169,Xiaomi,Model_2169,Smartphone,4G
2170,Apple,Model_2170,Smartphone,5G
2171,OnePlus,Model_2171,Smartphone,4G
2172,OnePlus,Model_2172,Smartphone,5G
2173,Xiaomi,Model_2173,Smartphone,4G
2174,OnePlus,Model_2174,Smartphone,4G
2175,Samsung,Model_2175,Smartphone,4G
2176,Apple,Model_2176,Smartphone,4G
2177,Samsung,Model_2177,Smartphone,4G
2178,Apple,Model_2178,Smartphone,4G
2179,OnePlus,Model_2179,Smartphone,4G
2180,Samsung,Model_2180,Smartphone,5G
2181,Xiaomi,Model_2181,Smartphone,4G
2182,Apple,Model_2182,Smartphone,4G
2183,Samsung,Model_2183,Smartphone,5G
2184,OnePlus,Model_2184,Smartphone,5G
2185,OnePlus,Model_2185,Smartphone,5G
2186,Samsung,Model_2186,Smartphone,5G
2187,OnePlus,Model_2187,Smartphone,4G
2188,Xiaomi,Model_2188,Smartphone,5G
2189,Apple,Model_2189,Smartphone,4G
2190,OnePlus,Model_2190,Smartphone,4G
2191,Xiaomi,Model_2191,Smartphone,4G
2192,Apple,Model_2192,Smartphone,5G
2193,Samsung,Model_2193,Smartphone,5G
2194,Xiaomi,Model_2194,Smartphone,4G
2195,Xiaomi,Model_2195,Smartphone,5G
2196,OnePlus,Model_2196,Smartphone,4G
2197,Apple,Model_2197,Smartphone,4G
2198,Apple,Model_2198,Smartphone,5G
2199,Xiaomi,Model_2199,Smartphone,4G
2200,Samsung,Model_2200,Smartphone,4G
2201,Xiaomi,Model_2201,Smartphone,5G
2202,Samsung,Model_2202,Smartphone,4G
2203,Apple,Model_2203,Smartphone,4G
2204,Samsung,Model_2204,Smartphone,5G
2205,Xiaomi,Model_2205,Smartphone,4G
2206,Samsung,Model_2206,Smartphone,5G
2207,Samsung,Model_2207,Smartphone,5G
2208,Apple,Model_2208,Smartphone,4G
2209,Samsung,Model_2209,Smartphone,4G
2210,Xiaomi,Model_2210,Smartphone,5G
2211,Samsung,Model_2211,Smartphone,5G
2212,Apple,Model_2212,Smartphone,5G
2213,Xiaomi,Model_2213,Smartphone,5G
2214,Samsung,Model_2214,Smartphone,5G
2215,Samsung,Model_2215,Smartphone,4G
2216,OnePlus,Model_2216,Smartphone,4G
2217,Samsung,Model_2217,Smartphone,5G
2218,Samsung,Model_2218,Smartphone,4G
2219,Apple,Model_2219,Smartphone,5G
2220,Xiaomi,Model_2220,Smartphone,5G
2221,Xiaomi,Model_2221,Smartphone,5G
2222,Samsung,Model_2222,Smartphone,4G
2223,Xiaomi,Model_2223,Smartphone,4G
2224,Apple,Model_2224,Smartphone,5G
2225,Samsung,Model_2225,Smartphone,4G
2226,Apple,Model_2226,Smartphone,4G
2227,OnePlus,Model_2227,Smartphone,5G
2228,Xiaomi,Model_2228,Smartphone,5G
2229,Apple,Model_2229,Smartphone,4G
2230,Samsung,Model_2230,Smartphone,4G
2231,Apple,Model_2231,Smartphone,4G
2232,Samsung,Model_2232,Smartphone,4G
2233,Apple,Model_2233,Smartphone,5G
2234,Samsung,Model_2234,Smartphone,5G
2235,Apple,Model_2235,Smartphone,5G
2236,OnePlus,Model_2236,Smartphone,4G
2237,Samsung,Model_2237,Smartphone,5G
2238,Samsung,Model_2238,Smartphone,5G
2239,Samsung,Model_2239,Smartphone,4G
2240,Xiaomi,Model_2240,Smartphone,5G
2241,Apple,Model_2241,Smartphone,5G
2242,Samsung,Model_2242,Smartphone,5G
2243,Apple,Model_2243,Smartphone,5G
2244,OnePlus,Model_2244,Smartphone,5G
2245,Apple,Model_2245,Smartphone,5G
2246,Apple,Model_2246,Smartphone,5G
2247,Apple,Model_2247,Smartphone,5G
2248,OnePlus,Model_2248,Smartphone,5G
2249,Xiaomi,Model_2249,Smartphone,5G
2250,OnePlus,Model_2250,Smartphone,4G
2251,Samsung,Model_2251,Smartphone,4G
2252,Apple,Model_2252,Smartphone,5G
2253,Xiaomi,Model_2253,Smartphone,4G
2254,Xiaomi,Model_2254,Smartphone,5G
2255,Xiaomi,Model_2255,Smartphone,5G
2256,OnePlus,Model_2256,Smartphone,5G
2257,Samsung,Model_2257,Smartphone,5G
2258,Apple,Model_2258,Smartphone,4G
2259,Apple,Model_2259,Smartphone,5G
2260,OnePlus,Model_2260,Smartphone,5G
2261,Samsung,Model_2261,Smartphone,5G
2262,Apple,Model_2262,Smartphone,4G
2263,Samsung,Model_2263,Smartphone,5G
2264,OnePlus,Model_2264,Smartphone,4G
2265,OnePlus,Model_2265,Smartphone,5G
2266,Apple,Model_2266,Smartphone,4G
2267,Xiaomi,Model_2267,Smartphone,5G
2268,OnePlus,Model_2268,Smartphone,5G
2269,Apple,Model_2269,Smartphone,4G
2270,Apple,Model_2270,Smartphone,4G
2271,Xiaomi,Model_2271,Smartphone,4G
2272,Apple,Model_2272,Smartphone,5G
2273,OnePlus,Model_2273,Smartphone,5G
2274,Samsung,Model_2274,Smartphone,5G
2275,Samsung,Model_2275,Smartphone,4G
2276,OnePlus,Model_2276,Smartphone,5G
2277,Xiaomi,Model_2277,Smartphone,5G
2278,Xiaomi,Model_2278,Smartphone,4G
2279,OnePlus,Model_2279,Smartphone,5G
2280,Xiaomi,Model_2280,Smartphone,4G
2281,Apple,Model_2281,Smartphone,5G
2282,Xiaomi,Model_2282,Smartphone,4G
2283,Samsung,Model_2283,Smartphone,5G
2284,Samsung,Model_2284,Smartphone,4G
2285,OnePlus,Model_2285,Smartphone,5G
2286,Samsung,Model_2286,Smartphone,5G
2287,Samsung,Model_2287,Smartphone,5G
2288,Xiaomi,Model_2288,Smartphone,4G
2289,Apple,Model_2289,Smartphone,5G
2290,OnePlus,Model_2290,Smartphone,4G
2291,Apple,Model_2291,Smartphone,4G
2292,Samsung,Model_2292,Smartphone,4G
2293,Xiaomi,Model_2293,Smartphone,4G
2294,Xiaomi,Model_2294,Smartphone,4G
2295,Apple,Model_2295,Smartphone,5G
2296,Xiaomi,Model_2296,Smartphone,5G
2297,OnePlus,Model_2297,Smartphone,4G
2298,Samsung,Model_2298,Smartphone,5G
2299,Samsung,Model_2299,Smartphone,5G
2300,Xiaomi,Model_2300,Smartphone,5G
2301,Xiaomi,Model_2301,Smartphone,4G
2302,OnePlus,Model_2302,Smartphone,4G
2303,Xiaomi,Model_2303,Smartphone,5G
2304,Samsung,Model_2304,Smartphone,4G
2305,Apple,Model_2305,Smartphone,5G
2306,Samsung,Model_2306,Smartphone,5G
2307,Samsung,Model_2307,Smartphone,5G
2308,Apple,Model_2308,Smartphone,5G
2309,Apple,Model_2309,Smartphone,5G
2310,Samsung,Model_2310,Smartphone,4G
2311,Samsung,Model_2311,Smartphone,4G
2312,OnePlus,Model_2312,Smartphone,4G
2313,Samsung,Model_2313,Smartphone,5G
2314,Samsung,Model_2314,Smartphone,4G
2315,OnePlus,Model_2315,Smartphone,4G
2316,Samsung,Model_2316,Smartphone,5G
2317,Samsung,Model_2317,Smartphone,5G
2318,OnePlus,Model_2318,Smartphone,5G
2319,OnePlus,Model_2319,Smartphone,4G
2320,Samsung,Model_2320,Smartphone,4G
2321,Samsung,Model_2321,Smartphone,4G
2322,Apple,Model_2322,Smartphone,5G
2323,Xiaomi,Model_2323,Smartphone,5G
2324,OnePlus,Model_2324,Smartphone,5G
2325,Xiaomi,Model_2325,Smartphone,4G
2326,OnePlus,Model_2326,Smartphone,5G
2327,OnePlus,Model_2327,Smartphone,5G
2328,Apple,Model_2328,Smartphone,5G
2329,Apple,Model_2329,Smartphone,4G
2330,Xiaomi,Model_2330,Smartphone,5G
2331,Samsung,Model_2331,Smartphone,5G
2332,OnePlus,Model_2332,Smartphone,5G
2333,Xiaomi,Model_2333,Smartphone,4G
2334,Samsung,Model_2334,Smartphone,4G
2335,Samsung,Model_2335,Smartphone,4G
2336,OnePlus,Model_2336,Smartphone,4G
2337,Apple,Model_2337,Smartphone,5G
2338,Samsung,Model_2338,Smartphone,5G
2339,Apple,Model_2339,Smartphone,5G
2340,Xiaomi,Model_2340,Smartphone,5G
2341,OnePlus,Model_2341,Smartphone,4G
2342,Samsung,Model_2342,Smartphone,5G
2343,Xiaomi,Model_2343,Smartphone,5G
2344,OnePlus,Model_2344,Smartphone,4G
2345,Apple,Model_2345,Smartphone,4G
2346,OnePlus,Model_2346,Smartphone,5G
2347,OnePlus,Model_2347,Smartphone,5G
2348,Xiaomi,Model_2348,Smartphone,5G
2349,OnePlus,Model_2349,Smartphone,4G
2350,Samsung,Model_2350,Smartphone,4G
2351,Samsung,Model_2351,Smartphone,5G
2352,Samsung,Model_2352,Smartphone,4G
2353,Xiaomi,Model_2353,Smartphone,4G
2354,Apple,Model_2354,Smartphone,4G
2355,Apple,Model_2355,Smartphone,5G
2356,Samsung,Model_2356,Smartphone,4G
2357,Xiaomi,Model_2357,Smartphone,5G
2358,OnePlus,Model_2358,Smartphone,4G
2359,OnePlus,Model_2359,Smartphone,4G
2360,Apple,Model_2360,Smartphone,4G
2361,OnePlus,Model_2361,Smartphone,4G
2362,OnePlus,Model_2362,Smartphone,4G
2363,Apple,Model_2363,Smartphone,5G
2364,OnePlus,Model_2364,Smartphone,5G
2365,Samsung,Model_2365,Smartphone,5G
2366,Apple,Model_2366,Smartphone,4G
2367,Xiaomi,Model_2367,Smartphone,4G
2368,Apple,Model_2368,Smartphone,5G
2369,OnePlus,Model_2369,Smartphone,4G
2370,OnePlus,Model_2370,Smartphone,5G
2371,OnePlus,Model_2371,Smartphone,5G
2372,Apple,Model_2372,Smartphone,5G
2373,Xiaomi,Model_2373,Smartphone,4G
2374,Xiaomi,Model_2374,Smartphone,4G
2375,Samsung,Model_2375,Smartphone,5G
2376,Samsung,Model_2376,Smartphone,5G
2377,Apple,Model_2377,Smartphone,4G
2378,OnePlus,Model_2378,Smartphone,5G
2379,OnePlus,Model_2379,Smartphone,5G
2380,Xiaomi,Model_2380,Smartphone,5G
2381,Xiaomi,Model_2381,Smartphone,5G
2382,Apple,Model_2382,Smartphone,5G
2383,OnePlus,Model_2383,Smartphone,4G
2384,Xiaomi,Model_2384,Smartphone,5G
2385,Xiaomi,Model_2385,Smartphone,5G
2386,Xiaomi,Model_2386,Smartphone,4G
2387,OnePlus,Model_2387,Smartphone,4G
2388,OnePlus,Model_2388,Smartphone,5G
2389,OnePlus,Model_2389,Smartphone,4G
2390,OnePlus,Model_2390,Smartphone,4G
2391,Apple,Model_2391,Smartphone,5G
2392,Samsung,Model_2392,Smartphone,4G
2393,Samsung,Model_2393,Smartphone,5G
2394,Apple,Model_2394,Smartphone,5G
2395,Xiaomi,Model_2395,Smartphone,4G
2396,Apple,Model_2396,Smartphone,4G
2397,OnePlus,Model_2397,Smartphone,5G
2398,OnePlus,Model_2398,Smartphone,5G
2399,OnePlus,Model_2399,Smartphone,4G
2400,OnePlus,Model_2400,Smartphone,5G
2401,Samsung,Model_2401,Smartphone,4G
2402,Apple,Model_2402,Smartphone,4G
2403,Apple,Model_2403,Smartphone,4G
2404,OnePlus,Model_2404,Smartphone,5G
2405,Xiaomi,Model_2405,Smartphone,5G
2406,OnePlus,Model_2406,Smartphone,4G
2407,Samsung,Model_2407,Smartphone,4G
2408,Xiaomi,Model_2408,Smartphone,4G
2409,OnePlus,Model_2409,Smartphone,4G
2410,Samsung,Model_2410,Smartphone,4G
2411,OnePlus,Model_2411,Smartphone,4G
2412,OnePlus,Model_2412,Smartphone,5G
2413,Samsung,Model_2413,Smartphone,4G
2414,Samsung,Model_2414,Smartphone,4G
2415,Apple,Model_2415,Smartphone,4G
2416,OnePlus,Model_2416,Smartphone,4G
2417,Samsung,Model_2417,Smartphone,4G
2418,Apple,Model_2418,Smartphone,4G
2419,Samsung,Model_2419,Smartphone,4G
2420,OnePlus,Model_2420,Smartphone,4G
2421,Xiaomi,Model_2421,Smartphone,5G
2422,OnePlus,Model_2422,Smartphone,4G
2423,Xiaomi,Model_2423,Smartphone,5G
2424,Apple,Model_2424,Smartphone,4G
2425,Apple,Model_2425,Smartphone,5G
2426,Samsung,Model_2426,Smartphone,4G
2427,Xiaomi,Model_2427,Smartphone,5G
2428,Samsung,Model_2428,Smartphone,5G
2429,Xiaomi,Model_2429,Smartphone,5G
2430,Apple,Model_2430,Smartphone,5G
2431,Samsung,Model_2431,Smartphone,5G
2432,Apple,Model_2432,Smartphone,4G
2433,Xiaomi,Model_2433,Smartphone,4G
2434,Apple,Model_2434,Smartphone,5G
2435,Samsung,Model_2435,Smartphone,5G
2436,OnePlus,Model_2436,Smartphone,4G
2437,Apple,Model_2437,Smartphone,5G
2438,Xiaomi,Model_2438,Smartphone,5G
2439,Samsung,Model_2439,Smartphone,5G
2440,Xiaomi,Model_2440,Smartphone,4G
2441,Samsung,Model_2441,Smartphone,5G
2442,Apple,Model_2442,Smartphone,4G
2443,Xiaomi,Model_2443,Smartphone,4G
2444,Xiaomi,Model_2444,Smartphone,4G
2445,Apple,Model_2445,Smartphone,5G
2446,Apple,Model_2446,Smartphone,5G
2447,Apple,Model_2447,Smartphone,5G
2448,OnePlus,Model_2448,Smartphone,5G
2449,OnePlus,Model_2449,Smartphone,5G
2450,Samsung,Model_2450,Smartphone,5G
2451,Apple,Model_2451,Smartphone,4G
2452,OnePlus,Model_2452,Smartphone,4G
2453,Samsung,Model_2453,Smartphone,5G
2454,Apple,Model_2454,Smartphone,4G
2455,Samsung,Model_2455,Smartphone,5G
2456,Xiaomi,Model_2456,Smartphone,5G
2457,Samsung,Model_2457,Smartphone,5G
2458,Apple,Model_2458,Smartphone,5G
2459,OnePlus,Model_2459,Smartphone,4G
2460,Apple,Model_2460,Smartphone,5G
2461,Xiaomi,Model_2461,Smartphone,4G
2462,Samsung,Model_2462,Smartphone,4G
2463,Apple,Model_2463,Smartphone,4G
2464,Xiaomi,Model_2464,Smartphone,4G
2465,OnePlus,Model_2465,Smartphone,5G
2466,Apple,Model_2466,Smartphone,4G
2467,OnePlus,Model_2467,Smartphone,5G
2468,Samsung,Model_2468,Smartphone,4G
2469,Xiaomi,Model_2469,Smartphone,4G
2470,OnePlus,Model_2470,Smartphone,4G
2471,Samsung,Model_2471,Smartphone,4G
2472,OnePlus,Model_2472,Smartphone,5G
2473,OnePlus,Model_2473,Smartphone,4G
2474,Apple,Model_2474,Smartphone,4G
2475,Samsung,Model_2475,Smartphone,5G
2476,OnePlus,Model_2476,Smartphone,5G
2477,OnePlus,Model_2477,Smartphone,5G
2478,Samsung,Model_2478,Smartphone,4G
2479,Xiaomi,Model_2479,Smartphone,5G
2480,OnePlus,Model_2480,Smartphone,4G
2481,Apple,Model_2481,Smartphone,5G
2482,Apple,Model_2482,Smartphone,5G
2483,Xiaomi,Model_2483,Smartphone,4G
2484,OnePlus,Model_2484,Smartphone,5G
2485,Xiaomi,Model_2485,Smartphone,4G
2486,Samsung,Model_2486,Smartphone,4G
2487,Xiaomi,Model_2487,Smartphone,4G
2488,OnePlus,Model_2488,Smartphone,4G
2489,OnePlus,Model_2489,Smartphone,4G
2490,Samsung,Model_2490,Smartphone,4G
2491,Samsung,Model_2491,Smartphone,4G
2492,OnePlus,Model_2492,Smartphone,4G
2493,Apple,Model_2493,Smartphone,4G
2494,Apple,Model_2494,Smartphone,4G
2495,OnePlus,Model_2495,Smartphone,5G
2496,Samsung,Model_2496,Smartphone,4G
2497,Samsung,Model_2497,Smartphone,4G
2498,Samsung,Model_2498,Smartphone,5G
2499,OnePlus,Model_2499,Smartphone,5G
2500,OnePlus,Model_2500,Smartphone,5G
2501,Samsung,Model_2501,Smartphone,4G
2502,Samsung,Model_2502,Smartphone,5G
2503,Apple,Model_2503,Smartphone,4G
2504,Xiaomi,Model_2504,Smartphone,5G
2505,OnePlus,Model_2505,Smartphone,5G
2506,Apple,Model_2506,Smartphone,4G
2507,Samsung,Model_2507,Smartphone,5G
2508,Samsung,Model_2508,Smartphone,5G
2509,Samsung,Model_2509,Smartphone,5G
2510,Apple,Model_2510,Smartphone,4G
2511,OnePlus,Model_2511,Smartphone,4G
2512,Xiaomi,Model_2512,Smartphone,5G
2513,Apple,Model_2513,Smartphone,4G
2514,Apple,Model_2514,Smartphone,5G
2515,Samsung,Model_2515,Smartphone,5G
2516,Samsung,Model_2516,Smartphone,4G
2517,Apple,Model_2517,Smartphone,4G
2518,Xiaomi,Model_2518,Smartphone,4G
2519,Samsung,Model_2519,Smartphone,4G
2520,OnePlus,Model_2520,Smartphone,4G
2521,Apple,Model_2521,Smartphone,4G
2522,Apple,Model_2522,Smartphone,5G
2523,Xiaomi,Model_2523,Smartphone,5G
2524,Samsung,Model_2524,Smartphone,4G
2525,OnePlus,Model_2525,Smartphone,4G
2526,Xiaomi,Model_2526,Smartphone,5G
2527,Samsung,Model_2527,Smartphone,4G
2528,Samsung,Model_2528,Smartphone,5G
2529,Xiaomi,Model_2529,Smartphone,5G
2530,Samsung,Model_2530,Smartphone,5G
2531,Samsung,Model_2531,Smartphone,5G
2532,Samsung,Model_2532,Smartphone,4G
2533,Samsung,Model_2533,Smartphone,4G
2534,Xiaomi,Model_2534,Smartphone,4G
2535,Xiaomi,Model_2535,Smartphone,4G
2536,Apple,Model_2536,Smartphone,4G
2537,OnePlus,Model_2537,Smartphone,5G
2538,Xiaomi,Model_2538,Smartphone,5G
2539,Samsung,Model_2539,Smartphone,4G
2540,Apple,Model_2540,Smartphone,4G
2541,Samsung,Model_2541,Smartphone,5G
2542,OnePlus,Model_2542,Smartphone,5G
2543,Xiaomi,Model_2543,Smartphone,5G
2544,Xiaomi,Model_2544,Smartphone,5G
2545,Samsung,Model_2545,Smartphone,5G
2546,Apple,Model_2546,Smartphone,4G
2547,OnePlus,Model_2547,Smartphone,4G
2548,Apple,Model_2548,Smartphone,5G
2549,Samsung,Model_2549,Smartphone,5G
2550,Apple,Model_2550,Smartphone,5G
2551,Xiaomi,Model_2551,Smartphone,4G
2552,Apple,Model_2552,Smartphone,4G
2553,OnePlus,Model_2553,Smartphone,5G
2554,OnePlus,Model_2554,Smartphone,4G
2555,Apple,Model_2555,Smartphone,5G
2556,OnePlus,Model_2556,Smartphone,5G
2557,Samsung,Model_2557,Smartphone,4G
2558,Samsung,Model_2558,Smartphone,5G
2559,Xiaomi,Model_2559,Smartphone,4G
2560,Xiaomi,Model_2560,Smartphone,5G
2561,Apple,Model_2561,Smartphone,5G
2562,OnePlus,Model_2562,Smartphone,5G
2563,Xiaomi,Model_2563,Smartphone,4G
2564,Apple,Model_2564,Smartphone,5G
2565,Samsung,Model_2565,Smartphone,4G
2566,Apple,Model_2566,Smartphone,4G
2567,Xiaomi,Model_2567,Smartphone,5G
2568,OnePlus,Model_2568,Smartphone,5G
2569,Samsung,Model_2569,Smartphone,5G
2570,Samsung,Model_2570,Smartphone,5G
2571,Samsung,Model_2571,Smartphone,5G
2572,Xiaomi,Model_2572,Smartphone,5G
2573,OnePlus,Model_2573,Smartphone,5G
2574,OnePlus,Model_2574,Smartphone,4G
2575,Xiaomi,Model_2575,Smartphone,4G
2576,Xiaomi,Model_2576,Smartphone,5G
2577,Apple,Model_2577,Smartphone,4G
2578,Apple,Model_2578,Smartphone,4G
2579,Apple,Model_2579,Smartphone,4G
2580,Samsung,Model_2580,Smartphone,5G
2581,Samsung,Model_2581,Smartphone,5G
2582,OnePlus,Model_2582,Smartphone,4G
2583,Xiaomi,Model_2583,Smartphone,5G
2584,Xiaomi,Model_2584,Smartphone,5G
2585,OnePlus,Model_2585,Smartphone,4G
2586,Xiaomi,Model_2586,Smartphone,5G
2587,OnePlus,Model_2587,Smartphone,5G
2588,Samsung,Model_2588,Smartphone,4G
2589,Apple,Model_2589,Smartphone,5G
2590,Samsung,Model_2590,Smartphone,4G
2591,Xiaomi,Model_2591,Smartphone,5G
2592,Xiaomi,Model_2592,Smartphone,4G
2593,Xiaomi,Model_2593,Smartphone,5G
2594,Samsung,Model_2594,Smartphone,5G
2595,OnePlus,Model_2595,Smartphone,4G
2596,Samsung,Model_2596,Smartphone,5G
2597,Xiaomi,Model_2597,Smartphone,4G
2598,Xiaomi,Model_2598,Smartphone,5G
2599,Apple,Model_2599,Smartphone,5G
2600,Apple,Model_2600,Smartphone,5G
2601,Samsung,Model_2601,Smartphone,4G
2602,Samsung,Model_2602,Smartphone,5G
2603,Xiaomi,Model_2603,Smartphone,4G
2604,Samsung,Model_2604,Smartphone,5G
2605,OnePlus,Model_2605,Smartphone,4G
2606,Apple,Model_2606,Smartphone,4G
2607,OnePlus,Model_2607,Smartphone,4G
2608,Apple,Model_2608,Smartphone,5G
2609,Xiaomi,Model_2609,Smartphone,5G
2610,Samsung,Model_2610,Smartphone,4G
2611,OnePlus,Model_2611,Smartphone,4G
2612,OnePlus,Model_2612,Smartphone,4G
2613,Xiaomi,Model_2613,Smartphone,4G
2614,Xiaomi,Model_2614,Smartphone,4G
2615,Apple,Model_2615,Smartphone,5G
2616,Samsung,Model_2616,Smartphone,4G
2617,OnePlus,Model_2617,Smartphone,4G
2618,Samsung,Model_2618,Smartphone,4G
2619,Xiaomi,Model_2619,Smartphone,5G
2620,OnePlus,Model_2620,Smartphone,5G
2621,OnePlus,Model_2621,Smartphone,4G
2622,OnePlus,Model_2622,Smartphone,5G
2623,Apple,Model_2623,Smartphone,4G
2624,Apple,Model_2624,Smartphone,4G
2625,Apple,Model_2625,Smartphone,5G
2626,Samsung,Model_2626,Smartphone,5G
2627,Xiaomi,Model_2627,Smartphone,5G
2628,OnePlus,Model_2628,Smartphone,5G
2629,Samsung,Model_2629,Smartphone,5G
2630,OnePlus,Model_2630,Smartphone,5G
2631,Apple,Model_2631,Smartphone,5G
2632,OnePlus,Model_2632,Smartphone,5G
2633,Xiaomi,Model_2633,Smartphone,5G
2634,OnePlus,Model_2634,Smartphone,4G
2635,Apple,Model_2635,Smartphone,5G
2636,Samsung,Model_2636,Smartphone,4G
2637,Apple,Model_2637,Smartphone,5G
2638,OnePlus,Model_2638,Smartphone,4G
2639,Apple,Model_2639,Smartphone,4G
2640,OnePlus,Model_2640,Smartphone,4G
2641,OnePlus,Model_2641,Smartphone,5G
2642,Xiaomi,Model_2642,Smartphone,4G
2643,Xiaomi,Model_2643,Smartphone,5G
2644,OnePlus,Model_2644,Smartphone,5G
2645,Samsung,Model_2645,Smartphone,5G
2646,Apple,Model_2646,Smartphone,5G
2647,Samsung,Model_2647,Smartphone,4G
2648,Samsung,Model_2648,Smartphone,4G
2649,Apple,Model_2649,Smartphone,4G
2650,OnePlus,Model_2650,Smartphone,4G
2651,Xiaomi,Model_2651,Smartphone,5G
2652,Samsung,Model_2652,Smartphone,4G
2653,Apple,Model_2653,Smartphone,4G
2654,Samsung,Model_2654,Smartphone,4G
2655,Xiaomi,Model_2655,Smartphone,4G
2656,Apple,Model_2656,Smartphone,4G
2657,OnePlus,Model_2657,Smartphone,4G
2658,Apple,Model_2658,Smartphone,4G
2659,Samsung,Model_2659,Smartphone,5G
2660,Xiaomi,Model_2660,Smartphone,5G
2661,Apple,Model_2661,Smartphone,4G
2662,Apple,Model_2662,Smartphone,5G
2663,OnePlus,Model_2663,Smartphone,5G
2664,OnePlus,Model_2664,Smartphone,4G
2665,Apple,Model_2665,Smartphone,5G
2666,Samsung,Model_2666,Smartphone,5G
2667,Apple,Model_2667,Smartphone,5G
2668,Samsung,Model_2668,Smartphone,5G
2669,Samsung,Model_2669,Smartphone,4G
2670,OnePlus,Model_2670,Smartphone,5G
2671,Samsung,Model_2671,Smartphone,5G
2672,Samsung,Model_2672,Smartphone,5G
2673,Apple,Model_2673,Smartphone,5G
2674,Samsung,Model_2674,Smartphone,4G
2675,Apple,Model_2675,Smartphone,4G
2676,Samsung,Model_2676,Smartphone,4G
2677,Xiaomi,Model_2677,Smartphone,5G
2678,Apple,Model_2678,Smartphone,5G
2679,Apple,Model_2679,Smartphone,5G
2680,OnePlus,Model_2680,Smartphone,4G
2681,Samsung,Model_2681,Smartphone,5G
2682,Xiaomi,Model_2682,Smartphone,4G
2683,OnePlus,Model_2683,Smartphone,4G
2684,OnePlus,Model_2684,Smartphone,4G
2685,Apple,Model_2685,Smartphone,4G
2686,Xiaomi,Model_2686,Smartphone,4G
2687,OnePlus,Model_2687,Smartphone,5G
2688,OnePlus,Model_2688,Smartphone,4G
2689,Xiaomi,Model_2689,Smartphone,5G
2690,Xiaomi,Model_2690,Smartphone,5G
2691,Xiaomi,Model_2691,Smartphone,4G
2692,Samsung,Model_2692,Smartphone,5G
2693,Xiaomi,Model_2693,Smartphone,5G
2694,OnePlus,Model_2694,Smartphone,4G
2695,Apple,Model_2695,Smartphone,5G
2696,Samsung,Model_2696,Smartphone,4G
2697,Xiaomi,Model_2697,Smartphone,5G
2698,OnePlus,Model_2698,Smartphone,4G
2699,OnePlus,Model_2699,Smartphone,5G
2700,Xiaomi,Model_2700,Smartphone,4G
2701,OnePlus,Model_2701,Smartphone,4G
2702,Samsung,Model_2702,Smartphone,4G
2703,Apple,Model_2703,Smartphone,4G
2704,Samsung,Model_2704,Smartphone,4G
2705,Samsung,Model_2705,Smartphone,5G
2706,Samsung,Model_2706,Smartphone,4G
2707,Apple,Model_2707,Smartphone,5G
2708,Xiaomi,Model_2708,Smartphone,4G
2709,OnePlus,Model_2709,Smartphone,5G
2710,Xiaomi,Model_2710,Smartphone,4G
2711,Xiaomi,Model_2711,Smartphone,5G
2712,OnePlus,Model_2712,Smartphone,5G
2713,Xiaomi,Model_2713,Smartphone,5G
2714,Apple,Model_2714,Smartphone,5G
2715,Xiaomi,Model_2715,Smartphone,5G
2716,Apple,Model_2716,Smartphone,5G
2717,Xiaomi,Model_2717,Smartphone,5G
2718,Apple,Model_2718,Smartphone,5G
2719,OnePlus,Model_2719,Smartphone,5G
2720,OnePlus,Model_2720,Smartphone,4G
2721,Xiaomi,Model_2721,Smartphone,4G
2722,Samsung,Model_2722,Smartphone,4G
2723,Apple,Model_2723,Smartphone,4G
2724,Samsung,Model_2724,Smartphone,4G
2725,Samsung,Model_2725,Smartphone,5G
2726,OnePlus,Model_2726,Smartphone,5G
2727,Samsung,Model_2727,Smartphone,5G
2728,Xiaomi,Model_2728,Smartphone,5G
2729,Samsung,Model_2729,Smartphone,5G
2730,Apple,Model_2730,Smartphone,4G
2731,OnePlus,Model_2731,Smartphone,4G
2732,Apple,Model_2732,Smartphone,4G
2733,Apple,Model_2733,Smartphone,4G
2734,Samsung,Model_2734,Smartphone,4G
2735,Xiaomi,Model_2735,Smartphone,5G
2736,Samsung,Model_2736,Smartphone,5G
2737,Samsung,Model_2737,Smartphone,5G
2738,Samsung,Model_2738,Smartphone,4G
2739,Samsung,Model_2739,Smartphone,5G
2740,Xiaomi,Model_2740,Smartphone,4G
2741,Apple,Model_2741,Smartphone,4G
2742,Xiaomi,Model_2742,Smartphone,4G
2743,Xiaomi,Model_2743,Smartphone,4G
2744,Apple,Model_2744,Smartphone,4G
2745,Samsung,Model_2745,Smartphone,4G
2746,OnePlus,Model_2746,Smartphone,4G
2747,Samsung,Model_2747,Smartphone,5G
2748,Samsung,Model_2748,Smartphone,4G
2749,Apple,Model_2749,Smartphone,4G
2750,Xiaomi,Model_2750,Smartphone,5G
2751,Samsung,Model_2751,Smartphone,5G
2752,Samsung,Model_2752,Smartphone,4G
2753,OnePlus,Model_2753,Smartphone,5G
2754,OnePlus,Model_2754,Smartphone,5G
2755,Xiaomi,Model_2755,Smartphone,5G
2756,OnePlus,Model_2756,Smartphone,5G
2757,Xiaomi,Model_2757,Smartphone,5G
2758,OnePlus,Model_2758,Smartphone,4G
2759,Apple,Model_2759,Smartphone,4G
2760,Samsung,Model_2760,Smartphone,4G
2761,OnePlus,Model_2761,Smartphone,4G
2762,Xiaomi,Model_2762,Smartphone,5G
2763,Samsung,Model_2763,Smartphone,4G
2764,Apple,Model_2764,Smartphone,5G
2765,Samsung,Model_2765,Smartphone,5G
2766,Apple,Model_2766,Smartphone,5G
2767,OnePlus,Model_2767,Smartphone,5G
2768,Samsung,Model_2768,Smartphone,4G
2769,OnePlus,Model_2769,Smartphone,5G
2770,OnePlus,Model_2770,Smartphone,5G
2771,Samsung,Model_2771,Smartphone,4G
2772,Xiaomi,Model_2772,Smartphone,4G
2773,Samsung,Model_2773,Smartphone,4G
2774,Apple,Model_2774,Smartphone,5G
2775,Apple,Model_2775,Smartphone,4G
2776,Xiaomi,Model_2776,Smartphone,4G
2777,Xiaomi,Model_2777,Smartphone,4G
2778,Apple,Model_2778,Smartphone,5G
2779,OnePlus,Model_2779,Smartphone,4G
2780,OnePlus,Model_2780,Smartphone,5G
2781,Xiaomi,Model_2781,Smartphone,5G
2782,Samsung,Model_2782,Smartphone,4G
2783,OnePlus,Model_2783,Smartphone,5G
2784,Xiaomi,Model_2784,Smartphone,4G
2785,Xiaomi,Model_2785,Smartphone,5G
2786,OnePlus,Model_2786,Smartphone,5G
2787,Xiaomi,Model_2787,Smartphone,5G
2788,Apple,Model_2788,Smartphone,5G
2789,Samsung,Model_2789,Smartphone,4G
2790,Xiaomi,Model_2790,Smartphone,5G
2791,Xiaomi,Model_2791,Smartphone,4G
2792,OnePlus,Model_2792,Smartphone,4G
2793,OnePlus,Model_2793,Smartphone,5G
2794,Samsung,Model_2794,Smartphone,5G
2795,Apple,Model_2795,Smartphone,5G
2796,OnePlus,Model_2796,Smartphone,5G
2797,Apple,Model_2797,Smartphone,4G
2798,Apple,Model_2798,Smartphone,4G
2799,OnePlus,Model_2799,Smartphone,4G
2800,Xiaomi,Model_2800,Smartphone,5G
2801,Samsung,Model_2801,Smartphone,4G
2802,Samsung,Model_2802,Smartphone,4G
2803,Samsung,Model_2803,Smartphone,5G
2804,Apple,Model_2804,Smartphone,4G
2805,Samsung,Model_2805,Smartphone,5G
2806,Samsung,Model_2806,Smartphone,5G
2807,Samsung,Model_2807,Smartphone,5G
2808,Samsung,Model_2808,Smartphone,4G
2809,Samsung,Model_2809,Smartphone,4G
2810,Xiaomi,Model_2810,Smartphone,5G
2811,Xiaomi,Model_2811,Smartphone,5G
2812,Apple,Model_2812,Smartphone,4G
2813,Samsung,Model_2813,Smartphone,5G
2814,OnePlus,Model_2814,Smartphone,5G
2815,OnePlus,Model_2815,Smartphone,5G
2816,OnePlus,Model_2816,Smartphone,4G
2817,Apple,Model_2817,Smartphone,5G
2818,Apple,Model_2818,Smartphone,5G
2819,Xiaomi,Model_2819,Smartphone,5G
2820,Apple,Model_2820,Smartphone,5G
2821,OnePlus,Model_2821,Smartphone,4G
2822,Xiaomi,Model_2822,Smartphone,4G
2823,Samsung,Model_2823,Smartphone,4G
2824,Samsung,Model_2824,Smartphone,5G
2825,OnePlus,Model_2825,Smartphone,4G
2826,Samsung,Model_2826,Smartphone,5G
2827,Xiaomi,Model_2827,Smartphone,5G
2828,Apple,Model_2828,Smartphone,5G
2829,Apple,Model_2829,Smartphone,5G
2830,Samsung,Model_2830,Smartphone,5G
2831,Xiaomi,Model_2831,Smartphone,4G
2832,Apple,Model_2832,Smartphone,4G
2833,Apple,Model_2833,Smartphone,5G
2834,Apple,Model_2834,Smartphone,5G
2835,Samsung,Model_2835,Smartphone,4G
2836,OnePlus,Model_2836,Smartphone,4G
2837,OnePlus,Model_2837,Smartphone,5G
2838,Apple,Model_2838,Smartphone,4G
2839,Xiaomi,Model_2839,Smartphone,4G
2840,OnePlus,Model_2840,Smartphone,5G
2841,Xiaomi,Model_2841,Smartphone,4G
2842,Samsung,Model_2842,Smartphone,5G
2843,Apple,Model_2843,Smartphone,4G
2844,Xiaomi,Model_2844,Smartphone,5G
2845,Samsung,Model_2845,Smartphone,5G
2846,OnePlus,Model_2846,Smartphone,4G
2847,Samsung,Model_2847,Smartphone,4G
2848,Apple,Model_2848,Smartphone,4G
2849,OnePlus,Model_2849,Smartphone,4G
2850,OnePlus,Model_2850,Smartphone,4G
2851,Samsung,Model_2851,Smartphone,5G
2852,Samsung,Model_2852,Smartphone,5G
2853,Xiaomi,Model_2853,Smartphone,4G
2854,Xiaomi,Model_2854,Smartphone,5G
2855,Apple,Model_2855,Smartphone,5G
2856,Xiaomi,Model_2856,Smartphone,5G
2857,Xiaomi,Model_2857,Smartphone,5G
2858,OnePlus,Model_2858,Smartphone,4G
2859,Samsung,Model_2859,Smartphone,5G
2860,Samsung,Model_2860,Smartphone,5G
2861,OnePlus,Model_2861,Smartphone,5G
2862,Xiaomi,Model_2862,Smartphone,4G
2863,OnePlus,Model_2863,Smartphone,5G
2864,Xiaomi,Model_2864,Smartphone,5G
2865,Xiaomi,Model_2865,Smartphone,5G
2866,OnePlus,Model_2866,Smartphone,5G
2867,OnePlus,Model_2867,Smartphone,4G
2868,Xiaomi,Model_2868,Smartphone,5G
2869,Apple,Model_2869,Smartphone,5G
2870,Samsung,Model_2870,Smartphone,4G
2871,Xiaomi,Model_2871,Smartphone,5G
2872,OnePlus,Model_2872,Smartphone,5G
2873,OnePlus,Model_2873,Smartphone,4G
2874,Samsung,Model_2874,Smartphone,4G
2875,Xiaomi,Model_2875,Smartphone,4G
2876,Apple,Model_2876,Smartphone,4G
2877,OnePlus,Model_2877,Smartphone,4G
2878,OnePlus,Model_2878,Smartphone,4G
2879,Apple,Model_2879,Smartphone,4G
2880,Xiaomi,Model_2880,Smartphone,4G
2881,OnePlus,Model_2881,Smartphone,5G
2882,Xiaomi,Model_2882,Smartphone,5G
2883,Samsung,Model_2883,Smartphone,4G
2884,Samsung,Model_2884,Smartphone,4G
2885,Xiaomi,Model_2885,Smartphone,4G
2886,Apple,Model_2886,Smartphone,5G
2887,Xiaomi,Model_2887,Smartphone,5G
2888,OnePlus,Model_2888,Smartphone,4G
2889,Xiaomi,Model_2889,Smartphone,5G
2890,Apple,Model_2890,Smartphone,5G
2891,OnePlus,Model_2891,Smartphone,5G
2892,OnePlus,Model_2892,Smartphone,4G
2893,Xiaomi,Model_2893,Smartphone,4G
2894,Xiaomi,Model_2894,Smartphone,5G
2895,Xiaomi,Model_2895,Smartphone,4G
2896,Xiaomi,Model_2896,Smartphone,5G
2897,OnePlus,Model_2897,Smartphone,5G
2898,Apple,Model_2898,Smartphone,5G
2899,OnePlus,Model_2899,Smartphone,4G
2900,Apple,Model_2900,Smartphone,5G
2901,OnePlus,Model_2901,Smartphone,5G
2902,OnePlus,Model_2902,Smartphone,4G
2903,Xiaomi,Model_2903,Smartphone,5G
2904,Apple,Model_2904,Smartphone,5G
2905,OnePlus,Model_2905,Smartphone,5G
2906,Xiaomi,Model_2906,Smartphone,5G
2907,Xiaomi,Model_2907,Smartphone,5G
2908,OnePlus,Model_2908,Smartphone,5G
2909,OnePlus,Model_2909,Smartphone,5G
2910,Apple,Model_2910,Smartphone,4G
2911,OnePlus,Model_2911,Smartphone,5G
2912,Xiaomi,Model_2912,Smartphone,5G
2913,Samsung,Model_2913,Smartphone,4G
2914,Xiaomi,Model_2914,Smartphone,4G
2915,OnePlus,Model_2915,Smartphone,4G
2916,Apple,Model_2916,Smartphone,4G
2917,OnePlus,Model_2917,Smartphone,4G
2918,Xiaomi,Model_2918,Smartphone,5G
2919,Apple,Model_2919,Smartphone,5G
2920,OnePlus,Model_2920,Smartphone,5G
2921,Xiaomi,Model_2921,Smartphone,4G
2922,Apple,Model_2922,Smartphone,5G
2923,Xiaomi,Model_2923,Smartphone,5G
2924,Apple,Model_2924,Smartphone,5G
2925,Samsung,Model_2925,Smartphone,4G
2926,Xiaomi,Model_2926,Smartphone,4G
2927,OnePlus,Model_2927,Smartphone,4G
2928,OnePlus,Model_2928,Smartphone,4G
2929,Apple,Model_2929,Smartphone,4G
2930,Samsung,Model_2930,Smartphone,4G
2931,Xiaomi,Model_2931,Smartphone,5G
2932,Apple,Model_2932,Smartphone,4G
2933,Xiaomi,Model_2933,Smartphone,4G
2934,Xiaomi,Model_2934,Smartphone,5G
2935,Apple,Model_2935,Smartphone,4G
2936,Xiaomi,Model_2936,Smartphone,4G
2937,Apple,Model_2937,Smartphone,5G
2938,Apple,Model_2938,Smartphone,5G
2939,OnePlus,Model_2939,Smartphone,4G
2940,Xiaomi,Model_2940,Smartphone,4G
2941,Xiaomi,Model_2941,Smartphone,4G
2942,Xiaomi,Model_2942,Smartphone,4G
2943,OnePlus,Model_2943,Smartphone,5G
2944,OnePlus,Model_2944,Smartphone,4G
2945,Xiaomi,Model_2945,Smartphone,5G
2946,Xiaomi,Model_2946,Smartphone,5G
2947,OnePlus,Model_2947,Smartphone,5G
2948,Samsung,Model_2948,Smartphone,4G
2949,Apple,Model_2949,Smartphone,4G
2950,Apple,Model_2950,Smartphone,4G
2951,Xiaomi,Model_2951,Smartphone,4G
2952,Apple,Model_2952,Smartphone,5G
2953,Xiaomi,Model_2953,Smartphone,5G
2954,OnePlus,Model_2954,Smartphone,4G
2955,Samsung,Model_2955,Smartphone,4G
2956,Xiaomi,Model_2956,Smartphone,4G
2957,Xiaomi,Model_2957,Smartphone,4G
2958,OnePlus,Model_2958,Smartphone,5G
2959,OnePlus,Model_2959,Smartphone,4G
2960,OnePlus,Model_2960,Smartphone,4G
2961,Xiaomi,Model_2961,Smartphone,5G
2962,Xiaomi,Model_2962,Smartphone,5G
2963,Xiaomi,Model_2963,Smartphone,5G
2964,OnePlus,Model_2964,Smartphone,4G
2965,Xiaomi,Model_2965,Smartphone,5G
2966,Samsung,Model_2966,Smartphone,4G
2967,Apple,Model_2967,Smartphone,5G
2968,Apple,Model_2968,Smartphone,4G
2969,OnePlus,Model_2969,Smartphone,4G
2970,Xiaomi,Model_2970,Smartphone,4G
2971,Apple,Model_2971,Smartphone,4G
2972,Samsung,Model_2972,Smartphone,4G
2973,OnePlus,Model_2973,Smartphone,5G
2974,Apple,Model_2974,Smartphone,5G
2975,Samsung,Model_2975,Smartphone,4G
2976,Apple,Model_2976,Smartphone,4G
2977,Xiaomi,Model_2977,Smartphone,5G
2978,Xiaomi,Model_2978,Smartphone,5G
2979,OnePlus,Model_2979,Smartphone,5G
2980,OnePlus,Model_2980,Smartphone,5G
2981,Xiaomi,Model_2981,Smartphone,4G
2982,Apple,Model_2982,Smartphone,5G
2983,Samsung,Model_2983,Smartphone,4G
2984,OnePlus,Model_2984,Smartphone,5G
2985,Xiaomi,Model_2985,Smartphone,5G
2986,OnePlus,Model_2986,Smartphone,5G
2987,Samsung,Model_2987,Smartphone,4G
2988,OnePlus,Model_2988,Smartphone,4G
2989,Xiaomi,Model_2989,Smartphone,5G
2990,Samsung,Model_2990,Smartphone,5G
2991,OnePlus,Model_2991,Smartphone,5G
2992,OnePlus,Model_2992,Smartphone,5G
2993,OnePlus,Model_2993,Smartphone,5G
2994,Apple,Model_2994,Smartphone,4G
2995,Samsung,Model_2995,Smartphone,5G
2996,Xiaomi,Model_2996,Smartphone,5G
2997,OnePlus,Model_2997,Smartphone,4G
2998,Apple,Model_2998,Smartphone,4G
2999,Xiaomi,Model_2999,Smartphone,5G
3000,Samsung,Model_3000,Smartphone,4G
3001,Apple,Model_3001,Smartphone,4G
3002,Xiaomi,Model_3002,Smartphone,5G
3003,Apple,Model_3003,Smartphone,4G
3004,Xiaomi,Model_3004,Smartphone,5G
3005,OnePlus,Model_3005,Smartphone,5G
3006,Xiaomi,Model_3006,Smartphone,5G
3007,OnePlus,Model_3007,Smartphone,4G
3008,Xiaomi,Model_3008,Smartphone,5G
3009,Xiaomi,Model_3009,Smartphone,5G
3010,Samsung,Model_3010,Smartphone,4G
3011,Xiaomi,Model_3011,Smartphone,5G
3012,Apple,Model_3012,Smartphone,5G
3013,Xiaomi,Model_3013,Smartphone,4G
3014,Samsung,Model_3014,Smartphone,5G
3015,Apple,Model_3015,Smartphone,4G
3016,OnePlus,Model_3016,Smartphone,5G
3017,Apple,Model_3017,Smartphone,5G
3018,Xiaomi,Model_3018,Smartphone,4G
3019,Samsung,Model_3019,Smartphone,4G
3020,Apple,Model_3020,Smartphone,4G
3021,Samsung,Model_3021,Smartphone,5G
3022,Samsung,Model_3022,Smartphone,4G
3023,Xiaomi,Model_3023,Smartphone,5G
3024,Samsung,Model_3024,Smartphone,5G
3025,Samsung,Model_3025,Smartphone,4G
3026,Apple,Model_3026,Smartphone,5G
3027,Xiaomi,Model_3027,Smartphone,5G
3028,Samsung,Model_3028,Smartphone,5G
3029,Samsung,Model_3029,Smartphone,5G
3030,OnePlus,Model_3030,Smartphone,4G
3031,Xiaomi,Model_3031,Smartphone,5G
3032,OnePlus,Model_3032,Smartphone,5G
3033,Xiaomi,Model_3033,Smartphone,4G
3034,Samsung,Model_3034,Smartphone,5G
3035,Apple,Model_3035,Smartphone,5G
3036,Xiaomi,Model_3036,Smartphone,5G
3037,OnePlus,Model_3037,Smartphone,5G
3038,Xiaomi,Model_3038,Smartphone,4G
3039,OnePlus,Model_3039,Smartphone,4G
3040,Xiaomi,Model_3040,Smartphone,5G
3041,Samsung,Model_3041,Smartphone,5G
3042,Apple,Model_3042,Smartphone,5G
3043,Apple,Model_3043,Smartphone,5G
3044,Apple,Model_3044,Smartphone,5G
3045,Apple,Model_3045,Smartphone,5G
3046,Apple,Model_3046,Smartphone,5G
3047,OnePlus,Model_3047,Smartphone,4G
3048,Apple,Model_3048,Smartphone,5G
3049,Apple,Model_3049,Smartphone,4G
3050,Samsung,Model_3050,Smartphone,5G
3051,Apple,Model_3051,Smartphone,5G
3052,Samsung,Model_3052,Smartphone,5G
3053,Xiaomi,Model_3053,Smartphone,5G
3054,Samsung,Model_3054,Smartphone,5G
3055,Xiaomi,Model_3055,Smartphone,5G
3056,Xiaomi,Model_3056,Smartphone,5G
3057,Apple,Model_3057,Smartphone,4G
3058,Xiaomi,Model_3058,Smartphone,5G
3059,OnePlus,Model_3059,Smartphone,4G
3060,Apple,Model_3060,Smartphone,4G
3061,OnePlus,Model_3061,Smartphone,5G
3062,Samsung,Model_3062,Smartphone,4G
3063,Apple,Model_3063,Smartphone,4G
3064,Xiaomi,Model_3064,Smartphone,4G
3065,Apple,Model_3065,Smartphone,5G
3066,Samsung,Model_3066,Smartphone,5G
3067,OnePlus,Model_3067,Smartphone,5G
3068,Xiaomi,Model_3068,Smartphone,4G
3069,OnePlus,Model_3069,Smartphone,5G
3070,Samsung,Model_3070,Smartphone,4G
3071,Apple,Model_3071,Smartphone,5G
3072,Apple,Model_3072,Smartphone,4G
3073,Apple,Model_3073,Smartphone,5G
3074,Apple,Model_3074,Smartphone,5G
3075,OnePlus,Model_3075,Smartphone,5G
3076,Xiaomi,Model_3076,Smartphone,5G
3077,OnePlus,Model_3077,Smartphone,5G
3078,OnePlus,Model_3078,Smartphone,5G
3079,Samsung,Model_3079,Smartphone,4G
3080,Apple,Model_3080,Smartphone,4G
3081,OnePlus,Model_3081,Smartphone,5G
3082,OnePlus,Model_3082,Smartphone,5G
3083,Xiaomi,Model_3083,Smartphone,4G
3084,Samsung,Model_3084,Smartphone,4G
3085,Samsung,Model_3085,Smartphone,5G
3086,OnePlus,Model_3086,Smartphone,5G
3087,Xiaomi,Model_3087,Smartphone,5G
3088,Xiaomi,Model_3088,Smartphone,5G
3089,Apple,Model_3089,Smartphone,4G
3090,Apple,Model_3090,Smartphone,4G
3091,Xiaomi,Model_3091,Smartphone,4G
3092,Apple,Model_3092,Smartphone,4G
3093,OnePlus,Model_3093,Smartphone,4G
3094,OnePlus,Model_3094,Smartphone,5G
3095,OnePlus,Model_3095,Smartphone,5G
3096,Samsung,Model_3096,Smartphone,4G
3097,Samsung,Model_3097,Smartphone,4G
3098,OnePlus,Model_3098,Smartphone,5G
3099,Xiaomi,Model_3099,Smartphone,5G
3100,Apple,Model_3100,Smartphone,4G
3101,Apple,Model_3101,Smartphone,4G
3102,Xiaomi,Model_3102,Smartphone,5G
3103,Xiaomi,Model_3103,Smartphone,4G
3104,Apple,Model_3104,Smartphone,4G
3105,Xiaomi,Model_3105,Smartphone,4G
3106,Xiaomi,Model_3106,Smartphone,5G
3107,Samsung,Model_3107,Smartphone,5G
3108,Samsung,Model_3108,Smartphone,5G
3109,Xiaomi,Model_3109,Smartphone,5G
3110,OnePlus,Model_3110,Smartphone,5G
3111,Samsung,Model_3111,Smartphone,4G
3112,OnePlus,Model_3112,Smartphone,5G
3113,Xiaomi,Model_3113,Smartphone,5G
3114,Apple,Model_3114,Smartphone,5G
3115,Apple,Model_3115,Smartphone,4G
3116,Xiaomi,Model_3116,Smartphone,4G
3117,Apple,Model_3117,Smartphone,4G
3118,Xiaomi,Model_3118,Smartphone,5G
3119,Samsung,Model_3119,Smartphone,5G
3120,Samsung,Model_3120,Smartphone,5G
3121,Samsung,Model_3121,Smartphone,4G
3122,OnePlus,Model_3122,Smartphone,5G
3123,Apple,Model_3123,Smartphone,5G
3124,Apple,Model_3124,Smartphone,4G
3125,Apple,Model_3125,Smartphone,4G
3126,Xiaomi,Model_3126,Smartphone,4G
3127,Samsung,Model_3127,Smartphone,5G
3128,Samsung,Model_3128,Smartphone,5G
3129,OnePlus,Model_3129,Smartphone,4G
3130,Samsung,Model_3130,Smartphone,4G
3131,OnePlus,Model_3131,Smartphone,5G
3132,OnePlus,Model_3132,Smartphone,5G
3133,Samsung,Model_3133,Smartphone,5G
3134,Apple,Model_3134,Smartphone,4G
3135,Samsung,Model_3135,Smartphone,4G
3136,Apple,Model_3136,Smartphone,4G
3137,Samsung,Model_3137,Smartphone,5G
3138,Samsung,Model_3138,Smartphone,5G
3139,Samsung,Model_3139,Smartphone,4G
3140,OnePlus,Model_3140,Smartphone,4G
3141,Xiaomi,Model_3141,Smartphone,4G
3142,Samsung,Model_3142,Smartphone,5G
3143,Samsung,Model_3143,Smartphone,4G
3144,OnePlus,Model_3144,Smartphone,4G
3145,OnePlus,Model_3145,Smartphone,5G
3146,Apple,Model_3146,Smartphone,4G
3147,Samsung,Model_3147,Smartphone,5G
3148,Apple,Model_3148,Smartphone,5G
3149,Xiaomi,Model_3149,Smartphone,4G
3150,Samsung,Model_3150,Smartphone,5G
3151,Apple,Model_3151,Smartphone,5G
3152,Xiaomi,Model_3152,Smartphone,4G
3153,Xiaomi,Model_3153,Smartphone,5G
3154,OnePlus,Model_3154,Smartphone,4G
3155,Apple,Model_3155,Smartphone,5G
3156,Samsung,Model_3156,Smartphone,4G
3157,Apple,Model_3157,Smartphone,5G
3158,Samsung,Model_3158,Smartphone,5G
3159,Xiaomi,Model_3159,Smartphone,5G
3160,OnePlus,Model_3160,Smartphone,4G
3161,OnePlus,Model_3161,Smartphone,5G
3162,Apple,Model_3162,Smartphone,4G
3163,Apple,Model_3163,Smartphone,5G
3164,OnePlus,Model_3164,Smartphone,5G
3165,Samsung,Model_3165,Smartphone,4G
3166,OnePlus,Model_3166,Smartphone,4G
3167,Samsung,Model_3167,Smartphone,5G
3168,Samsung,Model_3168,Smartphone,4G
3169,OnePlus,Model_3169,Smartphone,5G
3170,OnePlus,Model_3170,Smartphone,4G
3171,Apple,Model_3171,Smartphone,5G
3172,Xiaomi,Model_3172,Smartphone,4G
3173,OnePlus,Model_3173,Smartphone,5G
3174,Apple,Model_3174,Smartphone,4G
3175,Xiaomi,Model_3175,Smartphone,4G
3176,Xiaomi,Model_3176,Smartphone,5G
3177,Apple,Model_3177,Smartphone,5G
3178,Apple,Model_3178,Smartphone,5G
3179,OnePlus,Model_3179,Smartphone,4G
3180,Xiaomi,Model_3180,Smartphone,4G
3181,Samsung,Model_3181,Smartphone,4G
3182,Xiaomi,Model_3182,Smartphone,5G
3183,Xiaomi,Model_3183,Smartphone,5G
3184,Apple,Model_3184,Smartphone,5G
3185,Xiaomi,Model_3185,Smartphone,5G
3186,OnePlus,Model_3186,Smartphone,4G
3187,OnePlus,Model_3187,Smartphone,5G
3188,OnePlus,Model_3188,Smartphone,4G
3189,OnePlus,Model_3189,Smartphone,4G
3190,OnePlus,Model_3190,Smartphone,4G
3191,Samsung,Model_3191,Smartphone,5G
3192,Samsung,Model_3192,Smartphone,4G
3193,OnePlus,Model_3193,Smartphone,5G
3194,Samsung,Model_3194,Smartphone,4G
3195,Samsung,Model_3195,Smartphone,5G
3196,Samsung,Model_3196,Smartphone,4G
3197,OnePlus,Model_3197,Smartphone,5G
3198,Xiaomi,Model_3198,Smartphone,4G
3199,Xiaomi,Model_3199,Smartphone,4G
3200,Samsung,Model_3200,Smartphone,5G
3201,Xiaomi,Model_3201,Smartphone,5G
3202,Apple,Model_3202,Smartphone,5G
3203,Apple,Model_3203,Smartphone,4G
3204,Apple,Model_3204,Smartphone,5G
3205,Apple,Model_3205,Smartphone,5G
3206,Samsung,Model_3206,Smartphone,4G
3207,Apple,Model_3207,Smartphone,4G
3208,OnePlus,Model_3208,Smartphone,4G
3209,Apple,Model_3209,Smartphone,4G
3210,Xiaomi,Model_3210,Smartphone,4G
3211,OnePlus,Model_3211,Smartphone,4G
3212,OnePlus,Model_3212,Smartphone,5G
3213,OnePlus,Model_3213,Smartphone,4G
3214,Samsung,Model_3214,Smartphone,5G
3215,Xiaomi,Model_3215,Smartphone,5G
3216,OnePlus,Model_3216,Smartphone,4G
3217,OnePlus,Model_3217,Smartphone,5G
3218,OnePlus,Model_3218,Smartphone,4G
3219,Apple,Model_3219,Smartphone,4G
3220,Xiaomi,Model_3220,Smartphone,4G
3221,OnePlus,Model_3221,Smartphone,5G
3222,OnePlus,Model_3222,Smartphone,5G
3223,Samsung,Model_3223,Smartphone,5G
3224,Xiaomi,Model_3224,Smartphone,4G
3225,Samsung,Model_3225,Smartphone,4G
3226,Apple,Model_3226,Smartphone,5G
3227,Apple,Model_3227,Smartphone,4G
3228,Xiaomi,Model_3228,Smartphone,4G
3229,Xiaomi,Model_3229,Smartphone,5G
3230,Samsung,Model_3230,Smartphone,4G
3231,Apple,Model_3231,Smartphone,5G
3232,Apple,Model_3232,Smartphone,4G
3233,Apple,Model_3233,Smartphone,5G
3234,Samsung,Model_3234,Smartphone,5G
3235,Apple,Model_3235,Smartphone,4G
3236,Xiaomi,Model_3236,Smartphone,5G
3237,OnePlus,Model_3237,Smartphone,5G
3238,OnePlus,Model_3238,Smartphone,5G
3239,Xiaomi,Model_3239,Smartphone,4G
3240,Samsung,Model_3240,Smartphone,4G
3241,OnePlus,Model_3241,Smartphone,5G
3242,Apple,Model_3242,Smartphone,4G
3243,Samsung,Model_3243,Smartphone,5G
3244,Samsung,Model_3244,Smartphone,4G
3245,OnePlus,Model_3245,Smartphone,4G
3246,Xiaomi,Model_3246,Smartphone,5G
3247,Xiaomi,Model_3247,Smartphone,5G
3248,Samsung,Model_3248,Smartphone,4G
3249,Xiaomi,Model_3249,Smartphone,4G
3250,Xiaomi,Model_3250,Smartphone,5G
3251,Samsung,Model_3251,Smartphone,4G
3252,Apple,Model_3252,Smartphone,4G
3253,OnePlus,Model_3253,Smartphone,4G
3254,OnePlus,Model_3254,Smartphone,5G
3255,Xiaomi,Model_3255,Smartphone,5G
3256,Xiaomi,Model_3256,Smartphone,4G
3257,OnePlus,Model_3257,Smartphone,5G
3258,OnePlus,Model_3258,Smartphone,4G
3259,Samsung,Model_3259,Smartphone,5G
3260,Xiaomi,Model_3260,Smartphone,4G
3261,Samsung,Model_3261,Smartphone,4G
3262,Apple,Model_3262,Smartphone,5G
3263,Apple,Model_3263,Smartphone,4G
3264,Xiaomi,Model_3264,Smartphone,4G
3265,Apple,Model_3265,Smartphone,5G
3266,OnePlus,Model_3266,Smartphone,4G
3267,Xiaomi,Model_3267,Smartphone,4G
3268,Apple,Model_3268,Smartphone,5G
3269,OnePlus,Model_3269,Smartphone,4G
3270,OnePlus,Model_3270,Smartphone,4G
3271,Apple,Model_3271,Smartphone,5G
3272,Apple,Model_3272,Smartphone,4G
3273,Samsung,Model_3273,Smartphone,4G
3274,Apple,Model_3274,Smartphone,4G
3275,Apple,Model_3275,Smartphone,5G
3276,Samsung,Model_3276,Smartphone,5G
3277,OnePlus,Model_3277,Smartphone,5G
3278,Xiaomi,Model_3278,Smartphone,4G
3279,Apple,Model_3279,Smartphone,4G
3280,Samsung,Model_3280,Smartphone,4G
3281,Samsung,Model_3281,Smartphone,4G
3282,Apple,Model_3282,Smartphone,4G
3283,OnePlus,Model_3283,Smartphone,4G
3284,Xiaomi,Model_3284,Smartphone,5G
3285,Xiaomi,Model_3285,Smartphone,4G
3286,Apple,Model_3286,Smartphone,4G
3287,Xiaomi,Model_3287,Smartphone,5G
3288,Xiaomi,Model_3288,Smartphone,4G
3289,Apple,Model_3289,Smartphone,4G
3290,Xiaomi,Model_3290,Smartphone,5G
3291,Apple,Model_3291,Smartphone,4G
3292,Xiaomi,Model_3292,Smartphone,5G
3293,OnePlus,Model_3293,Smartphone,5G
3294,Xiaomi,Model_3294,Smartphone,5G
3295,Samsung,Model_3295,Smartphone,5G
3296,OnePlus,Model_3296,Smartphone,4G
3297,Samsung,Model_3297,Smartphone,5G
3298,Apple,Model_3298,Smartphone,5G
3299,Samsung,Model_3299,Smartphone,5G
3300,Apple,Model_3300,Smartphone,5G
3301,Samsung,Model_3301,Smartphone,5G
3302,OnePlus,Model_3302,Smartphone,4G
3303,Samsung,Model_3303,Smartphone,5G
3304,Xiaomi,Model_3304,Smartphone,5G
3305,OnePlus,Model_3305,Smartphone,4G
3306,OnePlus,Model_3306,Smartphone,5G
3307,Xiaomi,Model_3307,Smartphone,5G
3308,Xiaomi,Model_3308,Smartphone,4G
3309,OnePlus,Model_3309,Smartphone,4G
3310,Apple,Model_3310,Smartphone,4G
3311,Apple,Model_3311,Smartphone,4G
3312,Apple,Model_3312,Smartphone,4G
3313,Apple,Model_3313,Smartphone,5G
3314,Samsung,Model_3314,Smartphone,5G
3315,Apple,Model_3315,Smartphone,5G
3316,Apple,Model_3316,Smartphone,5G
3317,Xiaomi,Model_3317,Smartphone,5G
3318,Apple,Model_3318,Smartphone,5G
3319,Samsung,Model_3319,Smartphone,4G
3320,OnePlus,Model_3320,Smartphone,5G
3321,Apple,Model_3321,Smartphone,5G
3322,Apple,Model_3322,Smartphone,4G
3323,Samsung,Model_3323,Smartphone,4G
3324,Xiaomi,Model_3324,Smartphone,5G
3325,OnePlus,Model_3325,Smartphone,5G
3326,Xiaomi,Model_3326,Smartphone,4G
3327,Apple,Model_3327,Smartphone,5G
3328,Xiaomi,Model_3328,Smartphone,4G
3329,OnePlus,Model_3329,Smartphone,4G
3330,OnePlus,Model_3330,Smartphone,4G
3331,OnePlus,Model_3331,Smartphone,5G
3332,Xiaomi,Model_3332,Smartphone,4G
3333,Xiaomi,Model_3333,Smartphone,5G
3334,OnePlus,Model_3334,Smartphone,5G
3335,OnePlus,Model_3335,Smartphone,5G
3336,Xiaomi,Model_3336,Smartphone,5G
3337,Apple,Model_3337,Smartphone,4G
3338,OnePlus,Model_3338,Smartphone,4G
3339,Apple,Model_3339,Smartphone,5G
3340,Apple,Model_3340,Smartphone,4G
3341,Apple,Model_3341,Smartphone,4G
3342,Xiaomi,Model_3342,Smartphone,4G
3343,Apple,Model_3343,Smartphone,4G
3344,Xiaomi,Model_3344,Smartphone,5G
3345,OnePlus,Model_3345,Smartphone,5G
3346,Xiaomi,Model_3346,Smartphone,5G
3347,Xiaomi,Model_3347,Smartphone,4G
3348,Samsung,Model_3348,Smartphone,4G
3349,Apple,Model_3349,Smartphone,5G
3350,Apple,Model_3350,Smartphone,5G
3351,Samsung,Model_3351,Smartphone,4G
3352,OnePlus,Model_3352,Smartphone,5G
3353,Samsung,Model_3353,Smartphone,5G
3354,Samsung,Model_3354,Smartphone,4G
3355,Samsung,Model_3355,Smartphone,4G
3356,Samsung,Model_3356,Smartphone,4G
3357,Xiaomi,Model_3357,Smartphone,4G
3358,Apple,Model_3358,Smartphone,4G
3359,Apple,Model_3359,Smartphone,4G
3360,OnePlus,Model_3360,Smartphone,4G
3361,OnePlus,Model_3361,Smartphone,5G
3362,Apple,Model_3362,Smartphone,4G
3363,Samsung,Model_3363,Smartphone,4G
3364,OnePlus,Model_3364,Smartphone,4G
3365,OnePlus,Model_3365,Smartphone,5G
3366,OnePlus,Model_3366,Smartphone,5G
3367,OnePlus,Model_3367,Smartphone,4G
3368,OnePlus,Model_3368,Smartphone,5G
3369,OnePlus,Model_3369,Smartphone,4G
3370,Xiaomi,Model_3370,Smartphone,5G
3371,Samsung,Model_3371,Smartphone,5G
3372,Xiaomi,Model_3372,Smartphone,5G
3373,OnePlus,Model_3373,Smartphone,4G
3374,Apple,Model_3374,Smartphone,5G
3375,Samsung,Model_3375,Smartphone,4G
3376,Samsung,Model_3376,Smartphone,4G
3377,Xiaomi,Model_3377,Smartphone,4G
3378,Apple,Model_3378,Smartphone,4G
3379,Xiaomi,Model_3379,Smartphone,4G
3380,Apple,Model_3380,Smartphone,5G
3381,Xiaomi,Model_3381,Smartphone,5G
3382,OnePlus,Model_3382,Smartphone,4G
3383,Samsung,Model_3383,Smartphone,4G
3384,OnePlus,Model_3384,Smartphone,4G
3385,Xiaomi,Model_3385,Smartphone,4G
3386,OnePlus,Model_3386,Smartphone,5G
3387,Xiaomi,Model_3387,Smartphone,4G
3388,OnePlus,Model_3388,Smartphone,4G
3389,Samsung,Model_3389,Smartphone,5G
3390,OnePlus,Model_3390,Smartphone,4G
3391,OnePlus,Model_3391,Smartphone,5G
3392,OnePlus,Model_3392,Smartphone,4G
3393,Xiaomi,Model_3393,Smartphone,5G
3394,Apple,Model_3394,Smartphone,5G
3395,Xiaomi,Model_3395,Smartphone,4G
3396,OnePlus,Model_3396,Smartphone,5G
3397,OnePlus,Model_3397,Smartphone,5G
3398,OnePlus,Model_3398,Smartphone,4G
3399,Apple,Model_3399,Smartphone,5G
3400,Xiaomi,Model_3400,Smartphone,4G
3401,Apple,Model_3401,Smartphone,5G
3402,Apple,Model_3402,Smartphone,4G
3403,Xiaomi,Model_3403,Smartphone,5G
3404,Samsung,Model_3404,Smartphone,5G
3405,OnePlus,Model_3405,Smartphone,4G
3406,Apple,Model_3406,Smartphone,4G
3407,Samsung,Model_3407,Smartphone,5G
3408,Xiaomi,Model_3408,Smartphone,5G
3409,Samsung,Model_3409,Smartphone,5G
3410,Apple,Model_3410,Smartphone,5G
3411,Apple,Model_3411,Smartphone,5G
3412,OnePlus,Model_3412,Smartphone,4G
3413,Xiaomi,Model_3413,Smartphone,5G
3414,Xiaomi,Model_3414,Smartphone,4G
3415,OnePlus,Model_3415,Smartphone,5G
3416,OnePlus,Model_3416,Smartphone,4G
3417,Xiaomi,Model_3417,Smartphone,5G
3418,Apple,Model_3418,Smartphone,4G
3419,OnePlus,Model_3419,Smartphone,5G
3420,Apple,Model_3420,Smartphone,4G
3421,OnePlus,Model_3421,Smartphone,5G
3422,Xiaomi,Model_3422,Smartphone,4G
3423,OnePlus,Model_3423,Smartphone,5G
3424,OnePlus,Model_3424,Smartphone,4G
3425,Samsung,Model_3425,Smartphone,4G
3426,Xiaomi,Model_3426,Smartphone,4G
3427,OnePlus,Model_3427,Smartphone,5G
3428,Xiaomi,Model_3428,Smartphone,4G
3429,Xiaomi,Model_3429,Smartphone,5G
3430,OnePlus,Model_3430,Smartphone,4G
3431,Samsung,Model_3431,Smartphone,5G
3432,Samsung,Model_3432,Smartphone,5G
3433,OnePlus,Model_3433,Smartphone,5G
3434,Apple,Model_3434,Smartphone,5G
3435,Apple,Model_3435,Smartphone,5G
3436,Xiaomi,Model_3436,Smartphone,4G
3437,Samsung,Model_3437,Smartphone,4G
3438,Xiaomi,Model_3438,Smartphone,5G
3439,OnePlus,Model_3439,Smartphone,5G
3440,Apple,Model_3440,Smartphone,5G
3441,Xiaomi,Model_3441,Smartphone,5G
3442,Apple,Model_3442,Smartphone,4G
3443,Apple,Model_3443,Smartphone,5G
3444,OnePlus,Model_3444,Smartphone,5G
3445,Samsung,Model_3445,Smartphone,4G
3446,Apple,Model_3446,Smartphone,4G
3447,Samsung,Model_3447,Smartphone,4G
3448,Apple,Model_3448,Smartphone,5G
3449,Samsung,Model_3449,Smartphone,4G
3450,Xiaomi,Model_3450,Smartphone,5G
3451,OnePlus,Model_3451,Smartphone,5G
3452,Apple,Model_3452,Smartphone,4G
3453,Apple,Model_3453,Smartphone,4G
3454,Apple,Model_3454,Smartphone,5G
3455,Apple,Model_3455,Smartphone,5G
3456,Samsung,Model_3456,Smartphone,4G
3457,Xiaomi,Model_3457,Smartphone,5G
3458,Xiaomi,Model_3458,Smartphone,5G
3459,Samsung,Model_3459,Smartphone,4G
3460,Xiaomi,Model_3460,Smartphone,5G
3461,OnePlus,Model_3461,Smartphone,5G
3462,Xiaomi,Model_3462,Smartphone,5G
3463,Apple,Model_3463,Smartphone,5G
3464,OnePlus,Model_3464,Smartphone,4G
3465,OnePlus,Model_3465,Smartphone,4G
3466,Samsung,Model_3466,Smartphone,5G
3467,Xiaomi,Model_3467,Smartphone,5G
3468,OnePlus,Model_3468,Smartphone,5G
3469,Samsung,Model_3469,Smartphone,4G
3470,Apple,Model_3470,Smartphone,5G
3471,OnePlus,Model_3471,Smartphone,4G
3472,Xiaomi,Model_3472,Smartphone,5G
3473,Samsung,Model_3473,Smartphone,5G
3474,Samsung,Model_3474,Smartphone,4G
3475,Samsung,Model_3475,Smartphone,5G
3476,Apple,Model_3476,Smartphone,4G
3477,OnePlus,Model_3477,Smartphone,5G
3478,OnePlus,Model_3478,Smartphone,5G
3479,OnePlus,Model_3479,Smartphone,4G
3480,Xiaomi,Model_3480,Smartphone,5G
3481,Apple,Model_3481,Smartphone,4G
3482,OnePlus,Model_3482,Smartphone,5G
3483,OnePlus,Model_3483,Smartphone,4G
3484,Apple,Model_3484,Smartphone,5G
3485,Xiaomi,Model_3485,Smartphone,5G
3486,OnePlus,Model_3486,Smartphone,5G
3487,OnePlus,Model_3487,Smartphone,4G
3488,Xiaomi,Model_3488,Smartphone,5G
3489,OnePlus,Model_3489,Smartphone,4G
3490,OnePlus,Model_3490,Smartphone,4G
3491,Xiaomi,Model_3491,Smartphone,4G
3492,OnePlus,Model_3492,Smartphone,5G
3493,Xiaomi,Model_3493,Smartphone,5G
3494,Xiaomi,Model_3494,Smartphone,4G
3495,OnePlus,Model_3495,Smartphone,4G
3496,Apple,Model_3496,Smartphone,4G
3497,Samsung,Model_3497,Smartphone,5G
3498,Samsung,Model_3498,Smartphone,4G
3499,Samsung,Model_3499,Smartphone,5G
3500,OnePlus,Model_3500,Smartphone,4G
3501,Apple,Model_3501,Smartphone,4G
3502,Apple,Model_3502,Smartphone,5G
3503,Xiaomi,Model_3503,Smartphone,5G
3504,Apple,Model_3504,Smartphone,5G
3505,Samsung,Model_3505,Smartphone,4G
3506,Samsung,Model_3506,Smartphone,4G
3507,Apple,Model_3507,Smartphone,5G
3508,Apple,Model_3508,Smartphone,5G
3509,Xiaomi,Model_3509,Smartphone,5G
3510,Apple,Model_3510,Smartphone,4G
3511,OnePlus,Model_3511,Smartphone,5G
3512,Apple,Model_3512,Smartphone,5G
3513,OnePlus,Model_3513,Smartphone,4G
3514,Samsung,Model_3514,Smartphone,4G
3515,Apple,Model_3515,Smartphone,5G
3516,Xiaomi,Model_3516,Smartphone,4G
3517,Apple,Model_3517,Smartphone,4G
3518,Apple,Model_3518,Smartphone,5G
3519,Apple,Model_3519,Smartphone,5G
3520,Samsung,Model_3520,Smartphone,4G
3521,Xiaomi,Model_3521,Smartphone,4G
3522,Xiaomi,Model_3522,Smartphone,4G
3523,Samsung,Model_3523,Smartphone,4G
3524,Samsung,Model_3524,Smartphone,4G
3525,Samsung,Model_3525,Smartphone,5G
3526,OnePlus,Model_3526,Smartphone,5G
3527,OnePlus,Model_3527,Smartphone,5G
3528,Apple,Model_3528,Smartphone,4G
3529,Xiaomi,Model_3529,Smartphone,4G
3530,Apple,Model_3530,Smartphone,4G
3531,Xiaomi,Model_3531,Smartphone,5G
3532,Samsung,Model_3532,Smartphone,4G
3533,Xiaomi,Model_3533,Smartphone,5G
3534,OnePlus,Model_3534,Smartphone,5G
3535,Apple,Model_3535,Smartphone,5G
3536,Apple,Model_3536,Smartphone,4G
3537,Samsung,Model_3537,Smartphone,4G
3538,OnePlus,Model_3538,Smartphone,4G
3539,OnePlus,Model_3539,Smartphone,4G
3540,OnePlus,Model_3540,Smartphone,5G
3541,Xiaomi,Model_3541,Smartphone,4G
3542,OnePlus,Model_3542,Smartphone,5G
3543,Xiaomi,Model_3543,Smartphone,5G
3544,OnePlus,Model_3544,Smartphone,5G
3545,Samsung,Model_3545,Smartphone,4G
3546,Xiaomi,Model_3546,Smartphone,4G
3547,Apple,Model_3547,Smartphone,5G
3548,OnePlus,Model_3548,Smartphone,4G
3549,Xiaomi,Model_3549,Smartphone,4G
3550,Apple,Model_3550,Smartphone,4G
3551,Apple,Model_3551,Smartphone,4G
3552,Xiaomi,Model_3552,Smartphone,4G
3553,Samsung,Model_3553,Smartphone,4G
3554,Apple,Model_3554,Smartphone,4G
3555,Samsung,Model_3555,Smartphone,4G
3556,Xiaomi,Model_3556,Smartphone,5G
3557,Xiaomi,Model_3557,Smartphone,5G
3558,Apple,Model_3558,Smartphone,4G
3559,OnePlus,Model_3559,Smartphone,5G
3560,Xiaomi,Model_3560,Smartphone,5G
3561,Samsung,Model_3561,Smartphone,4G
3562,Apple,Model_3562,Smartphone,5G
3563,Samsung,Model_3563,Smartphone,4G
3564,Xiaomi,Model_3564,Smartphone,5G
3565,OnePlus,Model_3565,Smartphone,4G
3566,Apple,Model_3566,Smartphone,5G
3567,Samsung,Model_3567,Smartphone,4G
3568,Samsung,Model_3568,Smartphone,4G
3569,Xiaomi,Model_3569,Smartphone,4G
3570,Samsung,Model_3570,Smartphone,5G
3571,Apple,Model_3571,Smartphone,4G
3572,Xiaomi,Model_3572,Smartphone,4G
3573,Apple,Model_3573,Smartphone,4G
3574,Xiaomi,Model_3574,Smartphone,4G
3575,Xiaomi,Model_3575,Smartphone,4G
3576,OnePlus,Model_3576,Smartphone,5G
3577,Apple,Model_3577,Smartphone,5G
3578,OnePlus,Model_3578,Smartphone,4G
3579,Xiaomi,Model_3579,Smartphone,5G
3580,Xiaomi,Model_3580,Smartphone,4G
3581,Xiaomi,Model_3581,Smartphone,5G
3582,Apple,Model_3582,Smartphone,5G
3583,OnePlus,Model_3583,Smartphone,4G
3584,OnePlus,Model_3584,Smartphone,4G
3585,Xiaomi,Model_3585,Smartphone,4G
3586,Apple,Model_3586,Smartphone,5G
3587,OnePlus,Model_3587,Smartphone,5G
3588,Samsung,Model_3588,Smartphone,5G
3589,Samsung,Model_3589,Smartphone,4G
3590,Xiaomi,Model_3590,Smartphone,4G
3591,Samsung,Model_3591,Smartphone,5G
3592,OnePlus,Model_3592,Smartphone,4G
3593,Xiaomi,Model_3593,Smartphone,5G
3594,Xiaomi,Model_3594,Smartphone,5G
3595,Samsung,Model_3595,Smartphone,4G
3596,OnePlus,Model_3596,Smartphone,5G
3597,Apple,Model_3597,Smartphone,5G
3598,Samsung,Model_3598,Smartphone,4G
3599,OnePlus,Model_3599,Smartphone,5G
3600,Apple,Model_3600,Smartphone,4G
3601,Samsung,Model_3601,Smartphone,5G
3602,Xiaomi,Model_3602,Smartphone,5G
3603,OnePlus,Model_3603,Smartphone,5G
3604,Apple,Model_3604,Smartphone,4G
3605,Samsung,Model_3605,Smartphone,4G
3606,Xiaomi,Model_3606,Smartphone,4G
3607,Apple,Model_3607,Smartphone,4G
3608,Apple,Model_3608,Smartphone,4G
3609,OnePlus,Model_3609,Smartphone,4G
3610,Samsung,Model_3610,Smartphone,4G
3611,OnePlus,Model_3611,Smartphone,4G
3612,Samsung,Model_3612,Smartphone,5G
3613,Xiaomi,Model_3613,Smartphone,5G
3614,OnePlus,Model_3614,Smartphone,5G
3615,Xiaomi,Model_3615,Smartphone,4G
3616,Apple,Model_3616,Smartphone,4G
3617,Samsung,Model_3617,Smartphone,5G
3618,Apple,Model_3618,Smartphone,5G
3619,Samsung,Model_3619,Smartphone,5G
3620,Samsung,Model_3620,Smartphone,5G
3621,Samsung,Model_3621,Smartphone,4G
3622,Samsung,Model_3622,Smartphone,5G
3623,Xiaomi,Model_3623,Smartphone,5G
3624,Samsung,Model_3624,Smartphone,4G
3625,OnePlus,Model_3625,Smartphone,5G
3626,Apple,Model_3626,Smartphone,5G
3627,Samsung,Model_3627,Smartphone,5G
3628,OnePlus,Model_3628,Smartphone,5G
3629,Samsung,Model_3629,Smartphone,5G
3630,Xiaomi,Model_3630,Smartphone,4G
3631,Apple,Model_3631,Smartphone,5G
3632,OnePlus,Model_3632,Smartphone,4G
3633,Samsung,Model_3633,Smartphone,5G
3634,OnePlus,Model_3634,Smartphone,4G
3635,OnePlus,Model_3635,Smartphone,4G
3636,OnePlus,Model_3636,Smartphone,4G
3637,OnePlus,Model_3637,Smartphone,4G
3638,OnePlus,Model_3638,Smartphone,4G
3639,OnePlus,Model_3639,Smartphone,5G
3640,Samsung,Model_3640,Smartphone,5G
3641,OnePlus,Model_3641,Smartphone,4G
3642,Samsung,Model_3642,Smartphone,5G
3643,OnePlus,Model_3643,Smartphone,4G
3644,Xiaomi,Model_3644,Smartphone,5G
3645,Apple,Model_3645,Smartphone,4G
3646,Apple,Model_3646,Smartphone,4G
3647,OnePlus,Model_3647,Smartphone,4G
3648,Xiaomi,Model_3648,Smartphone,5G
3649,Apple,Model_3649,Smartphone,4G
3650,Apple,Model_3650,Smartphone,5G
3651,Samsung,Model_3651,Smartphone,4G
3652,Apple,Model_3652,Smartphone,5G
3653,Xiaomi,Model_3653,Smartphone,5G
3654,Samsung,Model_3654,Smartphone,4G
3655,OnePlus,Model_3655,Smartphone,4G
3656,Xiaomi,Model_3656,Smartphone,5G
3657,OnePlus,Model_3657,Smartphone,4G
3658,Apple,Model_3658,Smartphone,5G
3659,OnePlus,Model_3659,Smartphone,5G
3660,Xiaomi,Model_3660,Smartphone,5G
3661,Apple,Model_3661,Smartphone,5G
3662,Xiaomi,Model_3662,Smartphone,5G
3663,Samsung,Model_3663,Smartphone,5G
3664,Apple,Model_3664,Smartphone,5G
3665,Samsung,Model_3665,Smartphone,4G
3666,OnePlus,Model_3666,Smartphone,5G
3667,Xiaomi,Model_3667,Smartphone,4G
3668,Samsung,Model_3668,Smartphone,4G
3669,Apple,Model_3669,Smartphone,4G
3670,Apple,Model_3670,Smartphone,4G
3671,Samsung,Model_3671,Smartphone,5G
3672,Apple,Model_3672,Smartphone,4G
3673,Samsung,Model_3673,Smartphone,5G
3674,OnePlus,Model_3674,Smartphone,4G
3675,Xiaomi,Model_3675,Smartphone,5G
3676,Apple,Model_3676,Smartphone,5G
3677,OnePlus,Model_3677,Smartphone,5G
3678,OnePlus,Model_3678,Smartphone,4G
3679,OnePlus,Model_3679,Smartphone,4G
3680,Apple,Model_3680,Smartphone,4G
3681,Xiaomi,Model_3681,Smartphone,5G
3682,Xiaomi,Model_3682,Smartphone,4G
3683,Apple,Model_3683,Smartphone,5G
3684,Samsung,Model_3684,Smartphone,5G
3685,Apple,Model_3685,Smartphone,4G
3686,Apple,Model_3686,Smartphone,5G
3687,Apple,Model_3687,Smartphone,4G
3688,OnePlus,Model_3688,Smartphone,4G
3689,Xiaomi,Model_3689,Smartphone,5G
3690,Apple,Model_3690,Smartphone,4G
3691,OnePlus,Model_3691,Smartphone,5G
3692,Xiaomi,Model_3692,Smartphone,4G
3693,Samsung,Model_3693,Smartphone,5G
3694,Apple,Model_3694,Smartphone,5G
3695,Xiaomi,Model_3695,Smartphone,4G
3696,Samsung,Model_3696,Smartphone,4G
3697,Samsung,Model_3697,Smartphone,5G
3698,Apple,Model_3698,Smartphone,4G
3699,Apple,Model_3699,Smartphone,4G
3700,Apple,Model_3700,Smartphone,5G
3701,Xiaomi,Model_3701,Smartphone,4G
3702,Apple,Model_3702,Smartphone,4G
3703,Xiaomi,Model_3703,Smartphone,4G
3704,Xiaomi,Model_3704,Smartphone,5G
3705,OnePlus,Model_3705,Smartphone,4G
3706,Xiaomi,Model_3706,Smartphone,5G
3707,Apple,Model_3707,Smartphone,4G
3708,Samsung,Model_3708,Smartphone,5G
3709,Samsung,Model_3709,Smartphone,4G
3710,Xiaomi,Model_3710,Smartphone,5G
3711,OnePlus,Model_3711,Smartphone,4G
3712,Xiaomi,Model_3712,Smartphone,4G
3713,Xiaomi,Model_3713,Smartphone,4G
3714,Xiaomi,Model_3714,Smartphone,5G
3715,Samsung,Model_3715,Smartphone,5G
3716,Apple,Model_3716,Smartphone,4G
3717,OnePlus,Model_3717,Smartphone,4G
3718,Xiaomi,Model_3718,Smartphone,5G
3719,Apple,Model_3719,Smartphone,5G
3720,OnePlus,Model_3720,Smartphone,4G
3721,Samsung,Model_3721,Smartphone,4G
3722,OnePlus,Model_3722,Smartphone,4G
3723,OnePlus,Model_3723,Smartphone,5G
3724,Samsung,Model_3724,Smartphone,4G
3725,Apple,Model_3725,Smartphone,4G
3726,OnePlus,Model_3726,Smartphone,4G
3727,OnePlus,Model_3727,Smartphone,4G
3728,Apple,Model_3728,Smartphone,5G
3729,Samsung,Model_3729,Smartphone,4G
3730,Xiaomi,Model_3730,Smartphone,5G
3731,Apple,Model_3731,Smartphone,5G
3732,Samsung,Model_3732,Smartphone,4G
3733,OnePlus,Model_3733,Smartphone,5G
3734,Xiaomi,Model_3734,Smartphone,5G
3735,Samsung,Model_3735,Smartphone,5G
3736,OnePlus,Model_3736,Smartphone,5G
3737,Xiaomi,Model_3737,Smartphone,5G
3738,OnePlus,Model_3738,Smartphone,4G
3739,Apple,Model_3739,Smartphone,4G
3740,Apple,Model_3740,Smartphone,4G
3741,Xiaomi,Model_3741,Smartphone,4G
3742,Apple,Model_3742,Smartphone,5G
3743,Samsung,Model_3743,Smartphone,4G
3744,Apple,Model_3744,Smartphone,4G
3745,Samsung,Model_3745,Smartphone,5G
3746,Apple,Model_3746,Smartphone,5G
3747,Apple,Model_3747,Smartphone,4G
3748,Xiaomi,Model_3748,Smartphone,5G
3749,Apple,Model_3749,Smartphone,5G
3750,Xiaomi,Model_3750,Smartphone,4G
3751,Apple,Model_3751,Smartphone,5G
3752,Samsung,Model_3752,Smartphone,4G
3753,Apple,Model_3753,Smartphone,5G
3754,Xiaomi,Model_3754,Smartphone,5G
3755,Apple,Model_3755,Smartphone,4G
3756,Xiaomi,Model_3756,Smartphone,4G
3757,Xiaomi,Model_3757,Smartphone,4G
3758,Apple,Model_3758,Smartphone,4G
3759,Xiaomi,Model_3759,Smartphone,4G
3760,OnePlus,Model_3760,Smartphone,4G
3761,OnePlus,Model_3761,Smartphone,4G
3762,Apple,Model_3762,Smartphone,4G
3763,OnePlus,Model_3763,Smartphone,4G
3764,Samsung,Model_3764,Smartphone,5G
3765,OnePlus,Model_3765,Smartphone,4G
3766,Apple,Model_3766,Smartphone,4G
3767,Apple,Model_3767,Smartphone,5G
3768,Samsung,Model_3768,Smartphone,5G
3769,Xiaomi,Model_3769,Smartphone,5G
3770,OnePlus,Model_3770,Smartphone,5G
3771,Xiaomi,Model_3771,Smartphone,4G
3772,Samsung,Model_3772,Smartphone,5G
3773,Samsung,Model_3773,Smartphone,4G
3774,OnePlus,Model_3774,Smartphone,5G
3775,OnePlus,Model_3775,Smartphone,4G
3776,Apple,Model_3776,Smartphone,5G
3777,Samsung,Model_3777,Smartphone,5G
3778,Apple,Model_3778,Smartphone,5G
3779,OnePlus,Model_3779,Smartphone,5G
3780,OnePlus,Model_3780,Smartphone,5G
3781,OnePlus,Model_3781,Smartphone,5G
3782,Samsung,Model_3782,Smartphone,5G
3783,Xiaomi,Model_3783,Smartphone,4G
3784,OnePlus,Model_3784,Smartphone,4G
3785,OnePlus,Model_3785,Smartphone,5G
3786,OnePlus,Model_3786,Smartphone,5G
3787,Samsung,Model_3787,Smartphone,5G
3788,Xiaomi,Model_3788,Smartphone,4G
3789,OnePlus,Model_3789,Smartphone,4G
3790,Apple,Model_3790,Smartphone,5G
3791,Apple,Model_3791,Smartphone,4G
3792,Samsung,Model_3792,Smartphone,5G
3793,Xiaomi,Model_3793,Smartphone,4G
3794,Samsung,Model_3794,Smartphone,4G
3795,OnePlus,Model_3795,Smartphone,5G
3796,OnePlus,Model_3796,Smartphone,5G
3797,OnePlus,Model_3797,Smartphone,5G
3798,OnePlus,Model_3798,Smartphone,5G
3799,Apple,Model_3799,Smartphone,4G
3800,Xiaomi,Model_3800,Smartphone,4G
3801,Samsung,Model_3801,Smartphone,4G
3802,Xiaomi,Model_3802,Smartphone,5G
3803,Samsung,Model_3803,Smartphone,5G
3804,Apple,Model_3804,Smartphone,5G
3805,OnePlus,Model_3805,Smartphone,5G
3806,Samsung,Model_3806,Smartphone,4G
3807,Xiaomi,Model_3807,Smartphone,5G
3808,Apple,Model_3808,Smartphone,5G
3809,Apple,Model_3809,Smartphone,5G
3810,Apple,Model_3810,Smartphone,5G
3811,Xiaomi,Model_3811,Smartphone,4G
3812,Samsung,Model_3812,Smartphone,5G
3813,OnePlus,Model_3813,Smartphone,5G
3814,Apple,Model_3814,Smartphone,4G
3815,Xiaomi,Model_3815,Smartphone,4G
3816,Samsung,Model_3816,Smartphone,4G
3817,Apple,Model_3817,Smartphone,5G
3818,Apple,Model_3818,Smartphone,4G
3819,Samsung,Model_3819,Smartphone,4G
3820,Samsung,Model_3820,Smartphone,4G
3821,Xiaomi,Model_3821,Smartphone,5G
3822,Apple,Model_3822,Smartphone,5G
3823,Apple,Model_3823,Smartphone,5G
3824,Xiaomi,Model_3824,Smartphone,4G
3825,Xiaomi,Model_3825,Smartphone,5G
3826,Apple,Model_3826,Smartphone,5G
3827,OnePlus,Model_3827,Smartphone,4G
3828,Samsung,Model_3828,Smartphone,5G
3829,OnePlus,Model_3829,Smartphone,4G
3830,Apple,Model_3830,Smartphone,4G
3831,Samsung,Model_3831,Smartphone,5G
3832,Xiaomi,Model_3832,Smartphone,5G
3833,OnePlus,Model_3833,Smartphone,5G
3834,OnePlus,Model_3834,Smartphone,4G
3835,Apple,Model_3835,Smartphone,4G
3836,Xiaomi,Model_3836,Smartphone,4G
3837,Samsung,Model_3837,Smartphone,4G
3838,OnePlus,Model_3838,Smartphone,4G
3839,Samsung,Model_3839,Smartphone,5G
3840,Apple,Model_3840,Smartphone,4G
3841,Samsung,Model_3841,Smartphone,5G
3842,OnePlus,Model_3842,Smartphone,5G
3843,Samsung,Model_3843,Smartphone,4G
3844,OnePlus,Model_3844,Smartphone,5G
3845,Samsung,Model_3845,Smartphone,4G
3846,OnePlus,Model_3846,Smartphone,5G
3847,Xiaomi,Model_3847,Smartphone,4G
3848,Samsung,Model_3848,Smartphone,4G
3849,OnePlus,Model_3849,Smartphone,4G
3850,OnePlus,Model_3850,Smartphone,4G
3851,Xiaomi,Model_3851,Smartphone,5G
3852,OnePlus,Model_3852,Smartphone,4G
3853,Xiaomi,Model_3853,Smartphone,5G
3854,Apple,Model_3854,Smartphone,5G
3855,OnePlus,Model_3855,Smartphone,5G
3856,OnePlus,Model_3856,Smartphone,4G
3857,OnePlus,Model_3857,Smartphone,4G
3858,Apple,Model_3858,Smartphone,4G
3859,Xiaomi,Model_3859,Smartphone,5G
3860,OnePlus,Model_3860,Smartphone,4G
3861,Samsung,Model_3861,Smartphone,5G
3862,Xiaomi,Model_3862,Smartphone,4G
3863,Samsung,Model_3863,Smartphone,5G
3864,Apple,Model_3864,Smartphone,4G
3865,Xiaomi,Model_3865,Smartphone,4G
3866,Xiaomi,Model_3866,Smartphone,4G
3867,Apple,Model_3867,Smartphone,4G
3868,Xiaomi,Model_3868,Smartphone,5G
3869,Xiaomi,Model_3869,Smartphone,4G
3870,Xiaomi,Model_3870,Smartphone,5G
3871,Samsung,Model_3871,Smartphone,4G
3872,Apple,Model_3872,Smartphone,4G
3873,OnePlus,Model_3873,Smartphone,4G
3874,Apple,Model_3874,Smartphone,4G
3875,Xiaomi,Model_3875,Smartphone,5G
3876,Samsung,Model_3876,Smartphone,5G
3877,OnePlus,Model_3877,Smartphone,4G
3878,Xiaomi,Model_3878,Smartphone,4G
3879,Xiaomi,Model_3879,Smartphone,4G
3880,OnePlus,Model_3880,Smartphone,4G
3881,Samsung,Model_3881,Smartphone,4G
3882,Apple,Model_3882,Smartphone,5G
3883,Apple,Model_3883,Smartphone,5G
3884,Apple,Model_3884,Smartphone,5G
3885,Samsung,Model_3885,Smartphone,5G
3886,Apple,Model_3886,Smartphone,4G
3887,OnePlus,Model_3887,Smartphone,5G
3888,Xiaomi,Model_3888,Smartphone,4G
3889,OnePlus,Model_3889,Smartphone,5G
3890,Samsung,Model_3890,Smartphone,4G
3891,Samsung,Model_3891,Smartphone,5G
3892,Xiaomi,Model_3892,Smartphone,4G
3893,OnePlus,Model_3893,Smartphone,5G
3894,OnePlus,Model_3894,Smartphone,5G
3895,Apple,Model_3895,Smartphone,5G
3896,Xiaomi,Model_3896,Smartphone,5G
3897,OnePlus,Model_3897,Smartphone,5G
3898,Xiaomi,Model_3898,Smartphone,5G
3899,Xiaomi,Model_3899,Smartphone,4G
3900,Apple,Model_3900,Smartphone,5G
3901,Samsung,Model_3901,Smartphone,4G
3902,Apple,Model_3902,Smartphone,4G
3903,Apple,Model_3903,Smartphone,5G
3904,Apple,Model_3904,Smartphone,4G
3905,Xiaomi,Model_3905,Smartphone,5G
3906,Xiaomi,Model_3906,Smartphone,5G
3907,Apple,Model_3907,Smartphone,4G
3908,OnePlus,Model_3908,Smartphone,4G
3909,Apple,Model_3909,Smartphone,4G
3910,Samsung,Model_3910,Smartphone,5G
3911,Apple,Model_3911,Smartphone,4G
3912,Apple,Model_3912,Smartphone,5G
3913,Xiaomi,Model_3913,Smartphone,4G
3914,OnePlus,Model_3914,Smartphone,5G
3915,Xiaomi,Model_3915,Smartphone,4G
3916,Xiaomi,Model_3916,Smartphone,5G
3917,OnePlus,Model_3917,Smartphone,5G
3918,Samsung,Model_3918,Smartphone,4G
3919,Xiaomi,Model_3919,Smartphone,5G
3920,Apple,Model_3920,Smartphone,5G
3921,Samsung,Model_3921,Smartphone,4G
3922,Samsung,Model_3922,Smartphone,4G
3923,Xiaomi,Model_3923,Smartphone,5G
3924,Samsung,Model_3924,Smartphone,4G
3925,Samsung,Model_3925,Smartphone,4G
3926,Apple,Model_3926,Smartphone,5G
3927,Xiaomi,Model_3927,Smartphone,5G
3928,Apple,Model_3928,Smartphone,4G
3929,Samsung,Model_3929,Smartphone,4G
3930,OnePlus,Model_3930,Smartphone,4G
3931,OnePlus,Model_3931,Smartphone,5G
3932,OnePlus,Model_3932,Smartphone,5G
3933,Apple,Model_3933,Smartphone,5G
3934,Samsung,Model_3934,Smartphone,5G
3935,Apple,Model_3935,Smartphone,4G
3936,Apple,Model_3936,Smartphone,5G
3937,Apple,Model_3937,Smartphone,4G
3938,Xiaomi,Model_3938,Smartphone,4G
3939,Xiaomi,Model_3939,Smartphone,5G
3940,Samsung,Model_3940,Smartphone,5G
3941,Xiaomi,Model_3941,Smartphone,4G
3942,Xiaomi,Model_3942,Smartphone,4G
3943,Xiaomi,Model_3943,Smartphone,5G
3944,Apple,Model_3944,Smartphone,5G
3945,OnePlus,Model_3945,Smartphone,5G
3946,OnePlus,Model_3946,Smartphone,5G
3947,Apple,Model_3947,Smartphone,5G
3948,OnePlus,Model_3948,Smartphone,4G
3949,Apple,Model_3949,Smartphone,5G
3950,Samsung,Model_3950,Smartphone,5G
3951,OnePlus,Model_3951,Smartphone,4G
3952,Samsung,Model_3952,Smartphone,4G
3953,Apple,Model_3953,Smartphone,5G
3954,Apple,Model_3954,Smartphone,4G
3955,Samsung,Model_3955,Smartphone,4G
3956,OnePlus,Model_3956,Smartphone,5G
3957,Apple,Model_3957,Smartphone,4G
3958,OnePlus,Model_3958,Smartphone,4G
3959,Xiaomi,Model_3959,Smartphone,5G
3960,Xiaomi,Model_3960,Smartphone,5G
3961,Samsung,Model_3961,Smartphone,4G
3962,Samsung,Model_3962,Smartphone,5G
3963,Apple,Model_3963,Smartphone,4G
3964,Samsung,Model_3964,Smartphone,4G
3965,OnePlus,Model_3965,Smartphone,4G
3966,Samsung,Model_3966,Smartphone,4G
3967,Samsung,Model_3967,Smartphone,4G
3968,Samsung,Model_3968,Smartphone,4G
3969,Samsung,Model_3969,Smartphone,4G
3970,Xiaomi,Model_3970,Smartphone,4G
3971,Samsung,Model_3971,Smartphone,5G
3972,OnePlus,Model_3972,Smartphone,4G
3973,Xiaomi,Model_3973,Smartphone,4G
3974,Apple,Model_3974,Smartphone,4G
3975,Xiaomi,Model_3975,Smartphone,5G
3976,OnePlus,Model_3976,Smartphone,5G
3977,Xiaomi,Model_3977,Smartphone,4G
3978,Apple,Model_3978,Smartphone,5G
3979,Samsung,Model_3979,Smartphone,4G
3980,Apple,Model_3980,Smartphone,5G
3981,Apple,Model_3981,Smartphone,4G
3982,Apple,Model_3982,Smartphone,4G
3983,Apple,Model_3983,Smartphone,5G
3984,Xiaomi,Model_3984,Smartphone,5G
3985,Apple,Model_3985,Smartphone,4G
3986,Xiaomi,Model_3986,Smartphone,5G
3987,Apple,Model_3987,Smartphone,5G
3988,Samsung,Model_3988,Smartphone,5G
3989,Apple,Model_3989,Smartphone,4G
3990,OnePlus,Model_3990,Smartphone,5G
3991,Apple,Model_3991,Smartphone,4G
3992,Samsung,Model_3992,Smartphone,5G
3993,Samsung,Model_3993,Smartphone,5G
3994,Apple,Model_3994,Smartphone,4G
3995,Xiaomi,Model_3995,Smartphone,4G
3996,Samsung,Model_3996,Smartphone,4G
3997,Apple,Model_3997,Smartphone,5G
3998,OnePlus,Model_3998,Smartphone,5G
3999,OnePlus,Model_3999,Smartphone,5G
4000,Samsung,Model_4000,Smartphone,4G
4001,Apple,Model_4001,Smartphone,5G
4002,Xiaomi,Model_4002,Smartphone,5G
4003,Xiaomi,Model_4003,Smartphone,4G
4004,OnePlus,Model_4004,Smartphone,4G
4005,Apple,Model_4005,Smartphone,4G
4006,Apple,Model_4006,Smartphone,4G
4007,Xiaomi,Model_4007,Smartphone,4G
4008,Apple,Model_4008,Smartphone,4G
4009,Xiaomi,Model_4009,Smartphone,4G
4010,OnePlus,Model_4010,Smartphone,5G
4011,Xiaomi,Model_4011,Smartphone,4G
4012,OnePlus,Model_4012,Smartphone,4G
4013,Xiaomi,Model_4013,Smartphone,4G
4014,Xiaomi,Model_4014,Smartphone,5G
4015,OnePlus,Model_4015,Smartphone,4G
4016,Xiaomi,Model_4016,Smartphone,4G
4017,OnePlus,Model_4017,Smartphone,5G
4018,OnePlus,Model_4018,Smartphone,5G
4019,Apple,Model_4019,Smartphone,4G
4020,Xiaomi,Model_4020,Smartphone,5G
4021,Xiaomi,Model_4021,Smartphone,5G
4022,Xiaomi,Model_4022,Smartphone,4G
4023,Xiaomi,Model_4023,Smartphone,5G
4024,Samsung,Model_4024,Smartphone,5G
4025,Xiaomi,Model_4025,Smartphone,5G
4026,Xiaomi,Model_4026,Smartphone,4G
4027,Xiaomi,Model_4027,Smartphone,5G
4028,Apple,Model_4028,Smartphone,5G
4029,Samsung,Model_4029,Smartphone,5G
4030,OnePlus,Model_4030,Smartphone,5G
4031,Samsung,Model_4031,Smartphone,5G
4032,Apple,Model_4032,Smartphone,4G
4033,Samsung,Model_4033,Smartphone,5G
4034,OnePlus,Model_4034,Smartphone,5G
4035,OnePlus,Model_4035,Smartphone,5G
4036,OnePlus,Model_4036,Smartphone,5G
4037,Xiaomi,Model_4037,Smartphone,5G
4038,Apple,Model_4038,Smartphone,4G
4039,Xiaomi,Model_4039,Smartphone,4G
4040,OnePlus,Model_4040,Smartphone,5G
4041,OnePlus,Model_4041,Smartphone,4G
4042,Xiaomi,Model_4042,Smartphone,4G
4043,OnePlus,Model_4043,Smartphone,5G
4044,Samsung,Model_4044,Smartphone,4G
4045,Apple,Model_4045,Smartphone,5G
4046,Xiaomi,Model_4046,Smartphone,4G
4047,Xiaomi,Model_4047,Smartphone,5G
4048,Samsung,Model_4048,Smartphone,5G
4049,Apple,Model_4049,Smartphone,5G
4050,Apple,Model_4050,Smartphone,5G
4051,Xiaomi,Model_4051,Smartphone,5G
4052,Samsung,Model_4052,Smartphone,4G
4053,Xiaomi,Model_4053,Smartphone,5G
4054,Xiaomi,Model_4054,Smartphone,5G
4055,Apple,Model_4055,Smartphone,5G
4056,Samsung,Model_4056,Smartphone,4G
4057,Xiaomi,Model_4057,Smartphone,4G
4058,Xiaomi,Model_4058,Smartphone,5G
4059,Apple,Model_4059,Smartphone,5G
4060,Xiaomi,Model_4060,Smartphone,4G
4061,Apple,Model_4061,Smartphone,5G
4062,Samsung,Model_4062,Smartphone,4G
4063,Xiaomi,Model_4063,Smartphone,4G
4064,Apple,Model_4064,Smartphone,4G
4065,Xiaomi,Model_4065,Smartphone,5G
4066,Samsung,Model_4066,Smartphone,4G
4067,Xiaomi,Model_4067,Smartphone,5G
4068,Xiaomi,Model_4068,Smartphone,5G
4069,Xiaomi,Model_4069,Smartphone,5G
4070,Apple,Model_4070,Smartphone,4G
4071,OnePlus,Model_4071,Smartphone,5G
4072,OnePlus,Model_4072,Smartphone,5G
4073,Xiaomi,Model_4073,Smartphone,5G
4074,Samsung,Model_4074,Smartphone,4G
4075,Apple,Model_4075,Smartphone,4G
4076,Xiaomi,Model_4076,Smartphone,4G
4077,Xiaomi,Model_4077,Smartphone,4G
4078,Xiaomi,Model_4078,Smartphone,4G
4079,Apple,Model_4079,Smartphone,4G
4080,Xiaomi,Model_4080,Smartphone,5G
4081,Samsung,Model_4081,Smartphone,5G
4082,OnePlus,Model_4082,Smartphone,4G
4083,Samsung,Model_4083,Smartphone,4G
4084,Samsung,Model_4084,Smartphone,4G
4085,Apple,Model_4085,Smartphone,4G
4086,Samsung,Model_4086,Smartphone,4G
4087,Xiaomi,Model_4087,Smartphone,4G
4088,OnePlus,Model_4088,Smartphone,5G
4089,Samsung,Model_4089,Smartphone,5G
4090,Apple,Model_4090,Smartphone,4G
4091,Samsung,Model_4091,Smartphone,5G
4092,Apple,Model_4092,Smartphone,5G
4093,OnePlus,Model_4093,Smartphone,5G
4094,Samsung,Model_4094,Smartphone,4G
4095,Samsung,Model_4095,Smartphone,4G
4096,Apple,Model_4096,Smartphone,5G
4097,Samsung,Model_4097,Smartphone,4G
4098,OnePlus,Model_4098,Smartphone,4G
4099,Samsung,Model_4099,Smartphone,4G
4100,Apple,Model_4100,Smartphone,5G
4101,Xiaomi,Model_4101,Smartphone,5G
4102,Xiaomi,Model_4102,Smartphone,5G
4103,OnePlus,Model_4103,Smartphone,4G
4104,Apple,Model_4104,Smartphone,4G
4105,OnePlus,Model_4105,Smartphone,5G
4106,Apple,Model_4106,Smartphone,5G
4107,OnePlus,Model_4107,Smartphone,5G
4108,Apple,Model_4108,Smartphone,5G
4109,Samsung,Model_4109,Smartphone,4G
4110,Samsung,Model_4110,Smartphone,4G
4111,Samsung,Model_4111,Smartphone,5G
4112,OnePlus,Model_4112,Smartphone,5G
4113,Apple,Model_4113,Smartphone,4G
4114,Samsung,Model_4114,Smartphone,5G
4115,Xiaomi,Model_4115,Smartphone,4G
4116,Xiaomi,Model_4116,Smartphone,4G
4117,Apple,Model_4117,Smartphone,5G
4118,Xiaomi,Model_4118,Smartphone,5G
4119,Xiaomi,Model_4119,Smartphone,5G
4120,OnePlus,Model_4120,Smartphone,5G
4121,OnePlus,Model_4121,Smartphone,4G
4122,Apple,Model_4122,Smartphone,4G
4123,Samsung,Model_4123,Smartphone,4G
4124,Apple,Model_4124,Smartphone,5G
4125,OnePlus,Model_4125,Smartphone,4G
4126,OnePlus,Model_4126,Smartphone,4G
4127,Samsung,Model_4127,Smartphone,5G
4128,Samsung,Model_4128,Smartphone,4G
4129,Samsung,Model_4129,Smartphone,5G
4130,OnePlus,Model_4130,Smartphone,4G
4131,OnePlus,Model_4131,Smartphone,5G
4132,Samsung,Model_4132,Smartphone,4G
4133,Xiaomi,Model_4133,Smartphone,4G
4134,Samsung,Model_4134,Smartphone,5G
4135,Xiaomi,Model_4135,Smartphone,5G
4136,Samsung,Model_4136,Smartphone,4G
4137,OnePlus,Model_4137,Smartphone,4G
4138,Samsung,Model_4138,Smartphone,5G
4139,OnePlus,Model_4139,Smartphone,5G
4140,OnePlus,Model_4140,Smartphone,5G
4141,Apple,Model_4141,Smartphone,4G
4142,Samsung,Model_4142,Smartphone,5G
4143,Samsung,Model_4143,Smartphone,4G
4144,OnePlus,Model_4144,Smartphone,5G
4145,Xiaomi,Model_4145,Smartphone,4G
4146,Xiaomi,Model_4146,Smartphone,4G
4147,Xiaomi,Model_4147,Smartphone,5G
4148,Samsung,Model_4148,Smartphone,4G
4149,Apple,Model_4149,Smartphone,4G
4150,Xiaomi,Model_4150,Smartphone,5G
4151,Apple,Model_4151,Smartphone,4G
4152,Apple,Model_4152,Smartphone,5G
4153,Xiaomi,Model_4153,Smartphone,4G
4154,Samsung,Model_4154,Smartphone,4G
4155,Apple,Model_4155,Smartphone,5G
4156,OnePlus,Model_4156,Smartphone,5G
4157,Samsung,Model_4157,Smartphone,5G
4158,Xiaomi,Model_4158,Smartphone,4G
4159,Apple,Model_4159,Smartphone,5G
4160,OnePlus,Model_4160,Smartphone,4G
4161,OnePlus,Model_4161,Smartphone,5G
4162,Apple,Model_4162,Smartphone,5G
4163,OnePlus,Model_4163,Smartphone,5G
4164,Apple,Model_4164,Smartphone,4G
4165,Apple,Model_4165,Smartphone,5G
4166,Xiaomi,Model_4166,Smartphone,5G
4167,Samsung,Model_4167,Smartphone,5G
4168,OnePlus,Model_4168,Smartphone,5G
4169,Apple,Model_4169,Smartphone,5G
4170,OnePlus,Model_4170,Smartphone,4G
4171,Xiaomi,Model_4171,Smartphone,5G
4172,Apple,Model_4172,Smartphone,4G
4173,Apple,Model_4173,Smartphone,4G
4174,Xiaomi,Model_4174,Smartphone,5G
4175,Samsung,Model_4175,Smartphone,5G
4176,OnePlus,Model_4176,Smartphone,4G
4177,Xiaomi,Model_4177,Smartphone,5G
4178,Apple,Model_4178,Smartphone,5G
4179,OnePlus,Model_4179,Smartphone,5G
4180,Xiaomi,Model_4180,Smartphone,5G
4181,OnePlus,Model_4181,Smartphone,5G
4182,Apple,Model_4182,Smartphone,5G
4183,Apple,Model_4183,Smartphone,5G
4184,OnePlus,Model_4184,Smartphone,5G
4185,Xiaomi,Model_4185,Smartphone,4G
4186,OnePlus,Model_4186,Smartphone,4G
4187,Samsung,Model_4187,Smartphone,5G
4188,Samsung,Model_4188,Smartphone,4G
4189,Apple,Model_4189,Smartphone,5G
4190,Xiaomi,Model_4190,Smartphone,4G
4191,Xiaomi,Model_4191,Smartphone,5G
4192,OnePlus,Model_4192,Smartphone,5G
4193,Apple,Model_4193,Smartphone,4G
4194,Xiaomi,Model_4194,Smartphone,4G
4195,OnePlus,Model_4195,Smartphone,5G
4196,Samsung,Model_4196,Smartphone,5G
4197,Samsung,Model_4197,Smartphone,4G
4198,OnePlus,Model_4198,Smartphone,5G
4199,OnePlus,Model_4199,Smartphone,4G
4200,Apple,Model_4200,Smartphone,4G
4201,OnePlus,Model_4201,Smartphone,4G
4202,OnePlus,Model_4202,Smartphone,5G
4203,OnePlus,Model_4203,Smartphone,4G
4204,Apple,Model_4204,Smartphone,5G
4205,Samsung,Model_4205,Smartphone,4G
4206,Samsung,Model_4206,Smartphone,5G
4207,Xiaomi,Model_4207,Smartphone,4G
4208,Apple,Model_4208,Smartphone,5G
4209,Apple,Model_4209,Smartphone,4G
4210,Xiaomi,Model_4210,Smartphone,4G
4211,Xiaomi,Model_4211,Smartphone,5G
4212,Samsung,Model_4212,Smartphone,5G
4213,Samsung,Model_4213,Smartphone,4G
4214,OnePlus,Model_4214,Smartphone,5G
4215,Xiaomi,Model_4215,Smartphone,5G
4216,Apple,Model_4216,Smartphone,4G
4217,Samsung,Model_4217,Smartphone,4G
4218,OnePlus,Model_4218,Smartphone,5G
4219,Samsung,Model_4219,Smartphone,5G
4220,OnePlus,Model_4220,Smartphone,5G
4221,Apple,Model_4221,Smartphone,5G
4222,OnePlus,Model_4222,Smartphone,5G
4223,OnePlus,Model_4223,Smartphone,4G
4224,Apple,Model_4224,Smartphone,5G
4225,Samsung,Model_4225,Smartphone,4G
4226,Samsung,Model_4226,Smartphone,5G
4227,Xiaomi,Model_4227,Smartphone,4G
4228,Apple,Model_4228,Smartphone,5G
4229,Samsung,Model_4229,Smartphone,5G
4230,Apple,Model_4230,Smartphone,5G
4231,Xiaomi,Model_4231,Smartphone,4G
4232,Apple,Model_4232,Smartphone,4G
4233,Samsung,Model_4233,Smartphone,5G
4234,Xiaomi,Model_4234,Smartphone,5G
4235,OnePlus,Model_4235,Smartphone,5G
4236,Samsung,Model_4236,Smartphone,4G
4237,Apple,Model_4237,Smartphone,5G
4238,OnePlus,Model_4238,Smartphone,5G
4239,OnePlus,Model_4239,Smartphone,4G
4240,OnePlus,Model_4240,Smartphone,5G
4241,Samsung,Model_4241,Smartphone,4G
4242,Xiaomi,Model_4242,Smartphone,4G
4243,Apple,Model_4243,Smartphone,4G
4244,Samsung,Model_4244,Smartphone,4G
4245,Xiaomi,Model_4245,Smartphone,5G
4246,Samsung,Model_4246,Smartphone,5G
4247,Apple,Model_4247,Smartphone,4G
4248,Xiaomi,Model_4248,Smartphone,4G
4249,Samsung,Model_4249,Smartphone,4G
4250,Samsung,Model_4250,Smartphone,4G
4251,OnePlus,Model_4251,Smartphone,4G
4252,Xiaomi,Model_4252,Smartphone,4G
4253,Xiaomi,Model_4253,Smartphone,5G
4254,OnePlus,Model_4254,Smartphone,4G
4255,Apple,Model_4255,Smartphone,5G
4256,Xiaomi,Model_4256,Smartphone,5G
4257,Xiaomi,Model_4257,Smartphone,5G
4258,Apple,Model_4258,Smartphone,5G
4259,Xiaomi,Model_4259,Smartphone,5G
4260,Apple,Model_4260,Smartphone,5G
4261,Xiaomi,Model_4261,Smartphone,4G
4262,Apple,Model_4262,Smartphone,5G
4263,Samsung,Model_4263,Smartphone,4G
4264,Samsung,Model_4264,Smartphone,5G
4265,Xiaomi,Model_4265,Smartphone,4G
4266,Xiaomi,Model_4266,Smartphone,5G
4267,Apple,Model_4267,Smartphone,4G
4268,Xiaomi,Model_4268,Smartphone,5G
4269,Apple,Model_4269,Smartphone,5G
4270,Samsung,Model_4270,Smartphone,4G
4271,Xiaomi,Model_4271,Smartphone,4G
4272,Apple,Model_4272,Smartphone,5G
4273,OnePlus,Model_4273,Smartphone,5G
4274,Apple,Model_4274,Smartphone,4G
4275,Samsung,Model_4275,Smartphone,5G
4276,OnePlus,Model_4276,Smartphone,4G
4277,Xiaomi,Model_4277,Smartphone,4G
4278,Samsung,Model_4278,Smartphone,4G
4279,Xiaomi,Model_4279,Smartphone,4G
4280,OnePlus,Model_4280,Smartphone,5G
4281,Apple,Model_4281,Smartphone,4G
4282,OnePlus,Model_4282,Smartphone,4G
4283,Xiaomi,Model_4283,Smartphone,4G
4284,Samsung,Model_4284,Smartphone,5G
4285,Samsung,Model_4285,Smartphone,4G
4286,Apple,Model_4286,Smartphone,4G
4287,Xiaomi,Model_4287,Smartphone,5G
4288,Samsung,Model_4288,Smartphone,4G
4289,Apple,Model_4289,Smartphone,5G
4290,Apple,Model_4290,Smartphone,5G
4291,Apple,Model_4291,Smartphone,4G
4292,Samsung,Model_4292,Smartphone,5G
4293,Samsung,Model_4293,Smartphone,4G
4294,Xiaomi,Model_4294,Smartphone,4G
4295,Xiaomi,Model_4295,Smartphone,4G
4296,Apple,Model_4296,Smartphone,5G
4297,Xiaomi,Model_4297,Smartphone,4G
4298,Apple,Model_4298,Smartphone,4G
4299,Apple,Model_4299,Smartphone,5G
4300,Apple,Model_4300,Smartphone,5G
4301,OnePlus,Model_4301,Smartphone,5G
4302,Samsung,Model_4302,Smartphone,5G
4303,Xiaomi,Model_4303,Smartphone,5G
4304,OnePlus,Model_4304,Smartphone,4G
4305,Apple,Model_4305,Smartphone,4G
4306,Samsung,Model_4306,Smartphone,4G
4307,Xiaomi,Model_4307,Smartphone,5G
4308,Samsung,Model_4308,Smartphone,5G
4309,Samsung,Model_4309,Smartphone,5G
4310,Samsung,Model_4310,Smartphone,5G
4311,Samsung,Model_4311,Smartphone,5G
4312,Samsung,Model_4312,Smartphone,5G
4313,Samsung,Model_4313,Smartphone,5G
4314,OnePlus,Model_4314,Smartphone,5G
4315,Apple,Model_4315,Smartphone,4G
4316,Samsung,Model_4316,Smartphone,4G
4317,OnePlus,Model_4317,Smartphone,4G
4318,Apple,Model_4318,Smartphone,4G
4319,Xiaomi,Model_4319,Smartphone,4G
4320,OnePlus,Model_4320,Smartphone,5G
4321,OnePlus,Model_4321,Smartphone,5G
4322,Samsung,Model_4322,Smartphone,5G
4323,OnePlus,Model_4323,Smartphone,4G
4324,Samsung,Model_4324,Smartphone,4G
4325,Apple,Model_4325,Smartphone,5G
4326,Xiaomi,Model_4326,Smartphone,5G
4327,Apple,Model_4327,Smartphone,4G
4328,Xiaomi,Model_4328,Smartphone,5G
4329,OnePlus,Model_4329,Smartphone,5G
4330,Apple,Model_4330,Smartphone,4G
4331,Samsung,Model_4331,Smartphone,4G
4332,Samsung,Model_4332,Smartphone,4G
4333,Xiaomi,Model_4333,Smartphone,4G
4334,Samsung,Model_4334,Smartphone,5G
4335,Apple,Model_4335,Smartphone,5G
4336,OnePlus,Model_4336,Smartphone,4G
4337,Samsung,Model_4337,Smartphone,5G
4338,Apple,Model_4338,Smartphone,4G
4339,OnePlus,Model_4339,Smartphone,4G
4340,OnePlus,Model_4340,Smartphone,5G
4341,Samsung,Model_4341,Smartphone,5G
4342,Samsung,Model_4342,Smartphone,5G
4343,Samsung,Model_4343,Smartphone,5G
4344,Apple,Model_4344,Smartphone,4G
4345,OnePlus,Model_4345,Smartphone,4G
4346,Samsung,Model_4346,Smartphone,5G
4347,OnePlus,Model_4347,Smartphone,4G
4348,Xiaomi,Model_4348,Smartphone,4G
4349,OnePlus,Model_4349,Smartphone,4G
4350,Samsung,Model_4350,Smartphone,4G
4351,Samsung,Model_4351,Smartphone,5G
4352,Xiaomi,Model_4352,Smartphone,5G
4353,Apple,Model_4353,Smartphone,4G
4354,OnePlus,Model_4354,Smartphone,4G
4355,OnePlus,Model_4355,Smartphone,5G
4356,Xiaomi,Model_4356,Smartphone,5G
4357,OnePlus,Model_4357,Smartphone,4G
4358,Apple,Model_4358,Smartphone,5G
4359,Xiaomi,Model_4359,Smartphone,5G
4360,Samsung,Model_4360,Smartphone,4G
4361,Samsung,Model_4361,Smartphone,5G
4362,Samsung,Model_4362,Smartphone,4G
4363,Xiaomi,Model_4363,Smartphone,4G
4364,Xiaomi,Model_4364,Smartphone,4G
4365,OnePlus,Model_4365,Smartphone,4G
4366,Xiaomi,Model_4366,Smartphone,4G
4367,OnePlus,Model_4367,Smartphone,5G
4368,OnePlus,Model_4368,Smartphone,4G
4369,Xiaomi,Model_4369,Smartphone,5G
4370,OnePlus,Model_4370,Smartphone,5G
4371,Samsung,Model_4371,Smartphone,5G
4372,Xiaomi,Model_4372,Smartphone,5G
4373,Apple,Model_4373,Smartphone,4G
4374,OnePlus,Model_4374,Smartphone,5G
4375,Apple,Model_4375,Smartphone,4G
4376,OnePlus,Model_4376,Smartphone,4G
4377,Xiaomi,Model_4377,Smartphone,5G
4378,Samsung,Model_4378,Smartphone,5G
4379,Xiaomi,Model_4379,Smartphone,5G
4380,OnePlus,Model_4380,Smartphone,5G
4381,OnePlus,Model_4381,Smartphone,5G
4382,OnePlus,Model_4382,Smartphone,4G
4383,OnePlus,Model_4383,Smartphone,5G
4384,Apple,Model_4384,Smartphone,4G
4385,Samsung,Model_4385,Smartphone,5G
4386,OnePlus,Model_4386,Smartphone,4G
4387,Xiaomi,Model_4387,Smartphone,4G
4388,OnePlus,Model_4388,Smartphone,5G
4389,Apple,Model_4389,Smartphone,4G
4390,Samsung,Model_4390,Smartphone,4G
4391,Apple,Model_4391,Smartphone,5G
4392,OnePlus,Model_4392,Smartphone,5G
4393,Xiaomi,Model_4393,Smartphone,4G
4394,OnePlus,Model_4394,Smartphone,4G
4395,Apple,Model_4395,Smartphone,5G
4396,Apple,Model_4396,Smartphone,5G
4397,Samsung,Model_4397,Smartphone,4G
4398,Xiaomi,Model_4398,Smartphone,5G
4399,Samsung,Model_4399,Smartphone,5G
4400,Apple,Model_4400,Smartphone,4G
4401,OnePlus,Model_4401,Smartphone,4G
4402,OnePlus,Model_4402,Smartphone,5G
4403,Apple,Model_4403,Smartphone,4G
4404,Samsung,Model_4404,Smartphone,4G
4405,Xiaomi,Model_4405,Smartphone,4G
4406,Apple,Model_4406,Smartphone,4G
4407,Xiaomi,Model_4407,Smartphone,4G
4408,OnePlus,Model_4408,Smartphone,5G
4409,Xiaomi,Model_4409,Smartphone,4G
4410,Samsung,Model_4410,Smartphone,4G
4411,Xiaomi,Model_4411,Smartphone,4G
4412,OnePlus,Model_4412,Smartphone,5G
4413,OnePlus,Model_4413,Smartphone,5G
4414,Apple,Model_4414,Smartphone,4G
4415,Apple,Model_4415,Smartphone,4G
4416,Xiaomi,Model_4416,Smartphone,5G
4417,Xiaomi,Model_4417,Smartphone,4G
4418,Apple,Model_4418,Smartphone,4G
4419,Xiaomi,Model_4419,Smartphone,4G
4420,Samsung,Model_4420,Smartphone,5G
4421,OnePlus,Model_4421,Smartphone,4G
4422,Samsung,Model_4422,Smartphone,5G
4423,Xiaomi,Model_4423,Smartphone,5G
4424,Xiaomi,Model_4424,Smartphone,5G
4425,Samsung,Model_4425,Smartphone,4G
4426,OnePlus,Model_4426,Smartphone,5G
4427,Xiaomi,Model_4427,Smartphone,4G
4428,Xiaomi,Model_4428,Smartphone,4G
4429,Apple,Model_4429,Smartphone,4G
4430,Xiaomi,Model_4430,Smartphone,4G
4431,Xiaomi,Model_4431,Smartphone,4G
4432,OnePlus,Model_4432,Smartphone,5G
4433,Xiaomi,Model_4433,Smartphone,5G
4434,Apple,Model_4434,Smartphone,5G
4435,Xiaomi,Model_4435,Smartphone,4G
4436,Samsung,Model_4436,Smartphone,4G
4437,Samsung,Model_4437,Smartphone,5G
4438,Samsung,Model_4438,Smartphone,4G
4439,Xiaomi,Model_4439,Smartphone,5G
4440,OnePlus,Model_4440,Smartphone,5G
4441,Samsung,Model_4441,Smartphone,4G
4442,Apple,Model_4442,Smartphone,5G
4443,Xiaomi,Model_4443,Smartphone,5G
4444,Apple,Model_4444,Smartphone,5G
4445,Apple,Model_4445,Smartphone,4G
4446,Xiaomi,Model_4446,Smartphone,4G
4447,OnePlus,Model_4447,Smartphone,4G
4448,Samsung,Model_4448,Smartphone,5G
4449,OnePlus,Model_4449,Smartphone,5G
4450,Apple,Model_4450,Smartphone,5G
4451,Apple,Model_4451,Smartphone,5G
4452,Apple,Model_4452,Smartphone,5G
4453,Xiaomi,Model_4453,Smartphone,4G
4454,OnePlus,Model_4454,Smartphone,4G
4455,Apple,Model_4455,Smartphone,5G
4456,Xiaomi,Model_4456,Smartphone,4G
4457,Apple,Model_4457,Smartphone,5G
4458,Xiaomi,Model_4458,Smartphone,5G
4459,Xiaomi,Model_4459,Smartphone,5G
4460,Xiaomi,Model_4460,Smartphone,5G
4461,OnePlus,Model_4461,Smartphone,4G
4462,Samsung,Model_4462,Smartphone,4G
4463,Apple,Model_4463,Smartphone,4G
4464,Samsung,Model_4464,Smartphone,5G
4465,Samsung,Model_4465,Smartphone,5G
4466,Samsung,Model_4466,Smartphone,4G
4467,OnePlus,Model_4467,Smartphone,5G
4468,Apple,Model_4468,Smartphone,4G
4469,Samsung,Model_4469,Smartphone,4G
4470,Xiaomi,Model_4470,Smartphone,5G
4471,Xiaomi,Model_4471,Smartphone,4G
4472,Samsung,Model_4472,Smartphone,5G
4473,Samsung,Model_4473,Smartphone,4G
4474,OnePlus,Model_4474,Smartphone,4G
4475,Samsung,Model_4475,Smartphone,5G
4476,Samsung,Model_4476,Smartphone,4G
4477,Samsung,Model_4477,Smartphone,5G
4478,Xiaomi,Model_4478,Smartphone,4G
4479,Xiaomi,Model_4479,Smartphone,4G
4480,OnePlus,Model_4480,Smartphone,4G
4481,Samsung,Model_4481,Smartphone,5G
4482,OnePlus,Model_4482,Smartphone,4G
4483,OnePlus,Model_4483,Smartphone,5G
4484,Apple,Model_4484,Smartphone,5G
4485,Apple,Model_4485,Smartphone,5G
4486,Xiaomi,Model_4486,Smartphone,4G
4487,Samsung,Model_4487,Smartphone,5G
4488,Xiaomi,Model_4488,Smartphone,4G
4489,Apple,Model_4489,Smartphone,5G
4490,OnePlus,Model_4490,Smartphone,5G
4491,Xiaomi,Model_4491,Smartphone,4G
4492,Apple,Model_4492,Smartphone,4G
4493,Apple,Model_4493,Smartphone,5G
4494,Samsung,Model_4494,Smartphone,5G
4495,OnePlus,Model_4495,Smartphone,5G
4496,Apple,Model_4496,Smartphone,5G
4497,Xiaomi,Model_4497,Smartphone,4G
4498,OnePlus,Model_4498,Smartphone,5G
4499,Xiaomi,Model_4499,Smartphone,5G
4500,OnePlus,Model_4500,Smartphone,4G
4501,Apple,Model_4501,Smartphone,5G
4502,Samsung,Model_4502,Smartphone,4G
4503,Samsung,Model_4503,Smartphone,4G
4504,OnePlus,Model_4504,Smartphone,5G
4505,Apple,Model_4505,Smartphone,5G
4506,Samsung,Model_4506,Smartphone,4G
4507,Xiaomi,Model_4507,Smartphone,5G
4508,Xiaomi,Model_4508,Smartphone,4G
4509,OnePlus,Model_4509,Smartphone,4G
4510,Samsung,Model_4510,Smartphone,5G
4511,Samsung,Model_4511,Smartphone,4G
4512,OnePlus,Model_4512,Smartphone,4G
4513,Xiaomi,Model_4513,Smartphone,4G
4514,Xiaomi,Model_4514,Smartphone,4G
4515,Samsung,Model_4515,Smartphone,5G
4516,Xiaomi,Model_4516,Smartphone,5G
4517,OnePlus,Model_4517,Smartphone,4G
4518,OnePlus,Model_4518,Smartphone,4G
4519,Samsung,Model_4519,Smartphone,4G
4520,Apple,Model_4520,Smartphone,4G
4521,Xiaomi,Model_4521,Smartphone,4G
4522,Apple,Model_4522,Smartphone,4G
4523,OnePlus,Model_4523,Smartphone,4G
4524,OnePlus,Model_4524,Smartphone,4G
4525,Samsung,Model_4525,Smartphone,4G
4526,Samsung,Model_4526,Smartphone,4G
4527,Samsung,Model_4527,Smartphone,5G
4528,OnePlus,Model_4528,Smartphone,4G
4529,OnePlus,Model_4529,Smartphone,5G
4530,Apple,Model_4530,Smartphone,4G
4531,Samsung,Model_4531,Smartphone,4G
4532,Apple,Model_4532,Smartphone,5G
4533,Samsung,Model_4533,Smartphone,4G
4534,OnePlus,Model_4534,Smartphone,5G
4535,Apple,Model_4535,Smartphone,5G
4536,Xiaomi,Model_4536,Smartphone,5G
4537,Samsung,Model_4537,Smartphone,5G
4538,OnePlus,Model_4538,Smartphone,5G
4539,Apple,Model_4539,Smartphone,5G
4540,Samsung,Model_4540,Smartphone,5G
4541,Xiaomi,Model_4541,Smartphone,5G
4542,Xiaomi,Model_4542,Smartphone,5G
4543,Xiaomi,Model_4543,Smartphone,4G
4544,Samsung,Model_4544,Smartphone,5G
4545,Samsung,Model_4545,Smartphone,5G
4546,Apple,Model_4546,Smartphone,4G
4547,Apple,Model_4547,Smartphone,5G
4548,OnePlus,Model_4548,Smartphone,4G
4549,OnePlus,Model_4549,Smartphone,5G
4550,Samsung,Model_4550,Smartphone,4G
4551,Samsung,Model_4551,Smartphone,4G
4552,Xiaomi,Model_4552,Smartphone,4G
4553,OnePlus,Model_4553,Smartphone,5G
4554,OnePlus,Model_4554,Smartphone,5G
4555,OnePlus,Model_4555,Smartphone,5G
4556,OnePlus,Model_4556,Smartphone,5G
4557,Xiaomi,Model_4557,Smartphone,5G
4558,Apple,Model_4558,Smartphone,5G
4559,Xiaomi,Model_4559,Smartphone,4G
4560,Xiaomi,Model_4560,Smartphone,4G
4561,OnePlus,Model_4561,Smartphone,5G
4562,Samsung,Model_4562,Smartphone,5G
4563,Samsung,Model_4563,Smartphone,4G
4564,OnePlus,Model_4564,Smartphone,5G
4565,OnePlus,Model_4565,Smartphone,4G
4566,Apple,Model_4566,Smartphone,4G
4567,Apple,Model_4567,Smartphone,5G
4568,Xiaomi,Model_4568,Smartphone,4G
4569,Samsung,Model_4569,Smartphone,4G
4570,Apple,Model_4570,Smartphone,5G
4571,Apple,Model_4571,Smartphone,4G
4572,OnePlus,Model_4572,Smartphone,5G
4573,OnePlus,Model_4573,Smartphone,5G
4574,OnePlus,Model_4574,Smartphone,4G
4575,Samsung,Model_4575,Smartphone,4G
4576,Apple,Model_4576,Smartphone,5G
4577,Xiaomi,Model_4577,Smartphone,5G
4578,Samsung,Model_4578,Smartphone,5G
4579,Samsung,Model_4579,Smartphone,5G
4580,Samsung,Model_4580,Smartphone,5G
4581,Apple,Model_4581,Smartphone,4G
4582,Xiaomi,Model_4582,Smartphone,5G
4583,OnePlus,Model_4583,Smartphone,4G
4584,Samsung,Model_4584,Smartphone,4G
4585,OnePlus,Model_4585,Smartphone,5G
4586,Xiaomi,Model_4586,Smartphone,4G
4587,Apple,Model_4587,Smartphone,5G
4588,Xiaomi,Model_4588,Smartphone,5G
4589,Apple,Model_4589,Smartphone,5G
4590,Apple,Model_4590,Smartphone,4G
4591,Samsung,Model_4591,Smartphone,5G
4592,OnePlus,Model_4592,Smartphone,4G
4593,Samsung,Model_4593,Smartphone,4G
4594,OnePlus,Model_4594,Smartphone,5G
4595,Samsung,Model_4595,Smartphone,4G
4596,OnePlus,Model_4596,Smartphone,4G
4597,Apple,Model_4597,Smartphone,4G
4598,OnePlus,Model_4598,Smartphone,5G
4599,Apple,Model_4599,Smartphone,5G
4600,Xiaomi,Model_4600,Smartphone,5G
4601,Apple,Model_4601,Smartphone,5G
4602,Apple,Model_4602,Smartphone,4G
4603,OnePlus,Model_4603,Smartphone,5G
4604,Xiaomi,Model_4604,Smartphone,4G
4605,Samsung,Model_4605,Smartphone,5G
4606,Samsung,Model_4606,Smartphone,5G
4607,Samsung,Model_4607,Smartphone,5G
4608,Samsung,Model_4608,Smartphone,4G
4609,Xiaomi,Model_4609,Smartphone,4G
4610,Apple,Model_4610,Smartphone,4G
4611,Apple,Model_4611,Smartphone,4G
4612,Apple,Model_4612,Smartphone,5G
4613,Samsung,Model_4613,Smartphone,4G
4614,OnePlus,Model_4614,Smartphone,4G
4615,Apple,Model_4615,Smartphone,4G
4616,OnePlus,Model_4616,Smartphone,4G
4617,Apple,Model_4617,Smartphone,4G
4618,OnePlus,Model_4618,Smartphone,5G
4619,Samsung,Model_4619,Smartphone,4G
4620,Xiaomi,Model_4620,Smartphone,4G
4621,OnePlus,Model_4621,Smartphone,4G
4622,Xiaomi,Model_4622,Smartphone,4G
4623,Apple,Model_4623,Smartphone,5G
4624,Samsung,Model_4624,Smartphone,5G
4625,Apple,Model_4625,Smartphone,4G
4626,Xiaomi,Model_4626,Smartphone,4G
4627,Apple,Model_4627,Smartphone,5G
4628,Apple,Model_4628,Smartphone,5G
4629,Samsung,Model_4629,Smartphone,5G
4630,Apple,Model_4630,Smartphone,5G
4631,Apple,Model_4631,Smartphone,5G
4632,Samsung,Model_4632,Smartphone,5G
4633,OnePlus,Model_4633,Smartphone,4G
4634,Xiaomi,Model_4634,Smartphone,5G
4635,Apple,Model_4635,Smartphone,4G
4636,Xiaomi,Model_4636,Smartphone,4G
4637,OnePlus,Model_4637,Smartphone,4G
4638,Samsung,Model_4638,Smartphone,5G
4639,Samsung,Model_4639,Smartphone,5G
4640,Apple,Model_4640,Smartphone,5G
4641,Xiaomi,Model_4641,Smartphone,4G
4642,Apple,Model_4642,Smartphone,4G
4643,Apple,Model_4643,Smartphone,5G
4644,Samsung,Model_4644,Smartphone,5G
4645,Xiaomi,Model_4645,Smartphone,5G
4646,OnePlus,Model_4646,Smartphone,5G
4647,Apple,Model_4647,Smartphone,5G
4648,OnePlus,Model_4648,Smartphone,4G
4649,Apple,Model_4649,Smartphone,4G
4650,Xiaomi,Model_4650,Smartphone,5G
4651,Samsung,Model_4651,Smartphone,4G
4652,Apple,Model_4652,Smartphone,5G
4653,OnePlus,Model_4653,Smartphone,4G
4654,Xiaomi,Model_4654,Smartphone,4G
4655,Xiaomi,Model_4655,Smartphone,4G
4656,Apple,Model_4656,Smartphone,4G
4657,Xiaomi,Model_4657,Smartphone,4G
4658,Samsung,Model_4658,Smartphone,4G
4659,Samsung,Model_4659,Smartphone,5G
4660,Xiaomi,Model_4660,Smartphone,4G
4661,OnePlus,Model_4661,Smartphone,5G
4662,OnePlus,Model_4662,Smartphone,4G
4663,Samsung,Model_4663,Smartphone,5G
4664,OnePlus,Model_4664,Smartphone,4G
4665,Samsung,Model_4665,Smartphone,4G
4666,OnePlus,Model_4666,Smartphone,4G
4667,OnePlus,Model_4667,Smartphone,5G
4668,Samsung,Model_4668,Smartphone,4G
4669,OnePlus,Model_4669,Smartphone,4G
4670,Samsung,Model_4670,Smartphone,5G
4671,Xiaomi,Model_4671,Smartphone,5G
4672,OnePlus,Model_4672,Smartphone,4G
4673,Xiaomi,Model_4673,Smartphone,5G
4674,Samsung,Model_4674,Smartphone,4G
4675,Apple,Model_4675,Smartphone,4G
4676,OnePlus,Model_4676,Smartphone,5G
4677,Apple,Model_4677,Smartphone,4G
4678,OnePlus,Model_4678,Smartphone,5G
4679,Samsung,Model_4679,Smartphone,4G
4680,Apple,Model_4680,Smartphone,5G
4681,OnePlus,Model_4681,Smartphone,4G
4682,Samsung,Model_4682,Smartphone,5G
4683,Samsung,Model_4683,Smartphone,4G
4684,OnePlus,Model_4684,Smartphone,5G
4685,Apple,Model_4685,Smartphone,5G
4686,Samsung,Model_4686,Smartphone,5G
4687,Xiaomi,Model_4687,Smartphone,5G
4688,Samsung,Model_4688,Smartphone,4G
4689,OnePlus,Model_4689,Smartphone,5G
4690,Apple,Model_4690,Smartphone,5G
4691,OnePlus,Model_4691,Smartphone,4G
4692,Samsung,Model_4692,Smartphone,4G
4693,Samsung,Model_4693,Smartphone,4G
4694,OnePlus,Model_4694,Smartphone,4G
4695,Samsung,Model_4695,Smartphone,5G
4696,Xiaomi,Model_4696,Smartphone,4G
4697,Samsung,Model_4697,Smartphone,4G
4698,Apple,Model_4698,Smartphone,5G
4699,Apple,Model_4699,Smartphone,5G
4700,Samsung,Model_4700,Smartphone,4G
4701,OnePlus,Model_4701,Smartphone,5G
4702,Apple,Model_4702,Smartphone,4G
4703,Apple,Model_4703,Smartphone,4G
4704,OnePlus,Model_4704,Smartphone,4G
4705,Xiaomi,Model_4705,Smartphone,4G
4706,OnePlus,Model_4706,Smartphone,4G
4707,Apple,Model_4707,Smartphone,5G
4708,Samsung,Model_4708,Smartphone,5G
4709,Apple,Model_4709,Smartphone,4G
4710,Xiaomi,Model_4710,Smartphone,5G
4711,Samsung,Model_4711,Smartphone,5G
4712,OnePlus,Model_4712,Smartphone,5G
4713,OnePlus,Model_4713,Smartphone,5G
4714,OnePlus,Model_4714,Smartphone,5G
4715,Samsung,Model_4715,Smartphone,5G
4716,OnePlus,Model_4716,Smartphone,5G
4717,Samsung,Model_4717,Smartphone,4G
4718,OnePlus,Model_4718,Smartphone,5G
4719,OnePlus,Model_4719,Smartphone,5G
4720,Apple,Model_4720,Smartphone,5G
4721,OnePlus,Model_4721,Smartphone,4G
4722,Apple,Model_4722,Smartphone,5G
4723,Samsung,Model_4723,Smartphone,5G
4724,Samsung,Model_4724,Smartphone,5G
4725,Samsung,Model_4725,Smartphone,5G
4726,OnePlus,Model_4726,Smartphone,4G
4727,Xiaomi,Model_4727,Smartphone,4G
4728,OnePlus,Model_4728,Smartphone,5G
4729,Xiaomi,Model_4729,Smartphone,4G
4730,Samsung,Model_4730,Smartphone,4G
4731,Samsung,Model_4731,Smartphone,5G
4732,OnePlus,Model_4732,Smartphone,4G
4733,Xiaomi,Model_4733,Smartphone,4G
4734,OnePlus,Model_4734,Smartphone,4G
4735,Apple,Model_4735,Smartphone,4G
4736,Samsung,Model_4736,Smartphone,5G
4737,Samsung,Model_4737,Smartphone,4G
4738,Xiaomi,Model_4738,Smartphone,5G
4739,OnePlus,Model_4739,Smartphone,4G
4740,Apple,Model_4740,Smartphone,5G
4741,OnePlus,Model_4741,Smartphone,4G
4742,Xiaomi,Model_4742,Smartphone,5G
4743,Xiaomi,Model_4743,Smartphone,4G
4744,Xiaomi,Model_4744,Smartphone,5G
4745,OnePlus,Model_4745,Smartphone,4G
4746,Samsung,Model_4746,Smartphone,5G
4747,OnePlus,Model_4747,Smartphone,4G
4748,OnePlus,Model_4748,Smartphone,4G
4749,Xiaomi,Model_4749,Smartphone,5G
4750,Xiaomi,Model_4750,Smartphone,4G
4751,Xiaomi,Model_4751,Smartphone,4G
4752,OnePlus,Model_4752,Smartphone,5G
4753,Samsung,Model_4753,Smartphone,5G
4754,OnePlus,Model_4754,Smartphone,5G
4755,OnePlus,Model_4755,Smartphone,5G
4756,Xiaomi,Model_4756,Smartphone,4G
4757,OnePlus,Model_4757,Smartphone,5G
4758,Apple,Model_4758,Smartphone,5G
4759,Apple,Model_4759,Smartphone,4G
4760,Xiaomi,Model_4760,Smartphone,5G
4761,Xiaomi,Model_4761,Smartphone,4G
4762,OnePlus,Model_4762,Smartphone,5G
4763,OnePlus,Model_4763,Smartphone,4G
4764,OnePlus,Model_4764,Smartphone,5G
4765,Apple,Model_4765,Smartphone,5G
4766,Samsung,Model_4766,Smartphone,5G
4767,Xiaomi,Model_4767,Smartphone,4G
4768,Apple,Model_4768,Smartphone,4G
4769,OnePlus,Model_4769,Smartphone,5G
4770,Xiaomi,Model_4770,Smartphone,4G
4771,Xiaomi,Model_4771,Smartphone,4G
4772,Apple,Model_4772,Smartphone,4G
4773,OnePlus,Model_4773,Smartphone,4G
4774,Apple,Model_4774,Smartphone,5G
4775,Apple,Model_4775,Smartphone,4G
4776,OnePlus,Model_4776,Smartphone,4G
4777,Samsung,Model_4777,Smartphone,4G
4778,Apple,Model_4778,Smartphone,5G
4779,OnePlus,Model_4779,Smartphone,5G
4780,Apple,Model_4780,Smartphone,5G
4781,Xiaomi,Model_4781,Smartphone,5G
4782,Samsung,Model_4782,Smartphone,5G
4783,Xiaomi,Model_4783,Smartphone,5G
4784,Samsung,Model_4784,Smartphone,5G
4785,Apple,Model_4785,Smartphone,5G
4786,OnePlus,Model_4786,Smartphone,4G
4787,Xiaomi,Model_4787,Smartphone,5G
4788,OnePlus,Model_4788,Smartphone,4G
4789,OnePlus,Model_4789,Smartphone,5G
4790,Apple,Model_4790,Smartphone,5G
4791,OnePlus,Model_4791,Smartphone,4G
4792,Samsung,Model_4792,Smartphone,4G
4793,Xiaomi,Model_4793,Smartphone,5G
4794,Apple,Model_4794,Smartphone,5G
4795,Xiaomi,Model_4795,Smartphone,5G
4796,OnePlus,Model_4796,Smartphone,4G
4797,OnePlus,Model_4797,Smartphone,4G
4798,Xiaomi,Model_4798,Smartphone,5G
4799,Apple,Model_4799,Smartphone,4G
4800,Xiaomi,Model_4800,Smartphone,5G
4801,Samsung,Model_4801,Smartphone,4G
4802,Xiaomi,Model_4802,Smartphone,4G
4803,OnePlus,Model_4803,Smartphone,5G
4804,Apple,Model_4804,Smartphone,4G
4805,Apple,Model_4805,Smartphone,4G
4806,Xiaomi,Model_4806,Smartphone,4G
4807,Xiaomi,Model_4807,Smartphone,5G
4808,OnePlus,Model_4808,Smartphone,5G
4809,Xiaomi,Model_4809,Smartphone,5G
4810,Samsung,Model_4810,Smartphone,4G
4811,Apple,Model_4811,Smartphone,5G
4812,Apple,Model_4812,Smartphone,5G
4813,Xiaomi,Model_4813,Smartphone,4G
4814,OnePlus,Model_4814,Smartphone,5G
4815,Apple,Model_4815,Smartphone,5G
4816,Xiaomi,Model_4816,Smartphone,5G
4817,Samsung,Model_4817,Smartphone,5G
4818,OnePlus,Model_4818,Smartphone,4G
4819,OnePlus,Model_4819,Smartphone,4G
4820,Apple,Model_4820,Smartphone,4G
4821,OnePlus,Model_4821,Smartphone,4G
4822,Samsung,Model_4822,Smartphone,4G
4823,Samsung,Model_4823,Smartphone,5G
4824,Samsung,Model_4824,Smartphone,4G
4825,Apple,Model_4825,Smartphone,5G
4826,OnePlus,Model_4826,Smartphone,4G
4827,OnePlus,Model_4827,Smartphone,5G
4828,Samsung,Model_4828,Smartphone,4G
4829,Samsung,Model_4829,Smartphone,4G
4830,Xiaomi,Model_4830,Smartphone,4G
4831,OnePlus,Model_4831,Smartphone,4G
4832,Samsung,Model_4832,Smartphone,5G
4833,OnePlus,Model_4833,Smartphone,5G
4834,Xiaomi,Model_4834,Smartphone,4G
4835,Xiaomi,Model_4835,Smartphone,5G
4836,Apple,Model_4836,Smartphone,5G
4837,Apple,Model_4837,Smartphone,4G
4838,Apple,Model_4838,Smartphone,4G
4839,Apple,Model_4839,Smartphone,5G
4840,Samsung,Model_4840,Smartphone,4G
4841,Apple,Model_4841,Smartphone,4G
4842,OnePlus,Model_4842,Smartphone,4G
4843,Samsung,Model_4843,Smartphone,4G
4844,OnePlus,Model_4844,Smartphone,5G
4845,Apple,Model_4845,Smartphone,5G
4846,Samsung,Model_4846,Smartphone,4G
4847,OnePlus,Model_4847,Smartphone,5G
4848,Apple,Model_4848,Smartphone,5G
4849,Xiaomi,Model_4849,Smartphone,4G
4850,Apple,Model_4850,Smartphone,4G
4851,Xiaomi,Model_4851,Smartphone,5G
4852,Samsung,Model_4852,Smartphone,4G
4853,Samsung,Model_4853,Smartphone,4G
4854,Samsung,Model_4854,Smartphone,5G
4855,OnePlus,Model_4855,Smartphone,4G
4856,Samsung,Model_4856,Smartphone,5G
4857,Xiaomi,Model_4857,Smartphone,4G
4858,Apple,Model_4858,Smartphone,4G
4859,Apple,Model_4859,Smartphone,5G
4860,Apple,Model_4860,Smartphone,5G
4861,OnePlus,Model_4861,Smartphone,5G
4862,Samsung,Model_4862,Smartphone,5G
4863,Apple,Model_4863,Smartphone,5G
4864,Samsung,Model_4864,Smartphone,4G
4865,Apple,Model_4865,Smartphone,4G
4866,Xiaomi,Model_4866,Smartphone,4G
4867,Samsung,Model_4867,Smartphone,4G
4868,Samsung,Model_4868,Smartphone,4G
4869,OnePlus,Model_4869,Smartphone,5G
4870,Samsung,Model_4870,Smartphone,4G
4871,Samsung,Model_4871,Smartphone,5G
4872,Apple,Model_4872,Smartphone,5G
4873,Xiaomi,Model_4873,Smartphone,4G
4874,Xiaomi,Model_4874,Smartphone,4G
4875,Samsung,Model_4875,Smartphone,4G
4876,Apple,Model_4876,Smartphone,4G
4877,Samsung,Model_4877,Smartphone,4G
4878,Apple,Model_4878,Smartphone,4G
4879,Apple,Model_4879,Smartphone,5G
4880,Xiaomi,Model_4880,Smartphone,4G
4881,Apple,Model_4881,Smartphone,5G
4882,Apple,Model_4882,Smartphone,4G
4883,OnePlus,Model_4883,Smartphone,5G
4884,Apple,Model_4884,Smartphone,5G
4885,Xiaomi,Model_4885,Smartphone,4G
4886,Samsung,Model_4886,Smartphone,4G
4887,Xiaomi,Model_4887,Smartphone,5G
4888,OnePlus,Model_4888,Smartphone,5G
4889,Apple,Model_4889,Smartphone,5G
4890,Apple,Model_4890,Smartphone,5G
4891,Samsung,Model_4891,Smartphone,4G
4892,OnePlus,Model_4892,Smartphone,5G
4893,OnePlus,Model_4893,Smartphone,5G
4894,Samsung,Model_4894,Smartphone,4G
4895,Xiaomi,Model_4895,Smartphone,4G
4896,OnePlus,Model_4896,Smartphone,5G
4897,Xiaomi,Model_4897,Smartphone,4G
4898,OnePlus,Model_4898,Smartphone,5G
4899,OnePlus,Model_4899,Smartphone,4G
4900,Apple,Model_4900,Smartphone,4G
4901,OnePlus,Model_4901,Smartphone,5G
4902,OnePlus,Model_4902,Smartphone,5G
4903,Xiaomi,Model_4903,Smartphone,4G
4904,OnePlus,Model_4904,Smartphone,4G
4905,OnePlus,Model_4905,Smartphone,4G
4906,OnePlus,Model_4906,Smartphone,5G
4907,Apple,Model_4907,Smartphone,4G
4908,Samsung,Model_4908,Smartphone,4G
4909,Xiaomi,Model_4909,Smartphone,4G
4910,Samsung,Model_4910,Smartphone,5G
4911,Xiaomi,Model_4911,Smartphone,4G
4912,Xiaomi,Model_4912,Smartphone,4G
4913,Samsung,Model_4913,Smartphone,5G
4914,Xiaomi,Model_4914,Smartphone,5G
4915,Samsung,Model_4915,Smartphone,4G
4916,Samsung,Model_4916,Smartphone,4G
4917,Xiaomi,Model_4917,Smartphone,4G
4918,OnePlus,Model_4918,Smartphone,5G
4919,OnePlus,Model_4919,Smartphone,4G
4920,Samsung,Model_4920,Smartphone,5G
4921,Apple,Model_4921,Smartphone,5G
4922,Samsung,Model_4922,Smartphone,5G
4923,OnePlus,Model_4923,Smartphone,5G
4924,Samsung,Model_4924,Smartphone,4G
4925,Xiaomi,Model_4925,Smartphone,5G
4926,Xiaomi,Model_4926,Smartphone,5G
4927,Xiaomi,Model_4927,Smartphone,4G
4928,Samsung,Model_4928,Smartphone,5G
4929,Apple,Model_4929,Smartphone,4G
4930,Samsung,Model_4930,Smartphone,4G
4931,Xiaomi,Model_4931,Smartphone,5G
4932,Xiaomi,Model_4932,Smartphone,4G
4933,Xiaomi,Model_4933,Smartphone,4G
4934,OnePlus,Model_4934,Smartphone,5G
4935,Xiaomi,Model_4935,Smartphone,5G
4936,OnePlus,Model_4936,Smartphone,4G
4937,Xiaomi,Model_4937,Smartphone,4G
4938,Xiaomi,Model_4938,Smartphone,4G
4939,Apple,Model_4939,Smartphone,5G
4940,Samsung,Model_4940,Smartphone,4G
4941,OnePlus,Model_4941,Smartphone,4G
4942,OnePlus,Model_4942,Smartphone,5G
4943,Xiaomi,Model_4943,Smartphone,5G
4944,Apple,Model_4944,Smartphone,4G
4945,Xiaomi,Model_4945,Smartphone,5G
4946,Apple,Model_4946,Smartphone,5G
4947,Apple,Model_4947,Smartphone,4G
4948,Apple,Model_4948,Smartphone,4G
4949,Xiaomi,Model_4949,Smartphone,4G
4950,OnePlus,Model_4950,Smartphone,4G
4951,Samsung,Model_4951,Smartphone,4G
4952,Apple,Model_4952,Smartphone,4G
4953,Xiaomi,Model_4953,Smartphone,5G
4954,Xiaomi,Model_4954,Smartphone,5G
4955,OnePlus,Model_4955,Smartphone,4G
4956,Apple,Model_4956,Smartphone,5G
4957,Xiaomi,Model_4957,Smartphone,5G
4958,Apple,Model_4958,Smartphone,5G
4959,OnePlus,Model_4959,Smartphone,5G
4960,Apple,Model_4960,Smartphone,4G
4961,Samsung,Model_4961,Smartphone,5G
4962,Xiaomi,Model_4962,Smartphone,4G
4963,Apple,Model_4963,Smartphone,4G
4964,OnePlus,Model_4964,Smartphone,5G
4965,Xiaomi,Model_4965,Smartphone,4G
4966,Apple,Model_4966,Smartphone,5G
4967,Xiaomi,Model_4967,Smartphone,5G
4968,OnePlus,Model_4968,Smartphone,5G
4969,OnePlus,Model_4969,Smartphone,4G
4970,Xiaomi,Model_4970,Smartphone,4G
4971,Samsung,Model_4971,Smartphone,4G
4972,Samsung,Model_4972,Smartphone,5G
4973,Xiaomi,Model_4973,Smartphone,4G
4974,Samsung,Model_4974,Smartphone,4G
4975,OnePlus,Model_4975,Smartphone,5G
4976,Apple,Model_4976,Smartphone,4G
4977,OnePlus,Model_4977,Smartphone,5G
4978,Samsung,Model_4978,Smartphone,4G
4979,Apple,Model_4979,Smartphone,4G
4980,OnePlus,Model_4980,Smartphone,4G
4981,Apple,Model_4981,Smartphone,5G
4982,OnePlus,Model_4982,Smartphone,5G
4983,Xiaomi,Model_4983,Smartphone,5G
4984,Samsung,Model_4984,Smartphone,5G
4985,Xiaomi,Model_4985,Smartphone,4G
4986,OnePlus,Model_4986,Smartphone,5G
4987,OnePlus,Model_4987,Smartphone,5G
4988,Samsung,Model_4988,Smartphone,5G
4989,OnePlus,Model_4989,Smartphone,4G
4990,Apple,Model_4990,Smartphone,4G
4991,Apple,Model_4991,Smartphone,5G
4992,Apple,Model_4992,Smartphone,5G
4993,Samsung,Model_4993,Smartphone,5G
4994,OnePlus,Model_4994,Smartphone,4G
4995,Xiaomi,Model_4995,Smartphone,4G
4996,Xiaomi,Model_4996,Smartphone,5G
4997,Xiaomi,Model_4997,Smartphone,5G
4998,Apple,Model_4998,Smartphone,4G
4999,Apple,Model_4999,Smartphone,5G
5000,Apple,Model_5000,Smartphone,5G
